AccidentType,inckey,Fatalities,Injuries,TrackDamage,EquipmentDamage,HazmatCars,HazmatCarsDerailed,HazmatCarsReleasing,County,DisplayTime,calendar,Fiscal,AccidentCause,RailroadCodes,RAILEQUIPMENT_TYPE,CauseGroup,CauseDiscipline,TYPE_OF_TRACK,StateName,latitude,longitude,hour,cat
Derailments,2013:06:BNSF:GC0613111,0,0,0,17078,5,0,0,BELL,12:15,2013,2013,"H306,","BNSF,",17,"H3,","H,",YARD,Texas,31.093569,-97.342443,12,Afternoon
Derailments,2013:06:BNSF:KS0613110,0,0,183000,1866624,0,0,0,CASTRO,12:30,2013,2013,"M105,","BNSF,",1,"M1,","M,",MAIN,Texas,34.735735,-102.512064,12,Afternoon
Derailments,2013:06:DGNO:DGN393013D,0,0,8820,22000,0,0,0,GRAYSON,16:15,2013,2013,"T214,","DGNO,",1,"T2,","T,",INDUSTRY,Texas,33.73482,-96.550146,16,Afternoon
Other events,2013:06:KCS:13061102,0,0,98916,0,0,0,0,JEFFERSON,16:25,2013,2013,"H996,H305,","KCS,XTGS,",7,"H9,H3,","H,",INDUSTRY,Texas,30.081397,-94.09213,16,Afternoon
Derailments,2013:06:UP:0613HO014,0,0,8393,20630,5,0,0,HARRIS,16:30,2013,2013,"S102,M411,","UP,",7,"S1,M4,","S,M,",YARD,Texas,29.795577,-95.291167,16,Afternoon
Derailments,2013:06:XPBE:INDUSTRY,0,0,1861,34768,0,0,0,JEFFERSON,14:00,2013,2013,"T314,","UP,",1,"T3,","T,",INDUSTRY,Texas,30.090311,-94.076327,14,Afternoon
Derailments,2013:06:XTGS:F0122013,0,0,244316,59483,0,0,0,JEFFERSON,14:00,2013,2013,"T111,","BNSF,XTGS,",1,"T1,","T,",INDUSTRY,Texas,30.093887,-94.115658,14,Afternoon
Derailments,2013:07:BLR:070613,0,0,450000,150000,0,0,0,FRANKLIN,16:30,2013,2013,"E69C,","BLR,",1,"E6,","E,",MAIN,Texas,33.183128,-95.33122,16,Afternoon
Derailments,2013:07:FWWR:13070201,0,0,6000,30000,0,0,0,COMANCHE,15:00,2013,2013,"T110,","FWWR,",1,"T1,","T,",MAIN,Texas,31.989197,-98.425296,15,Afternoon
Derailments,2013:07:TCT:508241,0,0,12800,4000,12,3,0,GALVESTON,13:30,2013,2013,"T314,E64C,","TCT,",7,"T3,E6,","T,E,",YARD,Texas,29.359703,-94.925772,13,Afternoon
Derailments,2013:07:UP:0713HO006,0,0,1100,12254,0,0,0,HARRIS,13:20,2013,2013,"H706,H799,","UP,",8,"H7,","H,",YARD,Texas,29.828992,-95.290572,13,Afternoon
Side collision,2013:07:XOIL:INDUSTRY,0,0,3000,100000,23,7,0,GALVESTON,13:30,2013,2013,"H022,","TCT,",78,"H0,","H,",INDUSTRY,Texas,29.362092,-94.919822,13,Afternoon
Derailments,2013:07:XTGS:F0112013,0,0,153875,133306,0,0,0,JEFFERSON,13:45,2013,2013,"T399,","UP,XTGS,",1,"T3,","T,",INDUSTRY,Texas,30.07608,-94.105058,13,Afternoon
Other events,2013:08:CMC:1013002,0,0,0,17326,0,0,0,LIBERTY,13:00,2013,2013,"H312,","BNSF,CMC,",7,"H3,","H,",YARD,Texas,30.027864,-94.904446,13,Afternoon
Derailments,2013:08:PTRA:2013000037,0,0,52000,5400,60,8,0,HARRIS,15:35,2013,2013,"M507,","PTRA,",1,"M5,","M,",SIDING,Texas,29.728502,-95.093118,15,Afternoon
Derailments,2013:08:TRCR:INDUSTRY,0,0,1238,20405,0,0,0,ORANGE,12:45,2013,2013,"T310,","UP,",16,"T3,","T,",INDUSTRY,Texas,30.102132,-94.003491,12,Afternoon
Derailments,2013:08:UP:0813FW005,0,0,26257,1001,0,0,0,HILL,16:43,2013,2013,"T099,","UP,",4,"T0,","T,",YARD,Texas,31.996732,-97.125101,16,Afternoon
Derailments,2013:08:UP:0813HO009,0,0,10495,14135,0,0,0,HARRIS,16:00,2013,2013,"T314,","BNSF,UP,",7,"T3,","T,",MAIN,Texas,29.779027,-95.288255,16,Afternoon
Other events,2013:08:UP:0813HO011,0,0,0,10000,0,0,0,NUECES,14:30,2013,2013,"H997,","UP,",NA,"H9,","H,",MAIN,Texas,27.661385,-97.755924,14,Afternoon
Derailments,2013:08:UP:0813SA001,0,0,299452,829543,0,0,0,BURLESON,15:14,2013,2013,"E00C,","UP,",1,"E0,","E,",MAIN,Texas,30.58637,-96.598705,15,Afternoon
Derailments,2013:09:BNSF:GC0913104,0,0,33000,55935,2,2,0,GREGG,12:20,2013,2013,"H704,","BNSF,",1,"H7,","H,",YARD,Texas,32.49402,-94.71892,12,Afternoon
Derailments,2013:09:BNSF:GC0913108,0,0,4500,11347,0,0,0,FREESTONE,15:28,2013,2013,"H309,","BNSF,",7,"H3,","H,",YARD,Texas,31.6294,-96.286581,15,Afternoon
Highway-rail impact,2013:09:BNSF:KS0913200,0,2,0,11500,1,0,0,BAILEY,13:40,2013,2013,"M303,","BNSF,",1,"M3,","M,",MAIN,Texas,34.268619,-102.79284,13,Afternoon
Other impacts,2013:09:BNSF:SW0913108,0,0,0,12500,0,0,0,EL PASO,13:50,2013,2013,"H307,H702,","BNSF,",67,"H3,H7,H3,H7,","H,",YARD,Texas,31.753,-106.492,13,Afternoon
Other impacts,2013:09:BNSF:TX0913101,0,0,500,10650,0,0,0,TARRANT,12:05,2013,2013,"S006,","BNSF,",7,"S0,","S,",YARD,Texas,32.983944,-97.335812,12,Afternoon
Derailments,2013:09:BNSF:TX0913108,0,0,112500,9182,0,0,0,TARRANT,15:30,2013,2013,"T110,","BNSF,",7,"T1,","T,",INDUSTRY,Texas,32.915018,-97.403295,15,Afternoon
Derailments,2013:09:UP:0913FW017,0,0,5884,8831,0,0,0,TARRANT,12:20,2013,2013,"T110,","UP,",7,"T1,","T,",YARD,Texas,32.724435,-97.3718,12,Afternoon
Highway-rail impact,2013:09:UP:0913HO016,0,1,100,13846,88,0,0,LIBERTY,13:36,2013,2013,"M304,","UP,",1,"M3,","M,",MAIN,Texas,30.045707,-94.890701,13,Afternoon
Derailments,2013:10:KCS:13101701,0,0,22257,3000,8,0,0,WEBB,13:35,2013,2014,"T110,","KCS,",1,"T1,","T,",YARD,Texas,27.499423,-99.388539,13,Afternoon
Side collision,2013:10:KCS:13102702,0,0,0,42000,0,0,0,JEFFERSON,13:20,2013,2014,"H302,","KCS,",76,"H3,","H,",YARD,Texas,29.90371,-93.930045,13,Afternoon
Highway-rail impact,2013:10:UP:1013KC011,0,1,0,52323,0,0,0,DALLAM,15:48,2013,2014,"M302,","UP,",1,"M3,","M,",MAIN,Texas,36.116711,-102.437891,15,Afternoon
Raking collision,2013:10:UP:1013SA007,0,0,0,35190,0,0,0,ROBERTSON,16:35,2013,2014,"H402,","UP,",NA,"H4,","H,",MAIN,Texas,30.837398,-96.635221,16,Afternoon
Highway-rail impact,2013:11:DCTA:DCTA13003,0,1,0,21402,0,0,0,DENTON,15:45,2013,2014,"M302,","DCTA,",NA,"M3,","M,",MAIN,Texas,33.012828,-96.960408,15,Afternoon
Derailments,2013:11:KCS:13112202,0,0,3500,22926,4,0,0,JEFFERSON,16:20,2013,2014,"T319,","KCS,",1,"T3,","T,",INDUSTRY,Texas,29.97532,-93.944674,16,Afternoon
Highway-rail impact,2013:11:UP:1113FW009,0,2,0,50000,0,0,0,ROBERTSON,13:30,2013,2014,"M399,","UP,",NA,"M3,","M,",MAIN,Texas,31.09313,-96.712398,13,Afternoon
Other events,2013:12:BNSF:GC1213125,0,0,1000,15000,0,0,0,BELL,13:00,2013,2014,"H997,","BNSF,",9,"H9,","H,",MAIN,Texas,31.09531,-97.345347,13,Afternoon
Highway-rail impact,2013:12:BNSF:GC1213202,0,0,2700,18705,0,0,0,MILAM,13:35,2013,2014,"M302,","BNSF,",1,"M3,","M,",MAIN,Texas,30.752706,-96.906803,13,Afternoon
Rear end collision,2014:01:UP:0114FW015,0,0,33,16000,0,0,0,HENDERSON,13:30,2014,2014,"H997,","UP,",NA,"H9,","H,",MAIN,Texas,32.266002,-95.937566,13,Afternoon
Raking collision,2014:02:BNSF:KS0214106,0,0,38477,40589,1,1,0,POTTER,16:00,2014,2014,"E65C,","BNSF,",1,"E6,","E,",YARD,Texas,35.206516,-101.826838,16,Afternoon
Other impacts,2014:02:BNSF:TX0214106,0,0,6600,40818,2,2,0,TARRANT,12:50,2014,2014,"H018,","BNSF,",67,"H0,","H,",YARD,Texas,32.997848,-97.323866,12,Afternoon
Highway-rail impact,2014:02:UP:0214FW010,0,0,200,20078,0,0,0,TARRANT,15:07,2014,2014,"M302,","UP,",1,"M3,","M,",MAIN,Texas,32.739216,-97.045958,15,Afternoon
Derailments,2014:02:UP:0214HO009,0,0,5671,67910,32,1,0,VICTORIA,15:45,2014,2014,"H306,","UP,",7,"H3,","H,",YARD,Texas,28.643646,-96.897205,15,Afternoon
Derailments,2014:02:UP:0214SA002,0,0,62621,12223,0,0,0,COMAL,15:00,2014,2014,"T108,","UP,",1,"T1,","T,",INDUSTRY,Texas,29.702308,-98.128983,15,Afternoon
Derailments,2014:02:UP:0214SA008,0,0,495,20399,0,0,0,BEXAR,12:30,2014,2014,"M507,","UP,",7,"M5,","M,",YARD,Texas,29.360633,-98.570181,12,Afternoon
Derailments,2014:03:BNSF:GC0314112,0,0,3000,8790,1,1,0,BELL,12:30,2014,2014,"H306,H303,","BNSF,",7,"H3,","H,",YARD,Texas,31.093569,-97.342443,12,Afternoon
Other events,2014:03:BNSF:PR0314118,0,0,0,13000,0,0,0,DALLAM,13:00,2014,2014,"H997,","BNSF,",9,"H9,","H,",MAIN,Texas,36.036625,-102.484768,13,Afternoon
Derailments,2014:03:RVSC:RV14011,0,0,21000,122000,0,0,0,HIDALGO,14:45,2014,2014,"T220,","RVSC,",1,"T2,","T,",MAIN,Texas,26.279099,-98.191626,14,Afternoon
Highway-rail impact,2014:03:TRE:2014003,0,1,0,16684,0,0,0,TARRANT,16:13,2014,2014,"M308,","TRE,",3,"M3,","M,",MAIN,Texas,32.778278,-97.273286,16,Afternoon
Highway-rail impact,2014:03:UP:0314FW022,0,0,333,12442,0,0,0,HENDERSON,16:10,2014,2014,"M304,","UP,",8,"M3,","M,",MAIN,Texas,32.217061,-95.883574,16,Afternoon
Derailments,2014:03:UP:0314SA004,0,0,33068,27343,0,0,0,BEXAR,14:15,2014,2014,"T221,","UP,",7,"T2,","T,",YARD,Texas,29.378658,-98.555944,14,Afternoon
Other events,2014:04:BNSF:GC0414104,0,0,0,125466,0,0,0,BRAZORIA,12:30,2014,2014,"M406,","BNSF,",6,"M4,","M,",YARD,Texas,29.564371,-95.287512,12,Afternoon
Derailments,2014:04:GCSC:ZZZZZZZZZZ,0,0,0,52680,0,0,0,LIBERTY,16:27,2014,2014,"T111,","UP,",1,"T1,","T,",YARD,Texas,30.019353,-94.900407,16,Afternoon
Other events,2014:04:UP:0414HO020,0,0,21480,0,0,0,0,LIBERTY,16:00,2014,2014,"H221,","UP,",1,"H2,","H,",SIDING,Texas,30.036163,-94.903257,16,Afternoon
Derailments,2014:04:UP:0414ST004,0,0,6747,11938,2,0,0,EL PASO,12:46,2014,2014,"M204,","UP,",1,"M2,","M,",YARD,Texas,31.756548,-106.392744,12,Afternoon
Derailments,2014:05:BNSF:GC0514103,0,0,249679,9500,19,19,0,BROWN,15:35,2014,2014,"H318,H312,","BNSF,",1,"H3,","H,",YARD,Texas,31.713699,-98.966134,15,Afternoon
Other events,2014:05:BNSF:GC0514115,0,0,0,12000,0,0,0,GALVESTON,13:00,2014,2014,"H997,","BNSF,",9,"H9,","H,",MAIN,Texas,29.334375,-94.979874,13,Afternoon
Derailments,2014:05:KCS:14050301,0,0,346372,9840,7,0,0,DUVAL,12:07,2014,2014,"E47C,","KCS,",1,"E4,","E,",MAIN,Texas,27.651618,-98.375916,12,Afternoon
Derailments,2014:05:KCS:14050701,0,0,12281,6000,0,0,0,JEFFERSON,12:35,2014,2014,"T317,","KCS,",7,"T3,","T,",INDUSTRY,Texas,29.8576,-93.945333,12,Afternoon
Derailments,2014:05:UP:0514SA026,0,0,220,24000,0,0,0,BEXAR,15:30,2014,2014,"H702,","UP,",1,"H7,","H,",YARD,Texas,29.313451,-98.643489,15,Afternoon
Derailments,2014:06:UP:0614HO026,0,0,6770,11773,0,0,0,HARRIS,14:45,2014,2014,"H306,H303,","UP,",7,"H3,","H,",INDUSTRY,Texas,29.786358,-95.273311,14,Afternoon
Highway-rail impact,2014:06:UP:0614LV007,1,0,13090,245,0,0,0,SAN JACINTO,15:15,2014,2014,"M308,M302,","UP,",4,"M3,","M,",MAIN,Texas,30.412697,-95.047847,15,Afternoon
Derailments,2014:07:BNSF:GC0714102,0,0,96000,24523,0,0,0,NOLAN,14:14,2014,2014,"T303,","BNSF,",1,"T3,","T,",YARD,Texas,32.501186,-100.378708,14,Afternoon
Highway-rail impact,2014:07:UP:0714SA008,0,0,47040,909,0,0,0,GUADALUPE,13:20,2014,2014,"M302,","UP,",1,"M3,","M,",MAIN,Texas,29.584269,-98.093103,13,Afternoon
Derailments,2014:07:UP:0714SA010,0,0,33366,2002,2,0,0,WEBB,16:15,2014,2014,"T110,","UP,",1,"T1,","T,",YARD,Texas,27.521545,-99.514085,16,Afternoon
Derailments,2014:07:UP:0714ST014,0,0,30298,34291,3,0,0,EL PASO,14:20,2014,2014,"T103,","UP,",7,"T1,","T,",YARD,Texas,31.757096,-106.469998,14,Afternoon
Derailments,2014:07:UP:0714WH009,0,0,0,15000,0,0,0,MONTAGUE,14:30,2014,2014,"E63C,","UP,",NA,"E6,","E,",MAIN,Texas,33.699058,-97.912858,14,Afternoon
Derailments,2014:08:BNSF:KS0814106,0,0,1000,32593,0,0,0,LUBBOCK,15:12,2014,2014,"H307,","BNSF,",7,"H3,","H,",YARD,Texas,33.442661,-101.638103,15,Afternoon
Other impacts,2014:08:KCS:14082602,0,0,0,66062,0,0,0,BOWIE,16:30,2014,2014,"H307,H302,","KCS,",87,"H3,","H,",YARD,Texas,33.429656,-94.056289,16,Afternoon
Derailments,2014:08:PTRA:2014000047,0,0,22000,1500,0,0,0,HARRIS,12:53,2014,2014,"H703,T314,","PTRA,UP,",1,"H7,T3,","H,T,",YARD,Texas,29.772254,-95.289922,12,Afternoon
Highway-rail impact,2014:08:UP:0814FW003,0,1,108036,843836,14,0,0,WARD,14:34,2014,2014,"M302,","UP,",1,"M3,","M,",MAIN,Texas,31.464042,-103.370552,14,Afternoon
Derailments,2014:08:UP:0814HO037,0,0,1850,8706,0,0,0,HARRIS,12:27,2014,2014,"H221,H704,","UP,",1,"H2,H7,","H,",MAIN,Texas,29.781139,-95.328949,12,Afternoon
Derailments,2014:09:FWWR:14091601,0,0,514244,252000,0,0,0,ERATH,12:30,2014,2014,"T203,","FWWR,",1,"T2,","T,",MAIN,Texas,32.350833,-98.021389,12,Afternoon
Highway-rail impact,2014:09:UP:0914SA017,0,0,0,12706,0,0,0,LA SALLE,15:30,2014,2014,"M304,","UP,",1,"M3,","M,",MAIN,Texas,28.577798,-99.196965,15,Afternoon
Derailments,2014:10:BNSF:TX1014111,0,0,273000,1000708,0,0,0,HALL,13:15,2014,2015,"T499,","BNSF,",1,"T4,","T,",MAIN,Texas,34.559186,-100.437506,13,Afternoon
Derailments,2014:10:EBRR:102214,0,0,17064,0,0,0,0,CHAMBERS,15:05,2014,2015,"T113,","EBRR,",7,"T1,","T,",YARD,Texas,29.7184,-94.923978,15,Afternoon
Highway-rail impact,2014:10:KCS:14100702,0,2,199,36051,0,0,0,NUECES,16:15,2014,2015,"M303,","KCS,",1,"M3,","M,",MAIN,Texas,27.791746,-97.850236,16,Afternoon
Raking collision,2014:10:TCT:580248,0,0,0,60000,5,2,0,GALVESTON,16:52,2014,2015,"H018,","TCT,",67,"H0,","H,",YARD,Texas,29.211575,-94.560087,16,Afternoon
Derailments,2014:10:TXPF:10222014,0,0,5000,50000,0,0,0,IRION,12:11,2014,2015,"H017,H999,","TXPF,",8,"H0,H9,","H,",MAIN,Texas,31.13029,-101.263837,12,Afternoon
Derailments,2014:10:UP:1014FW029,0,0,116,31904,0,0,0,TARRANT,16:00,2014,2015,"H702,","UP,",8,"H7,","H,",YARD,Texas,32.727346,-97.368951,16,Afternoon
Derailments,2014:11:BNSF:KS1114112,0,0,184472,51474,0,0,0,LUBBOCK,14:18,2014,2015,"E51C,","BNSF,",1,"E5,","E,",MAIN,Texas,33.520877,-101.775584,14,Afternoon
Highway-rail impact,2014:11:BNSF:KS1114200,1,0,0,35796,3,0,0,GARZA,15:45,2014,2015,"M302,","BNSF,",1,"M3,","M,",MAIN,Texas,33.37122,-101.555851,15,Afternoon
Derailments,2014:11:EBRR:110414,0,0,10663,0,0,0,0,CHAMBERS,15:30,2014,2015,"T113,","EBRR,",7,"T1,","T,",YARD,Texas,29.7184,-94.923978,15,Afternoon
Derailments,2014:11:KCS:14110802,0,0,139436,5576,8,1,0,JACKSON,13:50,2014,2015,"T102,","KCS,",1,"T1,","T,",MAIN,Texas,28.952967,-96.696725,13,Afternoon
Derailments,2014:11:TXPF:11262014,0,0,300000,600000,0,0,0,COLEMAN,12:05,2014,2015,"T202,T222,","TXPF,",1,"T2,","T,",MAIN,Texas,31.773891,-99.682679,12,Afternoon
Derailments,2014:11:UP:1114FW007,0,0,15830,2508,0,0,0,DALLAS,13:30,2014,2015,"T110,","UP,",1,"T1,","T,",YARD,Texas,32.776494,-96.664986,13,Afternoon
Highway-rail impact,2014:11:UP:1114SA003,0,0,448,12299,0,0,0,MILAM,16:00,2014,2015,"M302,","UP,",1,"M3,","M,",MAIN,Texas,30.635276,-97.080884,16,Afternoon
Derailments,2014:11:XUFP:INDUSTRY,0,0,8500,2776,0,0,0,TARRANT,15:45,2014,2015,"T110,","BNSF,",7,"T1,","T,",INDUSTRY,Texas,32.848788,-97.352907,15,Afternoon
Highway-rail impact,2014:12:UP:1214FW002,0,2,0,21366,0,0,0,ECTOR,14:55,2014,2015,"M302,","UP,",1,"M3,","M,",MAIN,Texas,31.719148,-102.63081,14,Afternoon
Derailments,2014:12:UP:1214FW023,0,0,4155,8406,0,0,0,DALLAS,16:50,2014,2015,"T110,","UP,",1,"T1,","T,",YARD,Texas,32.776494,-96.664986,16,Afternoon
Derailments,2015:01:KCS:15011502,0,0,27853,1581,0,0,0,NUECES,15:45,2015,2015,"T110,","KCS,",1,"T1,","T,",YARD,Texas,27.81004,-97.4563,15,Afternoon
Derailments,2015:01:KCS:15011603,0,0,15470,4128,0,0,0,JEFFERSON,15:15,2015,2015,"M599,","KCS,",1,"M5,","M,",INDUSTRY,Texas,29.879467,-93.953183,15,Afternoon
Derailments,2015:01:KCS:15012301,0,0,12317,1250,0,0,0,NUECES,15:45,2015,2015,"T001,","KCS,",7,"T0,","T,",YARD,Texas,27.862381,-97.616772,15,Afternoon
Derailments,2015:01:UP:0115FW007,0,0,10722,747,0,0,0,DALLAS,13:35,2015,2015,"T110,","UP,",7,"T1,","T,",YARD,Texas,32.777032,-96.656107,13,Afternoon
Derailments,2015:01:UP:0115HO030,0,0,2539,58553,0,0,0,GALVESTON,13:15,2015,2015,"M204,","UP,",7,"M2,","M,",YARD,Texas,29.298432,-94.827558,13,Afternoon
Obstruction impact,2015:03:KCS:15031002,0,0,0,12000,0,0,0,WEBB,14:00,2015,2015,"H997,","KCS,",NA,"H9,","H,",SIDING,Texas,27.464167,-99.123611,14,Afternoon
Derailments,2015:03:UP:0315HO026,0,0,2010,15073,0,0,0,HARRIS,13:30,2015,2015,"H702,","UP,",7,"H7,","H,",YARD,Texas,29.794834,-95.290539,13,Afternoon
Derailments,2015:03:ZLDC:INDUSTRY,0,0,10680,1800,0,0,0,HARRIS,14:20,2015,2015,"T205,","UP,",1,"T2,","T,",INDUSTRY,Texas,29.730195,-95.240444,14,Afternoon
Derailments,2015:04:BNSF:GC0415109,0,0,271424,55000,4,4,0,JEFFERSON,15:00,2015,2015,"H607,H702,","BNSF,",7,"H6,H7,","H,",MAIN,Texas,30.100413,-94.120684,15,Afternoon
Derailments,2015:04:UP:0415FW002,0,0,81457,216681,4,1,0,MCLENNAN,16:26,2015,2015,"M204,","UP,",1,"M2,","M,",MAIN,Texas,31.497061,-96.939183,16,Afternoon
Derailments,2015:04:UP:0415FW015,0,0,12170,2010,0,0,0,TARRANT,16:15,2015,2015,"E41C,","UP,",1,"E4,","E,",YARD,Texas,32.739304,-97.046222,16,Afternoon
Rear end collision,2015:04:UP:0415FW018,0,2,152,34830,0,0,0,TARRANT,14:15,2015,2015,"H997,","UP,",NA,"H9,","H,",YARD,Texas,32.689762,-97.456301,14,Afternoon
Derailments,2015:05:BNSF:GC0515107,0,0,14800,21594,0,0,0,LIBERTY,13:00,2015,2015,"T001,","BNSF,",7,"T0,","T,",YARD,Texas,30.016422,-94.90128,13,Afternoon
Side collision,2015:05:BNSF:GC0515120,0,0,0,21400,35,0,0,JEFFERSON,16:00,2015,2015,"E35C,","BNSF,",7,"E3,","E,",YARD,Texas,30.094057,-94.116154,16,Afternoon
Derailments,2015:05:FWWR:15052901,0,0,141845,60630,0,0,0,DALLAS,13:00,2015,2015,"M103,","FWWR,",1,"M1,","M,",MAIN,Texas,32.97654,-96.99181,13,Afternoon
Derailments,2015:05:GCSC:ZZZZZZZZZZ,0,0,0,22790,29,0,0,LIBERTY,12:30,2015,2015,"T102,T111,","UP,",1,"T1,","T,",YARD,Texas,30.004833,-94.903778,12,Afternoon
Derailments,2015:05:UP:0515FW005,0,0,2463,10790,0,0,0,GRAYSON,13:00,2015,2015,"T403,T002,","UP,",1,"T4,T0,","T,",MAIN,Texas,33.70846,-96.758855,13,Afternoon
Highway-rail impact,2015:05:UP:0515LV012,0,3,81950,1100,0,0,0,POLK,16:30,2015,2015,"M303,","UP,",1,"M3,","M,",MAIN,Texas,30.996953,-94.827774,16,Afternoon
Derailments,2015:06:BNSF:TX0615110,0,0,783604,54000,107,0,0,DENTON,14:55,2015,2015,"T001,","BNSF,",1,"T0,","T,",MAIN,Texas,33.192816,-97.283833,14,Afternoon
Derailments,2015:06:TXPF:06222015,0,0,1900,160000,0,0,0,COLEMAN,12:52,2015,2015,"H303,H702,","TXPF,",7,"H3,H7,","H,",YARD,Texas,31.772081,-99.398881,12,Afternoon
Obstruction impact,2015:06:UP:0615FW001,0,0,72604,2500,0,0,0,ECTOR,16:16,2015,2015,"M402,","UP,",1,"M4,","M,",MAIN,Texas,31.843261,-102.369039,16,Afternoon
Obstruction impact,2015:06:UP:0615HO032,0,0,25033,452,64,0,0,TRINITY,15:03,2015,2015,"M402,","UP,",1,"M4,","M,",MAIN,Texas,30.952772,-95.37541,15,Afternoon
Derailments,2015:06:UP:0615HO037,0,0,33386,25735,0,0,0,HARRIS,13:22,2015,2015,"T205,","BNSF,UP,",1,"T2,","T,",YARD,Texas,29.739543,-95.312198,13,Afternoon
Derailments,2015:07:BNSF:GC0715111,0,0,1607401,2600,0,0,0,AUSTIN,12:45,2015,2015,"E61C,","BNSF,",1,"E6,","E,",MAIN,Texas,30.054628,-96.334316,12,Afternoon
Highway-rail impact,2015:07:UP:0715FW015,0,1,14658,51278,9,0,0,HOWARD,13:30,2015,2015,"M308,","UP,",1,"M3,","M,",MAIN,Texas,32.176312,-101.659072,13,Afternoon
Derailments,2015:07:UP:0715FW017,0,0,194407,15806,0,0,0,TARRANT,12:45,2015,2015,"E53C,","UP,",1,"E5,","E,",MAIN,Texas,32.840176,-97.358426,12,Afternoon
Derailments,2015:07:UP:0715FW027,0,0,327770,1265886,0,0,0,TARRANT,15:17,2015,2015,"T109,H599,","BNSF,UP,",1,"T1,H5,","T,H,",MAIN,Texas,32.549464,-97.066846,15,Afternoon
Other events,2015:07:UP:0715HO031,0,0,0,10848,0,0,0,HARRIS,16:30,2015,2015,"M201,","UP,",7,"M2,","M,",YARD,Texas,29.825335,-95.288417,16,Afternoon
Obstruction impact,2015:07:UP:0715SA008,0,0,0,13853,0,0,0,BEXAR,13:20,2015,2015,"H021,","UP,",NA,"H0,","H,",MAIN,Texas,29.255946,-98.752754,13,Afternoon
Highway-rail impact,2015:08:BNSF:TX0815200,0,0,104634,20000,6,0,0,DENTON,16:40,2015,2015,"M302,","BNSF,",1,"M3,","M,",MAIN,Texas,33.362136,-97.169237,16,Afternoon
Derailments,2015:08:GCSC:ZZZZZZZZZZ,0,0,15381,6103,0,0,0,LIBERTY,12:30,2015,2015,"H312,","UP,",7,"H3,","H,",YARD,Texas,30.011496,-94.901988,12,Afternoon
Derailments,2015:08:RAJX:8272015,0,0,9472,3890,0,0,0,BEXAR,14:30,2015,2015,"H307,H021,","RAJX,",7,"H3,H0,","H,",YARD,Texas,29.258878,-98.205018,14,Afternoon
Derailments,2015:08:TXPF:08102015,0,0,40000,60000,0,0,0,UPTON,15:45,2015,2015,"T319,M199,","TXPF,",1,"T3,M1,","T,M,",MAIN,Texas,31.144182,-102.192798,15,Afternoon
Derailments,2015:08:XCPP:INDUSTRY,0,0,61447,500,0,0,0,NAVARRO,14:14,2015,2015,"T101,","UP,",1,"T1,","T,",INDUSTRY,Texas,32.099873,-96.404282,14,Afternoon
Derailments,2015:09:BNSF:KS0915104,0,0,3500,61991,1,1,0,POTTER,13:59,2015,2015,"H318,","BNSF,",7,"H3,","H,",YARD,Texas,35.194261,-101.830891,13,Afternoon
Raking collision,2015:09:PTRA:2015000034,0,0,0,13000,0,0,0,HARRIS,13:00,2015,2015,"E08C,","PTRA,",6,"E0,","E,",YARD,Texas,29.713297,-95.256898,13,Afternoon
Derailments,2015:09:UP:0915FW023,0,0,10483,1125,0,0,0,DALLAS,15:45,2015,2015,"T403,","UP,",7,"T4,","T,",YARD,Texas,32.776421,-96.673381,15,Afternoon
Highway-rail impact,2015:09:UP:0915KC017,0,0,0,15000,0,0,0,DALLAM,13:40,2015,2015,"M302,","UP,",1,"M3,","M,",MAIN,Texas,36.210288,-102.28057,13,Afternoon
RR crossing collision,2015:09:UP:0915LK010,0,2,1572511,3091562,8,0,0,BOWIE,12:34,2015,2015,"H401,","UP,",1,"H4,","H,",MAIN,Texas,33.415589,-94.051147,12,Afternoon
Derailments,2015:09:UP:0915SA009,0,0,0,30083,0,0,0,BEXAR,12:10,2015,2015,"H308,","UP,",7,"H3,","H,",YARD,Texas,29.361363,-98.569568,12,Afternoon
Other impacts,2015:10:KCS:15102502,0,0,2500,17000,0,0,0,JEFFERSON,16:00,2015,2016,"H702,","KCS,",68,"H7,","H,",YARD,Texas,29.85758,-93.945125,16,Afternoon
Derailments,2015:11:BNSF:GC1115100,0,0,0,22250,0,0,0,HARRIS,12:30,2015,2016,"H307,H702,","BNSF,",7,"H3,H7,","H,",YARD,Texas,29.914659,-95.509165,12,Afternoon
Other impacts,2015:11:TCT:580256,0,0,0,100000,12,2,0,GALVESTON,15:50,2015,2016,"H099,","TCT,",7,"H0,","H,",YARD,Texas,29.21082,-94.560914,15,Afternoon
Raking collision,2015:11:TIBR:M541115,0,0,0,25000,1,1,0,HARDIN,12:06,2015,2016,"H018,","TIBR,",7,"H0,","H,",YARD,Texas,30.210578,-94.110247,12,Afternoon