AccidentType,inckey,Fatalities,Injuries,TrackDamage,EquipmentDamage,HazmatCars,HazmatCarsDerailed,HazmatCarsReleasing,County,DisplayTime,calendar,Fiscal,AccidentCause,RailroadCodes,RAILEQUIPMENT_TYPE,CauseGroup,CauseDiscipline,TYPE_OF_TRACK,StateName,latitude,longitude,hour,cat
Highway-rail impact,2015:11:UP:1115FW012,0,0,1565,11141,6,0,0,MIDLAND,15:45,2015,2016,"M304,","UP,",1,"M3,","M,",MAIN,Texas,31.94458,-102.17292,15,Afternoon
Derailments,2015:11:UP:1115HO006,0,0,2600,10250,2,1,0,BRAZORIA,15:20,2015,2016,"H702,","UP,",1,"H7,","H,",YARD,Texas,29.156475,-95.435191,15,Afternoon
Derailments,2015:11:UP:1115HO019,0,0,1219,15229,33,1,0,LIBERTY,12:00,2015,2016,"H302,H317,","UP,",15,"H3,","H,",YARD,Texas,30.004833,-94.903778,12,Afternoon
Derailments,2015:11:VTZ:INDUSTRY,0,0,15000,1000,60,1,0,HARRIS,13:45,2015,2016,"H399,H513,","PTRA,",1,"H3,H5,","H,",INDUSTRY,Texas,29.748029,-95.092201,13,Afternoon
Derailments,2015:11:XTGS:F0112015,0,0,15523,13275,0,0,0,CHAMBERS,14:25,2015,2016,"T311,","XTGS,",7,"T3,","T,",INDUSTRY,Texas,29.707593,-94.902134,14,Afternoon
Raking collision,2015:12:FWWR:15121501,0,0,0,545,0,0,0,TARRANT,13:00,2015,2016,"H301,","FWWR,",7,"H3,","H,",YARD,Texas,32.73881,-97.33379,13,Afternoon
Derailments,2015:12:POOL:INDUSTRY,0,0,0,20636,0,0,0,DALLAM,15:30,2015,2016,"M101,","BNSF,",7,"M1,","M,",INDUSTRY,Texas,36.375304,-103.023988,15,Afternoon
Derailments,2015:12:UP:1215HO045,0,0,22581,3815,0,0,0,HARRIS,15:53,2015,2016,"E04C,","UP,",1,"E0,","E,",SIDING,Texas,29.78535,-95.321035,15,Afternoon
Highway-rail impact,2015:12:UP:1215HO049,0,1,25250,7239,0,0,0,COLORADO,14:28,2015,2016,"M304,","UP,",1,"M3,","M,",MAIN,Texas,29.580085,-96.321059,14,Afternoon
Derailments,2015:12:UP:1215SA006,0,0,142789,254157,0,0,0,BEXAR,12:11,2015,2016,"T207,","UP,",1,"T2,","T,",MAIN,Texas,29.366251,-98.469834,12,Afternoon
Derailments,2016:01:BNSF:GC0116103,0,0,70349,3600,0,0,0,AUSTIN,13:00,2016,2016,"E64C,T113,","BNSF,UP,",1,"E6,T1,","E,T,",MAIN,Texas,29.78093,-96.154636,13,Afternoon
Derailments,2016:01:FWWR:16012101,0,0,22971,185214,0,0,0,ERATH,16:00,2016,2016,"E64C,","FWWR,",1,"E6,","E,",SIDING,Texas,32.098998,-98.318012,16,Afternoon
Derailments,2016:01:UP:0116FW005,0,0,1297,81259,0,0,0,MCLENNAN,13:00,2016,2016,"H303,","UP,",7,"H3,","H,",YARD,Texas,31.585316,-97.097401,13,Afternoon
Other events,2016:02:ANR:9616,0,0,1000,50000,0,0,0,ANGELINA,14:00,2016,2016,"M199,","ANR,",6,"M1,","M,",YARD,Texas,31.23515,-94.47162,14,Afternoon
Fire/violent rupture,2016:02:UP:0216FW009,0,0,0,119545,0,0,0,PALO PINTO,13:06,2016,2016,"E73L,","UP,",1,"E7,","E,",MAIN,Texas,32.550808,-98.493687,13,Afternoon
Fire/violent rupture,2016:02:UP:0216HO043,0,0,0,21723,0,0,0,WALKER,15:45,2016,2016,"E74L,","UP,",1,"E7,","E,",MAIN,Texas,30.537726,-95.482144,15,Afternoon
Derailments,2016:02:UP:0216SA022,0,0,61201,27380,0,0,0,BEXAR,14:30,2016,2016,"H525,","UP,",7,"H5,","H,",YARD,Texas,29.435033,-98.457327,14,Afternoon
Derailments,2016:03:BNSF:GC0316116,0,0,8000,8000,0,0,0,SHELBY,13:40,2016,2016,"E31C,","BNSF,",1,"E3,","E,",MAIN,Texas,31.947505,-94.254357,13,Afternoon
Derailments,2016:03:BNSF:KS0316109,0,0,0,29736,0,0,0,RANDALL,13:50,2016,2016,"H503,H505,","BNSF,",1,"H5,","H,",YARD,Texas,35.180166,-101.836496,13,Afternoon
Highway-rail impact,2016:03:BNSF:KS0316201,0,0,20000,300,0,0,0,LUBBOCK,14:56,2016,2016,"M302,M304,","BNSF,",1,"M3,","M,",MAIN,Texas,33.453407,-101.657418,14,Afternoon
Derailments,2016:03:BNSF:TX0316105,0,0,87332,25500,0,0,0,DENTON,13:05,2016,2016,"T001,","BNSF,",7,"T0,","T,",YARD,Texas,33.000494,-97.354394,13,Afternoon
Highway-rail impact,2016:03:TXPF:03082016,0,0,0,0,0,0,0,PECOS,12:30,2016,2016,"M302,","TXPF,",1,"M3,","M,",MAIN,Texas,30.639652,-103.259747,12,Afternoon
Other events,2016:03:UP:0316LK015,0,0,0,29712,0,0,0,GREGG,14:19,2016,2016,"M201,","UP,",5,"M2,","M,",YARD,Texas,32.495389,-94.722933,14,Afternoon
Derailments,2016:03:XDAP:INDUSTRY,0,0,18000,250,0,0,0,GREGG,15:20,2016,2016,"T102,T110,","UP,",7,"T1,","T,",INDUSTRY,Texas,32.50331,-94.819498,15,Afternoon
Derailments,2016:04:AWRR:160420003,0,0,3000,0,0,0,0,BURNET,14:40,2016,2016,"T110,T205,","AWRR,",1,"T1,T2,","T,",INDUSTRY,Texas,30.57556,-98.290833,14,Afternoon
Derailments,2016:04:AWRR:160427002,0,0,1200,2300,0,0,0,BASTROP,15:15,2016,2016,"T205,","AWRR,",1,"T2,","T,",INDUSTRY,Texas,30.317689,-97.294444,15,Afternoon
Derailments,2016:04:UP:0416HO010,0,0,10058,1800,0,0,0,HARRIS,13:55,2016,2016,"T110,","UP,",8,"T1,","T,",YARD,Texas,29.787446,-95.316253,13,Afternoon
Other events,2016:04:UP:0416HO015,0,0,1398,27969,0,0,0,HARRIS,13:52,2016,2016,"E21C,","UP,",1,"E2,","E,",MAIN,Texas,29.803253,-95.086681,13,Afternoon
Derailments,2016:04:UP:0416HO042,0,0,151692,6035,0,0,0,LIBERTY,15:00,2016,2016,"H607,H702,","BNSF,UP,",7,"H6,H7,H6,","H,",MAIN,Texas,29.993233,-94.90747,15,Afternoon
Obstruction impact,2016:04:UP:0416SA024,0,0,0,11655,0,0,0,BRAZOS,12:30,2016,2016,"M403,","UP,",1,"M4,","M,",MAIN,Texas,30.662311,-96.547074,12,Afternoon
Derailments,2016:04:VTZ:INDUSTRY,0,0,1500,29000,24,0,0,HARRIS,16:30,2016,2016,"T311,","PTRA,",7,"T3,","T,",YARD,Texas,29.744174,-95.091957,16,Afternoon
Derailments,2016:04:XMMM:INDUSTRY,0,0,10636,4428,0,0,0,HARRIS,14:40,2016,2016,"T111,","UP,",1,"T1,","T,",INDUSTRY,Texas,29.785984,-95.809712,14,Afternoon
Derailments,2016:05:TIBR:160514001,0,0,56000,20000,0,0,0,SAN AUGUSTINE,16:15,2016,2016,"T205,","TIBR,",1,"T2,","T,",MAIN,Texas,31.290213,-94.070204,16,Afternoon
Derailments,2016:06:AWRR:160613002,0,0,2300,0,0,0,0,BURNET,14:20,2016,2016,"T211,","AWRR,",1,"T2,","T,",MAIN,Texas,30.713056,-98.236671,14,Afternoon
Highway-rail impact,2016:06:BNSF:KS0616200,0,0,87164,11592,2,0,0,CARSON,13:20,2016,2016,"M302,","BNSF,",1,"M3,","M,",MAIN,Texas,35.325247,-101.417128,13,Afternoon
Derailments,2016:06:KCS:16062803,0,0,50000,28708,0,0,0,CASS,15:29,2016,2016,"H703,","KCS,",7,"H7,","H,",INDUSTRY,Texas,33.252506,-94.069565,15,Afternoon
Derailments,2016:06:MMAZ:INDUSTRY,0,0,7458,3875,0,0,0,COMAL,16:40,2016,2016,"T111,","UP,",1,"T1,","T,",INDUSTRY,Texas,29.689284,-98.164722,16,Afternoon
Other impacts,2016:06:UP:0616HO040,0,0,132,11395,0,0,0,HARRIS,14:00,2016,2016,"M204,","UP,",65,"M2,","M,",YARD,Texas,29.807805,-95.292335,14,Afternoon
Derailments,2016:06:UP:0616LV004,0,0,3786,62853,0,0,0,ORANGE,14:15,2016,2016,"T110,","UP,",1,"T1,","T,",INDUSTRY,Texas,30.198499,-93.866251,14,Afternoon
Derailments,2016:07:BNSF:GC0716108,0,0,1000,25524,0,0,0,BEXAR,16:57,2016,2016,"H303,","BNSF,",7,"H3,","H,",YARD,Texas,29.325202,-98.625846,16,Afternoon
Derailments,2016:07:LBWR:160710002,0,0,68000,21000,0,0,0,TERRY,12:05,2016,2016,"T101,T105,","LBWR,",1,"T1,","T,",MAIN,Texas,33.355208,-102.196881,12,Afternoon
Other events,2016:07:UP:0716FW033,0,0,0,91984,0,0,0,HENDERSON,14:00,2016,2016,"E34C,","UP,",1,"E3,","E,",MAIN,Texas,32.305096,-95.636716,14,Afternoon
Derailments,2016:07:UP:0716HO048,0,0,250,48880,0,0,0,NUECES,15:10,2016,2016,"T319,","UP,",18,"T3,","T,",YARD,Texas,27.840446,-97.520245,15,Afternoon
Obstruction impact,2016:07:UP:0716LV011,0,0,37950,0,0,0,0,ANGELINA,16:30,2016,2016,"M208,","UP,",1,"M2,","M,",MAIN,Texas,31.3391,-94.730283,16,Afternoon
Derailments,2016:08:BNSF:GC0816101,0,0,28800,11519,0,0,0,BELL,16:30,2016,2016,"H607,H702,","BNSF,",7,"H6,H7,","H,",YARD,Texas,31.118041,-97.349802,16,Afternoon
Obstruction impact,2016:08:BNSF:GC0816111,0,0,0,48499,0,0,0,MILLS,13:00,2016,2016,"M410,","BNSF,",9,"M4,","M,",SIDING,Texas,31.556568,-98.667932,13,Afternoon
Derailments,2016:08:FWWR:16080401,0,0,150000,660000,0,0,0,ERATH,14:06,2016,2016,"T109,","FWWR,",1,"T1,","T,",MAIN,Texas,32.110372,-98.145368,14,Afternoon
Derailments,2016:08:PPQQ:INDUSTRY,0,0,82350,397121,0,0,0,CAMP,16:06,2016,2016,"T110,","UP,",1,"T1,","T,",INDUSTRY,Texas,32.995559,-94.969083,16,Afternoon
Derailments,2016:08:UP:0816HO036,0,0,1443,48803,0,0,0,HARRIS,16:45,2016,2016,"T111,","UP,",8,"T1,","T,",YARD,Texas,29.780293,-95.333145,16,Afternoon
Derailments,2016:08:UP:0816HO052,0,0,293997,90194,0,0,0,HARRIS,13:00,2016,2016,"T111,","UP,",15,"T1,","T,",YARD,Texas,30.061778,-95.412593,13,Afternoon
Highway-rail impact,2016:08:UP:0816SA008,0,0,80359,3422,3,0,0,WEBB,14:30,2016,2016,"M304,","UP,",1,"M3,","M,",MAIN,Texas,27.669209,-99.46919,14,Afternoon
Raking collision,1975:01:HBT:AX1A75A,0,0,0,13475,0,0,0,HARRIS,12:40,1975,1975,"H204,S008,","ATSF,HBT,MP,",181,"H2,S0,H2,","H,S,H,",MAIN,Texas,31.827233,-99.423022,12,Afternoon
Derailments,1975:01:ATSF:27015110,0,0,15600,1725,0,0,0,SAN SABA,15:10,1975,1975,"H604,","ATSF,",1,"H6,","H,",MAIN,Texas,31.827233,-99.423022,15,Afternoon
Derailments,1980:05:SP:F7060,0,0,6900,900,0,0,0,JEFFERSON,13:45,1980,1980,"H525,","SP,",1,"H5,","H,",YARD,Texas,31.827233,-99.423022,13,Afternoon
Side collision,1980:05:SP:X1490,0,0,200,7050,0,0,0,HARRIS,13:30,1980,1980,"H018,H021,","SP,",75,"H0,","H,",YARD,Texas,31.827233,-99.423022,13,Afternoon
Derailments,1980:05:KCS:325189,0,0,600,35855,0,0,0,JEFFERSON,13:50,1980,1980,"H312,","KCS,",67,"H3,","H,",YARD,Texas,31.827233,-99.423022,13,Afternoon
Derailments,1975:01:MKT:AX5S,0,0,4583,8900,0,0,0,HILL,16:30,1975,1975,"T220,","MKT,MP,",11,"T2,","T,",SIDING,Texas,31.827233,-99.423022,16,Afternoon
Side collision,1975:01:ATSF:26015109,0,0,0,4750,0,0,0,BROWN,12:30,1975,1975,"H017,","ATSF,",7,"H0,","H,",YARD,Texas,31.827233,-99.423022,12,Afternoon
Derailments,1980:05:SP:F7430,0,0,4200,0,0,0,0,CHAMBERS,13:20,1980,1980,"T101,","SP,",7,"T1,","T,",SIDING,Texas,31.827233,-99.423022,13,Afternoon
Derailments,1980:06:ATSF:230680106,0,0,30000,28080,3,0,0,BOSQUE,14:40,1980,1980,"T109,","ATSF,",1,"T1,","T,",MAIN,Texas,31.827233,-99.423022,14,Afternoon
Derailments,1980:06:FWD:FW155,0,0,35000,800,0,0,0,WISE,15:25,1980,1980,"T109,H604,","FWD,",1,"T1,H6,","T,H,",MAIN,Texas,31.827233,-99.423022,15,Afternoon
Derailments,1980:05:SP:F7250,0,0,16000,2800,5,5,0,ANGELINA,15:55,1980,1980,"T001,","SP,",1,"T0,","T,",MAIN,Texas,31.827233,-99.423022,15,Afternoon
Fire/violent rupture,1980:05:SP:U4080,0,0,14100,0,0,0,0,LIMESTONE,15:00,1980,1980,"E06C,","SP,",1,"E0,","E,",MAIN,Texas,31.827233,-99.423022,15,Afternoon
Derailments,1975:01:ATSF:16015108,0,0,2000,70250,0,0,0,,13:15,1975,1975,"T203,","ATSF,",1,"T2,","T,",MAIN,Texas,31.827233,-99.423022,13,Afternoon
Derailments,1980:06:ATSF:200680101,0,0,28000,844600,0,0,0,POTTER,14:30,1980,1980,"T109,","ATSF,",1,"T1,","T,",MAIN,Texas,31.827233,-99.423022,14,Afternoon
Other impacts,1975:02:GSW:0318751,1,0,0,0,0,0,0,TARRANT,14:20,1975,1975,"H307,","GSW,",6,"H3,","H,",YARD,Texas,31.827233,-99.423022,14,Afternoon
Derailments,1975:02:SP:G0755,0,0,19950,22250,0,0,0,LEE,12:50,1975,1975,"E29C,","SP,",1,"E2,","E,",MAIN,Texas,31.827233,-99.423022,12,Afternoon
Derailments,1975:04:MKT:AX52S,0,0,1352,7000,1,1,0,GRAYSON,13:33,1975,1975,"T101,","MKT,",7,"T1,","T,",YARD,Texas,31.827233,-99.423022,13,Afternoon
Broken train collision,1975:04:ATSF:15045112,0,0,0,8700,0,0,0,LAMB,16:40,1975,1975,"E00C,E32C,","ATSF,",1,"E0,E3,","E,",MAIN,Texas,31.827233,-99.423022,16,Afternoon
Derailments,1975:02:TP:AX5,0,0,2794,400,0,0,0,WARD,13:20,1975,1975,"E52C,","TP,",8,"E5,","E,",MAIN,Texas,31.827233,-99.423022,13,Afternoon
Head on collision,1975:02:SP:G1075,0,0,2500,500,0,0,0,BEXAR,15:55,1975,1975,"H702,","SP,",76,"H7,","H,",YARD,Texas,31.827233,-99.423022,15,Afternoon
Derailments,1975:02:MKT:AX20S,0,0,2600,1500,0,0,0,AUSTIN,13:35,1975,1975,"T102,","MKT,",1,"T1,","T,",MAIN,Texas,31.827233,-99.423022,13,Afternoon
Derailments,1975:02:ATSF:27025100,0,0,600,1650,0,0,0,MCCULLOCH,15:25,1975,1975,"E23C,","ATSF,",1,"E2,","E,",MAIN,Texas,31.827233,-99.423022,15,Afternoon
Derailments,1975:01:SP:H0955,0,0,1500,14150,3,3,1,HARRIS,12:15,1975,1975,"T102,","SP,",7,"T1,","T,",YARD,Texas,31.827233,-99.423022,12,Afternoon
Derailments,1975:04:PTRA:D3,0,0,2393,3700,0,0,0,HARRIS,14:30,1975,1975,"T111,","PTRA,",7,"T1,","T,",MAIN,Texas,31.827233,-99.423022,14,Afternoon
Derailments,1975:01:TP:9725,0,0,600,7000,0,0,0,MARION,13:35,1975,1975,"E34C,","TP,",1,"E3,","E,",MAIN,Texas,31.827233,-99.423022,13,Afternoon
Derailments,1975:02:LA:300903,0,0,10000,32500,0,0,0,MARION,15:15,1975,1975,"T207,","LA,",1,"T2,","T,",MAIN,Texas,31.827233,-99.423022,15,Afternoon
Raking collision,1975:02:MKT:AX26S,0,0,8500,19650,0,0,0,AUSTIN,12:20,1975,1975,"T102,","ATSF,MKT,",11,"T1,","T,",MAIN,Texas,31.827233,-99.423022,12,Afternoon
Derailments,1975:01:RI:WF38,0,0,21202,114700,0,0,0,WISE,15:40,1975,1975,"T001,","RI,",1,"T0,","T,",MAIN,Texas,31.827233,-99.423022,15,Afternoon
Derailments,1975:02:KCS:303310,0,0,25000,84850,1,1,1,ORANGE,16:10,1975,1975,"T110,","KCS,",1,"T1,","T,",MAIN,Texas,31.827233,-99.423022,16,Afternoon
Derailments,1975:03:TP:P5010,0,0,2190,2025,0,0,0,WARD,16:25,1975,1975,"E61C,","TP,",8,"E6,","E,",MAIN,Texas,31.827233,-99.423022,16,Afternoon
Derailments,1975:03:MKT:AX33S,0,0,7941,0,6,2,0,GRAYSON,14:15,1975,1975,"T101,","MKT,TP,",11,"T1,","T,",YARD,Texas,31.827233,-99.423022,14,Afternoon
Derailments,1975:03:MKT:AX27S,0,0,2500,500,0,0,0,HARRIS,16:45,1975,1975,"T102,","MKT,",1,"T1,","T,",MAIN,Texas,31.827233,-99.423022,16,Afternoon
Derailments,1975:04:ATSF:27045101,0,0,1900,4900,0,0,0,JEFFERSON,15:20,1975,1975,"T216,","ATSF,",7,"T2,","T,",YARD,Texas,31.827233,-99.423022,15,Afternoon
Derailments,1975:04:GHH:31,0,0,2260,2350,0,0,0,HARRIS,16:15,1975,1975,"T221,","GHH,MKT,",11,"T2,","T,",MAIN,Texas,31.827233,-99.423022,16,Afternoon
Derailments,1975:03:MP:8396,0,0,256490,273000,0,0,0,VICTORIA,13:00,1975,1975,"T499,","MP,",1,"T4,","T,",MAIN,Texas,31.827233,-99.423022,13,Afternoon
Derailments,1975:03:TP:P5008,0,0,2700,2000,0,0,0,,16:50,1975,1975,"E66C,","TP,",1,"E6,","E,",MAIN,Texas,31.827233,-99.423022,16,Afternoon
Derailments,1975:03:PTRA:D2,0,0,9439,32000,0,0,0,HARRIS,14:05,1975,1975,"T314,","PTRA,",NA,"T3,","T,",MAIN,Texas,31.827233,-99.423022,14,Afternoon
Highway-rail impact,1975:03:TM:7636,0,1,4000,13000,0,0,0,NUECES,13:52,1975,1975,"M399,","TM,",7,"M3,","M,",MAIN,Texas,31.827233,-99.423022,13,Afternoon
Derailments,1975:04:ATSF:27045104,0,0,975,1000,0,0,0,GALVESTON,16:30,1975,1975,"H702,","ATSF,SP,",71,"H7,","H,",YARD,Texas,31.827233,-99.423022,16,Afternoon
Derailments,1975:03:MP:3,0,0,1427,2600,0,0,0,ROBERTSON,16:50,1975,1975,"E23C,","MP,",1,"E2,","E,",YARD,Texas,31.827233,-99.423022,16,Afternoon
Derailments,1975:04:HBT:AX2D75,0,0,250,7800,115,6,0,HARRIS,15:10,1975,1975,"M203,","HBT,",7,"M2,","M,",YARD,Texas,31.827233,-99.423022,15,Afternoon
Derailments,1975:03:MKT:AX39S,0,0,2000,8900,0,0,0,TARRANT,14:30,1975,1975,"T215,","MKT,",1,"T2,","T,",MAIN,Texas,31.827233,-99.423022,14,Afternoon
Derailments,1975:03:MKT:AX41S,0,0,17000,400,0,0,0,WILLIAMSON,13:03,1975,1975,"T101,","MKT,",1,"T1,","T,",MAIN,Texas,31.827233,-99.423022,13,Afternoon
Side collision,1975:04:MP:8514,0,0,710,2675,0,0,0,BEXAR,16:00,1975,1975,"H301,","MP,",7,"H3,","H,",YARD,Texas,31.827233,-99.423022,16,Afternoon
Derailments,1975:05:HBT:AX2E75,0,0,540,1500,0,0,0,HARRIS,15:45,1975,1975,"T099,T402,","HBT,",NA,"T0,T4,","T,",YARD,Texas,31.827233,-99.423022,15,Afternoon
Derailments,1975:05:RI:MK75547,0,0,365,15850,2,2,0,MOORE,14:30,1975,1975,"T110,","RI,",7,"T1,","T,",YARD,Texas,31.827233,-99.423022,14,Afternoon
Derailments,1975:05:KCS:306828,0,0,22,2200,0,0,0,JEFFERSON,12:45,1975,1975,"T110,","KCS,",7,"T1,","T,",YARD,Texas,31.827233,-99.423022,12,Afternoon
Side collision,1975:05:SP:G3165,0,0,0,8100,0,0,0,ROBERTSON,14:05,1975,1975,"H403,","SP,",7,"H4,","H,",MAIN,Texas,31.827233,-99.423022,14,Afternoon
Derailments,1975:06:ATSF:32065125,0,0,534,16000,0,0,0,GRAY,13:35,1975,1975,"T001,T102,","ATSF,",1,"T0,T1,","T,",YARD,Texas,31.827233,-99.423022,13,Afternoon
Derailments,1975:05:ATSF:31055122,0,0,1500,850,0,0,0,JEFFERSON,16:00,1975,1975,"T110,","ATSF,SP,",11,"T1,","T,",MAIN,Texas,31.827233,-99.423022,16,Afternoon
Derailments,1975:05:ATSF:32055106,0,0,7094,1500,0,0,0,MOORE,12:15,1975,1975,"E52C,","ATSF,",1,"E5,","E,",MAIN,Texas,31.827233,-99.423022,12,Afternoon
Derailments,1975:05:ATSF:30055110,0,0,2200,2306,0,0,0,JOHNSON,12:30,1975,1975,"T201,","ATSF,",1,"T2,","T,",YARD,Texas,31.827233,-99.423022,12,Afternoon
Derailments,1975:06:MP:8555,0,0,4000,8600,0,0,0,ROBERTSON,15:15,1975,1975,"T202,","MP,",1,"T2,","T,",YARD,Texas,31.827233,-99.423022,15,Afternoon
Derailments,1975:05:MP:8433,0,0,480,3900,0,0,0,MCLENNAN,14:15,1975,1975,"T110,","MP,",1,"T1,","T,",YARD,Texas,31.827233,-99.423022,14,Afternoon
Side collision,1975:05:MP:8556,0,0,0,3000,0,0,0,JEFFERSON,14:30,1975,1975,"H403,","MP,",7,"H4,","H,",YARD,Texas,31.827233,-99.423022,14,Afternoon
Derailments,1975:06:KCS:306604,0,0,600,4550,0,0,0,JEFFERSON,14:30,1975,1975,"T110,","KCS,",7,"T1,","T,",YARD,Texas,31.827233,-99.423022,14,Afternoon
Side collision,1975:06:HBT:AX4F75,0,0,0,4600,0,0,0,HARRIS,16:50,1975,1975,"H303,","HBT,MP,",88,"H3,","H,",YARD,Texas,31.827233,-99.423022,16,Afternoon
Derailments,1975:06:ATSF:30065128,0,0,1500,1500,0,0,0,TARRANT,16:40,1975,1975,"E64C,T314,","ATSF,",7,"E6,T3,","E,T,",INDUSTRY,Texas,31.827233,-99.423022,16,Afternoon
Derailments,1975:05:SP:G3275,0,0,12380,290,0,0,0,BEXAR,16:30,1975,1975,"H513,","SP,",1,"H5,","H,",MAIN,Texas,31.827233,-99.423022,16,Afternoon
Derailments,1975:06:KCS:300028,0,0,2000,400,0,0,0,JEFFERSON,16:50,1975,1975,"H403,","KCS,",7,"H4,","H,",YARD,Texas,31.827233,-99.423022,16,Afternoon
Derailments,1975:06:HBT:AX3F75,0,0,420,2600,39,0,0,HARRIS,12:05,1975,1975,"H513,","HBT,",7,"H5,","H,",YARD,Texas,31.827233,-99.423022,12,Afternoon
Derailments,1975:06:SP:G3965,0,0,1000,7050,0,0,0,BEXAR,13:20,1975,1975,"E00C,","SP,",1,"E0,","E,",MAIN,Texas,31.827233,-99.423022,13,Afternoon
Derailments,1975:05:SP:J3355,0,0,3000,14900,1,1,0,LIBERTY,14:15,1975,1975,"T202,","SP,",1,"T2,","T,",SIDING,Texas,31.827233,-99.423022,14,Afternoon
Side collision,1975:05:MP:8467,0,0,170,21500,0,0,0,BRAZORIA,15:10,1975,1975,"M599,","MP,",6,"M5,","M,",YARD,Texas,31.827233,-99.423022,15,Afternoon
Derailments,1975:06:ATSF:31065111,0,0,7800,21600,0,0,0,BELL,13:45,1975,1975,"E05C,","ATSF,",1,"E0,","E,",MAIN,Texas,31.827233,-99.423022,13,Afternoon
Highway-rail impact,1975:04:TN:TA4,0,0,0,79962,0,0,0,MORRIS,13:25,1975,1975,"M399,","TN,",1,"M3,","M,",MAIN,Texas,31.827233,-99.423022,13,Afternoon
Side collision,1975:07:GSW:750707,0,0,2756,2470,0,0,0,TARRANT,14:45,1975,1975,"H017,","GSW,",7,"H0,","H,",YARD,Texas,31.827233,-99.423022,14,Afternoon
Derailments,1975:07:MKT:AX114S,0,0,3991,3950,0,0,0,TARRANT,15:43,1975,1975,"H503,E30C,","MKT,",1,"H5,E3,","H,E,",MAIN,Texas,31.827233,-99.423022,15,Afternoon
Derailments,1975:07:ATSF:31075120,0,0,1000,5600,0,0,0,BELL,12:55,1975,1975,"T314,","ATSF,",1,"T3,","T,",MAIN,Texas,31.827233,-99.423022,12,Afternoon
Derailments,1975:07:PTRA:D1,0,0,1597,2000,0,0,0,HARRIS,13:45,1975,1975,"T102,","PTRA,",7,"T1,","T,",MAIN,Texas,31.827233,-99.423022,13,Afternoon
Derailments,1975:07:TP:8544,0,0,500,3000,0,0,0,DALLAS,15:00,1975,1975,"H999,M503,","TP,",6,"H9,M5,","H,M,",INDUSTRY,Texas,31.827233,-99.423022,15,Afternoon
Derailments,1975:06:TP:8489,0,0,450,4000,0,0,0,TARRANT,16:25,1975,1975,"T399,","TP,",7,"T3,","T,",YARD,Texas,31.827233,-99.423022,16,Afternoon
Side collision,1975:07:TP:8539,0,0,125,7800,0,0,0,TARRANT,12:45,1975,1975,"H403,","TP,",7,"H4,","H,",YARD,Texas,31.827233,-99.423022,12,Afternoon
Side collision,1975:07:ATSF:30075115,0,0,0,3650,0,0,0,TARRANT,16:25,1975,1975,"H303,","ATSF,",67,"H3,","H,",YARD,Texas,31.827233,-99.423022,16,Afternoon
Derailments,1975:07:TP:8547,0,0,1800,600,0,0,0,HARRISON,16:30,1975,1975,"E40C,","TP,",1,"E4,","E,",MAIN,Texas,31.827233,-99.423022,16,Afternoon
Highway-rail impact,1975:07:SP:H6415,1,1,2375,2850,0,0,0,NACOGDOCHES,13:20,1975,1975,"M399,","SP,",1,"M3,","M,",MAIN,Texas,31.827233,-99.423022,13,Afternoon
Fire/violent rupture,1975:07:TP:8541,0,0,0,4500,0,0,0,TARRANT,13:00,1975,1975,"M599,","TP,",6,"M5,","M,",YARD,Texas,31.827233,-99.423022,13,Afternoon
Derailments,1975:06:SP:G3895,0,0,15000,259250,0,0,0,BURLESON,13:30,1975,1975,"M599,","SP,",1,"M5,","M,",MAIN,Texas,31.827233,-99.423022,13,Afternoon
Side collision,1975:08:TP:8573,0,0,1250,1820,0,0,0,HUDSPETH,12:40,1975,1975,"H403,","TP,",1,"H4,","H,",SIDING,Texas,31.827233,-99.423022,12,Afternoon
Derailments,1975:07:MP:8497,0,0,6930,203080,69,18,0,HARRIS,16:20,1975,1975,"T215,","MP,",1,"T2,","T,",MAIN,Texas,31.827233,-99.423022,16,Afternoon
Derailments,1975:07:SP:J4735,0,0,3000,17000,0,0,0,LIBERTY,14:10,1975,1975,"E00C,","SP,",1,"E0,","E,",MAIN,Texas,31.827233,-99.423022,14,Afternoon
Derailments,1975:06:SP:H5025,0,0,1000,5025,0,0,0,FORT BEND,16:40,1975,1975,"T202,","SP,",1,"T2,","T,",MAIN,Texas,31.827233,-99.423022,16,Afternoon
Derailments,1975:06:SP:G4205,0,0,7500,500,0,0,0,GUADALUPE,16:00,1975,1975,"E32C,","SP,",1,"E3,","E,",MAIN,Texas,31.827233,-99.423022,16,Afternoon
Side collision,1975:06:TP:8488,0,0,1320,28600,0,0,0,CASS,16:20,1975,1975,"H204,","TP,",11,"H2,","H,",SIDING,Texas,31.827233,-99.423022,16,Afternoon
Derailments,1975:06:RI:MK75630,0,0,975,7000,0,0,0,MOORE,13:45,1975,1975,"T102,","RI,",1,"T1,","T,",MAIN,Texas,31.827233,-99.423022,13,Afternoon
Derailments,1975:10:MKT:AX156S,0,0,600,1400,0,0,0,HARRIS,14:00,1975,1976,"T399,","MKT,",7,"T3,","T,",YARD,Texas,31.827233,-99.423022,14,Afternoon