AccidentType,inckey,Fatalities,Injuries,TrackDamage,EquipmentDamage,HazmatCars,HazmatCarsDerailed,HazmatCarsReleasing,County,DisplayTime,calendar,Fiscal,AccidentCause,RailroadCodes,RAILEQUIPMENT_TYPE,CauseGroup,CauseDiscipline,TYPE_OF_TRACK,StateName,latitude,longitude,hour,cat
Derailments,1975:08:MKT:AX128S,0,0,2450,9700,7,0,0,HILL,16:50,1975,1975,"E00C,H503,","MKT,",1,"E0,H5,","E,H,",MAIN,Texas,31.827233,-99.423022,16,Afternoon
Derailments,1975:08:SP:H7435,0,0,0,7300,5,0,0,NACOGDOCHES,14:00,1975,1975,"E00C,","SP,",1,"E0,","E,",MAIN,Texas,31.827233,-99.423022,14,Afternoon
Derailments,1975:08:ATSF:31085123,0,0,1000,2270,0,0,0,MONTGOMERY,16:00,1975,1975,"H505,","ATSF,RI,",11,"H5,","H,",SIDING,Texas,31.827233,-99.423022,16,Afternoon
Head on collision,1975:08:MP:8530,0,0,10000,2500,0,0,0,NUECES,15:35,1975,1975,"H603,","MP,",7,"H6,","H,",MAIN,Texas,31.827233,-99.423022,15,Afternoon
Derailments,1975:09:PTRA:D1,0,0,2231,0,0,0,0,HARRIS,14:45,1975,1975,"E42C,","PTRA,SP,",47,"E4,","E,",MAIN,Texas,31.827233,-99.423022,14,Afternoon
Derailments,1975:09:TP:8620,0,0,9500,5350,0,0,0,TARRANT,13:30,1975,1975,"E04C,H521,H020,","SP,TP,",11,"E0,H5,H0,","E,H,",MAIN,Texas,31.827233,-99.423022,13,Afternoon
Derailments,1975:08:ATSF:32085106,0,0,6000,3950,0,0,0,LYNN,14:55,1975,1975,"M503,","ATSF,",1,"M5,","M,",MAIN,Texas,31.827233,-99.423022,14,Afternoon
Derailments,1975:08:SP:G6095,0,0,0,6500,0,0,0,HUDSPETH,15:25,1975,1975,"E04C,","SP,",1,"E0,","E,",MAIN,Texas,31.827233,-99.423022,15,Afternoon
Derailments,1975:08:ATSF:32085102,0,0,250,3400,0,0,0,POTTER,14:45,1975,1975,"T001,","ATSF,",7,"T0,","T,",INDUSTRY,Texas,31.827233,-99.423022,14,Afternoon
Highway-rail impact,1975:09:ATSF:31095134,0,6,0,3021,0,0,0,JOHNSON,14:33,1975,1975,"M399,","ATK,ATSF,",22,"M3,","M,",MAIN,Texas,31.827233,-99.423022,14,Afternoon
Fire/violent rupture,1975:09:KCS:303177,0,0,350,5000,1,0,0,CASS,12:20,1975,1975,"E59C,","KCS,",1,"E5,","E,",MAIN,Texas,31.827233,-99.423022,12,Afternoon
Derailments,1975:08:SP:H7485,0,0,2943,0,0,0,0,HARRIS,14:00,1975,1975,"T305,","SP,",7,"T3,","T,",YARD,Texas,31.827233,-99.423022,14,Afternoon
Derailments,1975:08:ATSF:32085130,0,0,30000,502500,17,17,0,CASTRO,13:15,1975,1975,"E66C,","ATSF,",1,"E6,","E,",MAIN,Texas,31.827233,-99.423022,13,Afternoon
Broken train collision,1975:09:ATSF:31095136,0,0,0,7500,0,0,0,JEFFERSON,14:30,1975,1975,"E00C,","ATSF,SP,",11,"E0,","E,",MAIN,Texas,31.827233,-99.423022,14,Afternoon
Derailments,1975:08:RI:SRWF733,0,0,18600,87575,0,0,0,WISE,16:40,1975,1975,"H503,","RI,",1,"H5,","H,",MAIN,Texas,31.827233,-99.423022,16,Afternoon
Side collision,1975:11:ATSF:32115124,0,0,0,6000,0,0,0,POTTER,12:01,1975,1976,"H303,","ATSF,",18,"H3,","H,",YARD,Texas,31.827233,-99.423022,12,Afternoon
Derailments,1975:11:SLSF:T3A88,0,0,5150,22900,0,0,0,DALLAS,12:45,1975,1976,"T101,","SLSF,",1,"T1,","T,",MAIN,Texas,31.827233,-99.423022,12,Afternoon
Derailments,1975:11:ATSF:30115100,0,0,5150,33235,0,0,0,COMANCHE,16:00,1975,1976,"T101,T001,","ATSF,",1,"T1,T0,","T,",MAIN,Texas,31.827233,-99.423022,16,Afternoon
Derailments,1975:11:ATSF:31115107,0,0,1800,2850,0,0,0,AUSTIN,14:40,1975,1976,"T314,","ATSF,",1,"T3,","T,",YARD,Texas,31.827233,-99.423022,14,Afternoon
Side collision,1975:09:SP:H8345,0,0,0,2100,1,0,0,HARRIS,12:30,1975,1975,"H602,","SP,",76,"H6,","H,",YARD,Texas,31.827233,-99.423022,12,Afternoon
Derailments,1975:10:SP:J7585,0,0,1800,1500,0,0,0,JEFFERSON,14:10,1975,1976,"H701,","SP,",1,"H7,","H,",YARD,Texas,31.827233,-99.423022,14,Afternoon
Side collision,1975:10:HBT:JAX4J75,0,0,150,40400,0,0,0,HARRIS,14:45,1975,1976,"H602,","HBT,MP,",71,"H6,","H,",YARD,Texas,31.827233,-99.423022,14,Afternoon
Derailments,1975:10:LA:310804,0,0,2904,400,0,0,0,HUNT,12:15,1975,1976,"T210,","LA,",1,"T2,","T,",MAIN,Texas,31.827233,-99.423022,12,Afternoon
Derailments,1975:11:RI:WF1010,0,0,2100,2700,0,0,0,WISE,14:50,1975,1976,"E69C,","RI,",1,"E6,","E,",MAIN,Texas,31.827233,-99.423022,14,Afternoon
Derailments,1975:11:MP:8826,0,0,7862,11650,0,0,0,BEXAR,14:00,1975,1976,"T220,","MP,",1,"T2,","T,",MAIN,Texas,31.827233,-99.423022,14,Afternoon
Derailments,1975:11:PTRA:D1,0,0,2321,9700,0,0,0,HARRIS,13:55,1975,1976,"T101,","PTRA,",7,"T1,","T,",INDUSTRY,Texas,31.827233,-99.423022,13,Afternoon
Side collision,1975:11:HBT:AX3K75,0,0,0,3200,0,0,0,HARRIS,13:45,1975,1976,"H301,","HBT,",7,"H3,","H,",YARD,Texas,31.827233,-99.423022,13,Afternoon
Side collision,1975:11:TP:8813,0,0,0,20025,6,0,0,TARRANT,15:56,1975,1976,"M503,H702,","TP,",1,"M5,H7,","M,H,",MAIN,Texas,31.827233,-99.423022,15,Afternoon
Side collision,1975:11:LA:303911,0,0,0,6000,0,0,0,MORRIS,12:05,1975,1976,"H017,","LA,",1,"H0,","H,",YARD,Texas,31.827233,-99.423022,12,Afternoon
Side collision,1975:11:TP:8812,0,0,350,3525,0,0,0,TARRANT,12:05,1975,1976,"H303,","TP,",7,"H3,","H,",YARD,Texas,31.827233,-99.423022,12,Afternoon
Derailments,1975:12:ATSF:31125107,0,0,0,3755,0,0,0,JEFFERSON,14:15,1975,1976,"T110,","ATSF,",7,"T1,","T,",YARD,Texas,31.827233,-99.423022,14,Afternoon
Derailments,1975:11:SP:G8715,0,0,5000,1575,0,0,0,TARRANT,15:00,1975,1976,"H017,","SP,",7,"H0,","H,",YARD,Texas,31.827233,-99.423022,15,Afternoon
Derailments,1975:12:TP:8865,0,0,13000,1400,0,0,0,DENTON,12:40,1975,1976,"E32C,","TP,",1,"E3,","E,",MAIN,Texas,31.827233,-99.423022,12,Afternoon
Raking collision,1976:01:ATSF:30016104,0,0,100,9786,2,2,0,JOHNSON,14:40,1976,1976,"H703,","ATSF,",11,"H7,","H,",MAIN,Texas,31.827233,-99.423022,14,Afternoon
Derailments,1975:12:SLSF:T3A101,0,0,750,14000,0,0,0,TARRANT,16:15,1975,1976,"T221,","SLSF,",7,"T2,","T,",YARD,Texas,31.827233,-99.423022,16,Afternoon
Derailments,1975:12:TP:8864,0,0,14500,163300,3,0,0,,16:45,1975,1976,"E32C,","TP,",1,"E3,","E,",MAIN,Texas,31.827233,-99.423022,16,Afternoon
Derailments,1976:01:ATSF:31016107,0,0,1900,2100,0,0,0,BURLESON,12:05,1976,1976,"T399,","ATSF,",6,"T3,","T,",YARD,Texas,31.827233,-99.423022,12,Afternoon
Derailments,1976:01:SP:G0026,0,0,6000,30650,0,0,0,BEE,16:30,1976,1976,"T220,","SP,",1,"T2,","T,",MAIN,Texas,31.827233,-99.423022,16,Afternoon
Derailments,1975:12:MKT:AX199S,0,0,1425,4800,0,0,0,WILLIAMSON,16:05,1975,1976,"T220,","MKT,",1,"T2,","T,",INDUSTRY,Texas,31.827233,-99.423022,16,Afternoon
Derailments,1975:12:MKT:AX193S,0,0,1450,4300,0,0,0,WICHITA,15:15,1975,1976,"T220,","MKT,",1,"T2,","T,",MAIN,Texas,31.827233,-99.423022,15,Afternoon
Side collision,1975:12:TP:8866,0,0,500,13500,0,0,0,TARRANT,16:40,1975,1976,"H403,","TP,",67,"H4,","H,",YARD,Texas,31.827233,-99.423022,16,Afternoon
Highway-rail impact,1976:01:SP:J0396,0,29,19500,300000,0,0,0,ORANGE,13:30,1976,1976,"M399,","ATK,SP,",22,"M3,","M,",MAIN,Texas,31.827233,-99.423022,13,Afternoon
Derailments,1976:02:HBT:JAX3B76,0,0,0,3940,0,0,0,HARRIS,13:05,1976,1976,"M599,","HBT,MP,",11,"M5,","M,",YARD,Texas,31.827233,-99.423022,13,Afternoon
Rear end collision,1976:03:SP:G1546,0,0,0,3000,0,0,0,GUADALUPE,13:00,1976,1976,"H305,","SP,",1,"H3,","H,",MAIN,Texas,31.827233,-99.423022,13,Afternoon
Side collision,1976:01:TP:8905,0,0,0,2815,0,0,0,TARRANT,12:45,1976,1976,"H017,","TP,",1,"H0,","H,",YARD,Texas,31.827233,-99.423022,12,Afternoon
Derailments,1976:01:MP:8880,0,0,25358,28500,26,1,0,BRAZORIA,12:05,1976,1976,"E52C,","MP,",1,"E5,","E,",MAIN,Texas,31.827233,-99.423022,12,Afternoon
Derailments,1976:01:TP:8906,0,0,5500,2150,0,0,0,DALLAS,13:10,1976,1976,"E64C,","TP,",6,"E6,","E,",YARD,Texas,31.827233,-99.423022,13,Afternoon
Derailments,1976:02:SP:H1276,0,0,800,1250,0,0,0,HARRIS,15:40,1976,1976,"H603,","SP,",7,"H6,","H,",YARD,Texas,31.827233,-99.423022,15,Afternoon
Derailments,1976:02:MKT:AX13S,0,0,18020,750,0,0,0,DALLAS,14:49,1976,1976,"M599,","FWD,MKT,",11,"M5,","M,",MAIN,Texas,31.827233,-99.423022,14,Afternoon
Derailments,1976:02:SSW:U1446,0,0,2432,0,0,0,0,DALLAS,14:45,1976,1976,"H505,","SSW,",7,"H5,","H,",YARD,Texas,31.827233,-99.423022,14,Afternoon
Side collision,1976:02:TP:8916,0,0,100,4300,13,0,0,TARRANT,12:01,1976,1976,"H099,","TP,",16,"H0,","H,",YARD,Texas,31.827233,-99.423022,12,Afternoon
Derailments,1976:03:MP:8945,0,0,2500,3300,6,1,0,BRAZORIA,16:20,1976,1976,"T314,","MP,",7,"T3,","T,",MAIN,Texas,31.827233,-99.423022,16,Afternoon
Derailments,1976:02:TP:8920,0,0,200,2700,0,0,0,TARRANT,13:55,1976,1976,"M501,","TP,",7,"M5,","M,",YARD,Texas,31.827233,-99.423022,13,Afternoon
Raking collision,1976:03:PTRA:C1,0,0,0,3000,0,0,0,HARRIS,15:20,1976,1976,"H301,","PTRA,",7,"H3,","H,",YARD,Texas,31.827233,-99.423022,15,Afternoon
Derailments,1976:02:TP:8922,0,0,0,5000,0,0,0,VAN ZANDT,14:00,1976,1976,"H017,","TP,",6,"H0,","H,",INDUSTRY,Texas,31.827233,-99.423022,14,Afternoon
Derailments,1976:04:SP:J2836,0,0,3000,7900,0,0,0,HARRIS,15:00,1976,1976,"E00C,","SP,",1,"E0,","E,",MAIN,Texas,31.827233,-99.423022,15,Afternoon
Derailments,1976:04:KCS:305659,0,0,9900,90000,0,0,0,JEFFERSON,16:45,1976,1976,"T220,","KCS,",7,"T2,","T,",MAIN,Texas,31.827233,-99.423022,16,Afternoon
Derailments,1976:03:SP:G1386,0,0,7130,1500,0,0,0,CULBERSON,16:30,1976,1976,"E60C,","SP,",1,"E6,","E,",MAIN,Texas,31.827233,-99.423022,16,Afternoon
Rear end collision,1976:03:SP:G1596,0,0,0,2000,0,0,0,LEE,15:40,1976,1976,"H020,","SP,",5,"H0,","H,",MAIN,Texas,31.827233,-99.423022,15,Afternoon
Derailments,1976:03:SP:H1906,0,0,4000,0,0,0,0,DE WITT,14:40,1976,1976,"E42C,","SP,",1,"E4,","E,",MAIN,Texas,31.827233,-99.423022,14,Afternoon
Derailments,1976:04:SP:G2496,0,0,4260,950,0,0,0,BREWSTER,16:20,1976,1976,"E04C,","SP,",1,"E0,","E,",MAIN,Texas,31.827233,-99.423022,16,Afternoon
Derailments,1976:04:SSW:U3476,0,0,2200,1600,0,0,0,MCLENNAN,13:05,1976,1976,"E24C,","SSW,",8,"E2,","E,",MAIN,Texas,31.827233,-99.423022,13,Afternoon
Derailments,1976:03:TP:8947,0,0,2400,60,0,0,0,EL PASO,14:30,1976,1976,"H310,","TP,",7,"H3,","H,",YARD,Texas,31.827233,-99.423022,14,Afternoon
Derailments,1976:04:MP:8967,0,0,2415,475,0,0,0,MILAM,16:55,1976,1976,"T202,","MP,",1,"T2,","T,",SIDING,Texas,31.827233,-99.423022,16,Afternoon
Derailments,1976:03:RI:SRWF215,0,0,0,2000,0,0,0,MONTAGUE,12:25,1976,1976,"E21C,","RI,",1,"E2,","E,",MAIN,Texas,31.827233,-99.423022,12,Afternoon
Derailments,1976:04:SP:H2896,0,0,800,7000,0,0,0,COLORADO,14:45,1976,1976,"T207,","SP,",1,"T2,","T,",MAIN,Texas,31.827233,-99.423022,14,Afternoon
Derailments,1976:04:MP:8968,0,0,8178,24450,0,0,0,TRAVIS,12:00,1976,1976,"E34C,","MP,",1,"E3,","E,",MAIN,Texas,31.827233,-99.423022,12,Afternoon
Highway-rail impact,1976:05:FWD:JT46,0,1,0,2500,0,0,0,HARRIS,15:50,1976,1976,"M399,","FWD,",1,"M3,","M,",MAIN,Texas,31.827233,-99.423022,15,Afternoon
Highway-rail impact,1976:05:ATSF:30056116,0,4,16500,53200,0,0,0,JOHNSON,13:20,1976,1976,"M399,","ATK,ATSF,",22,"M3,","M,",MAIN,Texas,31.827233,-99.423022,13,Afternoon
Derailments,1976:05:TCT:580050176,0,0,7929,6750,9,0,0,GALVESTON,12:35,1976,1976,"H699,","TCT,",6,"H6,","H,",MAIN,Texas,31.827233,-99.423022,12,Afternoon
Derailments,1976:05:MKT:AX49S,0,0,37575,500,0,0,0,JOHNSON,15:00,1976,1976,"E20C,E40C,E43C,","MKT,MP,",11,"E2,E4,","E,",MAIN,Texas,31.827233,-99.423022,15,Afternoon
Derailments,1976:05:SP:G3206,0,0,60000,111465,0,0,0,GRAYSON,16:40,1976,1976,"H505,","SP,",1,"H5,","H,",MAIN,Texas,31.827233,-99.423022,16,Afternoon
Derailments,1976:05:SP:H3836,0,0,550,3000,0,0,0,GALVESTON,12:30,1976,1976,"T111,","SP,",7,"T1,","T,",YARD,Texas,31.827233,-99.423022,12,Afternoon
Derailments,1976:05:ATSF:32056104,0,0,2100,3250,3,2,0,MOORE,14:00,1976,1976,"T311,","ATSF,",7,"T3,","T,",YARD,Texas,31.827233,-99.423022,14,Afternoon
Derailments,1976:05:RI:WF330,0,0,12922,91000,0,0,0,WISE,15:03,1976,1976,"T213,","RI,",1,"T2,","T,",MAIN,Texas,31.827233,-99.423022,15,Afternoon
Derailments,1976:05:HBT:AX1E76,0,0,100,1650,0,0,0,HARRIS,12:05,1976,1976,"H301,","HBT,",7,"H3,","H,",YARD,Texas,31.827233,-99.423022,12,Afternoon
Derailments,1976:05:MKT:AX45S,0,0,28800,11000,0,0,0,BRISCOE,16:40,1976,1976,"H699,","MKT,",1,"H6,","H,",MAIN,Texas,31.827233,-99.423022,16,Afternoon
Derailments,1976:05:ATSF:32056112,0,0,2400,11000,0,0,0,POTTER,14:45,1976,1976,"E69C,","ATSF,",1,"E6,","E,",YARD,Texas,31.827233,-99.423022,14,Afternoon
Side collision,1976:08:MKT:AX80S,0,0,0,6350,1,1,0,HARRIS,12:45,1976,1976,"H017,","MKT,",7,"H0,","H,",YARD,Texas,31.827233,-99.423022,12,Afternoon
Derailments,1976:07:ATSF:32076112,0,0,6500,38510,0,0,0,HASKELL,16:10,1976,1976,"H702,","ATSF,",1,"H7,","H,",MAIN,Texas,31.827233,-99.423022,16,Afternoon
Derailments,1976:06:MKT:AX54S,0,0,2750,4000,0,0,0,TARRANT,14:30,1976,1976,"T108,","MKT,",1,"T1,","T,",MAIN,Texas,31.827233,-99.423022,14,Afternoon
Derailments,1976:06:KCS:308937,0,0,500,4080,0,0,0,JEFFERSON,14:45,1976,1976,"T110,","KCS,",7,"T1,","T,",YARD,Texas,31.827233,-99.423022,14,Afternoon
Derailments,1976:07:ATSF:31076107,0,0,4500,7900,0,0,0,GALVESTON,13:50,1976,1976,"M599,E64C,","ATSF,",1,"M5,E6,","M,E,",YARD,Texas,31.827233,-99.423022,13,Afternoon
Raking collision,1976:07:HBT:AX2G76,0,0,0,2450,0,0,0,HARRIS,15:25,1976,1976,"H301,","HBT,",7,"H3,","H,",YARD,Texas,31.827233,-99.423022,15,Afternoon
Derailments,1976:07:ATSF:30076108,0,0,6400,161000,0,0,0,DALLAS,14:50,1976,1976,"H503,T220,","ATSF,LA,",11,"H5,T2,","H,T,",MAIN,Texas,31.827233,-99.423022,14,Afternoon
Derailments,1976:06:RI:WF462,0,0,14921,90570,0,0,0,TARRANT,14:12,1976,1976,"T109,","FWD,RI,",11,"T1,","T,",MAIN,Texas,31.827233,-99.423022,14,Afternoon
Derailments,1976:06:KCS:307094,0,0,1730,20873,0,0,0,JEFFERSON,16:50,1976,1976,"T101,","KCS,",7,"T1,","T,",YARD,Texas,31.827233,-99.423022,16,Afternoon
Derailments,1976:06:MKT:AX66S,0,0,11784,32900,0,0,0,ELLIS,16:30,1976,1976,"T109,T299,","FWD,MKT,",11,"T1,T2,","T,",MAIN,Texas,31.827233,-99.423022,16,Afternoon
Raking collision,1976:06:PTRA:7734,0,4,478,5844,2,2,0,HARRIS,12:15,1976,1976,"H602,","PTRA,",7,"H6,","H,",YARD,Texas,31.827233,-99.423022,12,Afternoon
Derailments,1976:07:FWD:JT65,0,0,22500,3000,0,0,0,MONTGOMERY,12:45,1976,1976,"E53C,","FWD,",1,"E5,","E,",MAIN,Texas,31.827233,-99.423022,12,Afternoon
Derailments,1976:07:SP:H5766,0,0,1000,2075,0,0,0,HARRIS,13:15,1976,1976,"T307,","SP,",7,"T3,","T,",YARD,Texas,31.827233,-99.423022,13,Afternoon
Derailments,1976:08:MKT:AX89S,0,0,3500,1500,0,0,0,HILL,16:10,1976,1976,"H703,","MKT,",1,"H7,","H,",YARD,Texas,31.827233,-99.423022,16,Afternoon
Derailments,1976:08:ATSF:30086105,0,1,10800,146900,1,1,1,ERATH,15:55,1976,1976,"E33C,","ATSF,",1,"E3,","E,",MAIN,Texas,31.827233,-99.423022,15,Afternoon
Derailments,1976:07:SP:H5936,0,0,35000,5850,2,2,0,HARRIS,16:00,1976,1976,"E64C,","SP,",7,"E6,","E,",YARD,Texas,31.827233,-99.423022,16,Afternoon
Other impacts,1976:07:SP:G5116,0,0,0,8000,0,0,0,NAVARRO,15:15,1976,1976,"H601,","SP,",1,"H6,","H,",MAIN,Texas,31.827233,-99.423022,15,Afternoon
Derailments,1976:07:MKT:AX73S,0,0,5200,11800,0,0,0,WILLIAMSON,16:10,1976,1976,"T108,T199,","MKT,",1,"T1,","T,",MAIN,Texas,31.827233,-99.423022,16,Afternoon
Derailments,1976:08:ATSF:30086104,0,0,1000,17000,0,0,0,BROWN,16:45,1976,1976,"E24C,","ATSF,",1,"E2,","E,",SIDING,Texas,31.827233,-99.423022,16,Afternoon
Derailments,1976:07:SP:L5476,0,0,2750,6000,12,0,0,TYLER,15:45,1976,1976,"E40C,","SP,",1,"E4,","E,",MAIN,Texas,31.827233,-99.423022,15,Afternoon
Derailments,1976:08:MKT:AX84S,0,0,7500,17200,0,0,0,MCLENNAN,16:10,1976,1976,"H503,","MKT,",1,"H5,","H,",MAIN,Texas,31.827233,-99.423022,16,Afternoon
Derailments,1976:07:SP:H6036,0,0,14000,1950,0,0,0,HARRIS,15:00,1976,1976,"E24C,","SP,",7,"E2,","E,",YARD,Texas,31.827233,-99.423022,15,Afternoon
Derailments,1976:08:MKT:AX87S,0,0,3500,1300,0,0,0,WILLIAMSON,12:45,1976,1976,"E34C,","MKT,",1,"E3,","E,",YARD,Texas,31.827233,-99.423022,12,Afternoon
Derailments,1976:08:MKT:AX82S,0,0,27000,300,0,0,0,FAYETTE,13:30,1976,1976,"T101,","MKT,",1,"T1,","T,",MAIN,Texas,31.827233,-99.423022,13,Afternoon
Derailments,1976:08:SP:G5866,0,0,9900,0,0,0,0,WILSON,15:00,1976,1976,"T107,","SP,",1,"T1,","T,",MAIN,Texas,31.827233,-99.423022,15,Afternoon
Highway-rail impact,1976:09:SSW:U9386,0,0,470,4500,0,0,0,BOWIE,14:05,1976,1976,"M399,","SSW,",1,"M3,","M,",MAIN,Texas,31.827233,-99.423022,14,Afternoon
Side collision,1976:09:FWD:FW142,0,0,0,7650,0,0,0,WICHITA,13:45,1976,1976,"H403,","FWD,",58,"H4,","H,",YARD,Texas,31.827233,-99.423022,13,Afternoon
Derailments,1976:09:RI:WF652,0,0,5601,565,0,0,0,TARRANT,14:35,1976,1976,"T001,","RI,",1,"T0,","T,",YARD,Texas,31.827233,-99.423022,14,Afternoon
Derailments,1976:08:SSW:U8226,0,0,5500,59525,0,0,0,NAVARRO,12:30,1976,1976,"E59C,","SSW,",1,"E5,","E,",MAIN,Texas,31.827233,-99.423022,12,Afternoon
Fire/violent rupture,1976:09:MKT:039,0,0,0,3200,0,0,0,GRAYSON,16:55,1976,1976,"M599,","MKT,",5,"M5,","M,",YARD,Texas,31.827233,-99.423022,16,Afternoon
Highway-rail impact,1976:09:SP:H7706,0,2,0,16050,0,0,0,HARRIS,14:25,1976,1976,"M399,","SP,",1,"M3,","M,",MAIN,Texas,31.827233,-99.423022,14,Afternoon
Derailments,1976:09:GHH:55,0,0,2125,0,0,0,0,GALVESTON,13:30,1976,1976,"T199,","GHH,",7,"T1,","T,",YARD,Texas,31.827233,-99.423022,13,Afternoon
Derailments,1976:09:ATSF:31096111,0,0,1275,5850,0,0,0,AUSTIN,13:10,1976,1976,"T101,","ATSF,",1,"T1,","T,",MAIN,Texas,31.827233,-99.423022,13,Afternoon
Side collision,1976:09:SP:H8286,0,0,50,6000,3,3,0,HARRIS,16:45,1976,1976,"H999,","SP,",7,"H9,","H,",YARD,Texas,31.827233,-99.423022,16,Afternoon
Derailments,1976:10:FWD:JT115,0,0,500,2462,0,0,0,FREESTONE,13:30,1976,1977,"T220,","FWD,",7,"T2,","T,",MAIN,Texas,31.827233,-99.423022,13,Afternoon
Derailments,1976:11:HBT:JAX1K76,0,0,22500,50000,1,1,1,HARRIS,14:55,1976,1977,"E00C,","HBT,",1,"E0,","E,",MAIN,Texas,31.827233,-99.423022,14,Afternoon
Derailments,1976:10:SP:H9856,0,0,5000,0,0,0,0,COLORADO,15:30,1976,1977,"T210,","SP,",4,"T2,","T,",YARD,Texas,31.827233,-99.423022,15,Afternoon
Derailments,1976:10:MKT:AX106S,0,0,12558,28000,2,0,0,MCLENNAN,16:40,1976,1977,"T106,H503,","MKT,MP,",11,"T1,H5,T1,H5,","T,H,T,H,",MAIN,Texas,31.827233,-99.423022,16,Afternoon
Derailments,1976:10:MKT:AX112S,0,0,0,18900,0,0,0,WILLIAMSON,12:45,1976,1977,"H601,","MKT,",1,"H6,","H,",MAIN,Texas,31.827233,-99.423022,12,Afternoon
Derailments,1976:10:SP:G7986,0,0,5000,0,0,0,0,BEXAR,16:10,1976,1977,"T002,","SP,",1,"T0,","T,",MAIN,Texas,31.827233,-99.423022,16,Afternoon
Derailments,1976:10:SP:G7836,0,0,4500,700,0,0,0,JEFF DAVIS,12:05,1976,1977,"E69C,E59C,","SP,",1,"E6,E5,","E,",MAIN,Texas,31.827233,-99.423022,12,Afternoon
Raking collision,1976:10:PTRA:C2,0,0,2626,3200,0,0,0,HARRIS,13:35,1976,1977,"H301,","HBT,PTRA,",77,"H3,","H,",YARD,Texas,31.827233,-99.423022,13,Afternoon
Rear end collision,1976:10:FWD:FW152,0,2,0,22150,0,0,0,POTTER,13:30,1976,1977,"H603,","FWD,",8,"H6,","H,",YARD,Texas,31.827233,-99.423022,13,Afternoon
Derailments,1976:11:KCS:314209,0,0,200,1610,0,0,0,JEFFERSON,16:45,1976,1977,"T101,","KCS,",7,"T1,","T,",YARD,Texas,31.827233,-99.423022,16,Afternoon
Derailments,1976:12:ATSF:30126112,0,0,300,6300,0,0,0,TARRANT,12:30,1976,1977,"T314,","ATSF,",7,"T3,","T,",YARD,Texas,31.827233,-99.423022,12,Afternoon
Derailments,1976:12:FWD:JT138,0,0,7100,2300,0,0,0,NAVARRO,15:10,1976,1977,"E64C,","FWD,",1,"E6,","E,",MAIN,Texas,31.827233,-99.423022,15,Afternoon
Derailments,1976:11:SP:N0466,0,0,200,3550,0,0,0,COLORADO,16:00,1976,1977,"M599,","SP,",1,"M5,","M,",YARD,Texas,31.827233,-99.423022,16,Afternoon
Head on collision,1976:11:MP:LR7601,0,0,0,11000,0,0,0,MCLENNAN,13:50,1976,1977,"M599,","MP,",NA,"M5,","M,",MAIN,Texas,31.827233,-99.423022,13,Afternoon
Derailments,1976:11:SP:G8286,0,0,5500,500,0,0,0,ROBERTSON,12:40,1976,1977,"H701,","SP,",7,"H7,","H,",YARD,Texas,31.827233,-99.423022,12,Afternoon
Derailments,1976:11:FWD:FW165,0,0,16000,148000,0,0,0,DALLAM,13:20,1976,1977,"T202,","FWD,",1,"T2,","T,",MAIN,Texas,31.827233,-99.423022,13,Afternoon
Derailments,1976:11:SP:G8296,0,0,12800,4800,0,0,0,GRAYSON,16:15,1976,1977,"T113,","SLSF,SP,",11,"T1,","T,",MAIN,Texas,31.827233,-99.423022,16,Afternoon
Derailments,1977:01:ATSF:22017102,0,0,5680,54150,6,6,0,COLEMAN,12:55,1977,1977,"E44C,","ATSF,",1,"E4,","E,",MAIN,Texas,31.827233,-99.423022,12,Afternoon
Derailments,1976:12:HBT:AX4L76,0,0,475,16550,1,1,0,HARRIS,14:00,1976,1977,"E65C,","HBT,",7,"E6,","E,",YARD,Texas,31.827233,-99.423022,14,Afternoon
Raking collision,1977:01:ATSF:23017103,0,0,150,7000,0,0,0,BELL,12:10,1977,1977,"H017,","ATSF,",76,"H0,","H,",YARD,Texas,31.827233,-99.423022,12,Afternoon
Derailments,1976:12:SP:G9216,0,0,14000,0,0,0,0,FAYETTE,14:15,1976,1977,"E66C,","SP,",1,"E6,","E,",MAIN,Texas,31.827233,-99.423022,14,Afternoon
Derailments,1976:12:SP:80256,0,0,420,1920,0,0,0,EL PASO,13:30,1976,1977,"T201,","SP,",8,"T2,","T,",YARD,Texas,31.827233,-99.423022,13,Afternoon
Head on collision,1976:12:MP:9151,0,0,350,3200,3,0,0,TARRANT,14:01,1976,1977,"H303,","MP,",87,"H3,","H,",YARD,Texas,31.827233,-99.423022,14,Afternoon
Obstruction impact,1977:01:MKT:AX7S,0,0,2500,0,0,0,0,DALLAS,16:40,1977,1977,"H699,","MKT,",7,"H6,","H,",YARD,Texas,31.827233,-99.423022,16,Afternoon
Derailments,1976:12:SP:G9306,0,0,4300,2900,0,0,0,NAVARRO,14:30,1976,1977,"T103,","SP,",1,"T1,","T,",SIDING,Texas,31.827233,-99.423022,14,Afternoon
Derailments,1976:12:MP:9155,0,0,2000,4000,0,0,0,CAMERON,16:20,1976,1977,"T220,","MP,",7,"T2,","T,",YARD,Texas,31.827233,-99.423022,16,Afternoon
Derailments,1976:12:MKT:AX129S,0,0,8714,0,0,0,0,HILL,14:30,1976,1977,"H503,","MKT,",1,"H5,","H,",MAIN,Texas,31.827233,-99.423022,14,Afternoon