AccidentType,inckey,Fatalities,Injuries,TrackDamage,EquipmentDamage,HazmatCars,HazmatCarsDerailed,HazmatCarsReleasing,County,DisplayTime,calendar,Fiscal,AccidentCause,RailroadCodes,RAILEQUIPMENT_TYPE,CauseGroup,CauseDiscipline,TYPE_OF_TRACK,StateName,latitude,longitude,hour,cat
Derailments,1976:12:SP:N1246,0,0,15000,86175,0,0,0,NACOGDOCHES,14:15,1976,1977,"M599,","SP,",1,"M5,","M,",MAIN,Texas,31.827233,-99.423022,14,Afternoon
Derailments,1976:12:SP:G9506,0,0,0,4950,0,0,0,BEXAR,15:20,1976,1977,"H503,","SP,",1,"H5,","H,",INDUSTRY,Texas,31.827233,-99.423022,15,Afternoon
Derailments,1976:12:HBT:AX3L76,0,0,500,4875,0,0,0,HARRIS,15:20,1976,1977,"M503,","HBT,",7,"M5,","M,",YARD,Texas,31.827233,-99.423022,15,Afternoon
Side collision,1976:12:SP:N1906,0,0,200,2675,0,0,0,HARRIS,14:40,1976,1977,"T110,","SP,",87,"T1,","T,",YARD,Texas,31.827233,-99.423022,14,Afternoon
Side collision,1977:01:MKT:AX11S,0,0,900,3600,0,0,0,HILL,14:00,1977,1977,"H022,","MKT,MP,",161,"H0,","H,",MAIN,Texas,31.827233,-99.423022,14,Afternoon
Derailments,1977:01:PTRA:D1,0,0,347,6600,0,0,0,HARRIS,13:40,1977,1977,"T108,","PTRA,",7,"T1,","T,",MAIN,Texas,31.827233,-99.423022,13,Afternoon
Derailments,1977:01:RI:WF28,0,0,550,3494,0,0,0,TARRANT,15:00,1977,1977,"T110,","RI,",1,"T1,","T,",YARD,Texas,31.827233,-99.423022,15,Afternoon
Rear end collision,1977:02:SP:G1387,0,0,0,5275,0,0,0,DALLAS,12:30,1977,1977,"H702,","SP,SSW,",67,"H7,","H,",YARD,Texas,31.827233,-99.423022,12,Afternoon
Derailments,1977:01:SP:H0607,0,0,100,3875,1,0,0,HARRIS,12:50,1977,1977,"T314,","SP,",7,"T3,","T,",YARD,Texas,31.827233,-99.423022,12,Afternoon
Derailments,1977:01:MKT:AX13S,0,0,6393,0,0,0,0,MCLENNAN,16:15,1977,1977,"E46C,","MKT,MP,",11,"E4,","E,",YARD,Texas,31.827233,-99.423022,16,Afternoon
Derailments,1977:01:SP:G0137,0,0,124100,389000,0,0,0,LIMESTONE,16:15,1977,1977,"E61L,","SP,",1,"E6,","E,",MAIN,Texas,31.827233,-99.423022,16,Afternoon
Derailments,1977:02:MKT:AX22S,0,0,6860,5000,0,0,0,TARRANT,16:10,1977,1977,"M503,","MKT,MP,",11,"M5,","M,",MAIN,Texas,31.827233,-99.423022,16,Afternoon
Derailments,1977:02:LA:313053,0,0,15671,184000,0,0,0,HARRISON,13:15,1977,1977,"T203,","LA,",1,"T2,","T,",MAIN,Texas,31.827233,-99.423022,13,Afternoon
Derailments,1977:02:RI:WASR170,0,0,2234,1000,0,0,0,TARRANT,12:20,1977,1977,"T202,","RI,",1,"T2,","T,",YARD,Texas,31.827233,-99.423022,12,Afternoon
Derailments,1977:02:SP:H1357,0,0,1500,3350,0,0,0,HARRIS,14:15,1977,1977,"E31C,","SP,",7,"E3,","E,",YARD,Texas,31.827233,-99.423022,14,Afternoon
Derailments,1977:02:SP:G1207,0,0,150,2700,0,0,0,,13:15,1977,1977,"H306,","SP,",1,"H3,","H,",MAIN,Texas,31.827233,-99.423022,13,Afternoon
Raking collision,1977:02:GWF:2588,0,0,742,7750,0,0,0,GALVESTON,15:45,1977,1977,"H307,","ATSF,GWF,",788,"H3,","H,",YARD,Texas,31.827233,-99.423022,15,Afternoon
Derailments,1977:03:FWD:JT27,0,0,3000,3766,0,0,0,HARRIS,15:05,1977,1977,"T101,","FWD,",1,"T1,","T,",MAIN,Texas,31.827233,-99.423022,15,Afternoon
Raking collision,1977:02:HBT:AX1B77,0,0,0,3850,0,0,0,HARRIS,14:30,1977,1977,"M599,H302,","HBT,MP,",61,"M5,H3,","M,H,",YARD,Texas,31.827233,-99.423022,14,Afternoon
Derailments,1977:03:SP:G1827,0,0,46000,9050,0,0,0,ELLIS,13:20,1977,1977,"M599,","RI,SP,",11,"M5,","M,",MAIN,Texas,31.827233,-99.423022,13,Afternoon
Derailments,1977:05:HBT:AX1E77,0,0,1000,1600,0,0,0,HARRIS,16:25,1977,1977,"E46C,","HBT,",7,"E4,","E,",YARD,Texas,31.827233,-99.423022,16,Afternoon
Derailments,1977:03:MKT:AX35S,0,0,8000,48800,0,0,0,GRAYSON,12:25,1977,1977,"T102,","MKT,MP,",11,"T1,","T,",MAIN,Texas,31.827233,-99.423022,12,Afternoon
Fire/violent rupture,1977:03:MKT:039B,0,0,4200,0,0,0,0,DALLAS,16:20,1977,1977,"M599,","MKT,",1,"M5,","M,",MAIN,Texas,31.827233,-99.423022,16,Afternoon
Derailments,1977:03:MKT:AX26S,0,0,200,2200,0,0,0,GRAYSON,15:35,1977,1977,"H312,","MKT,",7,"H3,","H,",YARD,Texas,31.827233,-99.423022,15,Afternoon
Raking collision,1977:03:RI:WF369,0,0,158,6575,0,0,0,TARRANT,13:45,1977,1977,"M404,","RI,",7,"M4,","M,",YARD,Texas,31.827233,-99.423022,13,Afternoon
Derailments,1977:04:ATSF:23047101,0,0,1900,3100,0,0,0,MCCULLOCH,16:30,1977,1977,"T099,H699,","ATSF,",1,"T0,H6,","T,H,",MAIN,Texas,31.827233,-99.423022,16,Afternoon
Raking collision,1977:04:ATSF:23047102,0,0,950,4000,2,0,0,BOSQUE,13:40,1977,1977,"M206,","ATSF,",1,"M2,","M,",MAIN,Texas,31.827233,-99.423022,13,Afternoon
Derailments,1977:03:KCS:314225,0,0,0,6325,0,0,0,JEFFERSON,15:00,1977,1977,"T101,","KCS,",7,"T1,","T,",INDUSTRY,Texas,31.827233,-99.423022,15,Afternoon
Raking collision,1977:03:MP:9234,0,0,0,10000,1,0,0,TARRANT,13:55,1977,1977,"H302,","MP,",18,"H3,","H,",YARD,Texas,31.827233,-99.423022,13,Afternoon
Derailments,1977:03:SP:H2637,0,0,25000,0,0,0,0,VICTORIA,14:45,1977,1977,"M203,","SP,",1,"M2,","M,",MAIN,Texas,31.827233,-99.423022,14,Afternoon
Fire/violent rupture,1977:03:MKT:039C,0,0,24000,0,0,0,0,HILL,15:25,1977,1977,"M599,","MKT,",1,"M5,","M,",MAIN,Texas,31.827233,-99.423022,15,Afternoon
Derailments,1977:03:RI:WF352,0,2,8500,23110,0,0,0,WHEELER,12:15,1977,1977,"T221,","RI,",1,"T2,","T,",MAIN,Texas,31.827233,-99.423022,12,Afternoon
Derailments,1977:03:SP:H2687,0,0,400,2000,0,0,0,HARRIS,14:30,1977,1977,"T314,","SP,",7,"T3,","T,",YARD,Texas,31.827233,-99.423022,14,Afternoon
Derailments,1977:04:GHH:62,0,0,2792,0,0,0,0,GALVESTON,15:40,1977,1977,"T113,","GHH,",7,"T1,","T,",YARD,Texas,31.827233,-99.423022,15,Afternoon
Derailments,1977:04:KCS:314198,0,0,2200,3030,4,4,0,JEFFERSON,16:45,1977,1977,"T110,","KCS,",1,"T1,","T,",YARD,Texas,31.827233,-99.423022,16,Afternoon
Derailments,1977:05:MP:9281,0,0,0,13900,0,0,0,TAYLOR,16:25,1977,1977,"T399,","MP,",1,"T3,","T,",MAIN,Texas,31.827233,-99.423022,16,Afternoon
Derailments,1977:04:MKT:AX41S,0,0,24271,350,0,0,0,HILL,13:54,1977,1977,"T101,","MKT,",1,"T1,","T,",MAIN,Texas,31.827233,-99.423022,13,Afternoon
Derailments,1977:04:SP:L4757,0,0,275,10000,0,0,0,,14:50,1977,1977,"T111,","SP,",1,"T1,","T,",SIDING,Texas,31.827233,-99.423022,14,Afternoon
Fire/violent rupture,1977:05:MKT:039,0,0,0,200000,0,0,0,HARRIS,12:14,1977,1977,"M599,","MKT,",9,"M5,","M,",INDUSTRY,Texas,31.827233,-99.423022,12,Afternoon
Derailments,1977:04:RI:WF457,0,0,34445,252181,0,0,0,WISE,15:10,1977,1977,"T215,","RI,",1,"T2,","T,",MAIN,Texas,31.827233,-99.423022,15,Afternoon
Derailments,1977:04:MKT:AX39S,0,0,860,2300,0,0,0,DALLAS,15:35,1977,1977,"T101,T199,","MKT,",7,"T1,","T,",MAIN,Texas,31.827233,-99.423022,15,Afternoon
Derailments,1977:05:MKT:AX43S,0,0,6200,42000,22,13,0,TARRANT,13:45,1977,1977,"H503,T102,","MKT,MP,",11,"H5,T1,","H,T,",MAIN,Texas,31.827233,-99.423022,13,Afternoon
Highway-rail impact,1977:04:SP:G2817,0,0,3000,0,0,0,0,NAVARRO,14:00,1977,1977,"M399,","SP,",1,"M3,","M,",MAIN,Texas,31.827233,-99.423022,14,Afternoon
Derailments,1977:05:ATSF:22057101,0,0,7000,9250,0,0,0,DALLAS,12:05,1977,1977,"H699,","ATSF,",1,"H6,","H,",MAIN,Texas,31.827233,-99.423022,12,Afternoon
Derailments,1977:07:ATSF:23077104,0,0,6200,22350,0,0,0,BOSQUE,14:25,1977,1977,"H503,T101,","ATSF,",1,"H5,T1,","H,T,",SIDING,Texas,31.827233,-99.423022,14,Afternoon
Derailments,1977:05:SP:L5507,0,0,33500,141000,11,0,0,HARRIS,16:45,1977,1977,"T202,","SP,",1,"T2,","T,",MAIN,Texas,31.827233,-99.423022,16,Afternoon
Derailments,1977:04:SP:G2417,0,0,7500,0,0,0,0,BELL,16:00,1977,1977,"T299,","SP,",6,"T2,","T,",YARD,Texas,31.827233,-99.423022,16,Afternoon
Highway-rail impact,1977:05:FWD:JT49,0,2,0,2500,0,0,0,TARRANT,16:15,1977,1977,"M399,","FWD,",1,"M3,","M,",MAIN,Texas,31.827233,-99.423022,16,Afternoon
Derailments,1977:04:SP:H3257,0,0,1600,6750,3,3,0,HARRIS,12:10,1977,1977,"E46C,","SP,",7,"E4,","E,",YARD,Texas,31.827233,-99.423022,12,Afternoon
Derailments,1977:04:SP:G2937,0,0,6975,150,0,0,0,DALLAS,14:45,1977,1977,"E46C,H310,","MKT,SP,SSW,",7,"E4,H3,","E,H,",YARD,Texas,31.827233,-99.423022,14,Afternoon
Derailments,1977:05:MKT:AX45S,0,0,5578,650,0,0,0,GRAYSON,14:45,1977,1977,"T106,","MKT,",1,"T1,","T,",MAIN,Texas,31.827233,-99.423022,14,Afternoon
Derailments,1977:04:SP:G2427,0,0,3500,0,0,0,0,BELL,16:30,1977,1977,"T314,","SP,",7,"T3,","T,",YARD,Texas,31.827233,-99.423022,16,Afternoon
Side collision,1977:07:ATSF:20077101,0,0,300,5350,0,0,0,POTTER,14:25,1977,1977,"H306,","ATSF,",7,"H3,","H,",YARD,Texas,31.827233,-99.423022,14,Afternoon
Derailments,1977:05:SRN:7703,0,0,750,2300,0,0,0,,16:05,1977,1977,"H525,T001,","SRN,",1,"H5,T0,","H,T,",MAIN,Texas,31.827233,-99.423022,16,Afternoon
Derailments,1977:07:MKT:AX68S,0,0,3938,0,0,0,0,,14:30,1977,1977,"T101,","MKT,",7,"T1,","T,",MAIN,Texas,31.827233,-99.423022,14,Afternoon
Derailments,1977:07:ATSF:23077103,0,0,7500,150,0,0,0,LAMPASAS,16:00,1977,1977,"E52C,","ATSF,",1,"E5,","E,",MAIN,Texas,31.827233,-99.423022,16,Afternoon
Derailments,1977:06:SP:G3807,0,0,6000,0,0,0,0,ELLIS,15:40,1977,1977,"E30L,","SP,",1,"E3,","E,",MAIN,Texas,31.827233,-99.423022,15,Afternoon
Derailments,1977:05:SP:G3117,0,0,7375,950,0,0,0,UVALDE,16:03,1977,1977,"E61C,","SP,",1,"E6,","E,",MAIN,Texas,31.827233,-99.423022,16,Afternoon
Derailments,1977:06:SP:H7167,0,0,6000,38600,0,0,0,JACKSON,15:00,1977,1977,"E42C,","SP,",1,"E4,","E,",MAIN,Texas,31.827233,-99.423022,15,Afternoon
Derailments,1977:06:MKT:AX62S,0,0,12360,146300,4,0,0,HILL,13:30,1977,1977,"H503,M599,T199,","MKT,MP,",11,"H5,M5,T1,","H,M,T,",MAIN,Texas,31.827233,-99.423022,13,Afternoon
Derailments,1977:06:SSW:U5917,0,1,8195,15000,0,0,0,HENDERSON,16:05,1977,1977,"T109,","SSW,",1,"T1,","T,",MAIN,Texas,31.827233,-99.423022,16,Afternoon
Derailments,1977:07:MP:9436,0,0,14500,348828,8,0,0,ROBERTSON,16:52,1977,1977,"T203,","MP,",1,"T2,","T,",MAIN,Texas,31.827233,-99.423022,16,Afternoon
Derailments,1977:06:SP:L7897,0,0,2300,8000,0,0,0,HARRIS,16:30,1977,1977,"M401,","SP,",1,"M4,","M,",MAIN,Texas,31.827233,-99.423022,16,Afternoon
Derailments,1977:06:SP:L6847,0,0,12700,57000,0,0,0,ORANGE,16:35,1977,1977,"E60C,T111,","SP,",1,"E6,T1,","E,T,",MAIN,Texas,31.827233,-99.423022,16,Afternoon
Derailments,1977:07:ATSF:23077101,0,0,2000,2725,0,0,0,AUSTIN,15:05,1977,1977,"T109,","ATSF,",1,"T1,","T,",YARD,Texas,31.827233,-99.423022,15,Afternoon
Derailments,1977:06:PTRA:D2,0,0,17245,5500,0,0,0,HARRIS,15:30,1977,1977,"T311,","PTRA,",7,"T3,","T,",MAIN,Texas,31.827233,-99.423022,15,Afternoon
Derailments,1977:06:RI:WF691,0,0,6500,23754,0,0,0,WHEELER,16:20,1977,1977,"M404,","RI,",1,"M4,","M,",MAIN,Texas,31.827233,-99.423022,16,Afternoon
Highway-rail impact,1977:06:SP:H7297,0,1,0,12000,0,0,0,HARRIS,16:05,1977,1977,"M399,","SP,",1,"M3,","M,",MAIN,Texas,31.827233,-99.423022,16,Afternoon
Side collision,1977:06:ATSF:20067101,0,0,200,6700,0,0,0,POTTER,13:10,1977,1977,"H310,","ATSF,",71,"H3,","H,",YARD,Texas,31.827233,-99.423022,13,Afternoon
Derailments,1977:06:RI:WF594,0,0,6600,29917,3,3,0,GRAY,15:30,1977,1977,"T102,","RI,",1,"T1,","T,",MAIN,Texas,31.827233,-99.423022,15,Afternoon
Derailments,1977:05:SP:H6007,0,0,3000,4350,0,0,0,WALLER,14:15,1977,1977,"E32C,","SP,",11,"E3,","E,",SIDING,Texas,31.827233,-99.423022,14,Afternoon
Derailments,1977:06:GHH:72,0,0,2576,0,0,0,0,HARRIS,14:30,1977,1977,"T113,T222,","GHH,PTRA,",77,"T1,T2,T1,T2,","T,",YARD,Texas,31.827233,-99.423022,14,Afternoon
Derailments,1977:06:MKT:AX55S,0,0,7900,6150,0,0,0,TARRANT,16:30,1977,1977,"H701,H503,","MKT,RI,",77,"H7,H5,H7,","H,",YARD,Texas,31.827233,-99.423022,16,Afternoon
Derailments,1977:06:MP:9325,0,0,2850,5100,0,0,0,BEXAR,14:20,1977,1977,"E40C,","MP,",1,"E4,","E,",MAIN,Texas,31.827233,-99.423022,14,Afternoon
Derailments,1977:06:ATSF:23067103,0,0,14000,1190,1,1,0,BELL,14:45,1977,1977,"E52C,","ATSF,",1,"E5,","E,",MAIN,Texas,31.827233,-99.423022,14,Afternoon
Derailments,1977:06:RI:WF622,0,0,5227,14222,0,0,0,WISE,16:10,1977,1977,"M199,","RI,",1,"M1,","M,",MAIN,Texas,31.827233,-99.423022,16,Afternoon
Derailments,1977:07:MKT:AX65S,0,0,5281,27800,0,0,0,GRAYSON,15:40,1977,1977,"T199,","MKT,",1,"T1,","T,",MAIN,Texas,31.827233,-99.423022,15,Afternoon
Derailments,1977:07:RI:WF737,0,0,50,3575,0,0,0,TARRANT,14:30,1977,1977,"E31C,","RI,",7,"E3,","E,",YARD,Texas,31.827233,-99.423022,14,Afternoon
Derailments,1977:07:SP:G4507,0,0,7300,0,0,0,0,KINNEY,15:30,1977,1977,"T111,","SP,",1,"T1,","T,",YARD,Texas,31.827233,-99.423022,15,Afternoon
Derailments,1977:07:RI:WF798,0,0,11500,77500,4,4,1,GRAY,15:20,1977,1977,"E46C,","RI,",1,"E4,","E,",MAIN,Texas,31.827233,-99.423022,15,Afternoon
Obstruction impact,1977:07:SSW:U7507,0,0,9000,0,0,0,0,HENDERSON,16:30,1977,1977,"M404,","SSW,",1,"M4,","M,",MAIN,Texas,31.827233,-99.423022,16,Afternoon
Derailments,1977:07:SP:H9307,0,0,1142,4200,3,3,1,,15:50,1977,1977,"H702,","SP,",7,"H7,","H,",YARD,Texas,31.827233,-99.423022,15,Afternoon
Derailments,1977:07:LA:311182,0,1,5000,27000,0,0,0,MORRIS,13:25,1977,1977,"T199,","LA,",1,"T1,","T,",MAIN,Texas,31.827233,-99.423022,13,Afternoon
Fire/violent rupture,1977:07:FWD:FW121,0,0,0,15000,0,0,0,ARMSTRONG,15:00,1977,1977,"E74L,","FWD,",1,"E7,","E,",MAIN,Texas,31.827233,-99.423022,15,Afternoon
Derailments,1977:09:HBT:AX3I77,0,0,700,1500,0,0,0,HARRIS,16:30,1977,1977,"T110,","HBT,",8,"T1,","T,",YARD,Texas,31.827233,-99.423022,16,Afternoon
Fire/violent rupture,1977:07:SP:L8017,0,0,11350,0,0,0,0,BEXAR,15:30,1977,1977,"E06C,","SP,",1,"E0,","E,",MAIN,Texas,31.827233,-99.423022,15,Afternoon
Derailments,1977:07:KCS:300886,0,0,583,11500,0,0,0,BOWIE,15:30,1977,1977,"H503,","KCS,",1,"H5,","H,",YARD,Texas,31.827233,-99.423022,15,Afternoon
Derailments,1977:09:ATSF:23097102,0,0,3200,25750,0,0,0,GALVESTON,15:55,1977,1977,"T314,E64C,","ATSF,",7,"T3,E6,","T,E,",YARD,Texas,31.827233,-99.423022,15,Afternoon
Side collision,1977:09:TN:2RE,0,0,0,9500,14,4,0,MORRIS,16:15,1977,1977,"H306,T199,","LA,TN,",67,"H3,T1,","H,T,",MAIN,Texas,31.827233,-99.423022,16,Afternoon
Explosion/detonation,1977:09:MKT:039,0,0,4429,3500,1,1,0,WICHITA,16:30,1977,1977,"M599,","MKT,",5,"M5,","M,",INDUSTRY,Texas,31.827233,-99.423022,16,Afternoon
Derailments,1977:08:KCS:308621,0,0,3173,33000,23,9,1,JEFFERSON,14:40,1977,1977,"H513,T111,","KCS,SP,",11,"H5,T1,","H,T,",MAIN,Texas,31.827233,-99.423022,14,Afternoon
Derailments,1977:09:HBT:AX4I77,0,0,150,7250,0,0,0,HARRIS,14:35,1977,1977,"H702,","HBT,",7,"H7,","H,",YARD,Texas,31.827233,-99.423022,14,Afternoon
Derailments,1977:08:RI:WF864,0,0,2366,290,0,0,0,TARRANT,16:00,1977,1977,"E64C,","RI,",7,"E6,","E,",YARD,Texas,31.827233,-99.423022,16,Afternoon
Highway-rail impact,1977:08:FWD:FW137,0,1,0,3075,0,0,0,TARRANT,15:45,1977,1977,"M399,","FWD,",1,"M3,","M,",MAIN,Texas,31.827233,-99.423022,15,Afternoon
Head on collision,1977:09:ATSF:20097102,0,0,0,30150,8,1,0,HUTCHINSON,16:30,1977,1977,"H602,","ATSF,",86,"H6,","H,",INDUSTRY,Texas,31.827233,-99.423022,16,Afternoon
Head on collision,1977:09:ATSF:20097103,0,0,0,30710,0,0,0,HUTCHINSON,12:45,1977,1977,"H602,","ATSF,",86,"H6,","H,",INDUSTRY,Texas,31.827233,-99.423022,12,Afternoon
Highway-rail impact,1977:09:FWD:FW170,0,0,10000,102300,0,0,0,ARMSTRONG,14:10,1977,1977,"M399,","FWD,",1,"M3,","M,",MAIN,Texas,31.827233,-99.423022,14,Afternoon
Derailments,1977:08:RI:WF850,0,0,0,6800,0,0,0,POTTER,15:00,1977,1977,"T103,","RI,",7,"T1,","T,",YARD,Texas,31.827233,-99.423022,15,Afternoon
Derailments,1977:08:SP:G5917,0,0,0,5100,0,0,0,GUADALUPE,16:25,1977,1977,"E64C,","SP,",1,"E6,","E,",MAIN,Texas,31.827233,-99.423022,16,Afternoon
Derailments,1977:08:SP:K1277,0,0,1500,1600,1,1,0,JEFFERSON,15:10,1977,1977,"T318,","SP,",1,"T3,","T,",YARD,Texas,31.827233,-99.423022,15,Afternoon
Derailments,1977:08:HBT:AX3H77,0,0,250,2375,0,0,0,HARRIS,16:50,1977,1977,"H401,","HBT,",7,"H4,","H,",YARD,Texas,31.827233,-99.423022,16,Afternoon
Derailments,1977:08:SP:G5227,0,0,18000,251900,0,0,0,GONZALES,14:15,1977,1977,"H505,M599,","SP,",1,"H5,M5,","H,M,",MAIN,Texas,31.827233,-99.423022,14,Afternoon
Highway-rail impact,1977:08:SP:76107,0,0,3000,3500,0,0,0,EL PASO,16:30,1977,1977,"M399,","SP,",1,"M3,","M,",MAIN,Texas,31.827233,-99.423022,16,Afternoon
Derailments,1977:09:SP:G6007,0,0,2000,300,0,0,0,JEFF DAVIS,14:40,1977,1977,"M501,","SP,",1,"M5,","M,",YARD,Texas,31.827233,-99.423022,14,Afternoon
Derailments,1977:11:ATSF:23117102,0,0,2500,2795,0,0,0,BELL,14:45,1977,1978,"T311,","ATSF,",1,"T3,","T,",YARD,Texas,31.827233,-99.423022,14,Afternoon
Highway-rail impact,1977:10:MP:D0599,0,0,3500,500,0,0,0,TARRANT,13:05,1977,1978,"M399,","MP,",1,"M3,","M,",MAIN,Texas,31.827233,-99.423022,13,Afternoon
Derailments,1977:09:SP:N2317,0,0,0,2600,0,0,0,COLORADO,14:30,1977,1977,"H602,","SP,",65,"H6,","H,",YARD,Texas,31.827233,-99.423022,14,Afternoon
Derailments,1977:10:HBT:AX1J77,0,0,50,2700,0,0,0,HARRIS,12:45,1977,1978,"H306,","HBT,",7,"H3,","H,",YARD,Texas,31.827233,-99.423022,12,Afternoon
Derailments,1977:10:FWD:FW192,0,0,3000,4800,0,0,0,WISE,12:05,1977,1978,"T314,E64C,","FWD,",1,"T3,E6,","T,E,",SIDING,Texas,31.827233,-99.423022,12,Afternoon
Derailments,1977:10:ATSF:20107103,0,0,13000,148100,0,0,0,GARZA,15:55,1977,1978,"H099,","ATSF,",1,"H0,","H,",MAIN,Texas,31.827233,-99.423022,15,Afternoon
Derailments,1977:10:MKT:AX111S,0,0,2600,10700,0,0,0,HARRIS,14:20,1977,1978,"T314,","MKT,",1,"T3,","T,",YARD,Texas,31.827233,-99.423022,14,Afternoon
Derailments,1977:09:SP:G6647,0,2,0,7500,0,0,0,PRESIDIO,13:40,1977,1977,"E00C,","SP,",1,"E0,","E,",MAIN,Texas,31.827233,-99.423022,13,Afternoon
Raking collision,1977:10:ATSF:20107105,0,0,600,2625,0,0,0,POTTER,15:15,1977,1978,"H020,","ATSF,",76,"H0,","H,",YARD,Texas,31.827233,-99.423022,15,Afternoon
Other impacts,1977:10:ATSF:20107106,0,0,0,20000,0,0,0,POTTER,14:45,1977,1978,"H306,","ATSF,",41,"H3,","H,",MAIN,Texas,31.827233,-99.423022,14,Afternoon
Derailments,1977:11:SP:G7677,0,0,25100,1400,0,0,0,LAVACA,15:00,1977,1978,"T102,","SP,",1,"T1,","T,",MAIN,Texas,31.827233,-99.423022,15,Afternoon
Raking collision,1977:11:PTRA:C1,0,0,1376,5400,0,0,0,HARRIS,16:55,1977,1978,"H602,","PTRA,",7,"H6,","H,",YARD,Texas,31.827233,-99.423022,16,Afternoon
Derailments,1977:10:SP:E7787,0,0,3500,300,0,0,0,EL PASO,15:05,1977,1978,"H702,","SP,",1,"H7,","H,",YARD,Texas,31.827233,-99.423022,15,Afternoon
Raking collision,1977:11:ATSF:23117101,0,0,0,5500,0,0,0,HARDIN,16:40,1977,1978,"M501,","ATSF,",7,"M5,","M,",INDUSTRY,Texas,31.827233,-99.423022,16,Afternoon
Derailments,1977:11:ATSF:20117104,0,0,850,2100,0,0,0,DEAF SMITH,13:30,1977,1978,"E64C,","ATSF,",1,"E6,","E,",MAIN,Texas,31.827233,-99.423022,13,Afternoon
Derailments,1977:10:SP:G7217,0,0,2400,6250,0,0,0,GONZALES,15:00,1977,1978,"T110,","SP,",1,"T1,","T,",MAIN,Texas,31.827233,-99.423022,15,Afternoon
Obstruction impact,1977:10:SP:G7167,0,1,2400,50,0,0,0,KAUFMAN,16:30,1977,1978,"M404,","SP,",1,"M4,","M,",MAIN,Texas,31.827233,-99.423022,16,Afternoon
Side collision,1977:10:SLSF:T3A39,0,0,800,22100,0,0,0,GRAYSON,16:55,1977,1978,"H306,","SLSF,",17,"H3,","H,",YARD,Texas,31.827233,-99.423022,16,Afternoon
Side collision,1977:11:SP:N4957,0,0,0,8500,0,0,0,SHELBY,16:10,1977,1978,"H301,","SP,",16,"H3,","H,",SIDING,Texas,31.827233,-99.423022,16,Afternoon
Highway-rail impact,1977:12:ATSF:23127102,0,2,13500,233650,2,0,0,LAMPASAS,13:00,1977,1978,"M399,","ATSF,",1,"M3,","M,",MAIN,Texas,31.827233,-99.423022,13,Afternoon
Derailments,1977:12:SP:G8807,0,2,13000,18400,0,0,0,GONZALES,16:37,1977,1978,"H503,","SP,",1,"H5,","H,",MAIN,Texas,31.827233,-99.423022,16,Afternoon
Raking collision,1977:12:SP:79957,0,0,1700,5405,0,0,0,EL PASO,16:30,1977,1978,"H704,","SP,",17,"H7,","H,",YARD,Texas,31.827233,-99.423022,16,Afternoon
Derailments,1977:12:MKT:AX128S,0,0,2100,700,0,0,0,HILL,15:55,1977,1978,"T101,","MKT,",1,"T1,","T,",MAIN,Texas,31.827233,-99.423022,15,Afternoon
Highway-rail impact,1977:11:SP:G7857,0,0,7000,0,0,0,0,ROBERTSON,12:45,1977,1978,"M399,","SP,",1,"M3,","M,",MAIN,Texas,31.827233,-99.423022,12,Afternoon
Derailments,1978:01:ATSF:23018104,0,0,4000,19000,0,0,0,MILLS,16:00,1978,1978,"T201,","ATSF,",1,"T2,","T,",MAIN,Texas,31.827233,-99.423022,16,Afternoon
Derailments,1977:12:SP:G8467,0,0,11000,725,0,0,0,KINNEY,12:40,1977,1978,"E32C,","SP,",1,"E3,","E,",MAIN,Texas,31.827233,-99.423022,12,Afternoon
Derailments,1977:12:SP:G8737,0,0,150,5450,0,0,0,GRAYSON,14:40,1977,1978,"H303,","SP,",7,"H3,","H,",SIDING,Texas,31.827233,-99.423022,14,Afternoon
Derailments,1977:11:SP:G7817,0,0,11750,3000,0,0,0,NAVARRO,13:05,1977,1978,"H503,","SP,",1,"H5,","H,",SIDING,Texas,31.827233,-99.423022,13,Afternoon
Derailments,1977:12:SP:G8507,0,0,3300,0,0,0,0,ROBERTSON,14:30,1977,1978,"T303,","SP,",6,"T3,","T,",YARD,Texas,31.827233,-99.423022,14,Afternoon
Derailments,1978:01:MP:63408P1046,0,1,27955,471000,0,0,0,ECTOR,16:55,1978,1978,"E79L,","MP,",1,"E7,","E,",MAIN,Texas,31.827233,-99.423022,16,Afternoon
Derailments,1978:01:LA:317401,0,0,2623,0,0,0,0,MARION,16:00,1978,1978,"T110,","LA,",1,"T1,","T,",INDUSTRY,Texas,31.827233,-99.423022,16,Afternoon
Derailments,1977:12:TN:3RE,0,0,3500,990,35,4,0,WISE,12:10,1977,1978,"T099,","TN,",7,"T0,","T,",YARD,Texas,31.827233,-99.423022,12,Afternoon
Derailments,1978:02:RI:WF315,0,0,8000,60450,0,0,0,GRAY,15:15,1978,1978,"T221,","RI,",1,"T2,","T,",MAIN,Texas,31.827233,-99.423022,15,Afternoon
Other impacts,1978:01:ATSF:23018105,0,0,0,8855,0,0,0,BURLESON,13:48,1978,1978,"H204,","ATSF,",14,"H2,","H,",MAIN,Texas,31.827233,-99.423022,13,Afternoon
Side collision,1977:12:SP:G9007,0,0,300,2050,0,0,0,ELLIS,13:40,1977,1978,"H310,","SP,",67,"H3,","H,",YARD,Texas,31.827233,-99.423022,13,Afternoon