AccidentType,inckey,Fatalities,Injuries,TrackDamage,EquipmentDamage,HazmatCars,HazmatCarsDerailed,HazmatCarsReleasing,County,DisplayTime,calendar,Fiscal,AccidentCause,RailroadCodes,RAILEQUIPMENT_TYPE,CauseGroup,CauseDiscipline,TYPE_OF_TRACK,StateName,latitude,longitude,hour,cat
Derailments,1978:01:RI:WF127,0,0,2900,1500,0,0,0,GRAY,15:50,1978,1978,"T314,","RI,",1,"T3,","T,",SIDING,Texas,31.827233,-99.423022,15,Afternoon
Derailments,1978:01:KCS:313416,0,0,600,6410,0,0,0,JEFFERSON,13:10,1978,1978,"T110,","KCS,",7,"T1,","T,",YARD,Texas,31.827233,-99.423022,13,Afternoon
Derailments,1978:01:SP:H0198,0,0,0,2700,0,0,0,HIDALGO,13:15,1978,1978,"H603,","SP,",6,"H6,","H,",MAIN,Texas,31.827233,-99.423022,13,Afternoon
Derailments,1978:01:SP:H0328,0,0,3100,0,0,0,0,HARRIS,12:45,1978,1978,"T110,","SP,",8,"T1,","T,",YARD,Texas,31.827233,-99.423022,12,Afternoon
Derailments,1978:02:ATSF:22028101,0,0,152000,275000,5,5,3,TAYLOR,15:00,1978,1978,"E61C,","ATSF,",1,"E6,","E,",MAIN,Texas,31.827233,-99.423022,15,Afternoon
Raking collision,1978:02:SP:G1028,0,0,125,4880,0,0,0,NAVARRO,16:30,1978,1978,"H302,","SP,",17,"H3,","H,",YARD,Texas,31.827233,-99.423022,16,Afternoon
Derailments,1978:01:SP:H0008,0,0,21000,60900,0,0,0,FORT BEND,12:05,1978,1978,"E52C,","SP,",1,"E5,","E,",MAIN,Texas,31.827233,-99.423022,12,Afternoon
Derailments,1978:01:SP:G0198,0,0,2654,150,0,0,0,ROBERTSON,13:00,1978,1978,"T113,","SP,",8,"T1,","T,",YARD,Texas,31.827233,-99.423022,13,Afternoon
Fire/violent rupture,1978:02:FWD:JT26,0,0,100000,0,0,0,0,LEON,15:30,1978,1978,"E06C,","FWD,",1,"E0,","E,",MAIN,Texas,31.827233,-99.423022,15,Afternoon
Highway-rail impact,1978:02:ATSF:20028107,0,0,2800,0,1,0,0,GRAY,15:02,1978,1978,"M399,","ATSF,",1,"M3,","M,",MAIN,Texas,31.827233,-99.423022,15,Afternoon
Derailments,1978:02:SP:L2978,0,0,1200,24000,2,2,0,LIBERTY,13:30,1978,1978,"T207,","SP,",1,"T2,","T,",SIDING,Texas,31.827233,-99.423022,13,Afternoon
Rear end collision,1978:01:SP:G0088,0,0,0,6000,0,0,0,BURLESON,12:40,1978,1978,"H310,","SP,",81,"H3,","H,",MAIN,Texas,31.827233,-99.423022,12,Afternoon
Other impacts,1978:03:ATSF:23038104,0,0,350,6800,0,0,0,HARDIN,12:15,1978,1978,"H018,","ATSF,",1,"H0,","H,",YARD,Texas,31.827233,-99.423022,12,Afternoon
Derailments,1978:02:SP:H1678,0,0,3100,2500,0,0,0,HARRIS,16:30,1978,1978,"T110,","SP,",6,"T1,","T,",YARD,Texas,31.827233,-99.423022,16,Afternoon
Derailments,1978:03:RI:WF456,0,0,10540,46393,0,0,0,TARRANT,13:05,1978,1978,"T110,","RI,",1,"T1,","T,",MAIN,Texas,31.827233,-99.423022,13,Afternoon
Derailments,1978:02:SP:L2688,0,0,750,16200,0,0,0,LIBERTY,15:15,1978,1978,"T111,","SP,",1,"T1,","T,",SIDING,Texas,31.827233,-99.423022,15,Afternoon
Derailments,1978:02:SP:H1548,0,0,13700,16800,0,0,0,HARRIS,13:35,1978,1978,"T101,","SP,",1,"T1,","T,",MAIN,Texas,31.827233,-99.423022,13,Afternoon
Derailments,1978:03:KCS:308696,0,0,3553,1500,0,0,0,JEFFERSON,13:40,1978,1978,"T110,","KCS,",7,"T1,","T,",YARD,Texas,31.827233,-99.423022,13,Afternoon
Derailments,1978:03:HBT:AX2C78,0,0,750,3000,0,0,0,HARRIS,15:50,1978,1978,"M501,","HBT,",7,"M5,","M,",YARD,Texas,31.827233,-99.423022,15,Afternoon
Derailments,1978:03:GHH:106,0,0,2364,0,0,0,0,HARRIS,15:25,1978,1978,"T110,","GHH,MKT,",77,"T1,","T,",SIDING,Texas,31.827233,-99.423022,15,Afternoon
Derailments,1978:03:SP:G1958,0,0,6600,2700,0,0,0,GONZALES,15:00,1978,1978,"M405,","SP,",1,"M4,","M,",MAIN,Texas,31.827233,-99.423022,15,Afternoon
Derailments,1978:04:RI:WF573,0,0,2140,260,0,0,0,,13:10,1978,1978,"T110,","RI,",1,"T1,","T,",SIDING,Texas,31.827233,-99.423022,13,Afternoon
Derailments,1978:04:ATSF:23048103,0,0,5000,5675,0,0,0,BURLESON,15:30,1978,1978,"H704,","ATSF,",1,"H7,","H,",YARD,Texas,31.827233,-99.423022,15,Afternoon
Side collision,1978:04:TN:1RE,0,0,0,3005,0,0,0,WISE,16:30,1978,1978,"M405,","TN,",6,"M4,","M,",YARD,Texas,31.827233,-99.423022,16,Afternoon
Fire/violent rupture,1978:04:FWD:FW79,0,0,0,15000,0,0,0,WICHITA,16:45,1978,1978,"M503,","FWD,",5,"M5,","M,",YARD,Texas,31.827233,-99.423022,16,Afternoon
Derailments,1978:04:MP:9484,0,0,2700,10000,0,0,0,TARRANT,15:30,1978,1978,"E40C,T314,","MP,SP,",77,"E4,T3,","E,T,",YARD,Texas,31.827233,-99.423022,15,Afternoon
Derailments,1978:03:SP:G1558,0,0,3100,1800,0,0,0,CALDWELL,12:20,1978,1978,"E68C,","SP,",1,"E6,","E,",MAIN,Texas,31.827233,-99.423022,12,Afternoon
Derailments,1978:04:ATSF:20048105,0,0,0,11350,0,0,0,POTTER,16:30,1978,1978,"M204,M599,","ATSF,",1,"M2,M5,","M,",INDUSTRY,Texas,31.827233,-99.423022,16,Afternoon
Derailments,1978:04:FWD:FW77,0,0,0,4500,0,0,0,TARRANT,14:00,1978,1978,"M599,","FWD,",6,"M5,","M,",INDUSTRY,Texas,31.827233,-99.423022,14,Afternoon
Derailments,1978:03:SP:H3228,0,0,400,8500,1,1,0,HARRIS,14:50,1978,1978,"T314,","SP,",6,"T3,","T,",YARD,Texas,31.827233,-99.423022,14,Afternoon
Derailments,1978:03:TNM:9455,0,0,8250,21725,0,0,0,WARD,13:30,1978,1978,"T221,","TNM,",1,"T2,","T,",MAIN,Texas,31.827233,-99.423022,13,Afternoon
Derailments,1978:04:GHH:115,0,0,3446,33900,0,0,0,HARRIS,13:30,1978,1978,"T113,T199,","GHH,MKT,",77,"T1,","T,",MAIN,Texas,31.827233,-99.423022,13,Afternoon
Derailments,1978:05:PTRA:D3,0,0,3052,0,0,0,0,HARRIS,12:45,1978,1978,"T299,","PTRA,",1,"T2,","T,",YARD,Texas,31.827233,-99.423022,12,Afternoon
Derailments,1978:04:SP:G2468,0,0,5300,8400,0,0,0,GONZALES,15:20,1978,1978,"T101,","SP,",1,"T1,","T,",MAIN,Texas,31.827233,-99.423022,15,Afternoon
Derailments,1978:05:ATSF:23058102,0,0,3900,47000,0,0,0,LIBERTY,14:55,1978,1978,"T109,","ATSF,",1,"T1,","T,",MAIN,Texas,31.827233,-99.423022,14,Afternoon
Derailments,1978:05:ATSF:23058106,0,1,3000,7225,1,0,0,MATAGORDA,15:30,1978,1978,"T109,","ATSF,",1,"T1,","T,",MAIN,Texas,31.827233,-99.423022,15,Afternoon
Raking collision,1978:04:SP:G2548,0,8,22000,140900,0,0,0,GUADALUPE,14:40,1978,1978,"H301,","SP,",11,"H3,","H,",MAIN,Texas,31.827233,-99.423022,14,Afternoon
Derailments,1978:04:SP:L7588,0,0,4000,300,0,0,0,ORANGE,13:15,1978,1978,"T101,","SP,",1,"T1,","T,",SIDING,Texas,31.827233,-99.423022,13,Afternoon
Derailments,1978:04:SP:H4068,0,0,3000,0,7,1,0,JIM WELLS,14:50,1978,1978,"E40C,","SP,",1,"E4,","E,",MAIN,Texas,31.827233,-99.423022,14,Afternoon
Derailments,1978:05:MKT:AX44S,0,0,7950,9400,0,0,0,HUNT,14:45,1978,1978,"T299,T108,","MKT,",1,"T2,T1,","T,",MAIN,Texas,31.827233,-99.423022,14,Afternoon
Derailments,1978:05:MKT:AX45S,0,0,5000,1000,1,0,0,MCLENNAN,13:30,1978,1978,"E09C,","MKT,",1,"E0,","E,",YARD,Texas,31.827233,-99.423022,13,Afternoon
Derailments,1978:05:MP:9497,0,0,5000,15800,0,0,0,WOOD,16:05,1978,1978,"T201,","MP,",1,"T2,","T,",MAIN,Texas,31.827233,-99.423022,16,Afternoon
Derailments,1978:05:RI:WF671,0,0,13200,131839,0,0,0,TARRANT,12:40,1978,1978,"E52C,","RI,",11,"E5,","E,",SIDING,Texas,31.827233,-99.423022,12,Afternoon
Derailments,1978:05:FWD:FW120,0,0,800,16500,0,0,0,COLLINGSWORTH,16:35,1978,1978,"T001,T110,","FWD,",7,"T0,T1,","T,",YARD,Texas,31.827233,-99.423022,16,Afternoon
Other impacts,1978:05:RSP:5078,0,0,0,75,0,0,0,SCURRY,14:35,1978,1978,"H099,","ATSF,",14,"H0,","H,",MAIN,Texas,31.827233,-99.423022,14,Afternoon
Derailments,1978:05:KCS:319042,0,0,5000,25032,15,5,0,JEFFERSON,16:10,1978,1978,"T101,","KCS,",7,"T1,","T,",YARD,Texas,31.827233,-99.423022,16,Afternoon
Derailments,1978:06:SP:75358,0,0,3350,900,0,0,0,EL PASO,15:00,1978,1978,"H503,","SP,",1,"H5,","H,",YARD,Texas,31.827233,-99.423022,15,Afternoon
Raking collision,1978:06:MP:9502,0,0,125,40000,0,0,0,TARRANT,15:00,1978,1978,"H401,","MP,",87,"H4,","H,",YARD,Texas,31.827233,-99.423022,15,Afternoon
Derailments,1978:06:MP:9505,0,0,9500,215500,0,0,0,AUSTIN,15:30,1978,1978,"T109,T099,","MP,",1,"T1,T0,","T,",MAIN,Texas,31.827233,-99.423022,15,Afternoon
Side collision,1978:06:ATSF:20068101,0,0,500,10850,1,1,0,POTTER,15:10,1978,1978,"H307,","ATSF,",86,"H3,","H,",YARD,Texas,31.827233,-99.423022,15,Afternoon
Derailments,1978:06:SP:H6098,0,0,2500,0,0,0,0,VICTORIA,14:30,1978,1978,"H503,","SP,",7,"H5,","H,",YARD,Texas,31.827233,-99.423022,14,Afternoon
Raking collision,1978:06:ATSF:22068101,0,0,100,9875,1,1,0,NOLAN,12:30,1978,1978,"H306,","ATSF,",67,"H3,","H,",YARD,Texas,31.827233,-99.423022,12,Afternoon
Derailments,1978:06:MP:9501,0,0,4200,5500,0,0,0,GRAYSON,14:55,1978,1978,"T101,T102,","MP,",1,"T1,","T,",MAIN,Texas,31.827233,-99.423022,14,Afternoon
Derailments,1978:05:SP:H4568,0,0,68400,267780,27,4,5,NACOGDOCHES,15:15,1978,1978,"E36C,","SP,",1,"E3,","E,",MAIN,Texas,31.827233,-99.423022,15,Afternoon
Derailments,1978:06:FWD:FW136,0,0,12000,252795,0,0,0,ARMSTRONG,16:55,1978,1978,"T109,","FWD,",1,"T1,","T,",MAIN,Texas,31.827233,-99.423022,16,Afternoon
Derailments,1978:07:RI:MK78701,0,0,2312,8324,1,1,1,MOORE,12:01,1978,1978,"T102,","RI,",1,"T1,","T,",MAIN,Texas,31.827233,-99.423022,12,Afternoon
Derailments,1978:07:RI:WF937,0,0,10750,2877,0,0,0,DALLAS,16:20,1978,1978,"T299,","RI,",1,"T2,","T,",MAIN,Texas,31.827233,-99.423022,16,Afternoon
Derailments,1978:07:SP:G5078,0,0,3500,1150,0,0,0,ROBERTSON,16:45,1978,1978,"T110,","SP,",1,"T1,","T,",YARD,Texas,31.827233,-99.423022,16,Afternoon
Derailments,1978:07:SP:G5358,0,0,8500,0,1,1,0,VAL VERDE,13:40,1978,1978,"H704,","SP,",1,"H7,","H,",YARD,Texas,31.827233,-99.423022,13,Afternoon
Derailments,1978:07:FWD:FW148,0,0,10000,338300,0,0,0,HARDEMAN,15:00,1978,1978,"T109,","FWD,",1,"T1,","T,",MAIN,Texas,31.827233,-99.423022,15,Afternoon
Derailments,1978:07:SP:G5518,0,0,3000,2000,0,0,0,FAYETTE,13:45,1978,1978,"H505,","SP,",1,"H5,","H,",MAIN,Texas,31.827233,-99.423022,13,Afternoon
Derailments,1978:07:SP:H7498,0,0,6500,0,0,0,0,HARRIS,14:20,1978,1978,"E40C,","SP,",7,"E4,","E,",YARD,Texas,31.827233,-99.423022,14,Afternoon
Derailments,1978:07:HBT:AX2G78,0,0,450,4000,0,0,0,HARRIS,16:05,1978,1978,"E36C,","HBT,",7,"E3,","E,",YARD,Texas,31.827233,-99.423022,16,Afternoon
Other impacts,1978:06:SSW:U9118,0,2,200,4500,0,0,0,DALLAS,14:20,1978,1978,"H702,","SSW,",6,"H7,","H,",MAIN,Texas,31.827233,-99.423022,14,Afternoon
Derailments,1978:07:MP:9541,0,0,11500,31650,0,0,0,KAUFMAN,15:00,1978,1978,"T215,","MP,",1,"T2,","T,",MAIN,Texas,31.827233,-99.423022,15,Afternoon
Highway-rail impact,1978:08:SP:H8238,0,0,2000,2000,0,0,0,HARRIS,15:20,1978,1978,"M399,","SP,",1,"M3,","M,",MAIN,Texas,31.827233,-99.423022,15,Afternoon
Derailments,1978:07:HBT:AX3G78,0,0,2850,150,0,0,0,HARRIS,13:00,1978,1978,"E64C,","HBT,",1,"E6,","E,",MAIN,Texas,31.827233,-99.423022,13,Afternoon
Derailments,1978:07:ATSF:23078101,0,0,2800,3975,0,0,0,MCLENNAN,14:30,1978,1978,"T109,","ATSF,",1,"T1,","T,",SIDING,Texas,31.827233,-99.423022,14,Afternoon
Derailments,1978:07:SP:G5098,0,0,17250,2800,0,0,0,TRAVIS,14:30,1978,1978,"E52C,","SP,",1,"E5,","E,",MAIN,Texas,31.827233,-99.423022,14,Afternoon
Derailments,1978:07:MP:9524,0,0,75000,209000,6,0,0,DENTON,16:01,1978,1978,"T109,T299,H513,","MKT,MP,",11,"T1,T2,H5,T1,","T,H,T,",MAIN,Texas,31.827233,-99.423022,16,Afternoon
Derailments,1978:07:MP:9589,0,0,500,7700,0,0,0,MONTGOMERY,16:55,1978,1978,"E00C,","MP,",2,"E0,","E,",MAIN,Texas,31.827233,-99.423022,16,Afternoon
Derailments,1978:08:SP:G6088,0,0,8000,1000,0,0,0,ELLIS,14:00,1978,1978,"H601,","SP,",1,"H6,","H,",MAIN,Texas,31.827233,-99.423022,14,Afternoon
Derailments,1978:07:MKT:AX75S,0,0,15500,489,0,0,0,COMAL,12:10,1978,1978,"E40C,","MKT,",1,"E4,","E,",MAIN,Texas,31.827233,-99.423022,12,Afternoon
Derailments,1978:09:ATSF:20098101,0,0,11000,5700,0,0,0,POTTER,12:50,1978,1978,"E68C,","ATSF,",1,"E6,","E,",MAIN,Texas,31.827233,-99.423022,12,Afternoon
Derailments,1978:08:RI:WF1081,0,0,1000,5700,0,0,0,DALLAS,12:05,1978,1978,"T110,","FWD,RI,",11,"T1,","T,",YARD,Texas,31.827233,-99.423022,12,Afternoon
Derailments,1978:08:ATSF:20088101,0,0,8000,95250,0,0,0,POTTER,16:15,1978,1978,"E69C,","ATSF,",1,"E6,","E,",INDUSTRY,Texas,31.827233,-99.423022,16,Afternoon
Highway-rail impact,1978:09:ATSF:20098103,0,1,500,6390,9,9,0,HUTCHINSON,15:05,1978,1978,"M399,","ATSF,",7,"M3,","M,",INDUSTRY,Texas,31.827233,-99.423022,15,Afternoon
Derailments,1978:08:SP:H8768,0,0,60000,300,13,0,0,SAN PATRICIO,12:01,1978,1978,"T101,","SP,",1,"T1,","T,",MAIN,Texas,31.827233,-99.423022,12,Afternoon
Derailments,1978:08:SP:G6178,0,0,21150,24325,0,0,0,TRAVIS,15:45,1978,1978,"H503,","SP,",1,"H5,","H,",MAIN,Texas,31.827233,-99.423022,15,Afternoon
Highway-rail impact,1978:09:ATSF:23098102,0,0,7000,1000,0,0,0,BELL,13:55,1978,1978,"M399,","ATSF,",1,"M3,","M,",MAIN,Texas,31.827233,-99.423022,13,Afternoon
Derailments,1978:09:FWD:FW203,0,0,10000,30500,2,0,0,TARRANT,12:20,1978,1978,"T216,","FWD,SLSF,",1,"T2,","T,",MAIN,Texas,31.827233,-99.423022,12,Afternoon
Derailments,1978:08:FWD:FW189,0,0,5000,112910,0,0,0,OLDHAM,16:55,1978,1978,"T109,","FWD,",1,"T1,","T,",MAIN,Texas,31.827233,-99.423022,16,Afternoon
Derailments,1978:08:ATSF:20088106,0,0,8400,188000,13,0,0,LUBBOCK,15:40,1978,1978,"E86C,","ATSF,",1,"E8,","E,",MAIN,Texas,31.827233,-99.423022,15,Afternoon
Derailments,1978:08:SP:H8228,0,0,2400,6500,0,0,0,JIM WELLS,12:10,1978,1978,"T314,","SP,",11,"T3,","T,",MAIN,Texas,31.827233,-99.423022,12,Afternoon
Derailments,1978:08:ATSF:22088101,0,0,1500,11690,0,0,0,TARRANT,12:25,1978,1978,"T220,","ATSF,",1,"T2,","T,",SIDING,Texas,31.827233,-99.423022,12,Afternoon
Derailments,1978:08:TN:3RE,0,0,2306,505,0,0,0,MORRIS,14:10,1978,1978,"M599,","TN,",1,"M5,","M,",YARD,Texas,31.827233,-99.423022,14,Afternoon
Derailments,1978:08:MP:9454,0,0,0,2110,0,0,0,TARRANT,14:13,1978,1978,"T314,","MKT,",1,"T3,","T,",MAIN,Texas,31.827233,-99.423022,14,Afternoon
Highway-rail impact,1978:08:SP:H8778,0,2,0,3300,0,0,0,NACOGDOCHES,16:10,1978,1978,"M399,","SP,",7,"M3,","M,",YARD,Texas,31.827233,-99.423022,16,Afternoon
Derailments,1978:09:MP:9564,0,0,5400,24500,10,0,0,GREGG,12:18,1978,1978,"E24C,","MP,",1,"E2,","E,",MAIN,Texas,31.827233,-99.423022,12,Afternoon
Derailments,1978:09:SP:G7298,0,0,0,30500,0,0,0,,12:10,1978,1978,"E76L,","SP,",1,"E7,","E,",MAIN,Texas,31.827233,-99.423022,12,Afternoon
Derailments,1978:09:FWD:FW204,0,0,30000,34200,0,0,0,MARTIN,15:45,1978,1978,"T109,","FWD,",1,"T1,","T,",MAIN,Texas,31.827233,-99.423022,15,Afternoon
Derailments,1978:09:MKT:AX105S,0,0,7136,500,0,0,0,,16:30,1978,1978,"H503,","MKT,",1,"H5,","H,",MAIN,Texas,31.827233,-99.423022,16,Afternoon
Other impacts,1978:09:SP:G6968,0,0,6500,0,0,0,0,DALLAS,15:10,1978,1978,"M202,","SP,",1,"M2,","M,",MAIN,Texas,31.827233,-99.423022,15,Afternoon
Fire/violent rupture,1978:10:ATSF:23108101,0,0,0,6000,0,0,0,HARRIS,16:15,1978,1979,"M503,","ATSF,",5,"M5,","M,",YARD,Texas,31.827233,-99.423022,16,Afternoon
Derailments,1978:09:SP:K8138,0,0,7800,0,2,2,0,HARRIS,16:00,1978,1978,"T102,","SP,",1,"T1,","T,",SIDING,Texas,31.827233,-99.423022,16,Afternoon
Side collision,1978:09:MKT:AX104S,0,0,40,3000,0,0,0,HARRIS,16:45,1978,1978,"H302,","MKT,",68,"H3,","H,",YARD,Texas,31.827233,-99.423022,16,Afternoon
Derailments,1978:09:SP:H9768,0,0,8000,38500,0,0,0,HARRIS,12:30,1978,1978,"E31C,","SP,",67,"E3,","E,",YARD,Texas,31.827233,-99.423022,12,Afternoon
Derailments,1978:10:SSW:V4128,0,0,11440,600,0,0,0,BOWIE,15:40,1978,1979,"E52C,","SSW,",1,"E5,","E,",MAIN,Texas,31.827233,-99.423022,15,Afternoon
Derailments,1978:09:SP:N0048,0,0,0,6700,0,0,0,HARRIS,13:25,1978,1978,"T108,M404,","MKT,SP,",171,"T1,M4,T1,M4,T1,","T,M,T,M,T,",YARD,Texas,31.827233,-99.423022,13,Afternoon
Derailments,1978:09:MKT:AX92N,0,0,3300,2150,0,0,0,HARRIS,13:30,1978,1978,"T110,","MKT,",7,"T1,","T,",YARD,Texas,31.827233,-99.423022,13,Afternoon
Derailments,1978:09:MP:9570,0,0,800,3400,0,0,0,TARRANT,15:20,1978,1978,"E34C,E39C,","MKT,MP,",11,"E3,","E,",MAIN,Texas,31.827233,-99.423022,15,Afternoon
Derailments,1978:09:SP:H9798,0,0,4000,7700,16,0,0,COLORADO,13:20,1978,1978,"T110,","SP,",1,"T1,","T,",YARD,Texas,31.827233,-99.423022,13,Afternoon
Derailments,1978:09:LA:313072,0,0,875,10000,0,0,0,FRANKLIN,16:45,1978,1978,"M405,","LA,",1,"M4,","M,",MAIN,Texas,31.827233,-99.423022,16,Afternoon
Highway-rail impact,1978:10:HBT:AX1J78,0,1,12850,1300,0,0,0,HARRIS,16:00,1978,1979,"M399,","FWD,HBT,",11,"M3,","M,",MAIN,Texas,31.827233,-99.423022,16,Afternoon
Other impacts,1978:09:SLSF:T3A60,0,0,0,3440,0,0,0,DALLAS,14:50,1978,1978,"H099,","SLSF,",NA,"H0,","H,",MAIN,Texas,31.827233,-99.423022,14,Afternoon
Derailments,1978:09:SSW:V2658,0,0,6500,3150,0,0,0,BOWIE,13:17,1978,1978,"E43C,","SSW,",1,"E4,","E,",YARD,Texas,31.827233,-99.423022,13,Afternoon
Derailments,1978:09:SP:G7198,0,0,0,3800,0,0,0,BEXAR,14:30,1978,1978,"H601,","SP,",7,"H6,","H,",YARD,Texas,31.827233,-99.423022,14,Afternoon
Derailments,1978:10:MP:9601,0,0,150,6200,3,0,0,GREGG,16:53,1978,1979,"E64C,","MP,",1,"E6,","E,",MAIN,Texas,31.827233,-99.423022,16,Afternoon
Derailments,1978:10:HBT:AX5J78,0,0,12600,80,0,0,0,HARRIS,13:50,1978,1979,"E64C,","HBT,MP,",11,"E6,","E,",MAIN,Texas,31.827233,-99.423022,13,Afternoon
Derailments,1978:11:HBT:AX4K78,0,0,4795,4450,0,0,0,HARRIS,14:45,1978,1979,"E42C,","HBT,",1,"E4,","E,",YARD,Texas,31.827233,-99.423022,14,Afternoon
Derailments,1978:10:MP:9612,0,0,100,6000,0,0,0,COMAL,16:25,1978,1979,"T221,","MP,",2,"T2,","T,",INDUSTRY,Texas,31.827233,-99.423022,16,Afternoon
Derailments,1978:11:SP:N3038,0,0,7500,0,0,0,0,COLORADO,12:40,1978,1979,"T211,","SP,",1,"T2,","T,",YARD,Texas,31.827233,-99.423022,12,Afternoon
Derailments,1978:11:GWF:2706,0,1,18000,11000,0,0,0,,16:00,1978,1979,"T102,T199,","GWF,",7,"T1,","T,",YARD,Texas,31.827233,-99.423022,16,Afternoon
Derailments,1978:10:RI:WF1365,0,0,11340,18400,6,0,0,GRAY,16:25,1978,1979,"T101,","RI,",1,"T1,","T,",MAIN,Texas,31.827233,-99.423022,16,Afternoon
Derailments,1978:10:RI:WF1425,0,0,680,2400,0,0,0,POTTER,12:25,1978,1979,"T314,","RI,",7,"T3,","T,",YARD,Texas,31.827233,-99.423022,12,Afternoon
Derailments,1978:11:SSW:V5828,0,0,9000,7200,0,0,0,SMITH,12:35,1978,1979,"H503,","SSW,",1,"H5,","H,",MAIN,Texas,31.827233,-99.423022,12,Afternoon
Derailments,1978:11:HBT:AX3K78,0,0,400,2400,5,5,1,HARRIS,15:00,1978,1979,"T202,","HBT,",1,"T2,","T,",YARD,Texas,31.827233,-99.423022,15,Afternoon
Derailments,1978:11:RI:MK781181,0,0,2968,1750,4,4,0,,13:30,1978,1979,"T202,","RI,",1,"T2,","T,",MAIN,Texas,31.827233,-99.423022,13,Afternoon
Derailments,1978:11:ATSF:23118103,0,0,10000,50000,16,2,2,BURLESON,12:45,1978,1979,"E61C,E62C,","ATSF,",1,"E6,","E,",SIDING,Texas,31.827233,-99.423022,12,Afternoon
Derailments,1978:10:SP:G7648,0,0,8198,1500,0,0,0,ROBERTSON,14:20,1978,1979,"E52C,","SP,",1,"E5,","E,",MAIN,Texas,31.827233,-99.423022,14,Afternoon
Highway-rail impact,1978:11:SP:N3218,0,1,0,10000,0,0,0,FORT BEND,14:55,1978,1979,"M399,","SP,",1,"M3,","M,",MAIN,Texas,31.827233,-99.423022,14,Afternoon
Side collision,1978:12:ATSF:23128104,0,0,50,4350,0,0,0,LAMPASAS,13:50,1978,1979,"H307,","ATSF,",14,"H3,","H,",MAIN,Texas,31.827233,-99.423022,13,Afternoon
Derailments,1978:11:MKT:AX119S,0,0,5500,12600,0,0,0,TARRANT,16:40,1978,1979,"M503,H603,","MKT,",1,"M5,H6,","M,H,",MAIN,Texas,31.827233,-99.423022,16,Afternoon
Derailments,1978:11:MP:79072,0,0,0,4450,0,0,0,HARRIS,14:45,1978,1979,"E42C,","MP,",1,"E4,","E,",YARD,Texas,31.827233,-99.423022,14,Afternoon
Derailments,1978:11:SP:N2908,0,0,3000,500,0,0,0,VICTORIA,13:50,1978,1979,"M405,","SP,",1,"M4,","M,",MAIN,Texas,31.827233,-99.423022,13,Afternoon
Derailments,1978:11:SP:N2698,0,0,1000,18750,2,0,1,HARRIS,16:40,1978,1979,"T220,","SP,",1,"T2,","T,",YARD,Texas,31.827233,-99.423022,16,Afternoon
Derailments,1978:12:FWD:FW285,0,0,2000,3200,0,0,0,TARRANT,16:20,1978,1979,"T314,","FWD,SSW,",6,"T3,","T,",YARD,Texas,31.827233,-99.423022,16,Afternoon
Side collision,1978:12:ATSF:22128103,0,0,0,15750,0,0,0,COOKE,12:30,1978,1979,"H401,","ATSF,",87,"H4,","H,",YARD,Texas,31.827233,-99.423022,12,Afternoon
Derailments,1978:11:RI:WF1505,0,0,4450,7900,0,0,0,TARRANT,16:00,1978,1979,"M503,M501,","RI,SP,",77,"M5,","M,",YARD,Texas,31.827233,-99.423022,16,Afternoon
Derailments,1978:11:SP:G8308,0,0,11000,1500,0,0,0,ROBERTSON,16:55,1978,1979,"H503,","SP,",1,"H5,","H,",YARD,Texas,31.827233,-99.423022,16,Afternoon
Derailments,1978:12:SP:S4668,0,0,5900,0,0,0,0,LIBERTY,15:30,1978,1979,"T314,","SP,",1,"T3,","T,",INDUSTRY,Texas,31.827233,-99.423022,15,Afternoon
Derailments,1978:11:SP:N2928,0,0,6500,1000,0,0,0,POLK,15:20,1978,1979,"T220,","SP,",7,"T2,","T,",YARD,Texas,31.827233,-99.423022,15,Afternoon
Side collision,1978:11:SLSF:T3A74,0,0,500,12710,0,0,0,GRAYSON,15:25,1978,1979,"H702,","SLSF,",76,"H7,","H,",YARD,Texas,31.827233,-99.423022,15,Afternoon
Derailments,1978:11:SP:G8598,0,0,17000,5000,0,0,0,TARRANT,14:25,1978,1979,"E26C,","MP,SP,",1,"E2,","E,",MAIN,Texas,31.827233,-99.423022,14,Afternoon
Side collision,1978:11:SP:N3428,0,0,300,5850,3,0,0,HARRIS,15:45,1978,1979,"H210,","SP,",61,"H2,","H,",YARD,Texas,31.827233,-99.423022,15,Afternoon
Derailments,1978:11:MKT:AX117S,0,0,1100,2100,0,0,0,HARRIS,12:53,1978,1979,"T110,","MKT,",1,"T1,","T,",YARD,Texas,31.827233,-99.423022,12,Afternoon
Derailments,1978:12:SSW:V6718,0,0,9500,25050,0,0,0,CHEROKEE,13:00,1978,1979,"T110,","SSW,",1,"T1,","T,",MAIN,Texas,31.827233,-99.423022,13,Afternoon
Side collision,1978:12:SP:G9018,0,0,12700,14890,1,1,0,BEXAR,12:45,1978,1979,"H209,","SP,",6,"H2,","H,",YARD,Texas,31.827233,-99.423022,12,Afternoon
Side collision,1979:01:SP:H1519,0,0,1300,42000,5,5,0,COLORADO,12:15,1979,1979,"H018,","SP,",67,"H0,","H,",YARD,Texas,31.827233,-99.423022,12,Afternoon