AccidentType,inckey,Fatalities,Injuries,TrackDamage,EquipmentDamage,HazmatCars,HazmatCarsDerailed,HazmatCarsReleasing,County,DisplayTime,calendar,Fiscal,AccidentCause,RailroadCodes,RAILEQUIPMENT_TYPE,CauseGroup,CauseDiscipline,TYPE_OF_TRACK,StateName,latitude,longitude,hour,cat
Derailments,1978:12:SP:G9028,0,0,7000,800,0,0,0,KINNEY,16:45,1978,1979,"T210,","SP,",6,"T2,","T,",YARD,Texas,31.827233,-99.423022,16,Afternoon
Derailments,1978:12:SP:S4838,0,0,6000,100,0,0,0,JEFFERSON,16:00,1978,1979,"T101,","SP,",6,"T1,","T,",YARD,Texas,31.827233,-99.423022,16,Afternoon
Derailments,1979:01:FWD:FW17,0,0,12300,270250,0,0,0,MONTAGUE,13:50,1979,1979,"T220,","FWD,",1,"T2,","T,",MAIN,Texas,31.827233,-99.423022,13,Afternoon
Derailments,1978:12:SP:80868,0,0,3000,0,0,0,0,EL PASO,16:20,1978,1979,"T311,","SP,",8,"T3,","T,",YARD,Texas,31.827233,-99.423022,16,Afternoon
Derailments,1978:12:SP:G9068,0,0,17700,500,0,0,0,MEDINA,14:45,1978,1979,"E63C,","SP,",2,"E6,","E,",MAIN,Texas,31.827233,-99.423022,14,Afternoon
Highway-rail impact,1979:01:LA:310855,0,0,0,4250,0,0,0,CAMP,16:00,1979,1979,"M399,","LA,",1,"M3,","M,",MAIN,Texas,31.827233,-99.423022,16,Afternoon
Highway-rail impact,1978:12:SP:N4448,0,0,500,3000,0,0,0,FORT BEND,15:45,1978,1979,"M399,","SP,",1,"M3,","M,",MAIN,Texas,31.827233,-99.423022,15,Afternoon
Derailments,1978:12:SP:N5038,0,0,6200,0,1,1,0,HARRIS,12:20,1978,1979,"E46C,","SP,",1,"E4,","E,",MAIN,Texas,31.827233,-99.423022,12,Afternoon
Side collision,1979:01:ATSF:22019102,0,0,150,5425,0,0,0,TARRANT,16:00,1979,1979,"H306,","ATSF,",76,"H3,","H,",YARD,Texas,31.827233,-99.423022,16,Afternoon
Derailments,1978:12:SP:G9288,0,0,5500,3700,0,0,0,BEXAR,14:50,1978,1979,"T101,","SP,",4,"T1,","T,",MAIN,Texas,31.827233,-99.423022,14,Afternoon
Derailments,1979:02:MP:79246,0,0,4000,5500,0,0,0,ROBERTSON,12:15,1979,1979,"T002,","MP,",1,"T0,","T,",MAIN,Texas,31.827233,-99.423022,12,Afternoon
Rear end collision,1979:01:HBT:AX5A79,0,0,0,6650,0,0,0,HARRIS,13:15,1979,1979,"H401,","HBT,",7,"H4,","H,",YARD,Texas,31.827233,-99.423022,13,Afternoon
Derailments,1979:01:MP:79244,0,0,500,6500,36,5,0,BRAZOS,14:10,1979,1979,"M405,","MP,",1,"M4,","M,",SIDING,Texas,31.827233,-99.423022,14,Afternoon
Derailments,1979:01:RI:WF67,0,0,5600,1550,0,0,0,WISE,13:25,1979,1979,"T202,","RI,",1,"T2,","T,",SIDING,Texas,31.827233,-99.423022,13,Afternoon
Derailments,1979:02:RI:WF421,0,0,2700,1500,0,0,0,TARRANT,14:30,1979,1979,"T202,","RI,",7,"T2,","T,",YARD,Texas,31.827233,-99.423022,14,Afternoon
Derailments,1979:01:FWD:JT2,0,0,1880,14350,0,0,0,HARRIS,12:30,1979,1979,"T201,","FWD,",1,"T2,","T,",MAIN,Texas,31.827233,-99.423022,12,Afternoon
Derailments,1979:01:FWD:JT4,0,0,0,4450,0,0,0,DALLAS,16:20,1979,1979,"T311,","FWD,",1,"T3,","T,",YARD,Texas,31.827233,-99.423022,16,Afternoon
Derailments,1979:01:HBT:AX3A79,0,0,250,5750,0,0,0,HARRIS,15:30,1979,1979,"T202,","HBT,",7,"T2,","T,",YARD,Texas,31.827233,-99.423022,15,Afternoon
Derailments,1978:12:SP:G9628,0,0,0,5400,0,0,0,ROBERTSON,14:30,1978,1979,"E31C,","SP,",6,"E3,","E,",YARD,Texas,31.827233,-99.423022,14,Afternoon
Derailments,1978:12:SP:G9448,0,0,5000,400,0,0,0,BEXAR,15:20,1978,1979,"T111,","SP,",6,"T1,","T,",YARD,Texas,31.827233,-99.423022,15,Afternoon
Side collision,1979:01:FWD:FW2,0,0,0,8300,0,0,0,TARRANT,12:05,1979,1979,"M404,","FWD,",57,"M4,","M,",YARD,Texas,31.827233,-99.423022,12,Afternoon
Derailments,1979:02:MP:79059,0,0,7800,9500,0,0,0,ROBERTSON,12:15,1979,1979,"E40C,","MP,",2,"E4,","E,",MAIN,Texas,31.827233,-99.423022,12,Afternoon
Derailments,1979:02:RI:WF311,0,0,3050,420,0,0,0,TARRANT,13:00,1979,1979,"T202,","RI,",7,"T2,","T,",YARD,Texas,31.827233,-99.423022,13,Afternoon
Side collision,1979:02:RI:WF400,0,1,140,13500,0,0,0,TARRANT,14:05,1979,1979,"H702,","FWD,RI,",11,"H7,","H,",MAIN,Texas,31.827233,-99.423022,14,Afternoon
Derailments,1979:02:MP:79058,0,0,2900,86000,7,1,1,CHEROKEE,16:55,1979,1979,"T220,","MP,",1,"T2,","T,",MAIN,Texas,31.827233,-99.423022,16,Afternoon
Derailments,1979:01:MKT:AX8S,0,0,701,5500,0,0,0,GRAYSON,14:30,1979,1979,"M401,","MKT,",1,"M4,","M,",MAIN,Texas,31.827233,-99.423022,14,Afternoon
Derailments,1979:01:SP:G0029,0,0,9500,1950,0,0,0,DALLAS,12:40,1979,1979,"M199,","SP,",1,"M1,","M,",YARD,Texas,31.827233,-99.423022,12,Afternoon
Derailments,1979:01:SSW:U0929,0,0,2800,15800,0,0,0,HUNT,15:15,1979,1979,"T314,","SSW,",1,"T3,","T,",YARD,Texas,31.827233,-99.423022,15,Afternoon
Derailments,1979:02:HBT:AX1B79,0,0,5370,1500,0,0,0,HARRIS,16:55,1979,1979,"T314,","FWD,HBT,",11,"T3,","T,",YARD,Texas,31.827233,-99.423022,16,Afternoon
Derailments,1979:03:KCS:327404,0,0,9587,4500,0,0,0,ORANGE,16:40,1979,1979,"T221,","KCS,MP,",1,"T2,","T,",SIDING,Texas,31.827233,-99.423022,16,Afternoon
Derailments,1979:01:SP:G0339,0,0,4000,10300,0,0,0,GONZALES,14:15,1979,1979,"M405,","SP,",1,"M4,","M,",MAIN,Texas,31.827233,-99.423022,14,Afternoon
Derailments,1979:01:SSW:U0659,0,0,1140,14800,0,0,0,DALLAS,16:15,1979,1979,"S012,","SSW,",7,"S0,","S,",YARD,Texas,31.827233,-99.423022,16,Afternoon
Derailments,1979:02:SP:H3119,0,0,0,3000,0,0,0,HARRIS,13:30,1979,1979,"T311,","SP,",7,"T3,","T,",INDUSTRY,Texas,31.827233,-99.423022,13,Afternoon
Derailments,1979:02:MP:79250,0,0,4500,800,0,0,0,BOWIE,16:15,1979,1979,"E24C,","MP,",1,"E2,","E,",MAIN,Texas,31.827233,-99.423022,16,Afternoon
Derailments,1979:02:MKT:AX14S,0,1,2200,7050,0,0,0,MCLENNAN,12:10,1979,1979,"T110,","MKT,",1,"T1,","T,",YARD,Texas,31.827233,-99.423022,12,Afternoon
Derailments,1979:03:SP:G2999,0,2,590,7325,0,0,0,HUDSPETH,14:05,1979,1979,"E32C,","SP,",1,"E3,","E,",MAIN,Texas,31.827233,-99.423022,14,Afternoon
Derailments,1979:02:MP:79247,0,0,10125,73250,0,0,0,BRAZOS,14:15,1979,1979,"T299,","MP,",1,"T2,","T,",MAIN,Texas,31.827233,-99.423022,14,Afternoon
Derailments,1979:01:SP:H1959,0,0,7350,1900,0,0,0,HARRIS,15:30,1979,1979,"H306,","SP,",76,"H3,","H,",YARD,Texas,31.827233,-99.423022,15,Afternoon
Derailments,1979:02:MP:79056,0,0,200,4150,0,0,0,BOWIE,12:30,1979,1979,"E36C,","MP,",1,"E3,","E,",MAIN,Texas,31.827233,-99.423022,12,Afternoon
Derailments,1979:01:SP:H0049,0,0,3500,28800,0,0,0,BEE,16:45,1979,1979,"T220,","SP,",1,"T2,","T,",MAIN,Texas,31.827233,-99.423022,16,Afternoon
Derailments,1979:03:MP:79105,0,0,6000,1225,10,0,0,GREGG,13:40,1979,1979,"E00C,","MP,",1,"E0,","E,",MAIN,Texas,31.827233,-99.423022,13,Afternoon
Derailments,1979:03:PTRA:D1,0,0,0,26000,0,0,0,HARRIS,12:50,1979,1979,"T311,","PTRA,",7,"T3,","T,",INDUSTRY,Texas,31.827233,-99.423022,12,Afternoon
Side collision,1979:03:SP:L4589,0,0,0,3250,0,0,0,JEFFERSON,15:15,1979,1979,"H301,","SP,",15,"H3,","H,",YARD,Texas,31.827233,-99.423022,15,Afternoon
Derailments,1979:03:MP:79106,0,0,8900,17000,3,0,0,,14:00,1979,1979,"T201,","MP,",1,"T2,","T,",MAIN,Texas,31.827233,-99.423022,14,Afternoon
Derailments,1979:02:SP:H3849,0,0,500,9000,0,0,0,HARRIS,13:30,1979,1979,"T212,","SP,",7,"T2,","T,",YARD,Texas,31.827233,-99.423022,13,Afternoon
Side collision,1979:02:SP:71819,0,0,750,4900,3,1,1,EL PASO,14:10,1979,1979,"H525,","MP,SP,",17,"H5,","H,",YARD,Texas,31.827233,-99.423022,14,Afternoon
Derailments,1979:02:SP:71389,0,0,3700,0,8,0,0,EL PASO,15:05,1979,1979,"T110,","SP,",1,"T1,","T,",YARD,Texas,31.827233,-99.423022,15,Afternoon
Derailments,1979:03:SP:G3009,0,0,50,28000,0,0,0,BURLESON,15:40,1979,1979,"E33L,","SP,",1,"E3,","E,",MAIN,Texas,31.827233,-99.423022,15,Afternoon
Side collision,1979:03:PTRA:C1,0,0,234,12700,2,2,0,WICHITA,15:00,1979,1979,"H306,H302,","PTRA,",76,"H3,","H,",YARD,Texas,31.827233,-99.423022,15,Afternoon
Derailments,1979:02:SP:G1199,0,0,5200,1250,0,0,0,BEXAR,15:00,1979,1979,"T111,","SP,",1,"T1,","T,",MAIN,Texas,31.827233,-99.423022,15,Afternoon
Derailments,1979:03:SP:G2689,0,0,200,7950,0,0,0,BURNET,12:05,1979,1979,"T111,","SP,",1,"T1,","T,",INDUSTRY,Texas,31.827233,-99.423022,12,Afternoon
Side collision,1979:04:PTRA:A6,0,0,0,4000,0,0,0,WICHITA,13:00,1979,1979,"H306,","PTRA,",7,"H3,","H,",YARD,Texas,31.827233,-99.423022,13,Afternoon
Side collision,1979:04:LA:323637,0,0,0,3300,0,0,0,HARRISON,15:40,1979,1979,"M201,","LA,",15,"M2,","M,",MAIN,Texas,31.827233,-99.423022,15,Afternoon
Other impacts,1979:04:ATSF:22049107,0,0,0,9710,0,0,0,JOHNSON,15:05,1979,1979,"E79L,","ATSF,",8,"E7,","E,",YARD,Texas,31.827233,-99.423022,15,Afternoon
Derailments,1979:04:SP:H7279,0,0,10000,0,0,0,0,BROOKS,16:10,1979,1979,"T101,","SP,",1,"T1,","T,",MAIN,Texas,31.827233,-99.423022,16,Afternoon
Other impacts,1979:04:LA:310897,0,0,0,3000,0,0,0,TITUS,15:20,1979,1979,"E39C,","LA,",1,"E3,","E,",INDUSTRY,Texas,31.827233,-99.423022,15,Afternoon
Other impacts,1979:04:SP:G3859,0,0,5300,0,0,0,0,BREWSTER,15:45,1979,1979,"H702,","SP,",4,"H7,","H,",MAIN,Texas,31.827233,-99.423022,15,Afternoon
Derailments,1979:04:SP:N0379,0,0,0,3200,0,0,0,HARRIS,15:15,1979,1979,"T102,","SP,",1,"T1,","T,",YARD,Texas,31.827233,-99.423022,15,Afternoon
Side collision,1979:04:FWD:FW52,0,0,0,14900,1,1,0,TARRANT,14:00,1979,1979,"H021,","FWD,",76,"H0,","H,",YARD,Texas,31.827233,-99.423022,14,Afternoon
Highway-rail impact,1979:04:SLSF:GT3A46,1,1,0,7000,0,0,0,DALLAS,13:25,1979,1979,"M399,","SLSF,",1,"M3,","M,",MAIN,Texas,31.827233,-99.423022,13,Afternoon
Derailments,1979:04:SP:H8819,0,0,2500,600,0,0,0,ANGELINA,13:25,1979,1979,"T110,","SP,SSW,",11,"T1,","T,",YARD,Texas,31.827233,-99.423022,13,Afternoon
Side collision,1979:04:PTRA:A5,0,0,66,4000,0,0,0,WICHITA,13:15,1979,1979,"H401,","PTRA,",7,"H4,","H,",YARD,Texas,31.827233,-99.423022,13,Afternoon
Derailments,1979:04:MKT:AX41S,0,0,3000,3000,0,0,0,WILLIAMSON,14:20,1979,1979,"T220,","MKT,",1,"T2,","T,",MAIN,Texas,31.827233,-99.423022,14,Afternoon
Derailments,1979:04:SP:H9109,0,0,1200,8500,0,0,0,HARRIS,16:00,1979,1979,"T211,","MKT,SP,",67,"T2,","T,",YARD,Texas,31.827233,-99.423022,16,Afternoon
Derailments,1979:04:SP:L6869,0,0,4300,133550,4,2,2,,13:50,1979,1979,"E39C,","SP,",1,"E3,","E,",MAIN,Texas,31.827233,-99.423022,13,Afternoon
Highway-rail impact,1979:05:MP:64409P1278,0,6,21000,35000,0,0,0,GREGG,16:03,1979,1979,"M399,","MP,",1,"M3,","M,",MAIN,Texas,31.827233,-99.423022,16,Afternoon
Derailments,1979:05:MP:79137,0,0,295,12000,0,0,0,GREGG,13:45,1979,1979,"E49C,","MP,",1,"E4,","E,",MAIN,Texas,31.827233,-99.423022,13,Afternoon
Derailments,1979:06:ATSF:22069105,0,0,11500,12500,0,0,0,ERATH,16:50,1979,1979,"E53C,","ATSF,",1,"E5,","E,",MAIN,Texas,31.827233,-99.423022,16,Afternoon
Highway-rail impact,1979:05:SP:N0469,0,0,4500,27300,0,0,0,FORT BEND,12:14,1979,1979,"M399,","SP,",1,"M3,","M,",MAIN,Texas,31.827233,-99.423022,12,Afternoon
Derailments,1979:05:SP:L9589,0,0,3300,800,0,0,0,JEFFERSON,14:00,1979,1979,"T101,","SP,",7,"T1,","T,",YARD,Texas,31.827233,-99.423022,14,Afternoon
Rear end collision,1979:05:SP:N0569,2,16,100,21100,1,0,0,HARRIS,15:15,1979,1979,"H212,","SP,",1,"H2,","H,",MAIN,Texas,31.827233,-99.423022,15,Afternoon
Derailments,1979:05:FWD:FW64,0,0,22000,334144,0,0,0,WISE,13:25,1979,1979,"E22C,","FWD,",1,"E2,","E,",MAIN,Texas,31.827233,-99.423022,13,Afternoon
Side collision,1979:05:RI:WF798,0,0,640,3600,0,0,0,TARRANT,15:00,1979,1979,"H018,","RI,",76,"H0,","H,",YARD,Texas,31.827233,-99.423022,15,Afternoon
Other impacts,1979:06:ATSF:23069106,0,0,0,3900,0,0,0,BOSQUE,15:00,1979,1979,"H404,H307,","ATSF,",855,"H4,H3,H4,H3,H4,H3,","H,",MAIN,Texas,31.827233,-99.423022,15,Afternoon
Derailments,1979:05:SP:N1439,0,0,4000,0,0,0,0,HARRIS,15:00,1979,1979,"T399,","SP,",7,"T3,","T,",YARD,Texas,31.827233,-99.423022,15,Afternoon
Side collision,1979:05:PTRA:M1,0,0,0,3500,1,1,0,WICHITA,13:30,1979,1979,"S099,","PTRA,",7,"S0,","S,",YARD,Texas,31.827233,-99.423022,13,Afternoon
Derailments,1979:05:SP:N1919,0,0,3500,0,0,0,0,FORT BEND,16:40,1979,1979,"T110,","SP,",1,"T1,","T,",MAIN,Texas,31.827233,-99.423022,16,Afternoon
Raking collision,1979:06:ATSF:22069107,0,0,0,7000,0,0,0,JOHNSON,16:50,1979,1979,"H306,","ATSF,",17,"H3,","H,",YARD,Texas,31.827233,-99.423022,16,Afternoon
Derailments,1979:06:MKT:AX74S,0,0,7830,33800,0,0,0,,13:55,1979,1979,"T101,","MKT,",1,"T1,","T,",MAIN,Texas,31.827233,-99.423022,13,Afternoon
Derailments,1979:05:SP:G4369,0,0,3000,1200,0,0,0,BEXAR,13:30,1979,1979,"T101,E46C,","SP,",1,"T1,E4,","T,E,",MAIN,Texas,31.827233,-99.423022,13,Afternoon
Derailments,1979:06:MP:63409T1361,0,2,2500,30350,0,0,0,MCLENNAN,14:35,1979,1979,"T199,","MP,",1,"T1,","T,",MAIN,Texas,31.827233,-99.423022,14,Afternoon
Derailments,1979:06:RI:WF956,0,0,11000,41000,1,0,0,WISE,12:15,1979,1979,"H503,","RI,",1,"H5,","H,",MAIN,Texas,31.827233,-99.423022,12,Afternoon
Derailments,1979:06:MP:79164,0,0,12800,76900,0,0,0,PARKER,13:45,1979,1979,"T299,","MP,",1,"T2,","T,",MAIN,Texas,31.827233,-99.423022,13,Afternoon
Other impacts,1979:08:ATSF:23089104,0,2,0,35000,0,0,0,BOSQUE,13:15,1979,1979,"H601,","ATSF,",16,"H6,","H,",MAIN,Texas,31.827233,-99.423022,13,Afternoon
Derailments,1979:06:MP:79176,0,0,3500,17500,0,0,0,FANNIN,13:40,1979,1979,"T109,","MP,",1,"T1,","T,",MAIN,Texas,31.827233,-99.423022,13,Afternoon
Derailments,1979:06:SP:G5149,0,0,35000,574400,0,0,0,EL PASO,16:30,1979,1979,"M599,","SP,",1,"M5,","M,",MAIN,Texas,31.827233,-99.423022,16,Afternoon
Derailments,1979:06:SP:G5139,0,0,5600,1650,1,1,1,VAL VERDE,13:40,1979,1979,"M401,","SP,",15,"M4,","M,",MAIN,Texas,31.827233,-99.423022,13,Afternoon
Rear end collision,1979:06:PTRA:J4,0,0,475,62435,2,0,0,HARRIS,12:40,1979,1979,"H513,H205,","PTRA,",7,"H5,H2,","H,",MAIN,Texas,31.827233,-99.423022,12,Afternoon
Derailments,1979:07:FWD:FW98,0,0,5000,17550,0,0,0,ARCHER,15:05,1979,1979,"T111,","FWD,",1,"T1,","T,",MAIN,Texas,31.827233,-99.423022,15,Afternoon
Derailments,1979:06:MP:79162,0,0,17550,0,7,0,0,BRAZOS,15:30,1979,1979,"T108,","MP,",1,"T1,","T,",MAIN,Texas,31.827233,-99.423022,15,Afternoon
Derailments,1979:07:KCS:325079,0,0,3000,1000,0,0,0,JEFFERSON,13:30,1979,1979,"T216,","KCS,",7,"T2,","T,",YARD,Texas,31.827233,-99.423022,13,Afternoon
Highway-rail impact,1979:06:KCS:325031,4,0,0,3000,0,0,0,JEFFERSON,12:05,1979,1979,"M399,","KCS,",7,"M3,","M,",YARD,Texas,31.827233,-99.423022,12,Afternoon
Derailments,1979:07:FWD:JT73,0,0,1000,3300,0,0,0,TARRANT,16:15,1979,1979,"T110,","FWD,",1,"T1,","T,",YARD,Texas,31.827233,-99.423022,16,Afternoon
Derailments,1979:06:SP:N4759,0,0,4000,0,0,0,0,HARRIS,16:00,1979,1979,"T102,","SP,",1,"T1,","T,",YARD,Texas,31.827233,-99.423022,16,Afternoon
Derailments,1979:06:SP:G5319,0,0,11000,6500,0,0,0,ROBERTSON,13:15,1979,1979,"T199,","SP,",1,"T1,","T,",SIDING,Texas,31.827233,-99.423022,13,Afternoon
Other impacts,1979:07:ATSF:20079101,0,0,0,8000,0,0,0,HUTCHINSON,12:30,1979,1979,"H601,","ATSF,",86,"H6,","H,",YARD,Texas,31.827233,-99.423022,12,Afternoon
Highway-rail impact,1979:07:MKT:XA102S,0,0,0,3500,0,0,0,COMAL,16:45,1979,1979,"M399,","MKT,",1,"M3,","M,",MAIN,Texas,31.827233,-99.423022,16,Afternoon
Side collision,1979:06:SP:75479,0,0,1500,6650,0,0,0,EL PASO,14:55,1979,1979,"H525,","SP,",17,"H5,","H,",YARD,Texas,31.827233,-99.423022,14,Afternoon
Derailments,1979:06:SP:75599,0,0,7600,33550,0,0,0,EL PASO,15:45,1979,1979,"H505,","SP,",1,"H5,","H,",SIDING,Texas,31.827233,-99.423022,15,Afternoon
Derailments,1979:06:FWD:JT60,0,0,20000,228974,1,0,0,GRIMES,16:40,1979,1979,"T101,","FWD,",1,"T1,","T,",MAIN,Texas,31.827233,-99.423022,16,Afternoon
Derailments,1979:06:SP:N5359,0,0,25500,53000,2,2,1,HARRIS,13:50,1979,1979,"T101,","SP,",1,"T1,","T,",MAIN,Texas,31.827233,-99.423022,13,Afternoon
Head on collision,1979:07:SP:K3129,0,0,0,6000,0,0,0,TYLER,14:20,1979,1979,"H699,","SP,",15,"H6,","H,",MAIN,Texas,31.827233,-99.423022,14,Afternoon
Side collision,1979:09:ATSF:20099103,0,0,0,6215,0,0,0,OCHILTREE,16:15,1979,1979,"H306,","ATSF,",61,"H3,","H,",SIDING,Texas,31.827233,-99.423022,16,Afternoon
Derailments,1979:07:SP:Y0219,0,0,1800,8000,0,0,0,HARRIS,15:45,1979,1979,"T101,","SP,",1,"T1,","T,",YARD,Texas,31.827233,-99.423022,15,Afternoon
Side collision,1979:08:ATSF:20089104,0,0,0,23600,0,0,0,POTTER,13:00,1979,1979,"H306,","ATSF,",76,"H3,","H,",YARD,Texas,31.827233,-99.423022,13,Afternoon
Side collision,1979:08:ATSF:20089102,0,0,200,27100,1,1,0,POTTER,16:55,1979,1979,"H306,","ATSF,",17,"H3,","H,",YARD,Texas,31.827233,-99.423022,16,Afternoon
Derailments,1979:08:ATSF:22089102,0,0,15000,25150,0,0,0,TARRANT,12:20,1979,1979,"H603,E24C,","ATSF,",1,"H6,E2,","H,E,",MAIN,Texas,31.827233,-99.423022,12,Afternoon
Derailments,1979:08:KCS:325090,0,0,4000,70500,0,0,0,JEFFERSON,15:00,1979,1979,"T109,","KCS,",1,"T1,","T,",MAIN,Texas,31.827233,-99.423022,15,Afternoon
Derailments,1979:08:ATSF:23089106,0,0,3000,8200,0,0,0,HARDIN,14:50,1979,1979,"H505,","ATSF,",7,"H5,","H,",YARD,Texas,31.827233,-99.423022,14,Afternoon
Derailments,1979:07:SP:N8139,0,0,51000,1000,0,0,0,FORT BEND,13:38,1979,1979,"E52C,","SP,",1,"E5,","E,",MAIN,Texas,31.827233,-99.423022,13,Afternoon
Derailments,1979:08:RI:WF1267,0,0,1820,4425,0,0,0,DALLAS,14:00,1979,1979,"T314,T308,","MKT,RI,",767,"T3,","T,",YARD,Texas,31.827233,-99.423022,14,Afternoon
Derailments,1979:08:SP:G6729,0,0,2500,900,0,0,0,EL PASO,16:47,1979,1979,"M599,","SP,",1,"M5,","M,",MAIN,Texas,31.827233,-99.423022,16,Afternoon
Derailments,1979:08:HBT:AX4H79,0,0,1500,4300,0,0,0,HARRIS,16:00,1979,1979,"H301,","HBT,",7,"H3,","H,",YARD,Texas,31.827233,-99.423022,16,Afternoon
Derailments,1979:07:SP:G5909,0,0,1250,4750,0,0,0,HENDERSON,14:45,1979,1979,"T110,","SP,",1,"T1,","T,",MAIN,Texas,31.827233,-99.423022,14,Afternoon
Highway-rail impact,1979:08:ATSF:20089106,0,1,4000,6400,0,0,0,PARMER,15:58,1979,1979,"M399,","ATSF,",1,"M3,","M,",MAIN,Texas,31.827233,-99.423022,15,Afternoon
Derailments,1979:07:MP:79169,0,0,32000,207200,0,0,0,GREGG,15:00,1979,1979,"E00C,","MP,",1,"E0,","E,",MAIN,Texas,31.827233,-99.423022,15,Afternoon
Derailments,1979:09:ATSF:23099103,0,0,21500,247250,0,0,0,LAMPASAS,14:50,1979,1979,"T214,","ATSF,",1,"T2,","T,",MAIN,Texas,31.827233,-99.423022,14,Afternoon
Derailments,1979:10:SP:Y7589,0,0,5800,0,0,0,0,HARRIS,15:00,1979,1980,"T101,","SP,",1,"T1,","T,",MAIN,Texas,31.827233,-99.423022,15,Afternoon
Other impacts,1979:10:ATSF:20109104,0,0,0,10000,0,0,0,POTTER,15:50,1979,1980,"E08C,","ATSF,",7,"E0,","E,",YARD,Texas,31.827233,-99.423022,15,Afternoon
Derailments,1979:09:ATSF:22099101,0,1,14700,172700,0,0,0,NOLAN,15:15,1979,1979,"T214,","ATSF,",1,"T2,","T,",MAIN,Texas,31.827233,-99.423022,15,Afternoon
Derailments,1979:09:SP:G7949,0,0,4000,280,0,0,0,BEE,13:00,1979,1979,"T314,","SP,",1,"T3,","T,",YARD,Texas,31.827233,-99.423022,13,Afternoon
Derailments,1979:09:PTRA:SEPT2,0,0,20004,0,0,0,0,WICHITA,13:38,1979,1979,"T110,","PTRA,",1,"T1,","T,",YARD,Texas,31.827233,-99.423022,13,Afternoon
Derailments,1979:09:MP:79265,0,0,500,27310,4,0,0,JEFFERSON,14:40,1979,1979,"E64C,H702,","MP,SP,",1,"E6,H7,","E,H,",MAIN,Texas,31.827233,-99.423022,14,Afternoon
Derailments,1979:08:SP:Y0549,0,1,3750,0,0,0,0,GALVESTON,13:30,1979,1979,"T110,","SP,",1,"T1,","T,",YARD,Texas,31.827233,-99.423022,13,Afternoon
Derailments,1979:09:SP:G7289,0,0,2500,2700,0,0,0,BEE,12:15,1979,1979,"H505,","SP,",1,"H5,","H,",YARD,Texas,31.827233,-99.423022,12,Afternoon
Derailments,1979:09:SP:Y3879,0,1,84000,988200,21,21,0,SHELBY,16:20,1979,1979,"H604,","SP,",1,"H6,","H,",MAIN,Texas,31.827233,-99.423022,16,Afternoon
Derailments,1979:10:ATSF:23109102,0,0,650,5700,0,0,0,JEFFERSON,12:01,1979,1980,"T221,","ATSF,",67,"T2,","T,",YARD,Texas,31.827233,-99.423022,12,Afternoon
Derailments,1979:08:SP:K5379,0,0,150,36025,0,0,0,JEFFERSON,14:10,1979,1979,"H999,","SP,",7,"H9,","H,",YARD,Texas,31.827233,-99.423022,14,Afternoon
Derailments,1979:09:MKT:AX95S,0,0,2150,1100,0,0,0,MCLENNAN,13:30,1979,1979,"T110,","MKT,",7,"T1,","T,",YARD,Texas,31.827233,-99.423022,13,Afternoon
Side collision,1979:09:ATSF:20099102,0,0,0,15100,0,0,0,POTTER,12:40,1979,1979,"H601,H702,","ATSF,",86,"H6,H7,H6,H7,","H,",YARD,Texas,31.827233,-99.423022,12,Afternoon
Derailments,1979:08:SP:Y1879,0,0,0,15000,0,0,0,LAVACA,13:35,1979,1979,"T101,","SP,",4,"T1,","T,",MAIN,Texas,31.827233,-99.423022,13,Afternoon
Derailments,1979:10:MP:79291,0,0,3350,800,0,0,0,DALLAS,16:00,1979,1980,"T202,T212,","MP,SP,",7,"T2,","T,",YARD,Texas,31.827233,-99.423022,16,Afternoon
Derailments,1979:08:SP:G6869,0,1,0,4200,0,0,0,KAUFMAN,14:00,1979,1979,"M207,T102,","SP,",1,"M2,T1,","M,T,",MAIN,Texas,31.827233,-99.423022,14,Afternoon
Derailments,1979:09:SP:Y3859,0,0,3000,45000,0,0,0,WHARTON,12:55,1979,1979,"T102,","SP,",1,"T1,","T,",SIDING,Texas,31.827233,-99.423022,12,Afternoon
Broken train collision,1979:10:ATSF:20109105,0,0,0,6500,0,0,0,HEMPHILL,15:05,1979,1980,"E31C,T103,","ATSF,",61,"E3,T1,E3,T1,","E,T,E,T,",MAIN,Texas,31.827233,-99.423022,15,Afternoon
Derailments,1979:11:ATSF:22119102,0,0,6000,4000,0,0,0,HUNT,15:55,1979,1980,"T102,","ATSF,",1,"T1,","T,",MAIN,Texas,31.827233,-99.423022,15,Afternoon
Highway-rail impact,1979:10:FWD:FW159,0,0,0,35100,0,0,0,MONTAGUE,15:07,1979,1980,"M399,","FWD,",1,"M3,","M,",MAIN,Texas,31.827233,-99.423022,15,Afternoon
Derailments,1979:10:SSW:V4459,0,0,12000,9000,0,0,0,SMITH,16:55,1979,1980,"H503,","SSW,",1,"H5,","H,",YARD,Texas,31.827233,-99.423022,16,Afternoon
Derailments,1979:10:SP:80469,0,0,6000,0,0,0,0,EL PASO,13:15,1979,1980,"H702,","SP,",7,"H7,","H,",YARD,Texas,31.827233,-99.423022,13,Afternoon