AccidentType,inckey,Fatalities,Injuries,TrackDamage,EquipmentDamage,HazmatCars,HazmatCarsDerailed,HazmatCarsReleasing,County,DisplayTime,calendar,Fiscal,AccidentCause,RailroadCodes,RAILEQUIPMENT_TYPE,CauseGroup,CauseDiscipline,TYPE_OF_TRACK,StateName,latitude,longitude,hour,cat
Derailments,1979:10:MP:79302,0,0,1875,6900,36,1,0,TARRANT,12:15,1979,1980,"H702,","MP,",1,"H7,","H,",YARD,Texas,31.827233,-99.423022,12,Afternoon
Derailments,1979:10:SP:K8589,0,0,8600,2200,0,0,0,ORANGE,13:00,1979,1980,"T110,","SP,",7,"T1,","T,",YARD,Texas,31.827233,-99.423022,13,Afternoon
Derailments,1979:10:RI:WF1273,0,0,405,10700,0,0,0,DALLAS,15:40,1979,1980,"S099,","FWD,MKT,RI,",117,"S0,","S,",MAIN,Texas,31.827233,-99.423022,15,Afternoon
Head on collision,1979:10:LA:323825,0,2,0,7052,0,0,0,HOPKINS,15:25,1979,1980,"H402,","LA,",51,"H4,","H,",MAIN,Texas,31.827233,-99.423022,15,Afternoon
Highway-rail impact,1979:12:FWD:JT120,0,0,0,3500,0,0,0,HARRIS,16:40,1979,1980,"M399,","FWD,",1,"M3,","M,",MAIN,Texas,31.827233,-99.423022,16,Afternoon
Derailments,1980:01:SP:U0190,0,0,7980,2050,0,0,0,DALLAS,16:30,1980,1980,"T220,","SP,",1,"T2,","T,",MAIN,Texas,31.827233,-99.423022,16,Afternoon
Derailments,1979:12:ATSF:20129101,0,0,36450,1400,0,0,0,HALE,13:30,1979,1980,"T299,","ATSF,",1,"T2,","T,",MAIN,Texas,31.827233,-99.423022,13,Afternoon
Derailments,1979:11:SLSF:T3A66,0,0,8000,14800,2,0,0,GRAYSON,12:25,1979,1980,"T101,","SLSF,",1,"T1,","T,",MAIN,Texas,31.827233,-99.423022,12,Afternoon
Derailments,1979:11:MP:79306,0,0,0,14250,0,0,0,HAYS,12:20,1979,1980,"T101,","MKT,",1,"T1,","T,",MAIN,Texas,31.827233,-99.423022,12,Afternoon
Other impacts,1979:11:SP:Z1609,0,0,0,4587,0,0,0,HARRIS,13:00,1979,1980,"H306,","SP,",7,"H3,","H,",YARD,Texas,31.827233,-99.423022,13,Afternoon
Derailments,1979:11:SP:81409,0,0,2975,100,0,0,0,EL PASO,15:55,1979,1980,"T311,","SP,",7,"T3,","T,",YARD,Texas,31.827233,-99.423022,15,Afternoon
Derailments,1979:11:SSW:V5599,0,0,150,5000,0,0,0,MCLENNAN,14:15,1979,1980,"H018,","SSW,",7,"H0,","H,",INDUSTRY,Texas,31.827233,-99.423022,14,Afternoon
Side collision,1979:12:SP:Z5139,0,0,100,7470,0,0,0,HARRIS,14:35,1979,1980,"H306,","SP,",67,"H3,","H,",INDUSTRY,Texas,31.827233,-99.423022,14,Afternoon
Rear end collision,1979:11:SP:Z2279,0,0,0,10500,0,0,0,HARRIS,15:30,1979,1980,"H602,","SP,",6,"H6,","H,",YARD,Texas,31.827233,-99.423022,15,Afternoon
Derailments,1979:11:SP:G8819,0,0,14360,600,0,0,0,ELLIS,15:50,1979,1980,"T311,","SP,",7,"T3,","T,",YARD,Texas,31.827233,-99.423022,15,Afternoon
Derailments,1980:01:SP:W1250,0,0,30000,30000,0,0,0,HARRIS,16:10,1980,1980,"H312,","SP,",7,"H3,","H,",INDUSTRY,Texas,31.827233,-99.423022,16,Afternoon
Side collision,1979:11:SP:Z2269,0,0,0,3500,0,0,0,HARRIS,16:10,1979,1980,"H210,","SP,",85,"H2,","H,",YARD,Texas,31.827233,-99.423022,16,Afternoon
Side collision,1979:11:RI:WF1430,0,0,200,4400,0,0,0,TARRANT,12:30,1979,1980,"M599,","RI,",67,"M5,","M,",YARD,Texas,31.827233,-99.423022,12,Afternoon
Derailments,1979:12:MKT:AX123S,0,0,25500,2150,0,0,0,MCLENNAN,15:25,1979,1980,"E07C,","MKT,MP,",11,"E0,","E,",MAIN,Texas,31.827233,-99.423022,15,Afternoon
Derailments,1979:11:SP:S1729,0,0,500,3200,1,1,0,ANGELINA,16:00,1979,1980,"E52C,","SP,",1,"E5,","E,",MAIN,Texas,31.827233,-99.423022,16,Afternoon
Derailments,1979:12:SSW:V7019,0,0,4280,24100,0,0,0,CHEROKEE,13:15,1979,1980,"T110,","SSW,",1,"T1,","T,",MAIN,Texas,31.827233,-99.423022,13,Afternoon
Derailments,1979:11:RI:MK791111,0,0,3114,190,0,0,0,,13:15,1979,1980,"T101,","RI,",1,"T1,","T,",MAIN,Texas,31.827233,-99.423022,13,Afternoon
Derailments,1980:01:SP:W0040,0,0,15000,0,0,0,0,HARRIS,16:30,1980,1980,"H503,","SP,",7,"H5,","H,",YARD,Texas,31.827233,-99.423022,16,Afternoon
Derailments,1979:12:MKT:AX128S,0,0,2500,3650,0,0,0,MCLENNAN,15:30,1979,1980,"T110,","MKT,",1,"T1,","T,",YARD,Texas,31.827233,-99.423022,15,Afternoon
Derailments,1979:12:SP:S3219,0,0,4500,400,0,0,0,JEFFERSON,14:00,1979,1980,"T110,","SP,",1,"T1,","T,",MAIN,Texas,31.827233,-99.423022,14,Afternoon
Highway-rail impact,1979:11:FWD:JT111,0,1,0,9000,0,0,0,MADISON,13:12,1979,1980,"M399,","FWD,",1,"M3,","M,",MAIN,Texas,31.827233,-99.423022,13,Afternoon
Derailments,1979:12:KCS:320126,0,0,4280,0,0,0,0,JEFFERSON,13:00,1979,1980,"H702,","KCS,",NA,"H7,","H,",YARD,Texas,31.827233,-99.423022,13,Afternoon
Side collision,1979:12:ATSF:20129103,0,0,0,4990,0,0,0,RANDALL,16:40,1979,1980,"H018,","ATSF,",51,"H0,","H,",YARD,Texas,31.827233,-99.423022,16,Afternoon
Derailments,1980:01:MKT:AX1S,0,0,1500,2525,0,0,0,TARRANT,16:57,1980,1980,"H702,","MKT,",1,"H7,","H,",MAIN,Texas,31.827233,-99.423022,16,Afternoon
Derailments,1980:01:MP:80034,0,0,7000,1800,0,0,0,CHEROKEE,16:55,1980,1980,"H503,","MP,",1,"H5,","H,",MAIN,Texas,31.827233,-99.423022,16,Afternoon
Derailments,1980:01:SP:U0050,0,0,15000,0,0,0,0,WILSON,16:10,1980,1980,"E46C,T108,","SP,",1,"E4,T1,","E,T,",MAIN,Texas,31.827233,-99.423022,16,Afternoon
Derailments,1980:01:SP:U0720,0,0,100,5100,0,0,0,GONZALES,16:30,1980,1980,"T101,","SP,",7,"T1,","T,",YARD,Texas,31.827233,-99.423022,16,Afternoon
Derailments,1979:12:RI:WF1537,0,0,2100,4350,0,0,0,TARRANT,12:45,1979,1980,"T110,","RI,",7,"T1,","T,",YARD,Texas,31.827233,-99.423022,12,Afternoon
Derailments,1979:12:SP:Z2819,0,0,3500,400,0,0,0,HARRIS,13:50,1979,1980,"H503,H701,","SP,",7,"H5,H7,","H,",YARD,Texas,31.827233,-99.423022,13,Afternoon
Derailments,1980:01:RI:MK80142,0,0,4500,300,0,0,0,MOORE,12:15,1980,1980,"T212,","RI,",1,"T2,","T,",MAIN,Texas,31.827233,-99.423022,12,Afternoon
Derailments,1980:01:SP:S0280,0,0,0,3000,0,0,0,EL PASO,13:30,1980,1980,"H020,","SP,",7,"H0,","H,",YARD,Texas,31.827233,-99.423022,13,Afternoon
Other impacts,1980:01:ATSF:200180104,0,0,0,5000,0,0,0,DEAF SMITH,14:45,1980,1980,"H207,","ATSF,",67,"H2,","H,",YARD,Texas,31.827233,-99.423022,14,Afternoon
Other impacts,1980:01:SSW:K0750,0,0,5935,0,0,0,0,BOWIE,16:30,1980,1980,"M599,","SSW,",1,"M5,","M,",MAIN,Texas,31.827233,-99.423022,16,Afternoon
Derailments,1980:01:SP:F0000,0,0,9600,400,0,0,0,JEFFERSON,14:30,1980,1980,"T108,","SP,",1,"T1,","T,",INDUSTRY,Texas,31.827233,-99.423022,14,Afternoon
Derailments,1980:01:SP:U0150,0,0,4200,0,0,0,0,BEXAR,15:40,1980,1980,"T110,","SP,",1,"T1,","T,",MAIN,Texas,31.827233,-99.423022,15,Afternoon
Rear end collision,1980:01:MP:80019,0,0,0,4500,0,0,0,WILLIAMSON,12:40,1980,1980,"H699,","MP,",1,"H6,","H,",SIDING,Texas,31.827233,-99.423022,12,Afternoon
Derailments,1980:01:PTRA:JAN1,0,0,3128,0,0,0,0,HARRIS,14:30,1980,1980,"T314,","PTRA,",1,"T3,","T,",INDUSTRY,Texas,31.827233,-99.423022,14,Afternoon
Derailments,1980:01:SP:U0210,0,0,3840,0,0,0,0,TRAVIS,12:30,1980,1980,"T220,","SP,",7,"T2,","T,",YARD,Texas,31.827233,-99.423022,12,Afternoon
Derailments,1979:12:SLSF:T3A73,0,0,200,6000,0,0,0,LAMAR,16:30,1979,1980,"T220,","SLSF,",1,"T2,","T,",YARD,Texas,31.827233,-99.423022,16,Afternoon
Rear end collision,1980:01:MKT:AX6S,0,0,0,4000,0,0,0,COMAL,15:15,1980,1980,"H601,","MKT,",81,"H6,","H,",INDUSTRY,Texas,31.827233,-99.423022,15,Afternoon
Derailments,1980:02:FWD:FW40,0,2,500,6000,0,0,0,WISE,12:30,1980,1980,"H503,","FWD,",1,"H5,","H,",MAIN,Texas,31.827233,-99.423022,12,Afternoon
Derailments,1980:01:SP:U0290,0,0,4260,0,0,0,0,LAMAR,14:00,1980,1980,"T202,","SP,",1,"T2,","T,",YARD,Texas,31.827233,-99.423022,14,Afternoon
Derailments,1980:01:RI:MK80143,0,0,4595,1700,5,5,0,MOORE,15:30,1980,1980,"T110,","RI,",1,"T1,","T,",MAIN,Texas,31.827233,-99.423022,15,Afternoon
Derailments,1980:01:SP:W1190,0,0,9000,4800,0,0,0,GALVESTON,13:20,1980,1980,"T110,","SP,",1,"T1,","T,",YARD,Texas,31.827233,-99.423022,13,Afternoon
Rear end collision,1980:03:ATSF:230380103,0,4,0,36500,22,1,0,BROWN,16:15,1980,1980,"H699,","ATSF,",1,"H6,","H,",MAIN,Texas,31.827233,-99.423022,16,Afternoon
Derailments,1980:01:KCS:319097,0,0,3000,17858,0,0,0,JEFFERSON,14:30,1980,1980,"T101,","KCS,",7,"T1,","T,",YARD,Texas,31.827233,-99.423022,14,Afternoon
Derailments,1979:12:SP:G9989,0,0,0,97500,0,0,0,BURNET,13:00,1979,1980,"H601,","SP,",1,"H6,","H,",MAIN,Texas,31.827233,-99.423022,13,Afternoon
Derailments,1980:01:ATSF:230180101,0,0,27750,4200,0,0,0,AUSTIN,12:30,1980,1980,"T106,T101,","ATSF,",1,"T1,","T,",MAIN,Texas,31.827233,-99.423022,12,Afternoon
Derailments,1980:01:SP:W0030,0,0,12000,118200,4,0,0,NACOGDOCHES,13:30,1980,1980,"E34C,","SP,",1,"E3,","E,",MAIN,Texas,31.827233,-99.423022,13,Afternoon
Derailments,1980:01:ATSF:230180103,0,0,4500,44000,0,0,0,GALVESTON,13:30,1980,1980,"M405,","ATSF,",7,"M4,","M,",YARD,Texas,31.827233,-99.423022,13,Afternoon
Derailments,1980:02:SP:U1740,0,0,700,8700,0,0,0,NAVARRO,13:15,1980,1980,"E21C,","SP,",1,"E2,","E,",MAIN,Texas,31.827233,-99.423022,13,Afternoon
Derailments,1980:01:RI:MK80160,0,0,2650,300,2,2,0,MOORE,12:15,1980,1980,"T110,","RI,",1,"T1,","T,",SIDING,Texas,31.827233,-99.423022,12,Afternoon
Derailments,1980:01:SP:W1230,0,0,8000,3000,0,0,0,HARRIS,15:00,1980,1980,"T202,","SP,",7,"T2,","T,",YARD,Texas,31.827233,-99.423022,15,Afternoon
Side collision,1980:03:ATSF:200380103,0,0,0,6100,0,0,0,POTTER,15:15,1980,1980,"H307,","ATSF,",57,"H3,","H,",YARD,Texas,31.827233,-99.423022,15,Afternoon
Derailments,1980:02:SP:U1150,0,0,6120,400,0,0,0,GRAYSON,14:45,1980,1980,"T110,","SP,",1,"T1,","T,",YARD,Texas,31.827233,-99.423022,14,Afternoon
Derailments,1980:02:SP:S1430,0,0,315000,102575,0,0,0,EL PASO,15:15,1980,1980,"H505,","SP,",1,"H5,","H,",YARD,Texas,31.827233,-99.423022,15,Afternoon
Derailments,1980:02:MP:80039,0,0,1000,11500,11,1,0,BOWIE,15:50,1980,1980,"T110,T111,","KCS,MP,",7,"T1,","T,",YARD,Texas,31.827233,-99.423022,15,Afternoon
Rear end collision,1980:02:SP:W3780,0,2,100,6000,0,0,0,HARRIS,16:00,1980,1980,"H307,","SP,",87,"H3,","H,",INDUSTRY,Texas,31.827233,-99.423022,16,Afternoon
Derailments,1980:02:MP:80031,0,0,3300,3400,0,0,0,DALLAS,12:01,1980,1980,"T110,","MP,SP,",7,"T1,","T,",YARD,Texas,31.827233,-99.423022,12,Afternoon
Derailments,1980:02:SP:U1290,0,0,11250,9000,0,0,0,KAUFMAN,14:55,1980,1980,"T110,","SP,",1,"T1,","T,",MAIN,Texas,31.827233,-99.423022,14,Afternoon
Derailments,1980:02:MKT:AX9S,0,0,1350,7500,0,0,0,DALLAS,15:10,1980,1980,"T110,","MKT,",7,"T1,","T,",SIDING,Texas,31.827233,-99.423022,15,Afternoon
Derailments,1980:02:SP:W4660,0,0,1500,2000,0,0,0,HARRIS,14:00,1980,1980,"E46C,T313,","SP,",7,"E4,T3,","E,T,",INDUSTRY,Texas,31.827233,-99.423022,14,Afternoon
Derailments,1980:02:KCS:325676,0,0,4500,53670,8,3,0,JEFFERSON,16:20,1980,1980,"E68C,","KCS,",7,"E6,","E,",MAIN,Texas,31.827233,-99.423022,16,Afternoon
Side collision,1980:03:ATSF:220380106,0,0,400,11375,0,0,0,BROWN,16:45,1980,1980,"H306,","ATSF,",67,"H3,","H,",YARD,Texas,31.827233,-99.423022,16,Afternoon
Derailments,1980:02:MP:80069,0,0,10000,20000,0,0,0,WOOD,13:50,1980,1980,"E00C,","MP,",11,"E0,","E,",YARD,Texas,31.827233,-99.423022,13,Afternoon
Derailments,1980:03:ATSF:220380103,0,0,550,6000,2,2,1,BROWN,13:45,1980,1980,"T101,","ATSF,",7,"T1,","T,",YARD,Texas,31.827233,-99.423022,13,Afternoon
Derailments,1980:02:RI:MK80239,0,0,2285,900,0,0,0,MOORE,15:45,1980,1980,"T110,","RI,",1,"T1,","T,",YARD,Texas,31.827233,-99.423022,15,Afternoon
Other impacts,1980:03:ATSF:230380102,0,0,0,24350,0,0,0,BELL,15:10,1980,1980,"H020,","ATSF,",6,"H0,","H,",YARD,Texas,31.827233,-99.423022,15,Afternoon
Derailments,1980:02:SP:W3400,0,0,400,4650,0,0,0,HARRIS,13:00,1980,1980,"H503,","SP,",76,"H5,","H,",YARD,Texas,31.827233,-99.423022,13,Afternoon
Derailments,1980:02:SP:U1470,0,0,4796,0,0,0,0,BREWSTER,14:00,1980,1980,"H310,","SP,",1,"H3,","H,",MAIN,Texas,31.827233,-99.423022,14,Afternoon
Other impacts,1980:02:SP:U1360,0,0,5560,13850,0,0,0,PRESIDIO,15:50,1980,1980,"H999,","SP,",6,"H9,","H,",MAIN,Texas,31.827233,-99.423022,15,Afternoon
Derailments,1980:02:SP:F1570,0,0,3100,0,0,0,0,LIBERTY,15:00,1980,1980,"T110,","SP,",7,"T1,","T,",INDUSTRY,Texas,31.827233,-99.423022,15,Afternoon
Derailments,1980:02:SP:U1230,0,0,3000,0,0,0,0,CAMERON,14:40,1980,1980,"T111,","SP,",7,"T1,","T,",YARD,Texas,31.827233,-99.423022,14,Afternoon
Derailments,1980:03:SP:W6520,0,0,7000,115,0,0,0,VICTORIA,13:45,1980,1980,"H312,","SP,",7,"H3,","H,",YARD,Texas,31.827233,-99.423022,13,Afternoon
Derailments,1980:04:FWD:FW91,0,0,2200,1240,0,0,0,JONES,14:05,1980,1980,"T214,","FWD,",1,"T2,","T,",YARD,Texas,31.827233,-99.423022,14,Afternoon
Derailments,1980:03:SP:W5940,0,0,6000,2200,0,0,0,WHARTON,13:15,1980,1980,"M204,","SP,",1,"M2,","M,",MAIN,Texas,31.827233,-99.423022,13,Afternoon
Derailments,1980:03:SP:W5720,0,0,5000,0,0,0,0,HARRIS,14:00,1980,1980,"H525,","SP,",7,"H5,","H,",YARD,Texas,31.827233,-99.423022,14,Afternoon
Derailments,1980:03:FWD:JT29,0,0,2500,2700,0,0,0,FREESTONE,14:30,1980,1980,"H702,M503,","FWD,",1,"H7,M5,","H,M,",YARD,Texas,31.827233,-99.423022,14,Afternoon
Derailments,1980:03:HBT:AX4C80,0,0,0,3400,1,1,1,HARRIS,14:30,1980,1980,"H303,","HBT,",7,"H3,","H,",YARD,Texas,31.827233,-99.423022,14,Afternoon
Derailments,1980:03:FWD:FW57,0,0,0,25800,0,0,0,TARRANT,12:52,1980,1980,"T303,","FWD,",1,"T3,","T,",MAIN,Texas,31.827233,-99.423022,12,Afternoon
Derailments,1980:03:RSS:580,0,0,14000,10000,0,0,0,MILAM,13:20,1980,1980,"T103,","RSS,",1,"T1,","T,",MAIN,Texas,31.827233,-99.423022,13,Afternoon
Derailments,1980:03:MP:80092,0,0,3500,8700,16,0,0,HOWARD,15:04,1980,1980,"T215,","MP,",1,"T2,","T,",YARD,Texas,31.827233,-99.423022,15,Afternoon
Highway-rail impact,1980:05:MKT:XA94S,0,0,3940,2700,0,0,0,HILL,15:45,1980,1980,"M399,","MKT,MP,",1,"M3,","M,",MAIN,Texas,31.827233,-99.423022,15,Afternoon
Side collision,1980:03:SP:U2470,0,0,250,3950,0,0,0,DALLAS,15:15,1980,1980,"H310,","SP,",7,"H3,","H,",YARD,Texas,31.827233,-99.423022,15,Afternoon
Derailments,1980:03:SP:X0760,0,0,4000,0,0,0,0,HARRIS,16:30,1980,1980,"H307,","SP,",7,"H3,","H,",INDUSTRY,Texas,31.827233,-99.423022,16,Afternoon
Side collision,1980:03:SP:U2350,0,0,5780,3975,0,0,0,ROBERTSON,15:35,1980,1980,"T220,","SP,",67,"T2,","T,",YARD,Texas,31.827233,-99.423022,15,Afternoon
Derailments,1980:05:MP:80141,0,0,47700,241005,0,0,0,DENTON,16:30,1980,1980,"T108,T299,E00C,","MKT,MP,",1,"T1,T2,E0,","T,E,",MAIN,Texas,31.827233,-99.423022,16,Afternoon
Derailments,1980:03:SP:W6510,0,0,11200,3450,0,0,0,FORT BEND,13:30,1980,1980,"M204,T101,","SP,",1,"M2,T1,","M,T,",SIDING,Texas,31.827233,-99.423022,13,Afternoon
Derailments,1980:04:ATSF:200480101,0,0,1000,8400,0,0,0,POTTER,16:25,1980,1980,"T101,","ATSF,",1,"T1,","T,",YARD,Texas,31.827233,-99.423022,16,Afternoon
Derailments,1980:03:SP:U2410,0,0,3266,0,0,0,0,EL PASO,15:45,1980,1980,"T111,","SP,",1,"T1,","T,",MAIN,Texas,31.827233,-99.423022,15,Afternoon
Derailments,1980:04:SP:X0560,0,0,8000,0,0,0,0,HARRIS,14:00,1980,1980,"T110,","SP,",7,"T1,","T,",YARD,Texas,31.827233,-99.423022,14,Afternoon
Derailments,1980:04:SP:W8240,0,0,8000,0,0,0,0,HARRIS,16:00,1980,1980,"T202,","SP,",7,"T2,","T,",YARD,Texas,31.827233,-99.423022,16,Afternoon
Derailments,1980:04:LA:327241,0,0,350,3335,0,0,0,HOPKINS,15:30,1980,1980,"E34C,","LA,",1,"E3,","E,",MAIN,Texas,31.827233,-99.423022,15,Afternoon
Derailments,1980:05:ATSF:230580105,0,0,15000,94700,0,0,0,LAMPASAS,16:00,1980,1980,"T109,","ATSF,",1,"T1,","T,",MAIN,Texas,31.827233,-99.423022,16,Afternoon
Derailments,1980:04:SP:W9100,0,0,1000,25000,0,0,0,HARRIS,16:45,1980,1980,"T311,","SP,",7,"T3,","T,",INDUSTRY,Texas,31.827233,-99.423022,16,Afternoon
Derailments,1980:04:HBT:AX2D80,0,0,450,11375,0,0,0,HARRIS,16:40,1980,1980,"H306,","HBT,",7,"H3,","H,",YARD,Texas,31.827233,-99.423022,16,Afternoon
Derailments,1980:04:KCS:323470,0,0,10000,61000,0,0,0,BOWIE,13:55,1980,1980,"T302,","KCS,",1,"T3,","T,",MAIN,Texas,31.827233,-99.423022,13,Afternoon
Derailments,1980:04:SWEP:INDUSTRY,0,0,0,5000,0,0,0,TITUS,15:55,1980,1980,"T109,","LA,",1,"T1,","T,",INDUSTRY,Texas,31.827233,-99.423022,15,Afternoon
Derailments,1980:04:FWD:FW89,0,0,5000,1700,0,0,0,WICHITA,15:15,1980,1980,"H702,M503,","FWD,",1,"H7,M5,","H,M,",MAIN,Texas,31.827233,-99.423022,15,Afternoon
Derailments,1980:04:SP:W8540,0,0,8200,0,0,0,0,HARRIS,13:15,1980,1980,"H310,","SP,",7,"H3,","H,",YARD,Texas,31.827233,-99.423022,13,Afternoon
Derailments,1980:04:SP:U3560,0,0,3750,0,0,0,0,DALLAS,14:15,1980,1980,"E40C,H505,","SP,",7,"E4,H5,","E,H,",YARD,Texas,31.827233,-99.423022,14,Afternoon
Derailments,1980:04:LA:311440,0,0,209,5000,0,0,0,CASS,16:30,1980,1980,"H702,","LA,",1,"H7,","H,",YARD,Texas,31.827233,-99.423022,16,Afternoon
Derailments,1980:05:HBT:AX1E80,0,0,3100,1000,0,0,0,HARRIS,16:15,1980,1980,"T314,","HBT,",7,"T3,","T,",INDUSTRY,Texas,31.827233,-99.423022,16,Afternoon
Raking collision,1980:05:HBT:AX2E80,0,0,0,3500,0,0,0,HARRIS,14:00,1980,1980,"M205,","HBT,",76,"M2,","M,",YARD,Texas,31.827233,-99.423022,14,Afternoon
Derailments,1980:04:MKT:AX22S,0,0,840,5500,0,0,0,DALLAS,16:45,1980,1980,"E46C,","MKT,",7,"E4,","E,",INDUSTRY,Texas,31.827233,-99.423022,16,Afternoon
Derailments,1980:04:SP:W8530,0,0,2000,1100,0,0,0,COLORADO,16:30,1980,1980,"E64C,","SP,",7,"E6,","E,",YARD,Texas,31.827233,-99.423022,16,Afternoon
Derailments,1980:04:KCS:327188,0,0,3500,41000,3,0,0,BOWIE,13:10,1980,1980,"T109,","KCS,",1,"T1,","T,",SIDING,Texas,31.827233,-99.423022,13,Afternoon
Derailments,1980:04:FWD:FW99,0,0,15000,88850,0,0,0,CLAY,15:35,1980,1980,"M401,","FWD,",1,"M4,","M,",MAIN,Texas,31.827233,-99.423022,15,Afternoon
Derailments,1980:04:SP:U3400,0,0,15000,60325,0,0,0,BEXAR,15:09,1980,1980,"T199,","SP,",1,"T1,","T,",MAIN,Texas,31.827233,-99.423022,15,Afternoon
Derailments,1980:04:SP:W8320,0,0,4000,600,0,0,0,,16:30,1980,1980,"T110,","SP,",1,"T1,","T,",MAIN,Texas,31.827233,-99.423022,16,Afternoon
Derailments,1980:05:MP:80138,0,0,12000,9000,0,0,0,,16:30,1980,1980,"T213,","MP,",1,"T2,","T,",YARD,Texas,31.827233,-99.423022,16,Afternoon
Derailments,1980:05:FWD:FW113,0,0,3000,18215,0,0,0,DONLEY,15:00,1980,1980,"T109,","FWD,",1,"T1,","T,",MAIN,Texas,31.827233,-99.423022,15,Afternoon
Derailments,1980:04:SP:W8970,0,0,1200,6000,0,0,0,HARRIS,16:30,1980,1980,"T311,","SP,",7,"T3,","T,",INDUSTRY,Texas,31.827233,-99.423022,16,Afternoon
Rear end collision,1980:04:SP:S5010,0,0,0,3114,0,0,0,EL PASO,14:30,1980,1980,"M599,","SP,",5,"M5,","M,",YARD,Texas,31.827233,-99.423022,14,Afternoon
Derailments,1980:04:MP:80110,0,0,8600,38000,0,0,0,REEVES,13:10,1980,1980,"T216,","MP,",1,"T2,","T,",MAIN,Texas,31.827233,-99.423022,13,Afternoon
Other impacts,1980:04:SP:S3890,0,0,7000,0,0,0,0,EL PASO,15:30,1980,1980,"H206,","SP,",8,"H2,","H,",YARD,Texas,31.827233,-99.423022,15,Afternoon
Derailments,1980:05:KCS:323585,0,0,2500,100250,10,4,0,BOWIE,15:15,1980,1980,"M204,","KCS,",1,"M2,","M,",MAIN,Texas,31.827233,-99.423022,15,Afternoon
Derailments,1980:05:MP:80164,0,0,100,6500,0,0,0,BRAZORIA,16:45,1980,1980,"T102,","MP,",7,"T1,","T,",YARD,Texas,31.827233,-99.423022,16,Afternoon
Derailments,1980:04:KCS:325709,0,0,3200,4600,0,0,0,JEFFERSON,15:45,1980,1980,"T110,","KCS,",7,"T1,","T,",YARD,Texas,31.827233,-99.423022,15,Afternoon
Derailments,1980:04:SP:W8330,0,0,4000,0,0,0,0,COLORADO,16:30,1980,1980,"T110,","SP,",7,"T1,","T,",SIDING,Texas,31.827233,-99.423022,16,Afternoon
Derailments,1980:04:MP:80117,0,0,1500,57000,0,0,0,VAN ZANDT,12:50,1980,1980,"E33C,","MP,",1,"E3,","E,",MAIN,Texas,31.827233,-99.423022,12,Afternoon
Derailments,1980:04:SP:F5090,0,0,3100,0,0,0,0,JEFFERSON,14:00,1980,1980,"T299,","SP,",7,"T2,","T,",YARD,Texas,31.827233,-99.423022,14,Afternoon
Derailments,1980:07:FWD:JT65,0,0,85000,164500,0,0,0,FREESTONE,14:20,1980,1980,"H406,","FWD,",1,"H4,","H,",MAIN,Texas,31.827233,-99.423022,14,Afternoon
Derailments,1980:06:SP:X5000,0,0,8700,2600,0,0,0,FORT BEND,14:45,1980,1980,"E46C,","SP,",1,"E4,","E,",MAIN,Texas,31.827233,-99.423022,14,Afternoon
Derailments,1980:06:SP:X5350,0,0,5500,0,0,0,0,COLORADO,16:00,1980,1980,"E64C,","SP,",7,"E6,","E,",YARD,Texas,31.827233,-99.423022,16,Afternoon
Side collision,1980:07:SP:S7590,0,0,4500,0,0,0,0,EL PASO,16:40,1980,1980,"H205,","SP,",57,"H2,","H,",YARD,Texas,31.827233,-99.423022,16,Afternoon
Derailments,1980:06:OKT:OKTAX1,0,0,3500,21100,0,0,0,WISE,16:05,1980,1980,"T108,T299,","OKT,",1,"T1,T2,","T,",MAIN,Texas,31.827233,-99.423022,16,Afternoon
Derailments,1980:07:SP:S7170,0,0,1585,1400,0,0,0,EL PASO,16:45,1980,1980,"H702,","SP,",8,"H7,","H,",MAIN,Texas,31.827233,-99.423022,16,Afternoon
Derailments,1980:06:SP:X3970,0,0,1100,7000,0,0,0,HARRIS,16:34,1980,1980,"T103,H503,","SP,",1,"T1,H5,","T,H,",MAIN,Texas,31.827233,-99.423022,16,Afternoon
Derailments,1980:07:ATSF:200780101,0,0,2295,18400,1,0,0,LUBBOCK,15:15,1980,1980,"E64C,","ATSF,",1,"E6,","E,",YARD,Texas,31.827233,-99.423022,15,Afternoon
Derailments,1980:06:PTRA:JUNE1,0,0,1213,31500,0,0,0,HARRIS,14:30,1980,1980,"E46C,H603,","ATSF,PTRA,",561,"E4,H6,","E,H,",YARD,Texas,31.827233,-99.423022,14,Afternoon
Derailments,1980:08:ATSF:200880103,0,0,8000,2650,0,0,0,LIPSCOMB,15:00,1980,1980,"T109,","ATSF,",1,"T1,","T,",MAIN,Texas,31.827233,-99.423022,15,Afternoon
Derailments,1980:07:MKT:AX63S,0,0,29882,328900,0,0,0,WILLIAMSON,15:50,1980,1980,"T108,","MKT,",1,"T1,","T,",MAIN,Texas,31.827233,-99.423022,15,Afternoon
Derailments,1980:06:SP:X5010,0,0,4200,6250,0,0,0,NUECES,16:45,1980,1980,"E40C,","SP,",7,"E4,","E,",MAIN,Texas,31.827233,-99.423022,16,Afternoon
Derailments,1980:06:SP:U5240,0,0,30200,1875,0,0,0,ROBERTSON,16:29,1980,1980,"T108,","SP,",1,"T1,","T,",SIDING,Texas,31.827233,-99.423022,16,Afternoon