AccidentType,inckey,Fatalities,Injuries,TrackDamage,EquipmentDamage,HazmatCars,HazmatCarsDerailed,HazmatCarsReleasing,County,DisplayTime,calendar,Fiscal,AccidentCause,RailroadCodes,RAILEQUIPMENT_TYPE,CauseGroup,CauseDiscipline,TYPE_OF_TRACK,StateName,latitude,longitude,hour,cat
Derailments,1980:07:ATSF:230780102,0,0,3655,5100,0,0,0,JEFFERSON,14:10,1980,1980,"T101,","ATSF,",7,"T1,","T,",YARD,Texas,31.827233,-99.423022,14,Afternoon
Derailments,1980:08:KCS:319904,0,0,826,4200,6,2,0,JEFFERSON,16:00,1980,1980,"E64C,","KCS,",1,"E6,","E,",MAIN,Texas,31.827233,-99.423022,16,Afternoon
Rear end collision,1980:07:ATSF:230780103,0,2,7500,105090,0,0,0,AUSTIN,13:48,1980,1980,"H204,","ATSF,",1,"H2,","H,",MAIN,Texas,31.827233,-99.423022,13,Afternoon
Derailments,1980:07:SP:U6740,0,0,4940,0,0,0,0,HUDSPETH,12:01,1980,1980,"H503,","SP,",1,"H5,","H,",MAIN,Texas,31.827233,-99.423022,12,Afternoon
Fire/violent rupture,1980:08:ATSF:230880102,0,0,0,3500,13,0,0,LAMPASAS,13:20,1980,1980,"E79L,","ATSF,",1,"E7,","E,",MAIN,Texas,31.827233,-99.423022,13,Afternoon
Derailments,1980:07:FWD:FW196,0,0,14000,18400,0,0,0,DONLEY,14:45,1980,1980,"T001,","FWD,",1,"T0,","T,",MAIN,Texas,31.827233,-99.423022,14,Afternoon
Derailments,1980:07:SP:U6370,0,0,18000,12850,0,0,0,BURLESON,14:05,1980,1980,"H503,","SP,",1,"H5,","H,",MAIN,Texas,31.827233,-99.423022,14,Afternoon
Derailments,1980:07:MP:80205,0,0,10000,58200,0,0,0,,15:45,1980,1980,"T215,","MP,",1,"T2,","T,",MAIN,Texas,31.827233,-99.423022,15,Afternoon
Derailments,1980:07:MKT:AX59S,0,0,3490,1100,0,0,0,,15:50,1980,1980,"T110,","MKT,",7,"T1,","T,",MAIN,Texas,31.827233,-99.423022,15,Afternoon
Derailments,1980:08:ATSF:230880101,0,0,3700,200,0,0,0,LAMPASAS,15:45,1980,1980,"T110,","ATSF,",1,"T1,","T,",SIDING,Texas,31.827233,-99.423022,15,Afternoon
Derailments,1980:06:MP:80196,0,0,7700,25350,0,0,0,LIVE OAK,15:30,1980,1980,"E40C,","MP,",1,"E4,","E,",MAIN,Texas,31.827233,-99.423022,15,Afternoon
Derailments,1980:06:OKT:AX4,0,0,5755,0,1,0,0,TARRANT,15:50,1980,1980,"T110,T108,","FWD,OKT,",1,"T1,","T,",SIDING,Texas,31.827233,-99.423022,15,Afternoon
Derailments,1980:08:ATSF:200880102,0,0,9500,16500,0,0,0,REAGAN,14:48,1980,1980,"T215,","ATSF,",1,"T2,","T,",MAIN,Texas,31.827233,-99.423022,14,Afternoon
Derailments,1980:07:MKT:AX61S,0,0,8343,1680,0,0,0,DALLAS,13:45,1980,1980,"T101,","MKT,",1,"T1,","T,",MAIN,Texas,31.827233,-99.423022,13,Afternoon
Derailments,1980:06:SP:U5790,0,0,3580,0,0,0,0,LAMAR,14:30,1980,1980,"T110,","SP,",7,"T1,","T,",INDUSTRY,Texas,31.827233,-99.423022,14,Afternoon
Derailments,1980:06:SP:X3840,0,0,5000,1000,0,0,0,FORT BEND,15:00,1980,1980,"T110,T111,","SP,",1,"T1,","T,",SIDING,Texas,31.827233,-99.423022,15,Afternoon
Derailments,1980:07:MP:80216,0,0,3500,3400,0,0,0,KENEDY,16:15,1980,1980,"T210,","MP,",1,"T2,","T,",SIDING,Texas,31.827233,-99.423022,16,Afternoon
Derailments,1980:06:SP:F9390,0,0,22619,83100,0,0,0,ANGELINA,14:30,1980,1980,"H999,","SP,",1,"H9,","H,",MAIN,Texas,31.827233,-99.423022,14,Afternoon
Derailments,1980:07:ATSF:220780101,0,0,13000,15650,0,0,0,NOLAN,15:00,1980,1980,"T109,","ATSF,",1,"T1,","T,",MAIN,Texas,31.827233,-99.423022,15,Afternoon
Highway-rail impact,1980:06:SP:U6060,1,0,0,3000,0,0,0,BEXAR,16:20,1980,1980,"M399,","SP,",1,"M3,","M,",MAIN,Texas,31.827233,-99.423022,16,Afternoon
Derailments,1980:07:ATSF:220780103,0,0,20000,43550,0,0,0,COLEMAN,14:55,1980,1980,"T109,","ATSF,",1,"T1,","T,",MAIN,Texas,31.827233,-99.423022,14,Afternoon
Derailments,1980:06:SP:X5020,0,0,3000,0,0,0,0,HARRIS,16:30,1980,1980,"T111,H601,","SP,",7,"T1,H6,","T,H,",YARD,Texas,31.827233,-99.423022,16,Afternoon
Derailments,1980:07:FWD:JT56,0,0,32000,111100,0,0,0,LEON,15:00,1980,1980,"T109,","FWD,",1,"T1,","T,",MAIN,Texas,31.827233,-99.423022,15,Afternoon
Side collision,1980:07:SP:X6610,0,0,0,3100,0,0,0,HARRIS,14:00,1980,1980,"T306,","SP,",76,"T3,","T,",YARD,Texas,31.827233,-99.423022,14,Afternoon
Derailments,1980:08:FWD:JT72,0,0,7465,0,0,0,0,NAVARRO,14:50,1980,1980,"H702,","FWD,",1,"H7,","H,",INDUSTRY,Texas,31.827233,-99.423022,14,Afternoon
Derailments,1980:08:SP:S8530,0,0,14200,6750,0,0,0,EL PASO,15:45,1980,1980,"T212,","SP,",8,"T2,","T,",YARD,Texas,31.827233,-99.423022,15,Afternoon
Derailments,1980:09:MKT:AX79S,0,0,11500,9700,0,0,0,JOHNSON,15:15,1980,1980,"T108,T109,","MKT,MP,",1,"T1,","T,",MAIN,Texas,31.827233,-99.423022,15,Afternoon
Derailments,1980:09:ATSF:200980103,0,0,3700,7080,0,0,0,POTTER,16:40,1980,1980,"T314,","ATSF,",1,"T3,","T,",YARD,Texas,31.827233,-99.423022,16,Afternoon
Derailments,1980:08:MKT:AX73S,0,0,13020,750,0,0,0,DALLAS,12:05,1980,1980,"T103,","MKT,",7,"T1,","T,",YARD,Texas,31.827233,-99.423022,12,Afternoon
Derailments,1980:08:SP:X9210,0,0,4500,0,0,0,0,HARRIS,16:05,1980,1980,"T101,T001,","SP,",8,"T1,T0,","T,",YARD,Texas,31.827233,-99.423022,16,Afternoon
Derailments,1980:08:FWD:FW236,0,0,0,22000,0,0,0,TARRANT,13:30,1980,1980,"M401,","FWD,",7,"M4,","M,",MAIN,Texas,31.827233,-99.423022,13,Afternoon
Derailments,1980:08:MP:08243,0,0,1700,10000,0,0,0,BRAZORIA,12:15,1980,1980,"H703,","MP,",7,"H7,","H,",YARD,Texas,31.827233,-99.423022,12,Afternoon
Side collision,1980:08:HBT:AX1H80,0,0,150,4800,0,0,0,HARRIS,16:20,1980,1980,"H702,","HBT,",76,"H7,","H,",YARD,Texas,31.827233,-99.423022,16,Afternoon
Derailments,1980:08:SP:G2870,0,0,3700,0,4,4,0,ORANGE,12:20,1980,1980,"T110,","SP,",7,"T1,","T,",YARD,Texas,31.827233,-99.423022,12,Afternoon
Derailments,1980:08:SP:U7850,0,0,2500,5100,0,0,0,LIMESTONE,14:05,1980,1980,"T111,","SP,",1,"T1,","T,",INDUSTRY,Texas,31.827233,-99.423022,14,Afternoon
Derailments,1980:08:SP:U7470,0,0,10500,0,0,0,0,DALLAS,13:10,1980,1980,"E24C,","SP,",7,"E2,","E,",YARD,Texas,31.827233,-99.423022,13,Afternoon
Rear end collision,1980:08:MP:80269,0,0,0,5000,0,0,0,EASTLAND,14:25,1980,1980,"H513,","MP,",81,"H5,","H,",MAIN,Texas,31.827233,-99.423022,14,Afternoon
Derailments,1980:08:SP:X9140,0,0,14000,4500,0,0,0,HARRIS,16:22,1980,1980,"E25C,","SP,",1,"E2,","E,",MAIN,Texas,31.827233,-99.423022,16,Afternoon
Derailments,1980:08:KCS:327190,0,0,35000,400000,0,0,0,BOWIE,15:55,1980,1980,"T202,","KCS,",1,"T2,","T,",MAIN,Texas,31.827233,-99.423022,15,Afternoon
Highway-rail impact,1980:08:SP:U7580,0,1,0,4000,0,0,0,,14:25,1980,1980,"M399,","SP,",1,"M3,","M,",MAIN,Texas,31.827233,-99.423022,14,Afternoon
Other impacts,1980:08:SSW:L1900,0,0,3200,0,0,0,0,TITUS,15:15,1980,1980,"H702,","SSW,",5,"H7,","H,",MAIN,Texas,31.827233,-99.423022,15,Afternoon
Derailments,1980:08:SP:X9950,0,0,18000,625,0,0,0,WHARTON,16:40,1980,1980,"E24C,","SP,",1,"E2,","E,",MAIN,Texas,31.827233,-99.423022,16,Afternoon
Derailments,1980:08:SP:Y0230,0,0,1900,5000,0,0,0,HARRIS,12:30,1980,1980,"H503,","SP,",7,"H5,","H,",YARD,Texas,31.827233,-99.423022,12,Afternoon
Derailments,1980:08:TM:8425,0,0,1500,10000,1,1,1,WEBB,12:45,1980,1980,"H704,","TM,",7,"H7,","H,",YARD,Texas,31.827233,-99.423022,12,Afternoon
Derailments,1980:09:HBT:AX2I80,0,0,2006,7500,0,0,0,HARRIS,14:05,1980,1980,"E46C,","HBT,",1,"E4,","E,",MAIN,Texas,31.827233,-99.423022,14,Afternoon
Head on collision,1980:10:SP:Y5050,0,0,2200,30300,0,0,0,HARRIS,14:00,1980,1981,"H306,","SP,",7,"H3,","H,",YARD,Texas,31.827233,-99.423022,14,Afternoon
Derailments,1980:10:SP:U9780,0,0,25200,325,0,0,0,ROBERTSON,15:00,1980,1981,"E53C,","SP,",1,"E5,","E,",MAIN,Texas,31.827233,-99.423022,15,Afternoon
Derailments,1980:09:SP:Y3300,0,0,3500,2400,0,0,0,HARRIS,15:10,1980,1980,"H503,T111,","SP,",1,"H5,T1,","H,T,",YARD,Texas,31.827233,-99.423022,15,Afternoon
Derailments,1980:10:FWD:FW266,0,0,1500,9350,0,0,0,TARRANT,14:00,1980,1981,"T110,","FWD,",7,"T1,","T,",YARD,Texas,31.827233,-99.423022,14,Afternoon
Derailments,1980:09:SP:G6130,0,0,3400,0,0,0,0,JEFFERSON,15:00,1980,1980,"T311,","SP,",1,"T3,","T,",YARD,Texas,31.827233,-99.423022,15,Afternoon
Head on collision,1980:09:SP:Y1950,0,2,0,25000,0,0,0,HARRIS,15:00,1980,1980,"H099,","SP,",17,"H0,","H,",MAIN,Texas,31.827233,-99.423022,15,Afternoon
Derailments,1980:09:MP:80286,0,0,600,6000,0,0,0,ANDERSON,13:45,1980,1980,"H505,","MP,",1,"H5,","H,",MAIN,Texas,31.827233,-99.423022,13,Afternoon
Highway-rail impact,1980:09:MKT:XA149S,0,1,5036,0,0,0,0,HARRIS,16:05,1980,1980,"M399,","MKT,",7,"M3,","M,",MAIN,Texas,31.827233,-99.423022,16,Afternoon
Derailments,1980:10:MKT:AX87S,0,0,6000,1500,0,0,0,,14:45,1980,1981,"T101,","MKT,",1,"T1,","T,",SIDING,Texas,31.827233,-99.423022,14,Afternoon
Derailments,1980:10:ATSF:80302,0,0,2050,4800,0,0,0,TARRANT,12:10,1980,1981,"T302,","SP,",1,"T3,","T,",MAIN,Texas,31.827233,-99.423022,12,Afternoon
Derailments,1980:10:SP:U9370,0,0,9000,50,0,0,0,COLLIN,14:30,1980,1981,"T110,","SP,",1,"T1,","T,",SIDING,Texas,31.827233,-99.423022,14,Afternoon
Derailments,1980:10:SP:Y5370,0,0,4100,111000,0,0,0,HARRIS,16:20,1980,1981,"H505,","SP,",7,"H5,","H,",YARD,Texas,31.827233,-99.423022,16,Afternoon
Head on collision,1980:09:MP:80287,0,0,0,5000,0,0,0,WILLIAMSON,15:42,1980,1980,"M599,","MP,",51,"M5,","M,",MAIN,Texas,31.827233,-99.423022,15,Afternoon
Derailments,1980:09:SP:S9930,0,0,4500,550,0,0,0,EL PASO,14:50,1980,1980,"T311,","SP,",1,"T3,","T,",YARD,Texas,31.827233,-99.423022,14,Afternoon
Derailments,1980:10:MP:80310,0,0,15000,159000,0,0,0,CHEROKEE,12:45,1980,1981,"E20C,","MP,",1,"E2,","E,",MAIN,Texas,31.827233,-99.423022,12,Afternoon
Derailments,1980:09:SP:U8930,0,0,0,9000,0,0,0,VAL VERDE,16:30,1980,1980,"E02C,","SP,",1,"E0,","E,",MAIN,Texas,31.827233,-99.423022,16,Afternoon
Other impacts,1980:10:SP:G8220,0,0,10000,0,0,0,0,JEFFERSON,16:30,1980,1981,"H701,","SP,",1,"H7,","H,",MAIN,Texas,31.827233,-99.423022,16,Afternoon
Derailments,1980:09:SP:Y3150,0,0,1500,6000,0,0,0,HARRIS,14:30,1980,1980,"T001,H503,","SP,",7,"T0,H5,","T,H,",YARD,Texas,31.827233,-99.423022,14,Afternoon
Side collision,1980:10:SP:U9330,0,0,0,7500,0,0,0,TERRELL,16:45,1980,1981,"H702,","SP,",67,"H7,","H,",YARD,Texas,31.827233,-99.423022,16,Afternoon
Derailments,1980:09:ATSF:220980103,0,0,3400,3000,0,0,0,COLLIN,15:30,1980,1980,"T102,","ATSF,",1,"T1,","T,",MAIN,Texas,31.827233,-99.423022,15,Afternoon
Derailments,1980:09:SP:Y3120,0,0,600,3650,2,2,0,HARRIS,14:30,1980,1980,"T314,","SP,",7,"T3,","T,",YARD,Texas,31.827233,-99.423022,14,Afternoon
Side collision,1980:09:HBT:AX4I80,0,0,0,4450,0,0,0,HARRIS,15:25,1980,1980,"H301,","HBT,",67,"H3,","H,",YARD,Texas,31.827233,-99.423022,15,Afternoon
Highway-rail impact,1980:11:SP:H1170,1,0,0,8000,0,0,0,HARRIS,16:58,1980,1981,"M399,","SP,",1,"M3,","M,",MAIN,Texas,31.827233,-99.423022,16,Afternoon
Side collision,1980:09:MKT:AX82S,0,0,2300,38400,0,0,0,TARRANT,12:30,1980,1980,"H401,H602,","MKT,MP,",71,"H4,H6,","H,",MAIN,Texas,31.827233,-99.423022,12,Afternoon
Derailments,1980:10:MP:80312,0,0,1499,5500,0,0,0,WARD,12:50,1980,1981,"M201,","MP,",1,"M2,","M,",SIDING,Texas,31.827233,-99.423022,12,Afternoon
Derailments,1980:10:MP:80326,0,0,880,2050,0,0,0,DALLAS,15:50,1980,1981,"H601,","MP,",1,"H6,","H,",MAIN,Texas,31.827233,-99.423022,15,Afternoon
Derailments,1980:10:MKT:AX86S,0,0,1300,5350,0,0,0,MCLENNAN,15:35,1980,1981,"T110,","MKT,",7,"T1,","T,",INDUSTRY,Texas,31.827233,-99.423022,15,Afternoon
Head on collision,1980:09:MP:80284,0,0,200,10100,0,0,0,,14:00,1980,1980,"H022,","MP,",6,"H0,","H,",YARD,Texas,31.827233,-99.423022,14,Afternoon
Derailments,1980:09:PTRA:SEPT4,0,0,571,3220,0,0,0,WICHITA,13:30,1980,1980,"T111,","PTRA,",7,"T1,","T,",MAIN,Texas,31.827233,-99.423022,13,Afternoon
Derailments,1980:09:PTRA:SEPT1,0,0,17154,0,0,0,0,WICHITA,14:00,1980,1980,"T202,","PTRA,",1,"T2,","T,",MAIN,Texas,31.827233,-99.423022,14,Afternoon
Derailments,1980:09:SP:Y2870,0,0,3000,250,6,3,0,HARRIS,16:30,1980,1980,"E64C,","SP,",1,"E6,","E,",YARD,Texas,31.827233,-99.423022,16,Afternoon
Derailments,1980:12:ATSF:221280106,0,0,800,6400,0,0,0,BROWN,16:15,1980,1981,"H306,","ATSF,",7,"H3,","H,",YARD,Texas,31.827233,-99.423022,16,Afternoon
Derailments,1980:11:SP:Y8000,0,0,0,8000,0,0,0,WICHITA,15:00,1980,1981,"T111,","PTRA,",1,"T1,","T,",MAIN,Texas,31.827233,-99.423022,15,Afternoon
Side collision,1980:12:MKT:AX115S,0,0,3790,2600,0,0,0,DALLAS,12:15,1980,1981,"T101,","MKT,",67,"T1,","T,",MAIN,Texas,31.827233,-99.423022,12,Afternoon
Derailments,1980:12:FWD:FW321,0,0,18360,20500,0,0,0,TARRANT,12:30,1980,1981,"H020,H021,","ATSF,FWD,SSW,",6,"H0,","H,",MAIN,Texas,31.827233,-99.423022,12,Afternoon
Side collision,1980:11:MKT:AX95S,0,0,950,18000,0,0,0,HARRIS,12:15,1980,1981,"H401,","MKT,",67,"H4,","H,",YARD,Texas,31.827233,-99.423022,12,Afternoon
Derailments,1980:12:ATSF:201280101,0,0,2200,7300,16,0,0,GARZA,14:45,1980,1981,"T102,","ATSF,",1,"T1,","T,",MAIN,Texas,31.827233,-99.423022,14,Afternoon
Side collision,1980:11:SP:Y7150,0,0,4500,34000,0,0,0,ANGELINA,13:45,1980,1981,"H306,","SP,",67,"H3,","H,",YARD,Texas,31.827233,-99.423022,13,Afternoon
Derailments,1980:11:MP:80350,0,0,4000,1000,0,0,0,,15:00,1980,1981,"E04C,","MP,",1,"E0,","E,",MAIN,Texas,31.827233,-99.423022,15,Afternoon
Derailments,1980:11:FWD:FW286,0,0,11000,118900,0,0,0,HALL,14:55,1980,1981,"T109,","FWD,",1,"T1,","T,",MAIN,Texas,31.827233,-99.423022,14,Afternoon
Derailments,1980:12:MKT:AX103S,0,0,6000,29000,0,0,0,TARRANT,13:00,1980,1981,"T220,","MKT,",1,"T2,","T,",MAIN,Texas,31.827233,-99.423022,13,Afternoon
Derailments,1980:11:MKT:AX100S,0,0,2810,2000,0,0,0,,16:00,1980,1981,"T101,","MKT,",1,"T1,","T,",MAIN,Texas,31.827233,-99.423022,16,Afternoon
Side collision,1980:11:SP:H0600,0,0,0,3100,0,0,0,LIBERTY,13:00,1980,1981,"H018,","SP,",57,"H0,","H,",MAIN,Texas,31.827233,-99.423022,13,Afternoon
Other impacts,1980:11:SP:T1100,0,0,0,10400,0,0,0,EL PASO,14:45,1980,1981,"H602,","SP,",7,"H6,","H,",YARD,Texas,31.827233,-99.423022,14,Afternoon
Derailments,1980:11:OKT:AX11,0,0,2400,3300,0,0,0,TARRANT,16:40,1980,1981,"T108,","OKT,",1,"T1,","T,",YARD,Texas,31.827233,-99.423022,16,Afternoon
Highway-rail impact,1980:10:MKT:XA159S,0,0,0,7000,0,0,0,FAYETTE,15:35,1980,1981,"M399,","MKT,",1,"M3,","M,",MAIN,Texas,31.827233,-99.423022,15,Afternoon
Side collision,1980:12:MP:66400P1682,0,2,1000,44100,0,0,0,MILAM,16:20,1980,1981,"M599,","MP,",11,"M5,","M,",MAIN,Texas,31.827233,-99.423022,16,Afternoon
Derailments,1980:11:MP:80333,0,0,7300,24500,0,0,0,HARRISON,14:45,1980,1981,"H503,","MP,",1,"H5,","H,",MAIN,Texas,31.827233,-99.423022,14,Afternoon
Other impacts,1980:10:SP:Y6620,0,0,3600,0,0,0,0,FORT BEND,14:00,1980,1981,"H702,","SP,",1,"H7,","H,",MAIN,Texas,31.827233,-99.423022,14,Afternoon
Derailments,1980:12:MKT:AX108S,0,0,0,5865,0,0,0,WILLIAMSON,14:05,1980,1981,"H503,","MKT,",1,"H5,","H,",YARD,Texas,31.827233,-99.423022,14,Afternoon
Derailments,1980:12:ATSF:231280102,0,0,9000,4200,0,0,0,BELL,14:30,1980,1981,"E52C,","ATSF,",1,"E5,","E,",MAIN,Texas,31.827233,-99.423022,14,Afternoon
Derailments,1980:11:SSW:L4950,0,0,7500,130000,0,0,0,NAVARRO,14:45,1980,1981,"T221,","SSW,",1,"T2,","T,",MAIN,Texas,31.827233,-99.423022,14,Afternoon
Derailments,1981:01:OKT:AX2,0,0,8685,38250,0,0,0,DALLAS,16:55,1981,1981,"T311,","FWD,OKT,",1,"T3,","T,",YARD,Texas,31.827233,-99.423022,16,Afternoon
Side collision,1981:01:SP:U0541,0,0,0,16500,0,0,0,TARRANT,14:15,1981,1981,"H207,","SP,",16,"H2,","H,",MAIN,Texas,31.827233,-99.423022,14,Afternoon
Side collision,1981:02:ATSF:220281101,0,2,1400,28300,0,0,0,BROWN,14:20,1981,1981,"H306,","ATSF,",68,"H3,","H,",YARD,Texas,31.827233,-99.423022,14,Afternoon
Fire/violent rupture,1981:01:ATSF:230181101,0,0,0,25000,0,0,0,BELL,16:00,1981,1981,"E74L,","ATSF,",1,"E7,","E,",MAIN,Texas,31.827233,-99.423022,16,Afternoon
Other impacts,1980:12:SP:H2910,0,0,1600,7050,4,3,0,CHAMBERS,15:00,1980,1981,"H020,","SP,",7,"H0,","H,",YARD,Texas,31.827233,-99.423022,15,Afternoon
Derailments,1981:01:MKT:AX2S,0,0,7200,4000,0,0,0,DALLAS,12:15,1981,1981,"H503,","MKT,",7,"H5,","H,",MAIN,Texas,31.827233,-99.423022,12,Afternoon
Derailments,1980:12:SP:V1290,0,0,6500,0,0,0,0,GRAYSON,14:10,1980,1981,"M501,","SP,",1,"M5,","M,",YARD,Texas,31.827233,-99.423022,14,Afternoon
Derailments,1980:12:SP:Z1070,0,0,1500,5300,0,0,0,HARRIS,14:45,1980,1981,"H505,","SP,",7,"H5,","H,",YARD,Texas,31.827233,-99.423022,14,Afternoon
Derailments,1981:02:ATSF:220281102,0,0,310000,305500,0,0,0,DALLAS,16:50,1981,1981,"T210,","ATSF,",1,"T2,","T,",MAIN,Texas,31.827233,-99.423022,16,Afternoon
Derailments,1980:12:SP:Z1380,0,0,2900,650,0,0,0,ANGELINA,13:30,1980,1981,"E34C,","SP,",1,"E3,","E,",MAIN,Texas,31.827233,-99.423022,13,Afternoon
Other impacts,1981:01:SP:U0831,0,0,0,8200,0,0,0,MAVERICK,15:30,1981,1981,"T103,","SP,",1,"T1,","T,",YARD,Texas,31.827233,-99.423022,15,Afternoon
Derailments,1980:12:SP:Z1590,0,0,1800,4600,0,0,0,HARRIS,14:30,1980,1981,"H505,","SP,",7,"H5,","H,",YARD,Texas,31.827233,-99.423022,14,Afternoon
Derailments,1981:01:SP:F0181,0,0,8000,900,0,0,0,LIBERTY,14:45,1981,1981,"H601,","SP,",7,"H6,","H,",YARD,Texas,31.827233,-99.423022,14,Afternoon
Derailments,1981:01:SP:U0341,0,0,6000,750,0,0,0,TARRANT,14:00,1981,1981,"T113,","SP,",7,"T1,","T,",YARD,Texas,31.827233,-99.423022,14,Afternoon
Derailments,1981:02:HBT:AX2B81,0,0,0,11975,0,0,0,HARRIS,15:15,1981,1981,"E32C,","HBT,",7,"E3,","E,",YARD,Texas,31.827233,-99.423022,15,Afternoon
Derailments,1981:01:SP:U0021,0,0,2500,6000,0,0,0,BEXAR,16:25,1981,1981,"T222,","SP,",1,"T2,","T,",MAIN,Texas,31.827233,-99.423022,16,Afternoon
Derailments,1981:03:SP:W5051,0,0,5000,3000,0,0,0,ROBERTSON,16:00,1981,1981,"E24C,","SP,",1,"E2,","E,",MAIN,Texas,31.827233,-99.423022,16,Afternoon
Derailments,1981:02:SP:W2381,0,0,5000,300,0,0,0,HARRIS,16:30,1981,1981,"H701,","ATSF,SP,",1,"H7,","H,",MAIN,Texas,31.827233,-99.423022,16,Afternoon
Derailments,1981:04:ATSF:230481104,0,0,10000,7000,0,0,0,GRIMES,14:00,1981,1981,"T110,","ATSF,",1,"T1,","T,",MAIN,Texas,31.827233,-99.423022,14,Afternoon
Highway-rail impact,1981:03:ATSF:230381101,0,3,5800,20025,0,0,0,BURLESON,13:33,1981,1981,"M399,","ATSF,",1,"M3,","M,",MAIN,Texas,31.827233,-99.423022,13,Afternoon
Derailments,1981:03:SSW:M1121,0,0,1500,2500,0,0,0,DALLAM,14:50,1981,1981,"E61C,","SSW,",1,"E6,","E,",MAIN,Texas,31.827233,-99.423022,14,Afternoon
Derailments,1981:04:ATSF:200481104,0,0,20000,27680,1,1,1,POTTER,13:55,1981,1981,"T308,","ATSF,",1,"T3,","T,",YARD,Texas,31.827233,-99.423022,13,Afternoon
Derailments,1981:04:ATSF:230481107,0,0,4500,6000,0,0,0,JEFFERSON,12:20,1981,1981,"E29C,","ATSF,",7,"E2,","E,",YARD,Texas,31.827233,-99.423022,12,Afternoon
Derailments,1981:03:SP:U2291,0,0,12000,6000,0,0,0,ROBERTSON,14:05,1981,1981,"T106,","SP,",7,"T1,","T,",YARD,Texas,31.827233,-99.423022,14,Afternoon
Derailments,1981:03:SP:F5241,0,0,800,11900,0,0,0,JEFFERSON,13:40,1981,1981,"T110,","SP,",2,"T1,","T,",YARD,Texas,31.827233,-99.423022,13,Afternoon
Derailments,1981:02:SP:W2711,0,0,1800,2500,0,0,0,HARRIS,16:15,1981,1981,"H702,","SP,",1,"H7,","H,",YARD,Texas,31.827233,-99.423022,16,Afternoon
Derailments,1981:03:SSW:K2831,0,0,18000,340300,0,0,0,SMITH,12:26,1981,1981,"T315,","SSW,",1,"T3,","T,",MAIN,Texas,31.827233,-99.423022,12,Afternoon
Derailments,1981:03:HBT:AX3C81,0,0,13675,8800,0,0,0,HARRIS,12:45,1981,1981,"T314,E64C,","ATSF,HBT,",1,"T3,E6,","T,E,",MAIN,Texas,31.827233,-99.423022,12,Afternoon
Derailments,1981:04:ATSF:200481102,0,0,5400,30150,0,0,0,PRESIDIO,15:20,1981,1981,"M201,","ATSF,",1,"M2,","M,",MAIN,Texas,31.827233,-99.423022,15,Afternoon
Other impacts,1981:02:MP:81046,0,0,300,16200,0,0,0,WILLIAMSON,12:01,1981,1981,"H601,","MP,",6,"H6,","H,",YARD,Texas,31.827233,-99.423022,12,Afternoon
Highway-rail impact,1981:04:ATSF:200481105,0,1,3000,33500,0,0,0,LIPSCOMB,15:10,1981,1981,"M399,","ATSF,",1,"M3,","M,",MAIN,Texas,31.827233,-99.423022,15,Afternoon
Derailments,1981:02:MKT:AX18S,0,0,1200,5670,0,0,0,GRAYSON,12:30,1981,1981,"E31C,","MKT,",7,"E3,","E,",YARD,Texas,31.827233,-99.423022,12,Afternoon
Derailments,1981:03:MP:81094,0,0,0,15000,0,0,0,BRAZORIA,16:00,1981,1981,"H601,","MP,",76,"H6,","H,",YARD,Texas,31.827233,-99.423022,16,Afternoon
Rear end collision,1981:03:SSW:K2961,0,0,0,4000,0,0,0,DALLAS,14:15,1981,1981,"H402,","SSW,",5,"H4,","H,",MAIN,Texas,31.827233,-99.423022,14,Afternoon
Derailments,1981:05:ATSF:200581101,0,0,5000,21000,0,0,0,TOM GREEN,16:55,1981,1981,"T109,","ATSF,",1,"T1,","T,",YARD,Texas,31.827233,-99.423022,16,Afternoon
Side collision,1981:03:MKT:AX23S,0,0,0,8150,0,0,0,HARRIS,16:40,1981,1981,"H401,","MKT,",67,"H4,","H,",YARD,Texas,31.827233,-99.423022,16,Afternoon
Highway-rail impact,1981:02:SP:U1211,0,0,17200,129500,0,0,0,FAYETTE,14:30,1981,1981,"M399,","SP,",1,"M3,","M,",MAIN,Texas,31.827233,-99.423022,14,Afternoon
Derailments,1981:03:SP:F5581,0,0,14100,100,0,0,0,ANGELINA,13:45,1981,1981,"T108,","SP,",1,"T1,","T,",MAIN,Texas,31.827233,-99.423022,13,Afternoon
Side collision,1981:04:FWD:FW63,0,0,385,9800,0,0,0,HARDEMAN,14:50,1981,1981,"H018,","FWD,",76,"H0,","H,",MAIN,Texas,31.827233,-99.423022,14,Afternoon
Derailments,1981:04:SP:U4271,0,0,2000,2800,0,0,0,ELLIS,12:05,1981,1981,"T211,","SP,",1,"T2,","T,",YARD,Texas,31.827233,-99.423022,12,Afternoon
Derailments,1981:06:MKT:AX55S,0,0,10000,14800,0,0,0,CALDWELL,16:00,1981,1981,"T110,","MKT,",1,"T1,","T,",MAIN,Texas,31.827233,-99.423022,16,Afternoon
Derailments,1981:05:SP:S4881,0,0,4500,3100,0,0,0,EL PASO,15:38,1981,1981,"E64C,","SP,",1,"E6,","E,",YARD,Texas,31.827233,-99.423022,15,Afternoon
Derailments,1981:06:SP:X3181,0,0,25000,25000,18,15,0,NACOGDOCHES,13:50,1981,1981,"T109,","SP,",1,"T1,","T,",MAIN,Texas,31.827233,-99.423022,13,Afternoon