AccidentType,inckey,Fatalities,Injuries,TrackDamage,EquipmentDamage,HazmatCars,HazmatCarsDerailed,HazmatCarsReleasing,County,DisplayTime,calendar,Fiscal,AccidentCause,RailroadCodes,RAILEQUIPMENT_TYPE,CauseGroup,CauseDiscipline,TYPE_OF_TRACK,StateName,latitude,longitude,hour,cat
Derailments,1981:05:SP:X0021,0,0,1000,20000,0,0,0,POLK,15:00,1981,1981,"T110,","SP,",7,"T1,","T,",INDUSTRY,Texas,31.827233,-99.423022,15,Afternoon
Derailments,1981:04:SSW:K3591,0,0,2920,2500,0,0,0,SMITH,12:05,1981,1981,"H306,","SSW,",7,"H3,","H,",YARD,Texas,31.827233,-99.423022,12,Afternoon
Highway-rail impact,1981:04:SP:U3441,1,0,171000,1360450,0,0,0,BURLESON,15:10,1981,1981,"M399,","SP,",1,"M3,","M,",MAIN,Texas,31.827233,-99.423022,15,Afternoon
Side collision,1981:04:PTRA:APR1,0,0,0,38800,0,0,0,HARRIS,13:30,1981,1981,"H306,","PTRA,",71,"H3,","H,",YARD,Texas,31.827233,-99.423022,13,Afternoon
Derailments,1981:04:SP:U4011,0,0,4300,0,0,0,0,MEDINA,13:30,1981,1981,"T108,","SP,",1,"T1,","T,",INDUSTRY,Texas,31.827233,-99.423022,13,Afternoon
Derailments,1981:05:HBT:AX2E81,0,0,1500,3100,0,0,0,HARRIS,15:30,1981,1981,"E46C,","HBT,",7,"E4,","E,",MAIN,Texas,31.827233,-99.423022,15,Afternoon
Derailments,1981:05:SP:X1361,0,0,4100,0,0,0,0,HARRIS,13:20,1981,1981,"M404,","SP,",1,"M4,","M,",YARD,Texas,31.827233,-99.423022,13,Afternoon
Derailments,1981:05:MP:81143,0,0,2600,10900,0,0,0,TARRANT,14:20,1981,1981,"E22C,","MKT,MP,",1,"E2,","E,",MAIN,Texas,31.827233,-99.423022,14,Afternoon
Derailments,1981:04:SP:W8881,0,0,0,5000,0,0,0,HARRIS,13:00,1981,1981,"T307,","SP,",7,"T3,","T,",YARD,Texas,31.827233,-99.423022,13,Afternoon
Derailments,1981:04:SP:W8451,0,0,1600,3500,1,1,1,HARRIS,14:00,1981,1981,"T102,","SP,",1,"T1,","T,",INDUSTRY,Texas,31.827233,-99.423022,14,Afternoon
Derailments,1981:04:SP:W7711,0,0,2800,3400,2,2,0,HARRIS,12:30,1981,1981,"H702,","SP,",7,"H7,","H,",YARD,Texas,31.827233,-99.423022,12,Afternoon
Derailments,1981:05:SP:X0031,0,0,500,20000,0,0,0,POLK,14:30,1981,1981,"T110,","SP,",7,"T1,","T,",INDUSTRY,Texas,31.827233,-99.423022,14,Afternoon
Derailments,1981:06:HBT:AX2F81,0,0,4900,1200,0,0,0,HARRIS,14:10,1981,1981,"E64C,","HBT,",7,"E6,","E,",YARD,Texas,31.827233,-99.423022,14,Afternoon
Side collision,1981:05:PTRA:MAY1,0,0,480,135000,0,0,0,HARRIS,12:15,1981,1981,"H306,H401,","PTRA,",7,"H3,H4,","H,",MAIN,Texas,31.827233,-99.423022,12,Afternoon
Highway-rail impact,1981:06:SP:U6301,0,4,0,12000,0,0,0,COLLIN,13:00,1981,1981,"M399,","SP,",5,"M3,","M,",MAIN,Texas,31.827233,-99.423022,13,Afternoon
Fire/violent rupture,1981:05:SP:U5961,0,0,0,7500,0,0,0,KINNEY,14:15,1981,1981,"E06C,","SP,",1,"E0,","E,",MAIN,Texas,31.827233,-99.423022,14,Afternoon
Other impacts,1981:05:SP:U5921,0,0,50,35000,0,0,0,DALLAS,13:20,1981,1981,"H302,","SP,",7,"H3,","H,",YARD,Texas,31.827233,-99.423022,13,Afternoon
Derailments,1981:06:ATSF:200681104,0,0,15000,144500,0,0,0,PRESIDIO,15:00,1981,1981,"T109,","ATSF,",1,"T1,","T,",MAIN,Texas,31.827233,-99.423022,15,Afternoon
Other impacts,1981:05:OKT:AX16,0,0,50,41300,0,0,0,DALLAS,14:00,1981,1981,"H306,H302,","OKT,SP,",7,"H3,","H,",YARD,Texas,31.827233,-99.423022,14,Afternoon
Derailments,1981:04:ATSF:200481103,0,0,46052,2500,0,0,0,PARMER,12:25,1981,1981,"E64C,","ATSF,",1,"E6,","E,",SIDING,Texas,31.827233,-99.423022,12,Afternoon
Derailments,1981:07:MP:81185,0,0,10019,5500,0,0,0,ORANGE,16:40,1981,1981,"T314,","MP,SP,",1,"T3,","T,",YARD,Texas,31.827233,-99.423022,16,Afternoon
Derailments,1981:07:SP:G1821,0,0,3900,40000,0,0,0,ORANGE,13:20,1981,1981,"H306,","SP,",1,"H3,","H,",YARD,Texas,31.827233,-99.423022,13,Afternoon
Derailments,1981:07:MP:81181,0,0,20000,386750,11,11,1,CHEROKEE,12:30,1981,1981,"E23C,","MP,",1,"E2,","E,",MAIN,Texas,31.827233,-99.423022,12,Afternoon
Derailments,1981:06:SP:G0701,0,0,4100,300,5,5,0,ORANGE,12:20,1981,1981,"T110,","SP,",7,"T1,","T,",YARD,Texas,31.827233,-99.423022,12,Afternoon
Side collision,1981:06:MKT:AX52S,0,0,1000,41350,0,0,0,DALLAS,12:05,1981,1981,"H301,","MKT,",7,"H3,","H,",YARD,Texas,31.827233,-99.423022,12,Afternoon
Side collision,1981:07:KCS:337560,0,0,0,7313,10,1,0,JEFFERSON,12:25,1981,1981,"H999,","KCS,",68,"H9,","H,",YARD,Texas,31.827233,-99.423022,12,Afternoon
Derailments,1981:06:SSW:K5991,0,0,4200,150,0,0,0,DALLAS,14:00,1981,1981,"T110,","SSW,",7,"T1,","T,",YARD,Texas,31.827233,-99.423022,14,Afternoon
Derailments,1981:06:MKT:AX56S,0,0,1960,4800,0,0,0,TARRANT,15:15,1981,1981,"T110,","MKT,",7,"T1,","T,",YARD,Texas,31.827233,-99.423022,15,Afternoon
Derailments,1981:07:HBT:AX1G81,0,0,1200,14000,0,0,0,HARRIS,16:45,1981,1981,"E40C,","HBT,",7,"E4,","E,",YARD,Texas,31.827233,-99.423022,16,Afternoon
Derailments,1981:07:MKT:AX67S,0,0,12000,10450,0,0,0,CALDWELL,15:45,1981,1981,"T110,","MKT,",1,"T1,","T,",MAIN,Texas,31.827233,-99.423022,15,Afternoon
Derailments,1981:07:ATSF:220781101,0,0,0,139800,1,1,0,COLEMAN,13:00,1981,1981,"H604,","ATSF,",1,"H6,","H,",MAIN,Texas,31.827233,-99.423022,13,Afternoon
Derailments,1981:05:SP:X1161,0,0,2000,28100,0,0,0,HARRIS,12:55,1981,1981,"H702,","SP,",86,"H7,","H,",YARD,Texas,31.827233,-99.423022,12,Afternoon
Fire/violent rupture,1981:08:ATSF:230881101,0,0,0,20000,0,0,0,MILAM,15:00,1981,1981,"E74L,","ATSF,",1,"E7,","E,",SIDING,Texas,31.827233,-99.423022,15,Afternoon
Side collision,1981:06:LA:315263,0,0,282,28550,2,2,0,HUNT,15:35,1981,1981,"H020,","LA,",16,"H0,","H,",YARD,Texas,31.827233,-99.423022,15,Afternoon
Derailments,1981:07:ATSF:220781102,0,0,7000,22950,0,0,0,JOHNSON,14:20,1981,1981,"T199,","ATSF,",1,"T1,","T,",MAIN,Texas,31.827233,-99.423022,14,Afternoon
Derailments,1981:06:OKT:AX15,0,0,11905,39500,0,0,0,WISE,15:25,1981,1981,"T299,T108,","OKT,",1,"T2,T1,","T,",MAIN,Texas,31.827233,-99.423022,15,Afternoon
Derailments,1981:07:MP:81202,0,0,4850,16000,0,0,0,JEFFERSON,14:55,1981,1981,"T314,","MP,",1,"T3,","T,",YARD,Texas,31.827233,-99.423022,14,Afternoon
Derailments,1981:07:SP:X5781,0,0,6000,0,0,0,0,HARRIS,16:00,1981,1981,"T306,","SP,",7,"T3,","T,",YARD,Texas,31.827233,-99.423022,16,Afternoon
Highway-rail impact,1981:06:SP:X3831,0,0,40000,50000,0,0,0,HARRIS,13:39,1981,1981,"M399,","SP,",1,"M3,","M,",MAIN,Texas,31.827233,-99.423022,13,Afternoon
Derailments,1981:07:ATSF:200781101,0,0,34040,102000,0,0,0,UPTON,15:15,1981,1981,"T001,","ATSF,",1,"T0,","T,",MAIN,Texas,31.827233,-99.423022,15,Afternoon
Derailments,1981:08:FWD:FW149,0,0,8620,37800,0,0,0,HARDEMAN,16:20,1981,1981,"E68C,","FWD,",1,"E6,","E,",MAIN,Texas,31.827233,-99.423022,16,Afternoon
Derailments,1981:06:MP:81163,0,0,30300,104100,0,0,0,MARION,15:05,1981,1981,"T199,","MP,",1,"T1,","T,",MAIN,Texas,31.827233,-99.423022,15,Afternoon
Derailments,1981:07:SP:U7271,0,0,5000,0,0,0,0,UVALDE,16:50,1981,1981,"H702,","SP,",1,"H7,","H,",SIDING,Texas,31.827233,-99.423022,16,Afternoon
Derailments,1981:07:SP:X5681,0,0,39000,58150,12,1,0,HARRIS,13:15,1981,1981,"H601,","SP,",1,"H6,","H,",YARD,Texas,31.827233,-99.423022,13,Afternoon
Derailments,1981:08:KCS:337753,0,0,1800,23253,0,0,0,JEFFERSON,13:20,1981,1981,"T311,","KCS,",7,"T3,","T,",YARD,Texas,31.827233,-99.423022,13,Afternoon
Derailments,1981:09:ATSF:220981101,0,0,8800,450,0,0,0,TOM GREEN,15:40,1981,1981,"T001,","ATSF,",1,"T0,","T,",SIDING,Texas,31.827233,-99.423022,15,Afternoon
Side collision,1981:08:SP:Y1151,0,0,0,26000,0,0,0,HARRIS,16:45,1981,1981,"H401,","SP,",7,"H4,","H,",YARD,Texas,31.827233,-99.423022,16,Afternoon
Derailments,1981:08:SP:U8801,0,0,35800,57300,0,0,0,LAVACA,15:15,1981,1981,"T108,","SP,",51,"T1,","T,",MAIN,Texas,31.827233,-99.423022,15,Afternoon
Derailments,1981:10:ATSF:231081101,0,0,2670,8415,0,0,0,GALVESTON,14:10,1981,1982,"T001,T311,","ATSF,",7,"T0,T3,","T,",YARD,Texas,31.827233,-99.423022,14,Afternoon
Derailments,1981:10:FWD:FW202,0,0,1000,18850,0,0,0,WICHITA,14:05,1981,1982,"M503,H702,","FWD,",1,"M5,H7,","M,H,",YARD,Texas,31.827233,-99.423022,14,Afternoon
Broken train collision,1981:08:MP:81224,0,0,0,14400,0,0,0,SAN PATRICIO,16:30,1981,1981,"E30C,","MP,",61,"E3,","E,",MAIN,Texas,31.827233,-99.423022,16,Afternoon
Derailments,1981:08:SP:U8811,0,0,5400,18650,0,0,0,ELLIS,15:20,1981,1981,"T109,","SP,",1,"T1,","T,",MAIN,Texas,31.827233,-99.423022,15,Afternoon
Derailments,1981:08:SP:U9311,0,0,77000,534300,0,0,0,VAL VERDE,15:35,1981,1981,"T109,","SP,",1,"T1,","T,",MAIN,Texas,31.827233,-99.423022,15,Afternoon
Derailments,1981:08:MP:81225,0,0,6000,55350,0,0,0,CALLAHAN,13:40,1981,1981,"T218,","MP,",1,"T2,","T,",MAIN,Texas,31.827233,-99.423022,13,Afternoon
Derailments,1981:09:MP:81237,0,0,4500,2150,0,0,0,MEDINA,15:40,1981,1981,"T108,","MP,",1,"T1,","T,",MAIN,Texas,31.827233,-99.423022,15,Afternoon
Derailments,1981:09:FWD:FW188,0,0,1100,7800,0,0,0,HARDEMAN,12:01,1981,1981,"T110,","FWD,",1,"T1,","T,",SIDING,Texas,31.827233,-99.423022,12,Afternoon
Derailments,1981:08:OKT:AX18,0,0,12455,67225,0,0,0,TARRANT,12:35,1981,1981,"T401,","FWD,OKT,",1,"T4,","T,",MAIN,Texas,31.827233,-99.423022,12,Afternoon
Derailments,1981:08:MKT:AX71S,0,0,19840,0,0,0,0,HILL,12:25,1981,1981,"E07C,","MKT,MP,",1,"E0,","E,",MAIN,Texas,31.827233,-99.423022,12,Afternoon
Derailments,1981:09:SP:Y1361,0,0,8000,7720,0,0,0,FORT BEND,14:00,1981,1981,"T110,","SP,",1,"T1,","T,",MAIN,Texas,31.827233,-99.423022,14,Afternoon
Derailments,1981:08:SP:X8371,0,0,4500,0,3,0,0,HARRIS,14:00,1981,1981,"E40C,","SP,",1,"E4,","E,",MAIN,Texas,31.827233,-99.423022,14,Afternoon
Highway-rail impact,1981:07:MKT:XA89S,0,0,20000,0,0,0,0,BASTROP,14:55,1981,1981,"M399,","MKT,",1,"M3,","M,",MAIN,Texas,31.827233,-99.423022,14,Afternoon
Derailments,1981:09:ATSF:230981102,0,0,1000,8000,0,0,0,JEFFERSON,12:55,1981,1981,"T102,","ATSF,",7,"T1,","T,",YARD,Texas,31.827233,-99.423022,12,Afternoon
Head on collision,1981:09:KCS:336883,0,12,45000,35000,0,0,0,CASS,15:20,1981,1981,"H204,","KCS,",1,"H2,","H,",MAIN,Texas,31.827233,-99.423022,15,Afternoon
Derailments,1981:08:MP:81227,0,0,1000,7150,0,0,0,MARION,16:35,1981,1981,"T220,","LA,MP,",1,"T2,","T,",YARD,Texas,31.827233,-99.423022,16,Afternoon
Derailments,1981:09:SP:G5751,0,0,300,19400,3,0,0,CHAMBERS,16:10,1981,1981,"H307,","SP,",7,"H3,","H,",YARD,Texas,31.827233,-99.423022,16,Afternoon
Derailments,1981:10:KCS:331006,0,0,0,4000,0,0,0,BOWIE,12:55,1981,1982,"T101,","KCS,",7,"T1,","T,",INDUSTRY,Texas,31.827233,-99.423022,12,Afternoon
Derailments,1981:08:SP:U8771,0,0,41800,1800,0,0,0,GRAYSON,14:50,1981,1981,"E62C,E63C,","BN,SP,",1,"E6,","E,",MAIN,Texas,31.827233,-99.423022,14,Afternoon
Derailments,1981:12:MP:81298,0,0,1000,14000,0,0,0,TARRANT,15:40,1981,1982,"T111,","MP,",1,"T1,","T,",YARD,Texas,31.827233,-99.423022,15,Afternoon
Derailments,1981:10:SP:Y4381,0,0,5500,350,0,0,0,SHELBY,15:50,1981,1982,"E00C,","SP,",1,"E0,","E,",MAIN,Texas,31.827233,-99.423022,15,Afternoon
Rear end collision,1981:11:KCS:331067,0,10,0,10449,0,0,0,BOWIE,13:05,1981,1982,"H406,","KCS,",57,"H4,","H,",MAIN,Texas,31.827233,-99.423022,13,Afternoon
Derailments,1981:11:SSW:L2481,0,0,8100,6300,0,0,0,BOWIE,14:30,1981,1982,"T102,T314,","SSW,",1,"T1,T3,","T,",YARD,Texas,31.827233,-99.423022,14,Afternoon
Derailments,1981:12:SP:V3931,0,0,4600,10400,0,0,0,GRAYSON,12:25,1981,1982,"H505,","BN,SP,",1,"H5,","H,",MAIN,Texas,31.827233,-99.423022,12,Afternoon
Derailments,1981:10:SP:V1511,0,0,27000,200,0,0,0,TRAVIS,12:05,1981,1982,"T110,","SP,",1,"T1,","T,",YARD,Texas,31.827233,-99.423022,12,Afternoon
Derailments,1981:11:SSW:L2781,0,0,3900,0,0,0,0,HOPKINS,12:55,1981,1982,"T113,","SSW,",1,"T1,","T,",YARD,Texas,31.827233,-99.423022,12,Afternoon
Derailments,1981:11:SP:V2211,0,0,7740,6000,0,0,0,BEXAR,16:20,1981,1982,"T001,","SP,",1,"T0,","T,",MAIN,Texas,31.827233,-99.423022,16,Afternoon
Fire/violent rupture,1981:11:ATSF:231181103,0,0,0,50000,0,0,0,FORT BEND,16:10,1981,1982,"E72L,E73L,","ATSF,",1,"E7,","E,",MAIN,Texas,31.827233,-99.423022,16,Afternoon
Highway-rail impact,1981:11:PTRA:8111143,0,1,2540,9900,0,0,0,HARRIS,14:45,1981,1982,"M399,H208,","PTRA,",7,"M3,H2,","M,H,",MAIN,Texas,31.827233,-99.423022,14,Afternoon
Side collision,1981:12:SP:Y9451,0,0,12000,72900,0,0,0,HARRIS,14:20,1981,1982,"H601,","SP,",87,"H6,","H,",YARD,Texas,31.827233,-99.423022,14,Afternoon
Side collision,1981:11:MP:81274,0,0,10000,64000,0,0,0,HARRIS,16:15,1981,1982,"H401,","MP,",17,"H4,","H,",YARD,Texas,31.827233,-99.423022,16,Afternoon
Derailments,1981:10:PTRA:OCT2,0,0,0,8000,0,0,0,HARRIS,13:30,1981,1982,"H018,H307,","PTRA,",7,"H0,H3,","H,",INDUSTRY,Texas,31.827233,-99.423022,13,Afternoon
Derailments,1982:01:ATSF:220182101,0,0,12000,5450,0,0,0,JOHNSON,16:30,1982,1982,"T102,","ATSF,",1,"T1,","T,",MAIN,Texas,31.827233,-99.423022,16,Afternoon
Derailments,1981:10:SP:Y4401,0,0,4000,0,0,0,0,HARRIS,15:45,1981,1982,"H701,","SP,",7,"H7,","H,",YARD,Texas,31.827233,-99.423022,15,Afternoon
Derailments,1981:12:SP:Y9651,0,0,8000,104500,1,1,1,FORT BEND,12:30,1981,1982,"T202,","SP,",1,"T2,","T,",MAIN,Texas,31.827233,-99.423022,12,Afternoon
Derailments,1981:12:SSW:M7861,0,0,7500,12450,0,0,0,DALLAM,14:35,1981,1982,"E43C,","SSW,",1,"E4,","E,",YARD,Texas,31.827233,-99.423022,14,Afternoon
Derailments,1981:11:SP:V2291,0,0,7500,650,0,0,0,DALLAS,15:50,1981,1982,"T221,","SP,",7,"T2,","T,",YARD,Texas,31.827233,-99.423022,15,Afternoon
Derailments,1981:12:SP:V4661,0,0,2654,46100,0,0,0,GRAYSON,13:05,1981,1982,"H702,","SP,",76,"H7,","H,",YARD,Texas,31.827233,-99.423022,13,Afternoon
Derailments,1981:12:SP:Z0861,0,0,50,7500,0,0,0,HARRIS,14:30,1981,1982,"T113,","SP,",7,"T1,","T,",MAIN,Texas,31.827233,-99.423022,14,Afternoon
Derailments,1981:11:SP:Y7281,0,0,0,5000,19,0,0,HARRIS,13:10,1981,1982,"E07C,","SP,",1,"E0,","E,",YARD,Texas,31.827233,-99.423022,13,Afternoon
Other impacts,1981:12:ATSF:201281101,0,0,0,22000,0,0,0,MOORE,13:25,1981,1982,"H699,","ATSF,",87,"H6,","H,",YARD,Texas,31.827233,-99.423022,13,Afternoon
Derailments,1981:11:MP:81283,0,0,6000,102200,0,0,0,ROBERTSON,12:15,1981,1982,"T216,","MP,",1,"T2,","T,",MAIN,Texas,31.827233,-99.423022,12,Afternoon
Derailments,1981:12:ATSF:231281102,0,0,800,6500,2,2,0,HARDIN,16:25,1981,1982,"H702,","ATSF,",7,"H7,","H,",INDUSTRY,Texas,31.827233,-99.423022,16,Afternoon
Derailments,1981:11:HBT:AX4K81,0,0,15500,18300,0,0,0,HARRIS,16:00,1981,1982,"E07C,","HBT,MP,",1,"E0,","E,",MAIN,Texas,31.827233,-99.423022,16,Afternoon
Side collision,1982:01:BN:FW12,0,0,0,34682,0,0,0,CLAY,15:45,1982,1982,"H212,","BN,MKT,",41,"H2,","H,",SIDING,Texas,31.827233,-99.423022,15,Afternoon
Derailments,1981:10:SP:V1151,0,0,13880,15650,0,0,0,BREWSTER,14:25,1981,1982,"H999,","SP,",1,"H9,","H,",MAIN,Texas,31.827233,-99.423022,14,Afternoon
Derailments,1981:12:MP:81295,0,0,2300,11400,4,0,0,TARRANT,12:55,1981,1982,"M503,","MP,",1,"M5,","M,",YARD,Texas,31.827233,-99.423022,12,Afternoon
Derailments,1981:10:SP:G7851,0,0,4100,0,0,0,0,JEFFERSON,15:45,1981,1982,"T316,","SP,",7,"T3,","T,",INDUSTRY,Texas,31.827233,-99.423022,15,Afternoon
Derailments,1982:01:SP:W0042,0,0,7500,9000,0,0,0,WHARTON,16:00,1982,1982,"T110,","SP,",1,"T1,","T,",MAIN,Texas,31.827233,-99.423022,16,Afternoon
Derailments,1982:03:BN:FW86,0,1,1000,12386,0,0,0,ELLIS,14:15,1982,1982,"T108,","BN,",1,"T1,","T,",MAIN,Texas,31.827233,-99.423022,14,Afternoon
Derailments,1982:02:SP:U1502,0,0,6500,100,0,0,0,ELLIS,15:00,1982,1982,"T110,","SP,",1,"T1,","T,",SIDING,Texas,31.827233,-99.423022,15,Afternoon
Side collision,1982:02:HBT:AX3B82,0,0,0,6500,0,0,0,HARRIS,13:35,1982,1982,"H525,","HBT,",88,"H5,","H,",YARD,Texas,31.827233,-99.423022,13,Afternoon
Derailments,1982:01:NCTR:ND2381,0,0,0,0,0,0,0,DALLAS,16:10,1982,1982,"T110,","LA,",1,"T1,","T,",YARD,Texas,31.827233,-99.423022,16,Afternoon
Raking collision,1982:01:PTRA:JAN21982,0,0,1774,26600,0,0,0,HARRIS,15:30,1982,1982,"H306,","PTRA,",7,"H3,","H,",YARD,Texas,31.827233,-99.423022,15,Afternoon
Highway-rail impact,1982:02:SP:W3532,0,1,0,5000,0,0,0,POLK,13:35,1982,1982,"M399,","SP,",1,"M3,","M,",MAIN,Texas,31.827233,-99.423022,13,Afternoon
Derailments,1982:02:SP:W3232,0,0,12000,88250,0,0,0,FORT BEND,12:40,1982,1982,"T101,","SP,",1,"T1,","T,",MAIN,Texas,31.827233,-99.423022,12,Afternoon
Derailments,1982:01:SP:W0022,0,0,4700,56950,0,0,0,COLORADO,14:15,1982,1982,"E79L,","SP,",1,"E7,","E,",MAIN,Texas,31.827233,-99.423022,14,Afternoon
Derailments,1982:02:SP:U1172,0,0,2400,4400,0,0,0,MAVERICK,15:15,1982,1982,"T102,","SP,",1,"T1,","T,",YARD,Texas,31.827233,-99.423022,15,Afternoon
Derailments,1982:02:ATSF:230282109,0,0,5500,6925,0,0,0,BRAZORIA,15:50,1982,1982,"H306,H212,","ATSF,",61,"H3,H2,H3,H2,","H,",MAIN,Texas,31.827233,-99.423022,15,Afternoon
Side collision,1982:02:HBT:AX4B82,0,0,100,7900,0,0,0,HARRIS,14:20,1982,1982,"H301,","HBT,",67,"H3,","H,",YARD,Texas,31.827233,-99.423022,14,Afternoon
Side collision,1982:02:PTRA:FEB21982,0,0,852,25000,3,3,0,HARRIS,12:15,1982,1982,"H306,H401,","PTRA,",77,"H3,H4,","H,",YARD,Texas,31.827233,-99.423022,12,Afternoon
Derailments,1982:02:MKT:AX11S,0,0,5500,11390,0,0,0,TARRANT,12:35,1982,1982,"T110,","MKT,",7,"T1,","T,",YARD,Texas,31.827233,-99.423022,12,Afternoon
Derailments,1982:01:SP:S0252,0,0,35000,9000,0,0,0,EL PASO,12:35,1982,1982,"T113,","SP,",1,"T1,","T,",YARD,Texas,31.827233,-99.423022,12,Afternoon
Raking collision,1982:02:MP:82043,0,0,0,39600,0,0,0,CALLAHAN,16:00,1982,1982,"H401,","MP,",16,"H4,","H,",SIDING,Texas,31.827233,-99.423022,16,Afternoon
Side collision,1982:02:ATSF:220282101,0,0,0,12600,0,0,0,JOHNSON,14:05,1982,1982,"H018,","ATSF,",7,"H0,","H,",YARD,Texas,31.827233,-99.423022,14,Afternoon
Derailments,1982:02:SSW:K1222,0,0,13000,5725,0,0,0,NAVARRO,16:05,1982,1982,"T101,","SSW,",1,"T1,","T,",MAIN,Texas,31.827233,-99.423022,16,Afternoon
Derailments,1982:01:SP:W0032,0,0,6500,2650,0,0,0,HARRIS,12:45,1982,1982,"H503,","SP,",7,"H5,","H,",YARD,Texas,31.827233,-99.423022,12,Afternoon
Highway-rail impact,1982:01:SP:F0432,2,0,0,15000,0,0,0,JEFFERSON,15:50,1982,1982,"M399,","SP,",1,"M3,","M,",MAIN,Texas,31.827233,-99.423022,15,Afternoon
Raking collision,1982:03:PTRA:MAR01,0,0,0,7600,0,0,0,HARRIS,15:15,1982,1982,"H302,H306,","PTRA,",57,"H3,","H,",YARD,Texas,31.827233,-99.423022,15,Afternoon
Highway-rail impact,1982:02:BN:FW52,0,0,0,5000,0,0,0,WILBARGER,13:25,1982,1982,"M399,","BN,",1,"M3,","M,",MAIN,Texas,31.827233,-99.423022,13,Afternoon
Derailments,1982:04:NCTR:ND28482,0,0,0,20000,0,0,0,DALLAS,16:45,1982,1982,"H505,","NCTR,",7,"H5,","H,",INDUSTRY,Texas,31.827233,-99.423022,16,Afternoon
Other impacts,1982:04:PTRA:APR021982,0,0,0,3750,0,0,0,HARRIS,12:20,1982,1982,"E31C,","PTRA,",7,"E3,","E,",YARD,Texas,31.827233,-99.423022,12,Afternoon
Side collision,1982:03:PTRA:MAR03,0,0,0,15100,0,0,0,HARRIS,16:45,1982,1982,"H401,H305,","PTRA,",7,"H4,H3,","H,",YARD,Texas,31.827233,-99.423022,16,Afternoon
Derailments,1982:05:MP:82092,0,0,18950,6600,0,0,0,MARION,15:50,1982,1982,"T303,","MP,",1,"T3,","T,",SIDING,Texas,31.827233,-99.423022,15,Afternoon
Derailments,1982:05:SSW:K4382,0,0,0,4600,0,0,0,CHEROKEE,16:30,1982,1982,"H306,","SSW,",7,"H3,","H,",YARD,Texas,31.827233,-99.423022,16,Afternoon
Rear end collision,1982:05:BN:FW141,0,0,0,27100,0,0,0,POTTER,12:40,1982,1982,"H205,","BN,",1,"H2,","H,",MAIN,Texas,31.827233,-99.423022,12,Afternoon
Side collision,1982:04:PTRA:APR041982,0,0,0,12100,0,0,0,HARRIS,16:15,1982,1982,"H020,","PTRA,",67,"H0,","H,",MAIN,Texas,31.827233,-99.423022,16,Afternoon
Side collision,1982:05:BN:FW157,0,0,0,15000,0,0,0,WICHITA,16:50,1982,1982,"H018,","BN,",76,"H0,","H,",YARD,Texas,31.827233,-99.423022,16,Afternoon
Derailments,1982:07:ATSF:220782106,0,0,3850,37000,1,1,0,BROWN,15:50,1982,1982,"T109,","ATSF,",1,"T1,","T,",SIDING,Texas,31.827233,-99.423022,15,Afternoon
Derailments,1982:04:ATSF:200482102,0,0,4413,3200,0,0,0,LYNN,13:30,1982,1982,"T099,","ATSF,",1,"T0,","T,",MAIN,Texas,31.827233,-99.423022,13,Afternoon
Raking collision,1982:04:ATSF:230482101,0,0,2500,104099,0,0,0,JASPER,16:30,1982,1982,"H702,","ATSF,",716,"H7,","H,",YARD,Texas,31.827233,-99.423022,16,Afternoon
Derailments,1982:04:SP:U3652,0,0,8500,100950,0,0,0,BASTROP,16:00,1982,1982,"T110,","SP,",1,"T1,","T,",MAIN,Texas,31.827233,-99.423022,16,Afternoon
Derailments,1983:05:WRRC:83105,0,0,25000,55200,0,0,0,BEXAR,14:00,1983,1983,"T102,H521,","MKT,WRRC,",1,"T1,H5,","T,H,",YARD,Texas,31.827233,-99.423022,14,Afternoon
Other impacts,1983:05:SP:S3273,0,0,0,6200,0,0,0,EL PASO,12:30,1983,1983,"H601,","SP,",7,"H6,","H,",YARD,Texas,31.827233,-99.423022,12,Afternoon
Derailments,1983:05:SP:W6353,0,0,3500,2000,0,0,0,HARRIS,14:30,1983,1983,"T218,","SP,",1,"T2,","T,",YARD,Texas,31.827233,-99.423022,14,Afternoon
Derailments,1983:06:SP:U4253,0,0,4700,600,0,0,0,BEXAR,13:00,1983,1983,"E69C,","SP,",1,"E6,","E,",YARD,Texas,31.827233,-99.423022,13,Afternoon
Raking collision,1983:06:ATSF:220683103,0,0,2228,23170,0,0,0,JOHNSON,16:00,1983,1983,"H306,","ATSF,",17,"H3,","H,",YARD,Texas,31.827233,-99.423022,16,Afternoon
Derailments,1983:08:ATSF:230883101,0,0,32300,0,0,0,0,BELL,14:50,1983,1983,"T109,","ATSF,",1,"T1,","T,",MAIN,Texas,31.827233,-99.423022,14,Afternoon
Other impacts,1983:06:SP:U4353,0,0,0,10100,0,0,0,DALLAS,16:15,1983,1983,"H601,","SP,",7,"H6,","H,",YARD,Texas,31.827233,-99.423022,16,Afternoon
Derailments,1983:09:OKT:AX17OK,0,0,2600,15215,0,0,0,TARRANT,15:10,1983,1983,"T101,","OKT,",1,"T1,","T,",MAIN,Texas,31.827233,-99.423022,15,Afternoon