AccidentType,inckey,Fatalities,Injuries,TrackDamage,EquipmentDamage,HazmatCars,HazmatCarsDerailed,HazmatCarsReleasing,County,DisplayTime,calendar,Fiscal,AccidentCause,RailroadCodes,RAILEQUIPMENT_TYPE,CauseGroup,CauseDiscipline,TYPE_OF_TRACK,StateName,latitude,longitude,hour,cat
Derailments,1983:11:BN:FW536,0,0,33000,2994000,0,0,0,DONLEY,12:01,1983,1984,"T207,","BN,",1,"T2,","T,",MAIN,Texas,31.827233,-99.423022,12,Afternoon
Other impacts,1983:08:MKT:AX33S,0,0,0,28000,0,0,0,TARRANT,16:50,1983,1983,"H601,","MKT,",51,"H6,","H,",MAIN,Texas,31.827233,-99.423022,16,Afternoon
Derailments,1983:09:SP:F9193,0,0,51000,13250,0,0,0,JEFFERSON,15:20,1983,1983,"E86C,","SP,",1,"E8,","E,",MAIN,Texas,31.827233,-99.423022,15,Afternoon
Highway-rail impact,1983:08:MKT:XA85S,0,1,0,12950,4,0,0,HILL,14:45,1983,1983,"M399,","MKT,",1,"M3,","M,",MAIN,Texas,31.827233,-99.423022,14,Afternoon
Raking collision,1983:10:MP:83190,0,0,4000,25200,0,0,0,DALLAS,13:00,1983,1984,"H020,","MP,",7,"H0,","H,",INDUSTRY,Texas,31.827233,-99.423022,13,Afternoon
Derailments,1983:10:SP:U7223,0,0,12000,19200,0,0,0,TARRANT,14:30,1983,1984,"H503,","MP,SP,",1,"H5,","H,",MAIN,Texas,31.827233,-99.423022,14,Afternoon
Highway-rail impact,1983:08:OKT:XA12OK,1,0,33000,128000,0,0,0,WISE,13:45,1983,1983,"M399,","OKT,",1,"M3,","M,",MAIN,Texas,31.827233,-99.423022,13,Afternoon
Derailments,1983:09:SP:U6713,0,0,10000,700,0,0,0,ELLIS,15:10,1983,1983,"T318,","SP,",1,"T3,","T,",MAIN,Texas,31.827233,-99.423022,15,Afternoon
Derailments,1983:09:SP:S6153,0,0,0,16200,0,0,0,EL PASO,14:00,1983,1983,"H702,","SP,",7,"H7,","H,",YARD,Texas,31.827233,-99.423022,14,Afternoon
Side collision,1983:10:MKT:AX45S,0,0,400,22256,0,0,0,GRAYSON,13:20,1983,1984,"H702,","MKT,",61,"H7,","H,",MAIN,Texas,31.827233,-99.423022,13,Afternoon
Raking collision,1983:11:MKT:AX55S,0,0,0,12000,0,0,0,MCLENNAN,15:45,1983,1984,"H401,","MKT,",18,"H4,","H,",YARD,Texas,31.827233,-99.423022,15,Afternoon
Derailments,1983:08:MP:83142,0,0,5200,2000,0,0,0,SMITH,13:10,1983,1983,"T109,","MP,",1,"T1,","T,",MAIN,Texas,31.827233,-99.423022,13,Afternoon
Derailments,1983:09:SP:X2043,0,0,6000,0,0,0,0,HARRIS,13:30,1983,1983,"T110,","SP,",7,"T1,","T,",YARD,Texas,31.827233,-99.423022,13,Afternoon
Rear end collision,1983:09:SSW:K6673,0,2,0,7000,0,0,0,NAVARRO,15:30,1983,1983,"H402,","SSW,",5,"H4,","H,",MAIN,Texas,31.827233,-99.423022,15,Afternoon
Derailments,1983:08:MP:83158,0,0,12000,37000,5,2,0,HARRIS,15:37,1983,1983,"H404,","MP,",1,"H4,","H,",MAIN,Texas,31.827233,-99.423022,15,Afternoon
Derailments,1983:10:MP:83191,0,0,6000,120900,0,0,0,MILAM,12:20,1983,1984,"E23C,","MP,",1,"E2,","E,",MAIN,Texas,31.827233,-99.423022,12,Afternoon
Derailments,1983:09:SP:X2713,0,0,100,7000,0,0,0,HARRIS,12:45,1983,1983,"E31C,","SP,",1,"E3,","E,",YARD,Texas,31.827233,-99.423022,12,Afternoon
Derailments,1983:09:SP:X1483,0,0,45000,197500,0,0,0,HARRIS,16:30,1983,1983,"T220,","SP,",1,"T2,","T,",MAIN,Texas,31.827233,-99.423022,16,Afternoon
Derailments,1983:11:MKT:AX56S,0,0,3500,12950,0,0,0,GRAYSON,15:35,1983,1984,"T110,","MKT,",7,"T1,","T,",YARD,Texas,31.827233,-99.423022,15,Afternoon
Derailments,1983:08:MP:83143,0,0,10000,6400,1,1,1,TARRANT,15:40,1983,1983,"E53C,","MP,",51,"E5,","E,",MAIN,Texas,31.827233,-99.423022,15,Afternoon
Derailments,1984:02:MP:84024,0,0,6400,56000,0,0,0,GRAYSON,14:30,1984,1984,"T202,","MP,",1,"T2,","T,",MAIN,Texas,31.827233,-99.423022,14,Afternoon
Head on collision,1984:02:MP:63554D0400,2,6,0,4501,0,0,0,PALO PINTO,14:00,1984,1984,"H402,","MP,",5,"H4,","H,",MAIN,Texas,31.827233,-99.423022,14,Afternoon
Highway-rail impact,1984:01:SP:U0004,0,1,10000,300,0,0,0,BURLESON,13:44,1984,1984,"M399,","SP,",1,"M3,","M,",MAIN,Texas,31.827233,-99.423022,13,Afternoon
Derailments,1983:12:SSW:K8653,0,0,10500,115400,0,0,0,HENDERSON,16:00,1983,1984,"T202,","SSW,",1,"T2,","T,",MAIN,Texas,31.827233,-99.423022,16,Afternoon
Derailments,1983:11:SP:U7983,0,0,6000,35100,0,0,0,NAVARRO,12:50,1983,1984,"T311,","SP,",1,"T3,","T,",SIDING,Texas,31.827233,-99.423022,12,Afternoon
Derailments,1983:11:SP:S8533,0,0,3200,4900,0,0,0,EL PASO,13:30,1983,1984,"H701,","SP,",1,"H7,","H,",YARD,Texas,31.827233,-99.423022,13,Afternoon
Derailments,1983:12:SSW:K8843,0,0,6000,86900,0,0,0,HENDERSON,15:30,1983,1984,"T202,","SSW,",1,"T2,","T,",MAIN,Texas,31.827233,-99.423022,15,Afternoon
Rear end collision,1983:11:SP:S8833,0,0,0,14500,0,0,0,EL PASO,15:05,1983,1984,"H604,","SP,",1,"H6,","H,",MAIN,Texas,31.827233,-99.423022,15,Afternoon
Derailments,1984:01:MP:84013,0,0,5350,12500,0,0,0,GALVESTON,13:30,1984,1984,"T314,","MP,",1,"T3,","T,",MAIN,Texas,31.827233,-99.423022,13,Afternoon
Raking collision,1984:02:MKT:AX13S,0,0,300,12200,0,0,0,HARRIS,14:00,1984,1984,"H302,","MKT,",67,"H3,","H,",YARD,Texas,31.827233,-99.423022,14,Afternoon
Derailments,1983:12:ATSF:201283103,0,0,195,5600,0,0,0,POTTER,13:15,1983,1984,"T314,E64C,","ATSF,",7,"T3,E6,","T,E,",YARD,Texas,31.827233,-99.423022,13,Afternoon
Derailments,1984:01:SP:F0364,0,0,24900,23000,0,0,0,LIBERTY,15:50,1984,1984,"E00C,H503,","SP,",1,"E0,H5,","E,H,",MAIN,Texas,31.827233,-99.423022,15,Afternoon
Derailments,1984:02:MKT:AX11S,0,0,4740,41500,0,0,0,TARRANT,13:55,1984,1984,"T111,","MKT,",7,"T1,","T,",YARD,Texas,31.827233,-99.423022,13,Afternoon
Derailments,1983:12:BN:FW558,0,0,0,26000,0,0,0,TARRANT,12:30,1983,1984,"H503,","BN,",7,"H5,","H,",MAIN,Texas,31.827233,-99.423022,12,Afternoon
Derailments,1984:02:MP:84030,0,0,2250,23850,0,0,0,GREGG,14:55,1984,1984,"H513,","MP,",1,"H5,","H,",MAIN,Texas,31.827233,-99.423022,14,Afternoon
Derailments,1983:11:SP:U7993,0,0,50000,74200,0,0,0,GUADALUPE,15:00,1983,1984,"M201,","SP,",1,"M2,","M,",MAIN,Texas,31.827233,-99.423022,15,Afternoon
Derailments,1984:03:MP:66404D0617,0,1,3500,11000,0,0,0,BEXAR,13:22,1984,1984,"E40C,","MP,",1,"E4,","E,",MAIN,Texas,31.827233,-99.423022,13,Afternoon
Derailments,1984:03:SSW:K2124,0,0,2300,3100,0,0,0,HUNT,12:25,1984,1984,"T314,","SSW,",1,"T3,","T,",YARD,Texas,31.827233,-99.423022,12,Afternoon
Derailments,1984:06:SP:S6304,0,0,11147,2350,0,0,0,EL PASO,14:30,1984,1984,"T110,","SP,",7,"T1,","T,",YARD,Texas,31.827233,-99.423022,14,Afternoon
Derailments,1984:04:SSW:K2704,0,0,64500,479600,0,0,0,UPSHUR,15:15,1984,1984,"T109,","SSW,",1,"T1,","T,",MAIN,Texas,31.827233,-99.423022,15,Afternoon
Derailments,1984:03:ATSF:230384101,0,0,1400,9600,0,0,0,JEFFERSON,15:15,1984,1984,"T101,","ATSF,",7,"T1,","T,",YARD,Texas,31.827233,-99.423022,15,Afternoon
Derailments,1984:04:BN:FW114,0,0,190000,518260,0,0,0,WICHITA,12:40,1984,1984,"E53C,","BN,",1,"E5,","E,",MAIN,Texas,31.827233,-99.423022,12,Afternoon
Derailments,1984:02:SRN:841,0,0,1500,5500,0,0,0,JASPER,14:35,1984,1984,"E40C,","SRN,",1,"E4,","E,",MAIN,Texas,31.827233,-99.423022,14,Afternoon
Derailments,1984:03:SP:U2364,0,0,0,8500,0,0,0,BURNET,13:10,1984,1984,"H020,","SP,",1,"H0,","H,",YARD,Texas,31.827233,-99.423022,13,Afternoon
Derailments,1984:03:SP:U2554,0,0,2500,6000,0,0,0,MILAM,14:55,1984,1984,"T113,","SP,",1,"T1,","T,",YARD,Texas,31.827233,-99.423022,14,Afternoon
Derailments,1984:05:BN:FW188,0,0,3000,5000,0,0,0,TARRANT,13:40,1984,1984,"M405,T101,","BN,OKT,",1,"M4,T1,","M,T,",YARD,Texas,31.827233,-99.423022,13,Afternoon
Derailments,1984:03:MP:84041,0,0,14500,97100,0,0,0,REEVES,13:00,1984,1984,"E53C,","MP,",1,"E5,","E,",MAIN,Texas,31.827233,-99.423022,13,Afternoon
Derailments,1984:03:MKT:AX16S,0,0,6100,0,0,0,0,DALLAS,13:40,1984,1984,"T109,","BN,MKT,",1,"T1,","T,",YARD,Texas,31.827233,-99.423022,13,Afternoon
Derailments,1984:02:SP:S1804,0,0,4000,1000,0,0,0,EL PASO,16:20,1984,1984,"E43C,","SP,",1,"E4,","E,",YARD,Texas,31.827233,-99.423022,16,Afternoon
Derailments,1984:02:SP:U1354,0,0,6500,700,0,0,0,DALLAS,16:45,1984,1984,"T110,","SP,",1,"T1,","T,",SIDING,Texas,31.827233,-99.423022,16,Afternoon
Derailments,1984:03:BN:FW103,0,0,25000,130000,0,0,0,HALL,16:00,1984,1984,"H505,","BN,",1,"H5,","H,",MAIN,Texas,31.827233,-99.423022,16,Afternoon
Side collision,1984:03:MKT:AX25S,0,0,0,7500,0,0,0,TARRANT,16:00,1984,1984,"H301,","MKT,OKT,",57,"H3,","H,",YARD,Texas,31.827233,-99.423022,16,Afternoon
Derailments,1984:06:MKT:AX54S,0,2,2856,74000,0,0,0,FAYETTE,13:30,1984,1984,"H503,","MKT,",1,"H5,","H,",MAIN,Texas,31.827233,-99.423022,13,Afternoon
Derailments,1984:03:SP:S3404,0,0,0,20500,0,0,0,EL PASO,13:35,1984,1984,"M405,","SP,",1,"M4,","M,",YARD,Texas,31.827233,-99.423022,13,Afternoon
Derailments,1984:03:MP:84019,0,0,800,59000,0,0,0,TARRANT,14:48,1984,1984,"T110,H699,","ATK,MP,",22,"T1,H6,","T,H,",MAIN,Texas,31.827233,-99.423022,14,Afternoon
Derailments,1984:02:SP:U1294,2,1,150000,164870,0,0,0,KINNEY,12:30,1984,1984,"E53C,","SP,",1,"E5,","E,",MAIN,Texas,31.827233,-99.423022,12,Afternoon
Side collision,1984:03:MKT:AX15S,0,0,0,6000,0,0,0,GRAYSON,15:30,1984,1984,"H017,","MKT,",57,"H0,","H,",YARD,Texas,31.827233,-99.423022,15,Afternoon
Derailments,1984:06:MKT:AX55S,0,0,3500,15000,0,0,0,TARRANT,15:30,1984,1984,"T311,T110,","MKT,",7,"T3,T1,","T,",YARD,Texas,31.827233,-99.423022,15,Afternoon
Derailments,1984:07:SSW:K5134,0,0,1000,8000,0,0,0,MCLENNAN,14:30,1984,1984,"T110,","SSW,",1,"T1,","T,",MAIN,Texas,31.827233,-99.423022,14,Afternoon
Derailments,1984:07:ATSF:230784104,0,0,300,7200,0,0,0,HARRISON,13:20,1984,1984,"H303,","ATSF,",61,"H3,","H,",YARD,Texas,31.827233,-99.423022,13,Afternoon
Derailments,1984:07:SSW:K5024,0,0,140000,696700,2,2,0,UPSHUR,13:20,1984,1984,"E43C,","SSW,",1,"E4,","E,",MAIN,Texas,31.827233,-99.423022,13,Afternoon
Derailments,1984:05:SP:W6304,0,0,1000,11500,0,0,0,HARRIS,15:30,1984,1984,"T111,","SP,",1,"T1,","T,",YARD,Texas,31.827233,-99.423022,15,Afternoon
Derailments,1984:07:SSW:K5094,0,0,5200,2700,0,0,0,BOWIE,14:20,1984,1984,"T108,","SSW,",1,"T1,","T,",MAIN,Texas,31.827233,-99.423022,14,Afternoon
Derailments,1984:06:MP:84103,0,0,22000,177400,0,0,0,GRAYSON,15:00,1984,1984,"H604,","MP,",1,"H6,","H,",MAIN,Texas,31.827233,-99.423022,15,Afternoon
Derailments,1984:05:KCS:337928,0,0,26224,36000,5,5,0,JEFFERSON,13:18,1984,1984,"M501,T199,","KCS,MP,",1,"M5,T1,","M,T,",YARD,Texas,31.827233,-99.423022,13,Afternoon
Rear end collision,1984:06:MKT:AX61S,0,0,0,6589,0,0,0,BASTROP,13:50,1984,1984,"H999,","MKT,",84,"H9,","H,",MAIN,Texas,31.827233,-99.423022,13,Afternoon
Highway-rail impact,1984:06:TN:HGC1,0,0,6499,1065,0,0,0,MORRIS,13:30,1984,1984,"M399,","TN,",1,"M3,","M,",MAIN,Texas,31.827233,-99.423022,13,Afternoon
Derailments,1984:05:MKT:AX51S,0,0,14000,337000,0,0,0,WILLIAMSON,15:55,1984,1984,"T108,","MKT,",1,"T1,","T,",MAIN,Texas,31.827233,-99.423022,15,Afternoon
Derailments,1984:04:SP:S3584,0,0,5000,13900,41,8,2,EL PASO,16:25,1984,1984,"T110,","SP,",1,"T1,","T,",YARD,Texas,31.827233,-99.423022,16,Afternoon
Derailments,1984:07:ATSF:200784101,0,0,4500,11495,0,0,0,LIPSCOMB,13:50,1984,1984,"T111,","ATSF,",1,"T1,","T,",MAIN,Texas,31.827233,-99.423022,13,Afternoon
Derailments,1984:06:SP:W7764,0,0,9000,21000,0,0,0,COLORADO,13:50,1984,1984,"E13C,","SP,",1,"E1,","E,",YARD,Texas,31.827233,-99.423022,13,Afternoon
Derailments,1984:06:SP:U5834,0,0,5800,0,0,0,0,DALLAS,15:00,1984,1984,"T110,","SP,",1,"T1,","T,",MAIN,Texas,31.827233,-99.423022,15,Afternoon
Side collision,1984:08:ATSF:230884103,0,8,12300,124525,0,0,0,AUSTIN,15:49,1984,1984,"T399,M503,","ATSF,",61,"T3,M5,T3,M5,","T,M,T,M,",MAIN,Texas,31.827233,-99.423022,15,Afternoon
Derailments,1984:05:SP:W6284,0,0,500,107800,0,0,0,HARRIS,13:25,1984,1984,"H021,","SP,",7,"H0,","H,",YARD,Texas,31.827233,-99.423022,13,Afternoon
Derailments,1984:06:MP:84104,0,0,7270,60100,0,0,0,FANNIN,16:30,1984,1984,"T220,","MP,",1,"T2,","T,",MAIN,Texas,31.827233,-99.423022,16,Afternoon
Derailments,1984:07:SP:U6894,0,0,12000,0,0,0,0,TARRANT,15:30,1984,1984,"H503,","MP,SP,",1,"H5,","H,",MAIN,Texas,31.827233,-99.423022,15,Afternoon
Derailments,1984:05:SP:S4884,0,0,19000,236000,1,1,0,EL PASO,14:00,1984,1984,"T299,","SP,",1,"T2,","T,",YARD,Texas,31.827233,-99.423022,14,Afternoon
Highway-rail impact,1984:05:SP:U4694,0,1,10000,100000,0,0,0,FAYETTE,15:45,1984,1984,"M399,","SP,",1,"M3,","M,",MAIN,Texas,31.827233,-99.423022,15,Afternoon
Derailments,1984:05:SP:W6894,0,0,3000,17000,5,5,0,HARRIS,16:20,1984,1984,"T111,","SP,",7,"T1,","T,",YARD,Texas,31.827233,-99.423022,16,Afternoon
Derailments,1984:07:SP:S7764,0,0,0,5250,0,0,0,EL PASO,14:10,1984,1984,"T309,E64C,","SP,",1,"T3,E6,","T,E,",YARD,Texas,31.827233,-99.423022,14,Afternoon
Highway-rail impact,1984:08:ATSF:230884101,0,2,31000,21350,0,0,0,FORT BEND,16:05,1984,1984,"M399,","ATSF,",1,"M3,","M,",MAIN,Texas,31.827233,-99.423022,16,Afternoon
Other impacts,1984:07:SP:F6974,0,0,90000,11200,11,0,0,LIBERTY,13:55,1984,1984,"M202,","SP,",1,"M2,","M,",MAIN,Texas,31.827233,-99.423022,13,Afternoon
Derailments,1984:05:SP:F5014,0,0,600,37400,0,0,0,JEFFERSON,14:35,1984,1984,"M404,","SP,",7,"M4,","M,",YARD,Texas,31.827233,-99.423022,14,Afternoon
Derailments,1984:07:SSW:K5174,0,0,600,7300,0,0,0,MCLENNAN,13:15,1984,1984,"T102,","SSW,",1,"T1,","T,",MAIN,Texas,31.827233,-99.423022,13,Afternoon
Derailments,1984:05:SSW:M2214,0,0,12200,5000,0,0,0,DALLAM,15:50,1984,1984,"E07C,","SSW,",1,"E0,","E,",YARD,Texas,31.827233,-99.423022,15,Afternoon
Derailments,1984:06:ATSF:220684101,0,0,17400,300,0,0,0,JOHNSON,12:45,1984,1984,"T102,H604,","ATSF,",1,"T1,H6,","T,H,",MAIN,Texas,31.827233,-99.423022,12,Afternoon
Derailments,1984:04:MKT:AX34S,0,0,9000,5600,0,0,0,BASTROP,12:10,1984,1984,"T221,","MKT,",1,"T2,","T,",MAIN,Texas,31.827233,-99.423022,12,Afternoon
Derailments,1984:07:SSW:K5544,0,0,2500,25800,0,0,0,BOWIE,14:05,1984,1984,"M599,","SSW,",1,"M5,","M,",MAIN,Texas,31.827233,-99.423022,14,Afternoon
Highway-rail impact,1984:06:MKT:XA64S,0,1,7443,2000,0,0,0,DALLAS,16:40,1984,1984,"M399,","MKT,",1,"M3,","M,",MAIN,Texas,31.827233,-99.423022,16,Afternoon
Derailments,1984:07:SP:X0424,0,0,1000,11000,0,0,0,HARRIS,16:30,1984,1984,"T311,","SP,",7,"T3,","T,",YARD,Texas,31.827233,-99.423022,16,Afternoon
Derailments,1984:07:KCS:337885,0,0,1800,10250,0,0,0,JEFFERSON,14:40,1984,1984,"T311,","KCS,",7,"T3,","T,",YARD,Texas,31.827233,-99.423022,14,Afternoon
Derailments,1984:08:ATSF:200884101,0,0,36000,22370,1,0,0,HEMPHILL,14:20,1984,1984,"E34C,","ATSF,",1,"E3,","E,",MAIN,Texas,31.827233,-99.423022,14,Afternoon
Derailments,1984:05:SP:W6864,0,1,11000,179900,22,4,0,MONTGOMERY,15:05,1984,1984,"M503,","SP,",1,"M5,","M,",MAIN,Texas,31.827233,-99.423022,15,Afternoon
Derailments,1984:05:SP:S4734,0,0,375,10500,2,2,0,EL PASO,12:30,1984,1984,"H205,H602,","SP,",7,"H2,H6,","H,",YARD,Texas,31.827233,-99.423022,12,Afternoon
Obstruction impact,1984:10:SP:T0814,0,0,0,7000,0,0,0,EL PASO,15:35,1984,1985,"H402,","SP,",51,"H4,","H,",MAIN,Texas,31.827233,-99.423022,15,Afternoon
Derailments,1984:09:SP:U9124,0,0,30000,98500,0,0,0,COLLIN,14:00,1984,1984,"E30C,T110,","SP,",1,"E3,T1,","E,T,",MAIN,Texas,31.827233,-99.423022,14,Afternoon
Derailments,1984:11:MP:84213,0,0,940,23040,0,0,0,BOWIE,15:35,1984,1985,"E46C,","MP,",1,"E4,","E,",INDUSTRY,Texas,31.827233,-99.423022,15,Afternoon
Derailments,1984:10:BN:FW419,0,0,4690,1330,0,0,0,LUBBOCK,14:00,1984,1985,"T110,","BN,",7,"T1,","T,",INDUSTRY,Texas,31.827233,-99.423022,14,Afternoon
Derailments,1984:08:SP:X1624,0,0,4000,7000,0,0,0,HARRIS,14:30,1984,1984,"E0HC,","SP,",7,"E0,","E,",YARD,Texas,31.827233,-99.423022,14,Afternoon
Derailments,1984:08:SP:F8484,0,0,800,4000,0,0,0,LIBERTY,14:00,1984,1984,"T311,","SP,",7,"T3,","T,",YARD,Texas,31.827233,-99.423022,14,Afternoon
Derailments,1984:09:BN:FW341,0,0,1500,96150,0,0,0,NAVARRO,14:15,1984,1984,"T109,","BN,",1,"T1,","T,",MAIN,Texas,31.827233,-99.423022,14,Afternoon
Highway-rail impact,1984:09:ATSF:200984101,0,0,75000,312100,4,3,0,DEAF SMITH,16:40,1984,1984,"M399,","ATSF,",1,"M3,","M,",MAIN,Texas,31.827233,-99.423022,16,Afternoon
Derailments,1984:09:SP:X2164,0,0,90000,31500,0,0,0,HARRIS,15:30,1984,1984,"T102,H604,","MKT,PTRA,SP,",7,"T1,H6,","T,H,",MAIN,Texas,31.827233,-99.423022,15,Afternoon
Derailments,1984:11:MKT:AX101S,0,0,6780,4000,0,0,0,DALLAS,15:30,1984,1985,"T110,","MKT,",7,"T1,","T,",MAIN,Texas,31.827233,-99.423022,15,Afternoon
Derailments,1984:09:SP:F9034,0,0,800,4000,0,0,0,LIBERTY,16:50,1984,1984,"T110,","SP,",1,"T1,","T,",INDUSTRY,Texas,31.827233,-99.423022,16,Afternoon
Derailments,1984:10:MKT:AX90S,0,0,7000,1500,0,0,0,MCLENNAN,12:20,1984,1985,"H503,","MKT,",1,"H5,","H,",SIDING,Texas,31.827233,-99.423022,12,Afternoon
Derailments,1984:10:SSW:K7494,0,0,14600,9400,0,0,0,SMITH,13:05,1984,1985,"T101,","SSW,",7,"T1,","T,",YARD,Texas,31.827233,-99.423022,13,Afternoon
Derailments,1984:08:SP:X1974,0,0,3550,2000,1,1,0,HARRIS,15:00,1984,1984,"H307,","SP,",7,"H3,","H,",INDUSTRY,Texas,31.827233,-99.423022,15,Afternoon
Derailments,1984:08:PTRA:AUG0184,0,0,4827,16000,0,0,0,HARRIS,13:15,1984,1984,"H306,","PTRA,",7,"H3,","H,",YARD,Texas,31.827233,-99.423022,13,Afternoon
Derailments,1984:10:MKT:AX97S,0,0,500,6000,0,0,0,TARRANT,13:20,1984,1985,"T314,","MKT,",1,"T3,","T,",YARD,Texas,31.827233,-99.423022,13,Afternoon
Other impacts,1984:09:SP:U8804,0,0,500,6000,0,0,0,ROBERTSON,16:30,1984,1984,"H021,","SP,",6,"H0,","H,",YARD,Texas,31.827233,-99.423022,16,Afternoon
Derailments,1984:11:ANR:1,0,0,3194,10850,0,0,0,ANGELINA,14:05,1984,1985,"T108,","ANR,",1,"T1,","T,",MAIN,Texas,31.827233,-99.423022,14,Afternoon
Rear end collision,1984:09:MP:81564D1984,0,3,200,30330,0,0,0,PARKER,14:45,1984,1984,"H018,","MP,",615,"H0,","H,",MAIN,Texas,31.827233,-99.423022,14,Afternoon
Derailments,1984:09:SSW:K7224,0,0,2200,3900,0,0,0,TARRANT,14:10,1984,1984,"T110,","SSW,",7,"T1,","T,",YARD,Texas,31.827233,-99.423022,14,Afternoon
Side collision,1984:08:MP:84148,0,0,400,6000,0,0,0,SAN PATRICIO,16:20,1984,1984,"H306,","MP,",61,"H3,","H,",SIDING,Texas,31.827233,-99.423022,16,Afternoon
Derailments,1984:09:MP:66404D1967,0,1,500,20000,0,0,0,TRAVIS,14:04,1984,1984,"T101,","MP,",1,"T1,","T,",INDUSTRY,Texas,31.827233,-99.423022,14,Afternoon
Derailments,1984:09:SP:X2344,0,0,12000,7000,0,0,0,HARRIS,12:30,1984,1984,"T316,T303,","SP,",1,"T3,","T,",MAIN,Texas,31.827233,-99.423022,12,Afternoon
Derailments,1984:10:SP:T0904,0,0,12000,4200,0,0,0,EL PASO,13:10,1984,1985,"T399,","MP,SP,",1,"T3,","T,",MAIN,Texas,31.827233,-99.423022,13,Afternoon
Highway-rail impact,1984:10:ATSF:201084101,0,1,0,25050,9,0,0,DEAF SMITH,15:00,1984,1985,"M399,","ATSF,",1,"M3,","M,",MAIN,Texas,31.827233,-99.423022,15,Afternoon
Derailments,1984:10:SP:X3684,0,2,75000,50100,2,2,0,HARRIS,16:18,1984,1985,"T402,","SP,",1,"T4,","T,",MAIN,Texas,31.827233,-99.423022,16,Afternoon
Derailments,1984:09:SSW:K6744,0,0,2800,2500,0,0,0,HUNT,12:30,1984,1984,"T101,","SSW,",1,"T1,","T,",MAIN,Texas,31.827233,-99.423022,12,Afternoon
Derailments,1984:08:KCS:345069,0,0,1668,4000,0,0,0,BOWIE,16:55,1984,1984,"T314,","KCS,",1,"T3,","T,",SIDING,Texas,31.827233,-99.423022,16,Afternoon
Derailments,1985:02:ATSF:220285102,0,0,25000,5500,0,0,0,DENTON,14:15,1985,1985,"E53C,","ATSF,",1,"E5,","E,",MAIN,Texas,31.827233,-99.423022,14,Afternoon
Derailments,1985:01:PTRA:JAN0185,0,0,6229,8300,0,0,0,HARRIS,15:50,1985,1985,"T311,","PTRA,",7,"T3,","T,",YARD,Texas,31.827233,-99.423022,15,Afternoon
Derailments,1984:11:SP:X4974,0,0,18000,0,0,0,0,HARRIS,12:30,1984,1985,"T001,M404,","SP,",7,"T0,M4,","T,M,",YARD,Texas,31.827233,-99.423022,12,Afternoon
Derailments,1985:02:SP:F1585,0,0,0,28000,0,0,0,HARRIS,12:15,1985,1985,"M504,","SP,",6,"M5,","M,",INDUSTRY,Texas,31.827233,-99.423022,12,Afternoon
Derailments,1984:12:SP:X6954,0,0,15000,2000,0,0,0,HARRIS,13:30,1984,1985,"M503,","SP,",1,"M5,","M,",YARD,Texas,31.827233,-99.423022,13,Afternoon
Derailments,1985:01:SP:U0065,0,0,6500,3075,0,0,0,TRAVIS,14:30,1985,1985,"T207,","SP,",1,"T2,","T,",MAIN,Texas,31.827233,-99.423022,14,Afternoon
Derailments,1985:02:OKT:AX040,0,0,13300,8800,0,0,0,TARRANT,16:15,1985,1985,"T110,","OKT,",1,"T1,","T,",MAIN,Texas,31.827233,-99.423022,16,Afternoon
Highway-rail impact,1985:01:SP:W0915,0,1,12000,0,0,0,0,HARRIS,13:00,1985,1985,"M399,","SP,",1,"M3,","M,",MAIN,Texas,31.827233,-99.423022,13,Afternoon
Fire/violent rupture,1985:02:MP:85031,0,0,0,20000,0,0,0,WEBB,16:40,1985,1985,"M503,","MP,",5,"M5,","M,",YARD,Texas,31.827233,-99.423022,16,Afternoon
Highway-rail impact,1984:12:SP:X6764,0,1,0,18000,2,0,0,ANGELINA,14:55,1984,1985,"M399,","SP,",1,"M3,","M,",MAIN,Texas,31.827233,-99.423022,14,Afternoon
Other impacts,1985:01:ATSF:210185101,0,2,100,531000,10,0,0,EL PASO,13:30,1985,1985,"H099,E03C,","ATSF,",67,"H0,E0,H0,E0,","H,E,H,E,",YARD,Texas,31.827233,-99.423022,13,Afternoon
Derailments,1985:01:LA:345130,0,0,65000,720000,0,0,0,HARRISON,12:35,1985,1985,"T202,","LA,",1,"T2,","T,",MAIN,Texas,31.827233,-99.423022,12,Afternoon
Derailments,1985:02:SP:U0555,0,0,350,5400,0,0,0,BEXAR,16:45,1985,1985,"T110,","SP,",7,"T1,","T,",YARD,Texas,31.827233,-99.423022,16,Afternoon
Other impacts,1985:01:SP:W0805,0,0,100,27300,0,0,0,HARRIS,16:30,1985,1985,"E0HC,","SP,",7,"E0,","E,",MAIN,Texas,31.827233,-99.423022,16,Afternoon
Derailments,1984:11:SP:X4924,0,0,7000,0,0,0,0,POLK,14:15,1984,1985,"M405,T110,","SP,",1,"M4,T1,","M,T,",SIDING,Texas,31.827233,-99.423022,14,Afternoon
Derailments,1984:10:PTRA:OCT0184,0,0,11958,200,0,0,0,HARRIS,16:10,1984,1985,"T002,","PTRA,",7,"T0,","T,",YARD,Texas,31.827233,-99.423022,16,Afternoon