AccidentType,inckey,Fatalities,Injuries,TrackDamage,EquipmentDamage,HazmatCars,HazmatCarsDerailed,HazmatCarsReleasing,County,DisplayTime,calendar,Fiscal,AccidentCause,RailroadCodes,RAILEQUIPMENT_TYPE,CauseGroup,CauseDiscipline,TYPE_OF_TRACK,StateName,latitude,longitude,hour,cat
Derailments,1984:12:GWF:3239,0,0,25194,16550,0,0,0,GALVESTON,14:20,1984,1985,"T299,","GHH,GWF,",7,"T2,","T,",YARD,Texas,31.827233,-99.423022,14,Afternoon
Derailments,1985:01:ATSF:230185101,0,0,14000,64500,0,0,0,MILAM,13:15,1985,1985,"T214,","ATSF,",1,"T2,","T,",MAIN,Texas,31.827233,-99.423022,13,Afternoon
Derailments,1985:02:SP:S1205,0,0,4800,16000,0,0,0,EL PASO,13:50,1985,1985,"T110,","SP,",1,"T1,","T,",YARD,Texas,31.827233,-99.423022,13,Afternoon
Derailments,1984:12:MP:84230,0,0,1000,16000,0,0,0,TARRANT,12:32,1984,1985,"E45C,","MP,",7,"E4,","E,",YARD,Texas,31.827233,-99.423022,12,Afternoon
Derailments,1985:02:MKT:AX12S,0,0,2350,5100,0,0,0,BELL,16:50,1985,1985,"T110,","MKT,",1,"T1,","T,",YARD,Texas,31.827233,-99.423022,16,Afternoon
Derailments,1984:11:SP:V0784,0,0,14800,400,0,0,0,BEXAR,12:00,1984,1985,"M405,","SP,",1,"M4,","M,",SIDING,Texas,31.827233,-99.423022,12,Afternoon
Derailments,1984:12:SP:X6274,0,0,3500,9300,0,0,0,HARRIS,15:00,1984,1985,"T202,","SP,",7,"T2,","T,",YARD,Texas,31.827233,-99.423022,15,Afternoon
Derailments,1984:12:SP:G3334,0,0,15000,20000,0,0,0,HARRIS,13:40,1984,1985,"M503,","SP,",1,"M5,","M,",YARD,Texas,31.827233,-99.423022,13,Afternoon
Derailments,1985:02:MP:85024,0,0,1000,64250,0,0,0,TARRANT,14:45,1985,1985,"H503,","MP,",7,"H5,","H,",YARD,Texas,31.827233,-99.423022,14,Afternoon
Derailments,1984:12:ATSF:201284103,0,0,7500,32000,0,0,0,OCHILTREE,16:20,1984,1985,"T202,","ATSF,",1,"T2,","T,",MAIN,Texas,31.827233,-99.423022,16,Afternoon
Derailments,1985:01:ATSF:220185101,0,0,300,7700,0,0,0,DALLAS,16:00,1985,1985,"H503,","ATSF,",7,"H5,","H,",YARD,Texas,31.827233,-99.423022,16,Afternoon
Derailments,1985:02:SP:W2355,0,0,5000,28625,0,0,0,COLORADO,15:05,1985,1985,"E19C,","SP,",1,"E1,","E,",SIDING,Texas,31.827233,-99.423022,15,Afternoon
Derailments,1984:11:SP:X5534,0,0,995,4000,0,0,0,KARNES,15:05,1984,1985,"T314,","SP,",1,"T3,","T,",INDUSTRY,Texas,31.827233,-99.423022,15,Afternoon
Derailments,1985:02:SSW:K0815,0,0,3500,54000,0,0,0,NAVARRO,16:00,1985,1985,"T110,","SSW,",1,"T1,","T,",MAIN,Texas,31.827233,-99.423022,16,Afternoon
Highway-rail impact,1985:05:SSW:K3035,0,0,0,5000,0,0,0,BOWIE,16:05,1985,1985,"M399,","SSW,",1,"M3,","M,",MAIN,Texas,31.827233,-99.423022,16,Afternoon
Derailments,1985:04:SP:U1905,0,0,6000,28100,0,0,0,COLORADO,15:50,1985,1985,"E36C,","SP,",1,"E3,","E,",MAIN,Texas,31.827233,-99.423022,15,Afternoon
Derailments,1985:04:SP:W5045,0,0,12000,4775,0,0,0,HARRIS,14:48,1985,1985,"M503,","SP,",1,"M5,","M,",YARD,Texas,31.827233,-99.423022,14,Afternoon
Derailments,1985:04:SP:U2105,0,0,7100,46000,0,0,0,TRAVIS,13:30,1985,1985,"T113,","SP,",1,"T1,","T,",MAIN,Texas,31.827233,-99.423022,13,Afternoon
Derailments,1985:04:ATSF:230485101,0,0,2500,10300,0,0,0,NEWTON,13:35,1985,1985,"H603,","ATSF,",1,"H6,","H,",MAIN,Texas,31.827233,-99.423022,13,Afternoon
Derailments,1985:03:KCS:331146,0,0,0,10000,0,0,0,BOWIE,14:30,1985,1985,"H702,","KCS,",7,"H7,","H,",YARD,Texas,31.827233,-99.423022,14,Afternoon
Derailments,1985:05:UEEZ:INDUSTRY,0,0,6280,4000,0,0,0,TARRANT,15:00,1985,1985,"T001,","BN,",7,"T0,","T,",INDUSTRY,Texas,31.827233,-99.423022,15,Afternoon
Derailments,1985:05:BN:FW189,0,0,3000,39500,2,1,0,CHILDRESS,12:45,1985,1985,"E46C,T101,","BN,",1,"E4,T1,","E,T,",MAIN,Texas,31.827233,-99.423022,12,Afternoon
Derailments,1985:05:ATSF:200585102,0,0,646,7500,0,0,0,TERRY,15:50,1985,1985,"T110,","ATSF,",1,"T1,","T,",INDUSTRY,Texas,31.827233,-99.423022,15,Afternoon
Derailments,1985:03:MKT:AX29S,0,0,5000,1500,0,0,0,DENTON,13:30,1985,1985,"T110,","MKT,",1,"T1,","T,",MAIN,Texas,31.827233,-99.423022,13,Afternoon
Derailments,1985:02:MKT:AX11S,0,0,25500,41500,46,8,1,DALLAS,12:20,1985,1985,"T110,","MKT,MP,SP,",1,"T1,","T,",MAIN,Texas,31.827233,-99.423022,12,Afternoon
Derailments,1985:04:MKT:AX41S,0,0,5500,41750,0,0,0,WILLIAMSON,15:20,1985,1985,"T110,","MKT,",1,"T1,","T,",YARD,Texas,31.827233,-99.423022,15,Afternoon
Derailments,1985:03:MP:85057,0,0,24800,4500,7,1,0,COMAL,14:41,1985,1985,"E40C,","MP,",1,"E4,","E,",SIDING,Texas,31.827233,-99.423022,14,Afternoon
Side collision,1985:05:SP:W6485,0,0,600,14000,0,0,0,HARRIS,15:30,1985,1985,"H306,","SP,",17,"H3,","H,",YARD,Texas,31.827233,-99.423022,15,Afternoon
Derailments,1985:05:LA:336228,0,0,11193,7500,0,0,0,MORRIS,13:45,1985,1985,"T108,","LA,",1,"T1,","T,",MAIN,Texas,31.827233,-99.423022,13,Afternoon
Derailments,1985:04:SP:F3425,0,0,12300,4000,0,0,0,JEFFERSON,16:30,1985,1985,"T110,","SP,",7,"T1,","T,",YARD,Texas,31.827233,-99.423022,16,Afternoon
Derailments,1985:04:SP:W5335,0,0,100,12000,1,1,1,HARRIS,15:30,1985,1985,"E31C,","SP,",7,"E3,","E,",YARD,Texas,31.827233,-99.423022,15,Afternoon
Derailments,1985:05:SP:W6465,0,0,65000,281700,0,0,0,HARRIS,13:15,1985,1985,"H525,","SP,",7,"H5,","H,",YARD,Texas,31.827233,-99.423022,13,Afternoon
Highway-rail impact,1985:05:MP:85083,0,1,12500,228500,0,0,0,DENTON,15:00,1985,1985,"H699,H513,","MKT,MP,",1,"H6,H5,","H,",MAIN,Texas,31.827233,-99.423022,15,Afternoon
Other impacts,1985:03:MP:85053,0,0,3370,44000,0,0,0,TARRANT,15:55,1985,1985,"H401,","MP,",67,"H4,","H,",YARD,Texas,31.827233,-99.423022,15,Afternoon
Derailments,1985:05:ATSF:200585101,0,0,15000,85490,0,0,0,SCURRY,14:00,1985,1985,"T204,","ATSF,",1,"T2,","T,",MAIN,Texas,31.827233,-99.423022,14,Afternoon
Derailments,1985:05:ATSF:200585103,0,0,5500,11265,0,0,0,TOM GREEN,15:00,1985,1985,"T313,","ATSF,",1,"T3,","T,",YARD,Texas,31.827233,-99.423022,15,Afternoon
Derailments,1985:07:MKT:AX63N,0,0,11000,51357,0,0,0,MCLENNAN,14:20,1985,1985,"T101,","MKT,",1,"T1,","T,",YARD,Texas,31.827233,-99.423022,14,Afternoon
Derailments,1985:06:SP:S6175,0,0,24900,9300,1,0,0,EL PASO,14:26,1985,1985,"E40C,","SP,",1,"E4,","E,",YARD,Texas,31.827233,-99.423022,14,Afternoon
Derailments,1985:06:MKT:AX49S,0,0,175501,537726,0,0,0,BASTROP,16:25,1985,1985,"H099,T199,","MKT,",1,"H0,T1,","H,T,",MAIN,Texas,31.827233,-99.423022,16,Afternoon
Derailments,1985:08:ATSF:200885103,0,0,6500,10300,0,0,0,LUBBOCK,13:05,1985,1985,"E53C,","ATSF,",1,"E5,","E,",MAIN,Texas,31.827233,-99.423022,13,Afternoon
Derailments,1985:07:SP:X1095,0,0,1500,10100,1,1,0,VICTORIA,16:50,1985,1985,"E00C,","SP,",1,"E0,","E,",MAIN,Texas,31.827233,-99.423022,16,Afternoon
Derailments,1985:08:SP:X2185,0,0,5000,31500,0,0,0,HARRIS,14:35,1985,1985,"M201,","SP,",7,"M2,","M,",YARD,Texas,31.827233,-99.423022,14,Afternoon
Derailments,1985:06:SP:U3445,0,0,8700,2375,0,0,0,NAVARRO,14:50,1985,1985,"M405,","SP,",7,"M4,","M,",YARD,Texas,31.827233,-99.423022,14,Afternoon
Derailments,1985:09:MKT:AX75S,0,0,8700,6600,0,0,0,GRAYSON,15:30,1985,1985,"T109,","MKT,",1,"T1,","T,",MAIN,Texas,31.827233,-99.423022,15,Afternoon
Derailments,1985:07:TM:9261,0,0,42736,288932,5,0,0,WEBB,15:30,1985,1985,"T001,","TM,",1,"T0,","T,",MAIN,Texas,31.827233,-99.423022,15,Afternoon
Derailments,1985:06:MP:85110,0,0,6000,1200,0,0,0,RED RIVER,16:10,1985,1985,"H604,","MP,",1,"H6,","H,",MAIN,Texas,31.827233,-99.423022,16,Afternoon
Derailments,1985:09:MKT:AX78S,0,0,700,10500,0,0,0,GRAYSON,16:30,1985,1985,"T101,","MKT,",7,"T1,","T,",YARD,Texas,31.827233,-99.423022,16,Afternoon
Derailments,1985:09:SSW:K5705,0,0,10000,33750,0,0,0,TARRANT,12:05,1985,1985,"T101,","SSW,",1,"T1,","T,",MAIN,Texas,31.827233,-99.423022,12,Afternoon
Derailments,1985:06:SSW:K3815,0,0,500,10000,0,0,0,SMITH,16:00,1985,1985,"T110,","SSW,",1,"T1,","T,",INDUSTRY,Texas,31.827233,-99.423022,16,Afternoon
Derailments,1985:09:SP:U5735,0,0,6500,20575,20,1,0,TARRANT,16:55,1985,1985,"E40C,H503,","SP,",1,"E4,H5,","E,H,",MAIN,Texas,31.827233,-99.423022,16,Afternoon
Derailments,1985:08:ATSF:230885102,0,0,3000,18300,0,0,0,NEWTON,15:30,1985,1985,"T108,","ATSF,",1,"T1,","T,",MAIN,Texas,31.827233,-99.423022,15,Afternoon
Derailments,1985:06:PTRA:JUNE0185,0,0,9717,78400,0,0,0,HARRIS,16:40,1985,1985,"T101,","PTRA,",7,"T1,","T,",MAIN,Texas,31.827233,-99.423022,16,Afternoon
Derailments,1985:08:ATSF:220885103,0,0,6600,9500,1,0,0,TARRANT,16:30,1985,1985,"E46C,E64C,","ATSF,MP,SP,",1,"E4,E6,","E,",MAIN,Texas,31.827233,-99.423022,16,Afternoon
Derailments,1985:07:ATSF:230785101,0,0,17000,13250,0,0,0,MILLS,14:40,1985,1985,"H604,","ATSF,",1,"H6,","H,",SIDING,Texas,31.827233,-99.423022,14,Afternoon
Derailments,1985:09:ATSF:230985102,0,0,3400,8750,3,0,0,BRAZORIA,13:55,1985,1985,"H503,E40C,T101,","ATSF,MP,",1,"H5,E4,T1,","H,E,T,",MAIN,Texas,31.827233,-99.423022,13,Afternoon
Derailments,1985:08:SP:X2965,0,0,7800,2500,0,0,0,CAMERON,14:20,1985,1985,"T110,","SP,",1,"T1,","T,",MAIN,Texas,31.827233,-99.423022,14,Afternoon
Side collision,1985:06:MKT:AX51S,0,0,100,8500,0,0,0,HARRIS,13:30,1985,1985,"H306,","MKT,",67,"H3,","H,",YARD,Texas,31.827233,-99.423022,13,Afternoon
Other impacts,1985:07:ATSF:220785102,0,0,9000,49050,0,0,0,COLEMAN,15:40,1985,1985,"E11C,","ATSF,",11,"E1,","E,",MAIN,Texas,31.827233,-99.423022,15,Afternoon
Derailments,1985:08:SP:X2175,0,0,3000,2050,0,0,0,HARRIS,15:00,1985,1985,"T311,","SP,",7,"T3,","T,",YARD,Texas,31.827233,-99.423022,15,Afternoon
Derailments,1985:08:MP:85141,0,0,0,11000,0,0,0,JEFFERSON,15:35,1985,1985,"T217,","MP,",1,"T2,","T,",MAIN,Texas,31.827233,-99.423022,15,Afternoon
Derailments,1985:06:SP:F5705,0,0,0,16000,0,0,0,JEFFERSON,13:40,1985,1985,"T111,","SP,",7,"T1,","T,",YARD,Texas,31.827233,-99.423022,13,Afternoon
Side collision,1985:07:MKT:AX64S,0,0,0,11950,0,0,0,GRAYSON,15:00,1985,1985,"T101,","MKT,",67,"T1,","T,",YARD,Texas,31.827233,-99.423022,15,Afternoon
Derailments,1985:07:SP:X0395,0,0,30000,15450,0,0,0,HARRIS,13:15,1985,1985,"T110,H503,","ATSF,SP,",11,"T1,H5,","T,H,",MAIN,Texas,31.827233,-99.423022,13,Afternoon
Highway-rail impact,1985:07:SP:U4405,0,1,10000,2120,0,0,0,BEXAR,13:00,1985,1985,"M399,","SP,",7,"M3,","M,",MAIN,Texas,31.827233,-99.423022,13,Afternoon
Derailments,1985:06:SP:S6455,0,0,4600,2000,0,0,0,EL PASO,16:20,1985,1985,"T109,","SP,",1,"T1,","T,",YARD,Texas,31.827233,-99.423022,16,Afternoon
Highway-rail impact,1985:08:ATSF:200885102,0,1,0,8000,38,0,0,DEAF SMITH,15:40,1985,1985,"M399,","ATSF,",1,"M3,","M,",MAIN,Texas,31.827233,-99.423022,15,Afternoon
Derailments,1985:09:TN:REI2,0,0,7200,0,0,0,0,MORRIS,13:50,1985,1985,"T314,","TN,",NA,"T3,","T,",MAIN,Texas,31.827233,-99.423022,13,Afternoon
Other impacts,1985:10:BN:FW447,0,2,0,26000,0,0,0,TARRANT,12:30,1985,1986,"H310,","BN,",67,"H3,","H,",YARD,Texas,31.827233,-99.423022,12,Afternoon
Derailments,1985:11:SP:X7745,0,0,10500,3000,0,0,0,HARRIS,13:00,1985,1986,"T399,","SP,",7,"T3,","T,",YARD,Texas,31.827233,-99.423022,13,Afternoon
Highway-rail impact,1985:12:OKT:XA10O,0,0,0,6700,0,0,0,WISE,15:50,1985,1986,"M399,","OKT,",1,"M3,","M,",MAIN,Texas,31.827233,-99.423022,15,Afternoon
Derailments,1985:08:MKT:AX66S,0,0,17500,617260,0,0,0,FAYETTE,16:15,1985,1985,"T109,","MKT,",1,"T1,","T,",MAIN,Texas,31.827233,-99.423022,16,Afternoon
Derailments,1986:01:LA:329742,0,0,0,5350,0,0,0,MARION,15:00,1986,1986,"H702,","LA,",1,"H7,","H,",YARD,Texas,31.827233,-99.423022,15,Afternoon
Derailments,1985:10:SP:U6635,0,0,6400,1000,0,0,0,EL PASO,15:10,1985,1986,"E52C,","MP,SP,",1,"E5,","E,",MAIN,Texas,31.827233,-99.423022,15,Afternoon
Derailments,1985:10:HBT:AX1J85,0,0,3238,8400,0,0,0,HARRIS,15:15,1985,1986,"T314,","HBT,",7,"T3,","T,",INDUSTRY,Texas,31.827233,-99.423022,15,Afternoon
Derailments,1986:01:HBT:AX1A86,0,0,2000,26100,27,3,0,HARRIS,14:30,1986,1986,"E64C,","HBT,",7,"E6,","E,",YARD,Texas,31.827233,-99.423022,14,Afternoon
Derailments,1986:01:SP:W0546,0,0,2100,7800,1,1,0,HARRIS,15:15,1986,1986,"M101,","SP,",7,"M1,","M,",YARD,Texas,31.827233,-99.423022,15,Afternoon
Derailments,1985:12:SP:X8705,0,0,25000,12150,0,0,0,HARRIS,13:15,1985,1986,"H505,","SP,",7,"H5,","H,",YARD,Texas,31.827233,-99.423022,13,Afternoon
Other impacts,1985:12:MP:85221,0,0,0,7500,0,0,0,WILLIAMSON,12:39,1985,1986,"H999,","MP,",8,"H9,","H,",SIDING,Texas,31.827233,-99.423022,12,Afternoon
Derailments,1986:01:UP:0186RG204,0,0,0,30000,0,0,0,PARKER,16:15,1986,1986,"M501,","UP,",6,"M5,","M,",SIDING,Texas,31.827233,-99.423022,16,Afternoon
Derailments,1985:10:SP:X5625,0,0,1000,120300,0,0,0,HARRIS,15:15,1985,1986,"H525,","SP,",1,"H5,","H,",YARD,Texas,31.827233,-99.423022,15,Afternoon
Side collision,1985:12:PTRA:DEC0185,0,0,0,7500,1,1,0,HARRIS,15:30,1985,1986,"H025,","PTRA,",7,"H0,","H,",YARD,Texas,31.827233,-99.423022,15,Afternoon
Obstruction impact,1985:10:SP:U6515,0,0,11500,76300,4,2,0,EL PASO,14:10,1985,1986,"M503,","MP,SP,",1,"M5,","M,",MAIN,Texas,31.827233,-99.423022,14,Afternoon
Derailments,1985:11:MP:85202,0,0,2500,19100,0,0,0,BEXAR,16:00,1985,1986,"H018,","MP,",11,"H0,","H,",MAIN,Texas,31.827233,-99.423022,16,Afternoon
Other impacts,1985:12:MP:85222,0,0,0,80000,0,0,0,TARRANT,15:10,1985,1986,"H306,","MP,",67,"H3,","H,",YARD,Texas,31.827233,-99.423022,15,Afternoon
Derailments,1985:12:SP:U8315,0,0,3650,53000,0,0,0,MEDINA,12:50,1985,1986,"E32C,","SP,",1,"E3,","E,",MAIN,Texas,31.827233,-99.423022,12,Afternoon
Side collision,1985:10:HBT:AX2J85,0,0,500,36000,0,0,0,HARRIS,13:45,1985,1986,"H018,","HBT,",57,"H0,","H,",YARD,Texas,31.827233,-99.423022,13,Afternoon
Derailments,1985:10:PTRA:OCT0285,0,0,1000,38000,0,0,0,HARRIS,16:35,1985,1986,"T311,","PTRA,",7,"T3,","T,",YARD,Texas,31.827233,-99.423022,16,Afternoon
Derailments,1986:06:ATSF:230686101,0,2,16000,464200,1,1,1,MILLS,14:30,1986,1986,"T002,","ATSF,",1,"T0,","T,",MAIN,Texas,31.827233,-99.423022,14,Afternoon
Derailments,1986:04:SP:W3536,0,0,12000,0,0,0,0,HARRIS,13:10,1986,1986,"T313,","SP,",7,"T3,","T,",MAIN,Texas,31.827233,-99.423022,13,Afternoon
Derailments,1986:02:UP:0286RR204,0,0,40800,32000,2,0,0,GREGG,14:10,1986,1986,"M501,","UP,",1,"M5,","M,",SIDING,Texas,31.827233,-99.423022,14,Afternoon
Derailments,1986:05:MKT:AX22S,0,0,10000,7000,1,1,0,HARRIS,16:35,1986,1986,"T110,","MKT,",1,"T1,","T,",YARD,Texas,31.827233,-99.423022,16,Afternoon
Derailments,1986:03:SSW:M0856,0,0,40000,273150,0,0,0,DALLAM,14:05,1986,1986,"T220,","SSW,",11,"T2,","T,",MAIN,Texas,31.827233,-99.423022,14,Afternoon
Derailments,1986:02:SP:W1216,0,0,500,5000,0,0,0,HARRIS,12:05,1986,1986,"M409,","SP,",1,"M4,","M,",YARD,Texas,31.827233,-99.423022,12,Afternoon
Derailments,1986:04:UP:0486KV204,0,0,12000,140725,0,0,0,BEXAR,16:45,1986,1986,"T308,","UP,",1,"T3,","T,",MAIN,Texas,31.827233,-99.423022,16,Afternoon
Side collision,1986:04:UP:0486NO201,0,0,2200,42500,4,2,0,JEFFERSON,16:02,1986,1986,"H999,","UP,",17,"H9,","H,",YARD,Texas,31.827233,-99.423022,16,Afternoon
Side collision,1986:03:MKT:AX15S,0,0,1000,8800,0,0,0,TARRANT,16:20,1986,1986,"M503,","MKT,",57,"M5,","M,",YARD,Texas,31.827233,-99.423022,16,Afternoon
Fire/violent rupture,1986:02:SP:U0816,0,0,121336,0,0,0,0,TERRELL,13:00,1986,1986,"E06C,","SP,",1,"E0,","E,",MAIN,Texas,31.827233,-99.423022,13,Afternoon
Derailments,1986:03:MKT:AX12S,0,0,31150,3250,2,2,0,DALLAS,15:50,1986,1986,"T314,","MKT,UP,",1,"T3,","T,",YARD,Texas,31.827233,-99.423022,15,Afternoon
Derailments,1986:02:UP:0286RR205,0,0,200,6000,0,0,0,HARRISON,14:30,1986,1986,"T314,","UP,",7,"T3,","T,",YARD,Texas,31.827233,-99.423022,14,Afternoon
Derailments,1986:03:ATSF:230386101,0,0,15000,29000,0,0,0,GALVESTON,13:07,1986,1986,"H503,T399,","ATSF,",1,"H5,T3,","H,T,",YARD,Texas,31.827233,-99.423022,13,Afternoon
Derailments,1986:02:SP:U0886,0,0,144000,147500,0,0,0,BEXAR,15:50,1986,1986,"M405,","SP,",1,"M4,","M,",MAIN,Texas,31.827233,-99.423022,15,Afternoon
Highway-rail impact,1986:04:ATSF:200486103,1,2,6000,1200,0,0,0,POTTER,12:55,1986,1986,"M399,","ATSF,",7,"M3,","M,",MAIN,Texas,31.827233,-99.423022,12,Afternoon
Highway-rail impact,1986:02:SP:W1146,0,2,8000,193000,0,0,0,POLK,15:59,1986,1986,"M399,","SP,",4,"M3,","M,",MAIN,Texas,31.827233,-99.423022,15,Afternoon
Derailments,1986:03:ATSF:200386102,0,0,10500,43260,0,0,0,BAILEY,16:45,1986,1986,"T220,","ATSF,",1,"T2,","T,",INDUSTRY,Texas,31.827233,-99.423022,16,Afternoon
Derailments,1986:02:SP:W1316,0,0,1200,19600,14,14,0,SAN PATRICIO,14:40,1986,1986,"T110,","SP,",1,"T1,","T,",SIDING,Texas,31.827233,-99.423022,14,Afternoon
Derailments,1986:05:UP:0586RR010,0,2,6000,129800,0,0,0,BOWIE,15:15,1986,1986,"T101,","UP,",1,"T1,","T,",MAIN,Texas,31.827233,-99.423022,15,Afternoon
Other impacts,1986:04:SP:U1556,0,0,8000,0,0,0,0,MEDINA,15:40,1986,1986,"M202,E29C,","SP,UP,",1,"M2,E2,","M,E,",YARD,Texas,31.827233,-99.423022,15,Afternoon
Derailments,1986:06:ATSF:220686101,0,0,6000,2200,0,0,0,COMANCHE,14:44,1986,1986,"T109,","ATSF,",1,"T1,","T,",MAIN,Texas,31.827233,-99.423022,14,Afternoon
Other impacts,1986:05:ATSF:200586102,0,2,7500,63000,5,4,4,SWISHER,12:20,1986,1986,"M503,","ATSF,",51,"M5,","M,",MAIN,Texas,31.827233,-99.423022,12,Afternoon
Derailments,1986:06:BN:TU201,0,0,2400,40500,0,0,0,WICHITA,14:30,1986,1986,"T207,","BN,",1,"T2,","T,",MAIN,Texas,31.827233,-99.423022,14,Afternoon
Side collision,1986:05:UP:0586RG205,0,0,500,4390,0,0,0,TARRANT,12:30,1986,1986,"T399,","UP,",57,"T3,","T,",YARD,Texas,31.827233,-99.423022,12,Afternoon
Derailments,1986:05:MKT:AX23S,0,0,8000,2100,0,0,0,TARRANT,13:50,1986,1986,"T314,","MKT,",1,"T3,","T,",YARD,Texas,31.827233,-99.423022,13,Afternoon
Other impacts,1986:07:SP:F4306,0,0,8000,0,0,0,0,JEFFERSON,12:25,1986,1986,"M599,","SP,",5,"M5,","M,",MAIN,Texas,31.827233,-99.423022,12,Afternoon
Derailments,1986:07:SP:S4576,0,0,13000,2000,0,0,0,EL PASO,16:45,1986,1986,"T110,","SP,",1,"T1,","T,",YARD,Texas,31.827233,-99.423022,16,Afternoon
Highway-rail impact,1986:10:MKT:XA86S,0,2,0,6000,0,0,0,JOHNSON,16:25,1986,1987,"M399,","MKT,",1,"M3,","M,",MAIN,Texas,31.827233,-99.423022,16,Afternoon
Derailments,1986:09:SP:U3536,0,0,4353,1050,0,0,0,ELLIS,13:30,1986,1986,"T311,","SP,",1,"T3,","T,",YARD,Texas,31.827233,-99.423022,13,Afternoon
Derailments,1986:09:UP:0986TX202,0,0,1500,7400,0,0,0,PALO PINTO,15:50,1986,1986,"T299,","UP,",1,"T2,","T,",YARD,Texas,31.827233,-99.423022,15,Afternoon
Obstruction impact,1986:09:BN:TU509,0,2,0,8000,0,0,0,ELLIS,14:35,1986,1986,"H402,","BN,",5,"H4,","H,",MAIN,Texas,31.827233,-99.423022,14,Afternoon
Head on collision,1986:08:MKT:AX48S,0,0,0,16000,0,0,0,DALLAS,12:30,1986,1986,"H401,","MKT,",18,"H4,","H,",MAIN,Texas,31.827233,-99.423022,12,Afternoon
Derailments,1986:06:UP:0686RR203,0,0,4380,5000,3,0,0,WILLIAMSON,15:55,1986,1986,"E46C,","UP,",1,"E4,","E,",YARD,Texas,31.827233,-99.423022,15,Afternoon
Derailments,1986:07:KCS:330782,0,0,871,5570,0,0,0,BOWIE,14:00,1986,1986,"T108,","KCS,",1,"T1,","T,",SIDING,Texas,31.827233,-99.423022,14,Afternoon
Other impacts,1986:06:SP:W4986,0,0,4000,4500,0,0,0,HARRIS,16:12,1986,1986,"T311,","SP,",1,"T3,","T,",YARD,Texas,31.827233,-99.423022,16,Afternoon
Derailments,1986:07:OKT:AX380,0,0,50,5850,0,0,0,TARRANT,13:55,1986,1986,"M405,","OKT,",1,"M4,","M,",MAIN,Texas,31.827233,-99.423022,13,Afternoon
Derailments,1986:07:BN:TU338,0,0,500,18200,0,0,0,GRAYSON,14:55,1986,1986,"T110,","BN,",1,"T1,","T,",MAIN,Texas,31.827233,-99.423022,14,Afternoon
Other impacts,1986:09:SSW:K3526,0,1,0,22000,0,0,0,UPSHUR,14:20,1986,1986,"H999,","SSW,",1,"H9,","H,",MAIN,Texas,31.827233,-99.423022,14,Afternoon
Derailments,1986:08:BN:CO380,0,0,600,7170,0,0,0,POTTER,14:25,1986,1986,"T220,","BN,",1,"T2,","T,",YARD,Texas,31.827233,-99.423022,14,Afternoon
Derailments,1986:07:UP:0786GU204,0,0,2100,12000,2,0,0,ANDERSON,16:55,1986,1986,"H503,","UP,",1,"H5,","H,",YARD,Texas,31.827233,-99.423022,16,Afternoon
Derailments,1986:10:ATSF:231086101,0,0,2000,5280,0,0,0,HARRIS,12:30,1986,1987,"T311,","ATSF,",7,"T3,","T,",YARD,Texas,31.827233,-99.423022,12,Afternoon
Derailments,1986:10:KCS:337843,0,0,1000,54500,0,0,0,JEFFERSON,14:50,1986,1987,"T311,","KCS,",7,"T3,","T,",YARD,Texas,31.827233,-99.423022,14,Afternoon
Rear end collision,1986:07:UP:0786TX203,0,0,6,6000,1,1,0,TARRANT,14:40,1986,1986,"T305,","UP,",5,"T3,","T,",YARD,Texas,31.827233,-99.423022,14,Afternoon
Derailments,1986:07:MKT:AX39S,0,0,2550,4450,0,0,0,HARRIS,14:50,1986,1986,"T314,","MKT,",7,"T3,","T,",SIDING,Texas,31.827233,-99.423022,14,Afternoon
Derailments,1986:10:AUNW:D0001,0,0,300,19000,0,0,0,TRAVIS,14:25,1986,1987,"T110,","AUNW,",1,"T1,","T,",MAIN,Texas,31.827233,-99.423022,14,Afternoon
Derailments,1986:06:UP:0686RR004,2,2,154000,807399,10,7,4,BEXAR,13:15,1986,1986,"M599,","UP,",1,"M5,","M,",MAIN,Texas,31.827233,-99.423022,13,Afternoon
Derailments,1986:12:SP:U4706,0,0,27000,1500,0,0,0,BEXAR,13:45,1986,1987,"T220,","SP,",7,"T2,","T,",YARD,Texas,31.827233,-99.423022,13,Afternoon
Side collision,1987:02:PTRA:FEB0187,0,0,1000,17800,0,0,0,HARRIS,15:15,1987,1987,"H020,","PTRA,",17,"H0,","H,",YARD,Texas,31.827233,-99.423022,15,Afternoon
Derailments,1987:03:ATSF:200387101,0,0,17500,165400,9,3,1,GARZA,15:50,1987,1987,"E49C,","ATSF,",1,"E4,","E,",MAIN,Texas,31.827233,-99.423022,15,Afternoon
Derailments,1986:12:SP:X0856,0,0,1200,4000,1,1,0,HARRIS,12:35,1986,1987,"T210,","SP,",7,"T2,","T,",YARD,Texas,31.827233,-99.423022,12,Afternoon
Other impacts,1986:12:ATSF:231286102,0,4,0,195050,0,0,0,SABINE,16:00,1986,1987,"H404,","ATSF,",41,"H4,","H,",MAIN,Texas,31.827233,-99.423022,16,Afternoon