AccidentType,inckey,Fatalities,Injuries,TrackDamage,EquipmentDamage,HazmatCars,HazmatCarsDerailed,HazmatCarsReleasing,County,DisplayTime,calendar,Fiscal,AccidentCause,RailroadCodes,RAILEQUIPMENT_TYPE,CauseGroup,CauseDiscipline,TYPE_OF_TRACK,StateName,latitude,longitude,hour,cat
Derailments,1986:12:SP:U4586,0,0,6000,450,0,0,0,NAVARRO,16:55,1986,1987,"T001,","SP,",1,"T0,","T,",MAIN,Texas,31.827233,-99.423022,16,Afternoon
Rear end collision,1986:10:SP:U3816,0,0,0,12062,0,0,0,CULBERSON,14:20,1986,1987,"H699,","SP,",4,"H6,","H,",MAIN,Texas,31.827233,-99.423022,14,Afternoon
Derailments,1986:10:KCS:346666,0,0,400,6500,0,0,0,JEFFERSON,12:15,1986,1987,"T399,","KCS,",7,"T3,","T,",YARD,Texas,31.827233,-99.423022,12,Afternoon
Derailments,1987:02:SP:W1337,0,1,40000,666225,24,10,4,LIBERTY,14:38,1987,1987,"T207,","SP,",1,"T2,","T,",MAIN,Texas,31.827233,-99.423022,14,Afternoon
Raking collision,1987:02:MKT:AX7S,0,0,0,8150,0,0,0,MCLENNAN,16:30,1987,1987,"T102,","MKT,",57,"T1,","T,",YARD,Texas,31.827233,-99.423022,16,Afternoon
Derailments,1986:11:BN:TU556,0,0,45000,394700,0,0,0,WILBARGER,14:05,1986,1987,"E53C,","BN,",1,"E5,","E,",MAIN,Texas,31.827233,-99.423022,14,Afternoon
Derailments,1986:12:ATSF:221286101,0,0,7500,66417,0,0,0,DALLAS,12:55,1986,1987,"E53C,","ATSF,",1,"E5,","E,",MAIN,Texas,31.827233,-99.423022,12,Afternoon
Derailments,1986:12:SP:U4606,0,0,7000,1500,0,0,0,GONZALES,13:15,1986,1987,"T113,","SP,",1,"T1,","T,",MAIN,Texas,31.827233,-99.423022,13,Afternoon
Derailments,1986:12:SP:U4806,0,0,4500,5500,0,0,0,TARRANT,13:26,1986,1987,"H020,","SP,",6,"H0,","H,",YARD,Texas,31.827233,-99.423022,13,Afternoon
Derailments,1986:10:SP:W8376,0,0,15000,5000,3,0,0,HARRIS,12:30,1986,1987,"T399,","SP,",1,"T3,","T,",MAIN,Texas,31.827233,-99.423022,12,Afternoon
Derailments,1987:01:SP:W0597,0,0,4680,21375,0,0,0,HARRIS,14:40,1987,1987,"T001,","SP,",7,"T0,","T,",INDUSTRY,Texas,31.827233,-99.423022,14,Afternoon
Derailments,1987:04:UP:0487TX205,0,0,24700,219950,0,0,0,DENTON,14:20,1987,1987,"E27C,","UP,",1,"E2,","E,",MAIN,Texas,31.827233,-99.423022,14,Afternoon
Highway-rail impact,1987:08:SP:F3507,0,1,0,6000,0,0,0,ORANGE,14:05,1987,1987,"M399,","SP,",1,"M3,","M,",MAIN,Texas,31.827233,-99.423022,14,Afternoon
Derailments,1987:03:SP:U0827,0,0,8500,1000,0,0,0,BEXAR,13:45,1987,1987,"H702,","SP,",7,"H7,","H,",YARD,Texas,31.827233,-99.423022,13,Afternoon
Obstruction impact,1987:04:BN:TU237,0,0,0,12000,0,0,0,FREESTONE,14:15,1987,1987,"T314,","BN,",5,"T3,","T,",SIDING,Texas,31.827233,-99.423022,14,Afternoon
Derailments,1987:06:MKT:AX30S,0,0,6300,13000,0,0,0,BEXAR,13:10,1987,1987,"T314,","MKT,",1,"T3,","T,",INDUSTRY,Texas,31.827233,-99.423022,13,Afternoon
Derailments,1987:06:BN:TU341,0,0,1500,45000,0,0,0,CHILDRESS,15:15,1987,1987,"T109,","BN,",1,"T1,","T,",MAIN,Texas,31.827233,-99.423022,15,Afternoon
Derailments,1987:04:UP:0487TX204,0,0,2000,78800,0,0,0,EASTLAND,15:15,1987,1987,"T199,","UP,",1,"T1,","T,",MAIN,Texas,31.827233,-99.423022,15,Afternoon
Derailments,1987:05:MKT:AX21S,0,0,35000,105281,0,0,0,HILL,16:20,1987,1987,"T103,","MKT,",1,"T1,","T,",MAIN,Texas,31.827233,-99.423022,16,Afternoon
Derailments,1987:07:BN:TU421,0,2,8200,403000,0,0,0,HARRIS,12:10,1987,1987,"M503,","BN,",1,"M5,","M,",MAIN,Texas,31.827233,-99.423022,12,Afternoon
Derailments,1987:06:BN:TU345,0,0,12500,0,2,0,0,FLOYD,16:45,1987,1987,"T101,","BN,",1,"T1,","T,",MAIN,Texas,31.827233,-99.423022,16,Afternoon
Derailments,1987:05:UP:0587GU201,0,0,16400,149565,0,0,0,COMAL,16:45,1987,1987,"T199,","UP,",1,"T1,","T,",MAIN,Texas,31.827233,-99.423022,16,Afternoon
Other impacts,1987:06:ATSF:220687102,0,0,550,10500,0,0,0,TARRANT,13:15,1987,1987,"H020,","ATSF,",7,"H0,","H,",YARD,Texas,31.827233,-99.423022,13,Afternoon
Side collision,1987:05:HBT:AX2E87,0,0,0,6250,0,0,0,HARRIS,12:40,1987,1987,"H401,","HBT,",7,"H4,","H,",YARD,Texas,31.827233,-99.423022,12,Afternoon
Head on collision,1987:03:KCS:441467,0,0,0,7480,0,0,0,JEFFERSON,15:15,1987,1987,"H404,","KCS,",17,"H4,","H,",YARD,Texas,31.827233,-99.423022,15,Afternoon
Highway-rail impact,1987:05:ATSF:200587101,0,0,25000,13150,0,0,0,PARMER,16:33,1987,1987,"M399,H503,","ATSF,",1,"M3,H5,","M,H,",MAIN,Texas,31.827233,-99.423022,16,Afternoon
Derailments,1987:05:ATSF:200587102,0,0,9500,15000,3,0,0,LUBBOCK,14:10,1987,1987,"T314,E64C,","ATSF,",61,"T3,E6,","T,E,",YARD,Texas,31.827233,-99.423022,14,Afternoon
Derailments,1987:07:ATSF:200787101,0,0,5505,600,0,0,0,RANDALL,16:05,1987,1987,"T111,","ATSF,",1,"T1,","T,",YARD,Texas,31.827233,-99.423022,16,Afternoon
Derailments,1987:03:SP:U0817,0,0,12000,1400,0,0,0,BEXAR,13:15,1987,1987,"H503,","SP,UP,",1,"H5,","H,",MAIN,Texas,31.827233,-99.423022,13,Afternoon
Derailments,1987:05:ATSF:230587102,0,0,10000,12400,0,0,0,SAN AUGUSTINE,16:30,1987,1987,"E64C,","ATSF,",1,"E6,","E,",MAIN,Texas,31.827233,-99.423022,16,Afternoon
Other impacts,1987:07:MKT:AX34S,0,0,0,16500,0,0,0,GRAYSON,16:00,1987,1987,"H310,","MKT,",57,"H3,","H,",YARD,Texas,31.827233,-99.423022,16,Afternoon
Derailments,1987:07:MKT:AX33S,0,0,6500,3700,0,0,0,TARRANT,13:50,1987,1987,"T309,","MKT,",7,"T3,","T,",YARD,Texas,31.827233,-99.423022,13,Afternoon
Derailments,1987:06:ATSF:230687101,0,0,45000,89000,0,0,0,MCLENNAN,15:20,1987,1987,"E46C,","ATSF,",1,"E4,","E,",SIDING,Texas,31.827233,-99.423022,15,Afternoon
Side collision,1987:08:ATSF:200887102,0,0,0,27377,4,4,0,POTTER,14:10,1987,1987,"H020,H021,","ATSF,",7,"H0,","H,",YARD,Texas,31.827233,-99.423022,14,Afternoon
Derailments,1987:10:SP:W7877,0,0,70000,22750,0,0,0,HARRIS,16:35,1987,1988,"T315,","SP,",7,"T3,","T,",MAIN,Texas,31.827233,-99.423022,16,Afternoon
Derailments,1987:07:SP:W5757,0,0,0,10000,0,0,0,HARRIS,16:00,1987,1987,"E30C,","SP,",7,"E3,","E,",INDUSTRY,Texas,31.827233,-99.423022,16,Afternoon
Derailments,1987:10:SP:U3547,0,0,20000,447450,0,0,0,LIMESTONE,12:15,1987,1988,"E39L,","SP,",1,"E3,","E,",MAIN,Texas,31.827233,-99.423022,12,Afternoon
Highway-rail impact,1987:09:ATSF:230987102,0,2,10000,2500,0,0,0,LAMPASAS,14:20,1987,1987,"M399,","ATSF,",1,"M3,","M,",MAIN,Texas,31.827233,-99.423022,14,Afternoon
Other impacts,1987:09:ATSF:200987101,0,0,0,19000,12,0,0,RANDALL,12:40,1987,1987,"H307,","ATSF,",61,"H3,","H,",SIDING,Texas,31.827233,-99.423022,12,Afternoon
Side collision,1987:07:PTRA:JULY0387,0,0,3000,75000,4,1,0,HARRIS,16:35,1987,1987,"H306,","PTRA,",67,"H3,","H,",YARD,Texas,31.827233,-99.423022,16,Afternoon
Derailments,1987:10:SP:U3777,0,0,5000,2500,0,0,0,KINNEY,13:10,1987,1988,"E66L,","SP,",1,"E6,","E,",SIDING,Texas,31.827233,-99.423022,13,Afternoon
Derailments,1987:12:UP:1287GU205,0,0,50000,365000,13,12,4,WILLIAMSON,16:15,1987,1988,"H099,","UP,",6,"H0,","H,",MAIN,Texas,31.827233,-99.423022,16,Afternoon
Other impacts,1987:09:ATSF:230987101,0,0,0,26100,0,0,0,LIBERTY,13:50,1987,1987,"H404,H699,","ATSF,",51,"H4,H6,H4,H6,","H,",MAIN,Texas,31.827233,-99.423022,13,Afternoon
Derailments,1988:02:ATSF:200288101,0,0,4000,10915,0,0,0,POTTER,15:40,1988,1988,"T113,T222,","ATSF,",1,"T1,T2,","T,",MAIN,Texas,31.827233,-99.423022,15,Afternoon
Other impacts,1987:10:MKT:AX50S,0,0,7123,30250,0,0,0,HUNT,16:35,1987,1988,"H601,","MKT,",1,"H6,","H,",SIDING,Texas,31.827233,-99.423022,16,Afternoon
Highway-rail impact,1987:07:SP:F3217,0,0,0,15000,0,0,0,HARRIS,16:20,1987,1987,"M399,","SP,",1,"M3,","M,",MAIN,Texas,31.827233,-99.423022,16,Afternoon
Derailments,1987:10:POHZ:INDUSTRY,0,0,0,18500,0,0,0,HARRIS,15:15,1987,1988,"T110,","PTRA,",7,"T1,","T,",INDUSTRY,Texas,31.827233,-99.423022,15,Afternoon
Derailments,1987:07:PTRA:JULY0187,0,0,2000,15000,0,0,0,HARRIS,14:30,1987,1987,"E86C,","PTRA,",7,"E8,","E,",INDUSTRY,Texas,31.827233,-99.423022,14,Afternoon
Other impacts,1987:08:SP:U2747,0,0,0,59480,2,1,0,BEXAR,12:10,1987,1987,"H602,","SP,",7,"H6,","H,",YARD,Texas,31.827233,-99.423022,12,Afternoon
Derailments,1987:08:UP:0887TX202,0,0,4050,5000,0,0,0,TARRANT,16:00,1987,1987,"T314,","UP,",8,"T3,","T,",YARD,Texas,31.827233,-99.423022,16,Afternoon
Derailments,1987:08:ATSF:200887101,0,0,2000,36000,0,0,0,HALE,15:25,1987,1987,"T399,","ATSF,",1,"T3,","T,",SIDING,Texas,31.827233,-99.423022,15,Afternoon
Highway-rail impact,1987:07:UP:0787GU007,0,3,0,24700,0,0,0,HAYS,13:20,1987,1987,"M399,","UP,",1,"M3,","M,",MAIN,Texas,31.827233,-99.423022,13,Afternoon
Derailments,1987:08:MKT:AX39S,0,0,6000,52800,0,0,0,HILL,15:45,1987,1987,"T110,","MKT,",1,"T1,","T,",MAIN,Texas,31.827233,-99.423022,15,Afternoon
Derailments,1987:05:SP:W4107,0,0,4980,2500,3,1,0,HARRIS,15:15,1987,1987,"M204,","SP,",7,"M2,","M,",MAIN,Texas,31.827233,-99.423022,15,Afternoon
Side collision,1987:12:BN:TU842,0,0,0,6000,0,0,0,GALVESTON,16:15,1987,1988,"H702,M599,","BN,",1,"H7,M5,","H,M,",YARD,Texas,31.827233,-99.423022,16,Afternoon
Derailments,1988:01:ATSF:220188102,0,0,1000,9650,4,0,0,BROWN,16:20,1988,1988,"T399,","ATSF,",1,"T3,","T,",YARD,Texas,31.827233,-99.423022,16,Afternoon
Obstruction impact,1988:04:BN:TU249,0,0,0,100000,0,0,0,FREESTONE,12:45,1988,1988,"H305,","BN,",15,"H3,","H,",YARD,Texas,31.827233,-99.423022,12,Afternoon
Side collision,1987:12:PTRA:DEC0487,0,0,0,20000,0,0,0,HARRIS,16:30,1987,1988,"H999,H306,","PTRA,",7,"H9,H3,","H,",SIDING,Texas,31.827233,-99.423022,16,Afternoon
Derailments,1988:04:BN:TU264,0,0,9000,1500,0,0,0,WICHITA,13:20,1988,1988,"E42C,","BN,",1,"E4,","E,",MAIN,Texas,31.827233,-99.423022,13,Afternoon
Derailments,1987:12:UP:1287GU221,0,0,6500,815,0,0,0,JEFFERSON,16:45,1987,1988,"T311,","UP,",1,"T3,","T,",MAIN,Texas,31.827233,-99.423022,16,Afternoon
Side collision,1988:03:PTRA:MAR0188,0,0,0,18000,0,0,0,HARRIS,15:40,1988,1988,"H702,","PTRA,",7,"H7,","H,",YARD,Texas,31.827233,-99.423022,15,Afternoon
Derailments,1988:03:MKT:AX5S,0,0,5628,4500,0,0,0,DALLAS,13:10,1988,1988,"H702,","MKT,",7,"H7,","H,",MAIN,Texas,31.827233,-99.423022,13,Afternoon
Derailments,1988:02:BN:TU093,0,0,0,12500,0,0,0,TARRANT,15:05,1988,1988,"H303,","BN,",7,"H3,","H,",YARD,Texas,31.827233,-99.423022,15,Afternoon
Derailments,1988:01:UP:0188RR204,0,0,300,22350,0,0,0,WOOD,12:55,1988,1988,"M503,","UP,",6,"M5,","M,",SIDING,Texas,31.827233,-99.423022,12,Afternoon
Derailments,1987:12:UP:1287AR030,0,4,39000,650000,17,17,15,HARRISON,15:15,1987,1988,"T099,","UP,",1,"T0,","T,",MAIN,Texas,31.827233,-99.423022,15,Afternoon
Derailments,1988:01:MKT:AX3S,0,0,490,21000,0,0,0,HILL,14:30,1988,1988,"E05C,E00C,","MKT,",1,"E0,","E,",MAIN,Texas,31.827233,-99.423022,14,Afternoon
Derailments,1987:12:GVSR:A,0,0,1200,9000,0,0,0,GALVESTON,16:00,1987,1988,"H704,","GVSR,",7,"H7,","H,",YARD,Texas,31.827233,-99.423022,16,Afternoon
Derailments,1988:01:ATSF:200188101,0,0,5000,5250,0,0,0,HALE,13:50,1988,1988,"T110,","ATSF,",1,"T1,","T,",YARD,Texas,31.827233,-99.423022,13,Afternoon
Side collision,1987:12:PTRA:DEC0287,0,0,0,10000,0,0,0,HARRIS,16:15,1987,1988,"H302,","PTRA,",67,"H3,","H,",YARD,Texas,31.827233,-99.423022,16,Afternoon
Other impacts,1988:03:SP:Y0988,0,0,0,8550,0,0,0,GALVESTON,15:30,1988,1988,"H018,","SP,",7,"H0,","H,",INDUSTRY,Texas,31.827233,-99.423022,15,Afternoon
Derailments,1988:03:UP:0388HW205,0,0,6000,1500,0,0,0,BRAZOS,14:01,1988,1988,"H306,","UP,",1,"H3,","H,",YARD,Texas,31.827233,-99.423022,14,Afternoon
Derailments,1988:01:SSW:K0048,0,0,65000,265000,0,0,0,HOPKINS,15:20,1988,1988,"M503,","SSW,",1,"M5,","M,",MAIN,Texas,31.827233,-99.423022,15,Afternoon
Derailments,1988:06:SSW:K2018,0,0,4000,7000,0,0,0,BOWIE,14:30,1988,1988,"H503,","SSW,UP,",1,"H5,","H,",YARD,Texas,31.827233,-99.423022,14,Afternoon
Obstruction impact,1988:08:BN:CO541,0,0,0,16000,0,0,0,DALLAM,13:10,1988,1988,"H402,","BN,",15,"H4,","H,",MAIN,Texas,31.827233,-99.423022,13,Afternoon
Side collision,1988:04:PTRA:APR0188,0,0,0,10000,2,0,0,HARRIS,12:20,1988,1988,"H306,","PTRA,",67,"H3,","H,",YARD,Texas,31.827233,-99.423022,12,Afternoon
Derailments,1988:05:UP:0588FW205,0,0,55380,5200,0,0,0,TARRANT,15:55,1988,1988,"H503,","UP,",7,"H5,","H,",YARD,Texas,31.827233,-99.423022,15,Afternoon
Derailments,1988:07:SP:Y880705,0,0,0,13401,0,0,0,GALVESTON,15:00,1988,1988,"T111,T110,","GHH,",1,"T1,","T,",YARD,Texas,31.827233,-99.423022,15,Afternoon
Derailments,1988:05:UP:0588HW207,0,0,29000,40000,0,0,0,ANDERSON,15:00,1988,1988,"H503,","UP,",1,"H5,","H,",YARD,Texas,31.827233,-99.423022,15,Afternoon
Derailments,1988:07:UP:0788RR201,0,0,4000,22050,0,0,0,RED RIVER,14:10,1988,1988,"T210,","UP,",1,"T2,","T,",MAIN,Texas,31.827233,-99.423022,14,Afternoon
Other impacts,1988:06:SP:U2118,0,0,7500,0,0,0,0,GRAYSON,13:00,1988,1988,"M202,","SP,",NA,"M2,","M,",MAIN,Texas,31.827233,-99.423022,13,Afternoon
Other impacts,1988:08:ATSF:340888105,0,0,0,26114,0,0,0,POTTER,13:00,1988,1988,"H602,","ATSF,",6,"H6,","H,",YARD,Texas,31.827233,-99.423022,13,Afternoon
Derailments,1988:07:MKT:AX29S,0,0,21811,1070,0,0,0,HARRIS,13:45,1988,1988,"T202,","MKT,",7,"T2,","T,",INDUSTRY,Texas,31.827233,-99.423022,13,Afternoon
Derailments,1988:07:LA:338218,0,0,825,7000,0,0,0,MORRIS,13:25,1988,1988,"T311,","LA,",1,"T3,","T,",MAIN,Texas,31.827233,-99.423022,13,Afternoon
Derailments,1988:05:AUNW:D0006,0,0,8000,0,0,0,0,AUSTIN,15:10,1988,1988,"T001,","AUNW,",1,"T0,","T,",MAIN,Texas,31.827233,-99.423022,15,Afternoon
Derailments,1988:05:UP:0588HW005,0,1,17000,18250,2,0,0,WILLIAMSON,14:03,1988,1988,"E64C,","UP,",1,"E6,","E,",MAIN,Texas,31.827233,-99.423022,14,Afternoon
Derailments,1988:07:MKT:AX22S,0,0,1238,5679,0,0,0,GRAYSON,16:15,1988,1988,"T110,","MKT,",7,"T1,","T,",YARD,Texas,31.827233,-99.423022,16,Afternoon
Derailments,1988:07:UP:0788SA209,0,0,10000,0,0,0,0,NUECES,14:30,1988,1988,"E66C,","UP,",1,"E6,","E,",MAIN,Texas,31.827233,-99.423022,14,Afternoon
Derailments,1988:06:SP:Y2718,0,0,3000,14500,0,0,0,HARRIS,14:00,1988,1988,"T311,","SP,",7,"T3,","T,",YARD,Texas,31.827233,-99.423022,14,Afternoon
Derailments,1988:05:PTRA:MAY0488,0,0,40000,600000,0,0,0,HARRIS,13:30,1988,1988,"E07C,","PTRA,",7,"E0,","E,",MAIN,Texas,31.827233,-99.423022,13,Afternoon
Derailments,1988:05:MKT:AX15S,0,0,500,6500,0,0,0,MCLENNAN,16:30,1988,1988,"T110,","MKT,",7,"T1,","T,",YARD,Texas,31.827233,-99.423022,16,Afternoon
Other impacts,1988:04:UP:0488SA201,0,0,800,4700,0,0,0,CAMERON,13:00,1988,1988,"H306,","UP,",7,"H3,","H,",YARD,Texas,31.827233,-99.423022,13,Afternoon
Broken train collision,1988:07:BN:TU414,0,0,0,56056,0,0,0,WICHITA,14:20,1988,1988,"H601,","MKT,",7,"H6,","H,",YARD,Texas,31.827233,-99.423022,14,Afternoon
Derailments,1988:07:UP:0788RR202,0,0,0,40700,0,0,0,HARRISON,16:40,1988,1988,"H307,","UP,",46,"H3,","H,",YARD,Texas,31.827233,-99.423022,16,Afternoon
Derailments,1988:06:SP:Y2258,0,0,10500,4250,0,0,0,HARRIS,15:10,1988,1988,"T399,","SP,",7,"T3,","T,",YARD,Texas,31.827233,-99.423022,15,Afternoon
Derailments,1988:04:MKT:AX11S1,0,0,1600,11840,0,0,0,TARRANT,14:45,1988,1988,"T215,","MKT,",57,"T2,","T,",YARD,Texas,31.827233,-99.423022,14,Afternoon
Derailments,1988:07:SP:Y2908,0,0,10000,50050,1,1,0,HARRIS,13:10,1988,1988,"T201,","SP,",1,"T2,","T,",YARD,Texas,31.827233,-99.423022,13,Afternoon
Derailments,1988:10:ATSF:261088102,0,0,10000,15700,0,0,0,BURLESON,13:15,1988,1989,"H603,","ATSF,",1,"H6,","H,",YARD,Texas,31.827233,-99.423022,13,Afternoon
Highway-rail impact,1988:09:ATSF:260988102,0,0,0,15000,0,0,0,BRAZORIA,13:25,1988,1988,"M399,","ATSF,",5,"M3,","M,",MAIN,Texas,31.827233,-99.423022,13,Afternoon
Other impacts,1988:08:BN:TU508,0,0,500,21350,0,0,0,TARRANT,12:20,1988,1988,"H018,","BN,",678,"H0,","H,",YARD,Texas,31.827233,-99.423022,12,Afternoon
Derailments,1988:11:KCS:346730,0,0,1863,55300,2,2,1,JEFFERSON,13:50,1988,1989,"H703,","KCS,",1,"H7,","H,",YARD,Texas,31.827233,-99.423022,13,Afternoon
Derailments,1988:11:SP:S4208,0,0,500,10500,0,0,0,EL PASO,14:50,1988,1989,"T314,","SP,",1,"T3,","T,",YARD,Texas,31.827233,-99.423022,14,Afternoon
Head on collision,1988:10:SP:Y4318,0,0,1200,8500,10,0,0,HARRIS,13:30,1988,1989,"H212,","PTRA,SP,",71,"H2,","H,",YARD,Texas,31.827233,-99.423022,13,Afternoon
Derailments,1988:11:UP:1188FW212,0,0,300,6000,0,0,0,TARRANT,13:20,1988,1989,"T001,","UP,",7,"T0,","T,",INDUSTRY,Texas,31.827233,-99.423022,13,Afternoon
Derailments,1988:10:SP:Y4298,0,0,14000,3250,0,0,0,COLORADO,16:30,1988,1989,"T110,","SP,",7,"T1,","T,",YARD,Texas,31.827233,-99.423022,16,Afternoon
Highway-rail impact,1988:10:SP:U3798,1,0,0,10900,0,0,0,BURLESON,14:40,1988,1989,"M399,","SP,",1,"M3,","M,",MAIN,Texas,31.827233,-99.423022,14,Afternoon
Derailments,1988:09:UP:0988SA204,0,0,300,10300,5,0,0,BEXAR,15:10,1988,1988,"H503,","UP,",1,"H5,","H,",YARD,Texas,31.827233,-99.423022,15,Afternoon
Derailments,1988:10:ATSF:261088103,0,0,6700,18018,0,0,0,BELL,13:30,1988,1989,"T102,","ATSF,",1,"T1,","T,",MAIN,Texas,31.827233,-99.423022,13,Afternoon
Derailments,1988:11:UP:1188SA206,0,0,58043,173500,0,0,0,FRIO,13:15,1988,1989,"E53C,","UP,",1,"E5,","E,",MAIN,Texas,31.827233,-99.423022,13,Afternoon
Derailments,1988:09:UP:0988HW203,0,0,150,5500,1,0,0,MILAM,12:20,1988,1988,"M599,","UP,",1,"M5,","M,",MAIN,Texas,31.827233,-99.423022,12,Afternoon
Derailments,1988:10:SP:Y4308,0,0,200,0,0,0,0,POLK,13:00,1988,1989,"H303,","SP,",NA,"H3,","H,",SIDING,Texas,31.827233,-99.423022,13,Afternoon
Derailments,1988:10:UP:1088HO200,0,0,5000,700,0,0,0,JEFFERSON,12:45,1988,1989,"T314,","UP,",1,"T3,","T,",YARD,Texas,31.827233,-99.423022,12,Afternoon
Derailments,1988:09:ATSF:340988101,0,0,3600,3484,0,0,0,POTTER,14:10,1988,1988,"T001,","ATSF,",67,"T0,","T,",YARD,Texas,31.827233,-99.423022,14,Afternoon
Derailments,1988:12:SP:Y5368,0,0,6000,1000,2,2,0,HARRIS,16:30,1988,1989,"E00C,","SP,",1,"E0,","E,",YARD,Texas,31.827233,-99.423022,16,Afternoon
Broken train collision,1988:12:MKT:AX55S,0,0,2736,16540,11,0,0,DALLAS,16:25,1988,1989,"M503,","BN,MKT,",61,"M5,","M,",MAIN,Texas,31.827233,-99.423022,16,Afternoon
Side collision,1989:01:UP:0189FW206,0,0,600,29150,0,0,0,TARRANT,15:25,1989,1989,"H020,","UP,",6,"H0,","H,",YARD,Texas,31.827233,-99.423022,15,Afternoon
Other impacts,1989:01:BN:FW28,0,0,400,28150,0,0,0,TARRANT,12:15,1989,1989,"E08C,","BN,",76,"E0,","E,",YARD,Texas,31.827233,-99.423022,12,Afternoon
Derailments,1989:03:SP:Y1399,0,0,0,12000,0,0,0,HARRIS,15:25,1989,1989,"H212,","SP,",7,"H2,","H,",YARD,Texas,31.827233,-99.423022,15,Afternoon
Derailments,1989:01:AUNW:D8901,0,0,1500,21000,0,0,0,BASTROP,13:50,1989,1989,"T101,","AUNW,",1,"T1,","T,",SIDING,Texas,31.827233,-99.423022,13,Afternoon
Derailments,1989:02:SP:Y0719,0,0,15000,625,0,0,0,HARRIS,15:45,1989,1989,"T110,","SP,",7,"T1,","T,",YARD,Texas,31.827233,-99.423022,15,Afternoon
Other impacts,1988:12:LA:442072,0,0,412,7500,0,0,0,KERR,16:30,1988,1989,"H021,","LA,",7,"H0,","H,",YARD,Texas,31.827233,-99.423022,16,Afternoon
Raking collision,1989:02:UP:0289PL207,0,0,0,13335,0,0,0,COMAL,14:45,1989,1989,"H018,","UP,",51,"H0,","H,",INDUSTRY,Texas,31.827233,-99.423022,14,Afternoon
Derailments,1989:04:UP:0489FW203,0,0,17000,45231,0,0,0,TARRANT,15:40,1989,1989,"T102,","UP,",1,"T1,","T,",MAIN,Texas,31.827233,-99.423022,15,Afternoon
Other impacts,1989:04:SP:Y1909,0,0,500,32000,6,6,0,HARRIS,16:00,1989,1989,"H021,","SP,",7,"H0,","H,",YARD,Texas,31.827233,-99.423022,16,Afternoon
Side collision,1989:01:GHH:ZZZZZZZZZZ,0,0,0,9000,0,0,0,GALVESTON,14:00,1989,1989,"T309,","UP,",6,"T3,","T,",YARD,Texas,31.827233,-99.423022,14,Afternoon
Derailments,1988:12:MKT:AX56S,0,0,16000,62000,0,0,0,JOHNSON,12:30,1988,1989,"T216,","MKT,",1,"T2,","T,",MAIN,Texas,31.827233,-99.423022,12,Afternoon
Highway-rail impact,1989:01:UP:0189HO205,0,0,300,7007,0,0,0,HARRIS,13:25,1989,1989,"M399,","UP,",7,"M3,","M,",MAIN,Texas,31.827233,-99.423022,13,Afternoon
Derailments,1989:03:UP:0389PL202,0,0,1500,5000,0,0,0,HARRIS,16:00,1989,1989,"T314,","UP,",1,"T3,","T,",YARD,Texas,31.827233,-99.423022,16,Afternoon
Other impacts,1989:03:ATSF:340389103,0,0,3880,3300,0,0,0,LUBBOCK,13:40,1989,1989,"H212,","ATSF,",67,"H2,","H,",YARD,Texas,31.827233,-99.423022,13,Afternoon
Derailments,1989:02:TM:8912,0,0,6883,5100,0,0,0,NUECES,16:00,1989,1989,"T311,H503,","TM,",1,"T3,H5,","T,H,",YARD,Texas,31.827233,-99.423022,16,Afternoon
Derailments,1988:12:UP:1288SA202,0,0,0,71000,7,1,0,BEXAR,14:20,1988,1989,"H999,","UP,",1,"H9,","H,",MAIN,Texas,31.827233,-99.423022,14,Afternoon
Derailments,1989:01:ATSF:260189102,0,0,1400,26370,0,0,0,TARRANT,15:00,1989,1989,"H018,","ATSF,",6,"H0,","H,",SIDING,Texas,31.827233,-99.423022,15,Afternoon
Side collision,1988:12:SP:S4648,0,0,0,30925,0,0,0,EL PASO,14:30,1988,1989,"E27C,","SP,",17,"E2,","E,",YARD,Texas,31.827233,-99.423022,14,Afternoon
Derailments,1989:01:SSW:K0179,0,0,2000,19000,0,0,0,HUNT,15:00,1989,1989,"M405,","SSW,",1,"M4,","M,",MAIN,Texas,31.827233,-99.423022,15,Afternoon
Highway-rail impact,1988:12:SP:Y5638,0,0,0,30000,4,0,0,LIBERTY,16:40,1988,1989,"M399,","SP,",1,"M3,","M,",MAIN,Texas,31.827233,-99.423022,16,Afternoon
Highway-rail impact,1989:01:SSW:K0059,0,0,0,5701,1,0,0,NAVARRO,15:20,1989,1989,"M399,","SSW,",1,"M3,","M,",MAIN,Texas,31.827233,-99.423022,15,Afternoon
Fire/violent rupture,1989:05:TM:8972,0,0,260000,2000,0,0,0,WEBB,16:15,1989,1989,"E52C,","TM,",1,"E5,","E,",MAIN,Texas,31.827233,-99.423022,16,Afternoon
Highway-rail impact,1989:05:UP:0589SA214,0,0,0,13100,0,0,0,BEXAR,13:30,1989,1989,"M399,","UP,",1,"M3,","M,",MAIN,Texas,31.827233,-99.423022,13,Afternoon
Derailments,1989:07:HBT:AX3G89,0,0,845,14250,0,0,0,HARRIS,13:00,1989,1989,"T110,","HBT,",7,"T1,","T,",INDUSTRY,Texas,31.827233,-99.423022,13,Afternoon