AccidentType,inckey,Fatalities,Injuries,TrackDamage,EquipmentDamage,HazmatCars,HazmatCarsDerailed,HazmatCarsReleasing,County,DisplayTime,calendar,Fiscal,AccidentCause,RailroadCodes,RAILEQUIPMENT_TYPE,CauseGroup,CauseDiscipline,TYPE_OF_TRACK,StateName,latitude,longitude,hour,cat
Derailments,1989:05:BN:FW489,0,0,0,12500,3,0,0,POTTER,15:20,1989,1989,"H699,T109,","BN,",1,"H6,T1,","H,T,",MAIN,Texas,31.827233,-99.423022,15,Afternoon
Derailments,1989:06:HBT:AX2F89,0,0,3745,3800,23,2,0,HARRIS,15:40,1989,1989,"T314,","HBT,UP,",1,"T3,","T,",MAIN,Texas,31.827233,-99.423022,15,Afternoon
Other impacts,1989:05:SSW:K1819,0,0,9000,23100,0,0,0,TARRANT,12:25,1989,1989,"T002,","SSW,",1,"T0,","T,",MAIN,Texas,31.827233,-99.423022,12,Afternoon
Other impacts,1989:02:UP:0289FW232,0,0,0,12320,0,0,0,TARRANT,14:30,1989,1989,"H313,","UP,",7,"H3,","H,",YARD,Texas,31.827233,-99.423022,14,Afternoon
Derailments,1989:06:SP:Y3619,0,0,7000,300,2,0,0,HARRIS,12:20,1989,1989,"T099,","SP,",1,"T0,","T,",SIDING,Texas,31.827233,-99.423022,12,Afternoon
Derailments,1989:05:SP:Y2889,0,0,7000,2375,3,3,0,HARRIS,14:30,1989,1989,"T204,","SP,",7,"T2,","T,",YARD,Texas,31.827233,-99.423022,14,Afternoon
Derailments,1989:07:ATSF:340789103,0,0,35500,15300,5,0,0,GARZA,15:15,1989,1989,"T109,","ATSF,",1,"T1,","T,",MAIN,Texas,31.827233,-99.423022,15,Afternoon
Derailments,1989:05:UP:0589SA204,0,0,0,6000,2,2,0,BEXAR,12:30,1989,1989,"E32C,","UP,",6,"E3,","E,",MAIN,Texas,31.827233,-99.423022,12,Afternoon
Derailments,1989:06:SSW:K2529,0,0,0,23000,0,0,0,TITUS,14:00,1989,1989,"M202,","SSW,",1,"M2,","M,",MAIN,Texas,31.827233,-99.423022,14,Afternoon
Derailments,1989:06:SP:Y3239,0,0,200,6125,0,0,0,HARRIS,15:00,1989,1989,"M407,","SP,",6,"M4,","M,",YARD,Texas,31.827233,-99.423022,15,Afternoon
Derailments,1989:08:SP:Y4919,0,0,20000,1150,0,0,0,JEFFERSON,16:15,1989,1989,"T311,","SP,",7,"T3,","T,",YARD,Texas,31.827233,-99.423022,16,Afternoon
Derailments,1989:05:UP:0589FW229,0,0,2000,13600,0,0,0,PARKER,15:15,1989,1989,"T110,","UP,",1,"T1,","T,",MAIN,Texas,31.827233,-99.423022,15,Afternoon
Derailments,1989:04:SP:Y1889,0,0,50000,25000,1,1,1,HARRIS,14:00,1989,1989,"M599,","SP,",1,"M5,","M,",YARD,Texas,31.827233,-99.423022,14,Afternoon
Derailments,1989:05:UP:0589PL206,0,0,1000,5280,0,0,0,MCLENNAN,15:05,1989,1989,"H503,T110,","UP,",7,"H5,T1,","H,T,",YARD,Texas,31.827233,-99.423022,15,Afternoon
Highway-rail impact,1989:06:SP:U2019,1,0,4000,8000,0,0,0,FAYETTE,13:50,1989,1989,"M399,","SP,",1,"M3,","M,",MAIN,Texas,31.827233,-99.423022,13,Afternoon
Derailments,1989:05:ATSF:260589102,0,0,4000,27360,0,0,0,CONCHO,13:55,1989,1989,"E69C,T101,","ATSF,",1,"E6,T1,","E,T,",YARD,Texas,31.827233,-99.423022,13,Afternoon
Derailments,1989:04:UP:0489FW207,0,0,0,56050,0,0,0,DALLAS,12:10,1989,1989,"H601,","UP,",1,"H6,","H,",MAIN,Texas,31.827233,-99.423022,12,Afternoon
Derailments,1989:09:BN:FW895,0,1,0,12500,0,0,0,FREESTONE,16:00,1989,1989,"H212,","BN,",1,"H2,","H,",MAIN,Texas,31.827233,-99.423022,16,Afternoon
Derailments,1989:05:UP:0589PL203,0,0,36000,23550,0,0,0,HARRIS,15:40,1989,1989,"T399,","UP,",1,"T3,","T,",YARD,Texas,31.827233,-99.423022,15,Afternoon
Derailments,1989:06:SP:Y3219,0,0,20150,150,0,0,0,HARRIS,13:00,1989,1989,"T111,","SP,",7,"T1,","T,",YARD,Texas,31.827233,-99.423022,13,Afternoon
Derailments,1989:04:UP:0489PL201,0,0,113000,163640,4,3,2,MILAM,12:26,1989,1989,"T103,T102,","UP,",1,"T1,","T,",MAIN,Texas,31.827233,-99.423022,12,Afternoon
Derailments,1989:06:SP:U2059,0,0,12000,6500,0,0,0,UVALDE,14:45,1989,1989,"E53C,E52C,","SP,UP,",1,"E5,","E,",MAIN,Texas,31.827233,-99.423022,14,Afternoon
Derailments,1989:08:SP:Y4739,0,0,25000,375,0,0,0,HARRIS,13:15,1989,1989,"T110,","SP,",7,"T1,","T,",INDUSTRY,Texas,31.827233,-99.423022,13,Afternoon
Derailments,1989:07:SP:S2419,0,0,0,4150,0,0,0,EL PASO,14:00,1989,1989,"M599,","UP,",1,"M5,","M,",MAIN,Texas,31.827233,-99.423022,14,Afternoon
Side collision,1989:08:BN:FW853,0,0,0,135500,0,0,0,HALE,16:20,1989,1989,"H602,","BN,",16,"H6,","H,",MAIN,Texas,31.827233,-99.423022,16,Afternoon
Derailments,1989:07:SP:Y4089,0,0,4800,2525,6,6,0,HARRIS,16:58,1989,1989,"T109,","SP,",7,"T1,","T,",YARD,Texas,31.827233,-99.423022,16,Afternoon
Derailments,1989:08:ATSF:340889103,0,0,28000,16000,0,0,0,LAMB,14:05,1989,1989,"H702,","ATSF,",1,"H7,","H,",MAIN,Texas,31.827233,-99.423022,14,Afternoon
Derailments,1989:08:SP:Y4679,0,0,300000,61350,30,0,0,POLK,16:27,1989,1989,"T109,","SP,",1,"T1,","T,",MAIN,Texas,31.827233,-99.423022,16,Afternoon
Derailments,1989:10:UP:1089FW214,0,0,0,10204,0,0,0,DALLAS,16:00,1989,1990,"H302,","UP,",67,"H3,","H,",YARD,Texas,31.827233,-99.423022,16,Afternoon
Other impacts,1989:08:KCS:325643,0,0,0,12500,0,0,0,JEFFERSON,13:30,1989,1989,"H306,","KCS,",7,"H3,","H,",INDUSTRY,Texas,31.827233,-99.423022,13,Afternoon
Derailments,1989:09:SP:Y5309,0,0,15000,16675,1,1,0,HARRIS,15:10,1989,1989,"H999,","SP,",1,"H9,","H,",MAIN,Texas,31.827233,-99.423022,15,Afternoon
Derailments,1989:08:SP:Y5109,0,0,25000,375,0,0,0,HARRIS,13:15,1989,1989,"T110,","SP,",7,"T1,","T,",INDUSTRY,Texas,31.827233,-99.423022,13,Afternoon
Obstruction impact,1989:08:SP:U2829,0,0,0,15000,0,0,0,GUADALUPE,13:10,1989,1989,"M599,","SP,",1,"M5,","M,",MAIN,Texas,31.827233,-99.423022,13,Afternoon
Derailments,1989:09:UP:0989FW208,0,0,11800,3050,0,0,0,TARRANT,13:45,1989,1989,"T102,","UP,",5,"T1,","T,",YARD,Texas,31.827233,-99.423022,13,Afternoon
Derailments,1989:07:UP:0789FW223,0,0,2500,3400,0,0,0,TARRANT,13:00,1989,1989,"T314,","UP,",7,"T3,","T,",YARD,Texas,31.827233,-99.423022,13,Afternoon
Highway-rail impact,1989:10:ATSF:341089101,1,0,11258,2500,0,0,0,DEAF SMITH,16:30,1989,1990,"M399,","ATSF,",1,"M3,","M,",MAIN,Texas,31.827233,-99.423022,16,Afternoon
Derailments,1989:11:HBT:AZ1J89,0,0,723,10500,0,0,0,HARRIS,14:40,1989,1990,"T110,","HBT,",7,"T1,","T,",YARD,Texas,31.827233,-99.423022,14,Afternoon
Derailments,1989:08:AUNW:D189,0,0,53491,68967,0,0,0,BURNET,16:10,1989,1989,"H503,","AUNW,",1,"H5,","H,",MAIN,Texas,31.827233,-99.423022,16,Afternoon
Derailments,1989:07:SP:S2649,0,0,1000,15400,60,3,0,EL PASO,16:30,1989,1989,"T314,","SP,",1,"T3,","T,",YARD,Texas,31.827233,-99.423022,16,Afternoon
Derailments,1989:07:HBT:AX2G89,0,0,12432,6650,0,0,0,HARRIS,16:15,1989,1989,"H503,","HBT,",7,"H5,","H,",YARD,Texas,31.827233,-99.423022,16,Afternoon
Derailments,1989:08:BN:FW799,0,0,1000,30000,1,0,0,FREESTONE,14:20,1989,1989,"T207,","BN,",1,"T2,","T,",YARD,Texas,31.827233,-99.423022,14,Afternoon
Derailments,1989:10:SP:U3769,0,0,96000,177200,1,0,0,TARRANT,12:45,1989,1990,"E60C,","SP,",1,"E6,","E,",MAIN,Texas,31.827233,-99.423022,12,Afternoon
Derailments,1989:07:UP:0789FW214,0,0,0,11000,2,2,0,TARRANT,12:30,1989,1989,"H314,","UP,",6,"H3,","H,",YARD,Texas,31.827233,-99.423022,12,Afternoon
Derailments,1989:07:SP:Y3779,0,0,11000,1000,0,0,0,HARRIS,15:10,1989,1989,"T002,","SP,",7,"T0,","T,",YARD,Texas,31.827233,-99.423022,15,Afternoon
Derailments,1989:09:SP:U3249,0,0,40000,0,0,0,0,SAN PATRICIO,14:30,1989,1989,"T109,","SP,",1,"T1,","T,",MAIN,Texas,31.827233,-99.423022,14,Afternoon
Highway-rail impact,1989:08:BN:FW796,1,0,0,10000,0,0,0,JONES,13:20,1989,1989,"M399,","BN,",1,"M3,","M,",MAIN,Texas,31.827233,-99.423022,13,Afternoon
Derailments,1990:02:UP:0290FW219,0,0,15980,2250,0,0,0,TARRANT,16:50,1990,1990,"T314,","UP,",7,"T3,","T,",YARD,Texas,31.827233,-99.423022,16,Afternoon
Derailments,1989:11:SP:Y6699,0,0,2800,14750,4,1,0,HARRIS,12:00,1989,1990,"T314,","SP,",1,"T3,","T,",YARD,Texas,31.827233,-99.423022,12,Afternoon
Derailments,1990:03:SP:S1380,0,0,18000,5000,5,5,0,HARRIS,15:00,1990,1990,"T110,","SP,",1,"T1,","T,",YARD,Texas,31.827233,-99.423022,15,Afternoon
Derailments,1990:01:UP:0190FW216,0,0,4500,2400,0,0,0,TARRANT,15:10,1990,1990,"H505,","UP,",7,"H5,","H,",YARD,Texas,31.827233,-99.423022,15,Afternoon
Other impacts,1990:02:KCS:ZZZZZZZZZZ,0,0,0,6200,3,3,0,ORANGE,15:40,1990,1990,"H021,","UP,",7,"H0,","H,",YARD,Texas,31.827233,-99.423022,15,Afternoon
Derailments,1990:03:SP:I1090,0,0,175000,785000,1,1,0,HUDSPETH,12:45,1990,1990,"E46C,","SP,",1,"E4,","E,",MAIN,Texas,31.827233,-99.423022,12,Afternoon
Derailments,1989:12:UP:1289PL203,0,0,800,28000,1,0,0,HILL,16:20,1989,1990,"E49C,","UP,",1,"E4,","E,",MAIN,Texas,31.827233,-99.423022,16,Afternoon
Other impacts,1989:12:ATSF:341289103,0,0,0,8500,0,0,0,POTTER,13:30,1989,1990,"H302,","ATSF,",18,"H3,","H,",YARD,Texas,31.827233,-99.423022,13,Afternoon
Derailments,1990:01:KCS:346608,0,0,2612,86415,0,0,0,JEFFERSON,12:15,1990,1990,"H503,","KCS,",7,"H5,","H,",YARD,Texas,31.827233,-99.423022,12,Afternoon
Side collision,1989:12:UP:0189FW206,0,0,0,16000,0,0,0,TARRANT,15:25,1989,1990,"H020,","UP,",6,"H0,","H,",YARD,Texas,31.827233,-99.423022,15,Afternoon
Derailments,1990:01:SP:I0150,0,0,16600,2200,0,0,0,EL PASO,15:30,1990,1990,"E53C,","SP,",1,"E5,","E,",MAIN,Texas,31.827233,-99.423022,15,Afternoon
Other impacts,1989:11:LA:334517,0,0,0,11400,0,0,0,MARION,14:15,1989,1990,"H018,","LA,",1,"H0,","H,",YARD,Texas,31.827233,-99.423022,14,Afternoon
Highway-rail impact,1989:11:SP:U40790,0,1,0,7850,0,0,0,ELLIS,14:03,1989,1990,"M399,","ATK,",2,"M3,","M,",MAIN,Texas,31.827233,-99.423022,14,Afternoon
Derailments,1990:02:ATSF:250290101,0,0,7000,800,2,2,0,GRAY,12:40,1990,1990,"T212,T110,","ATSF,",1,"T2,T1,","T,",YARD,Texas,31.827233,-99.423022,12,Afternoon
Derailments,1990:02:BN:FW0217,0,0,1200,40500,0,0,0,DALLAM,16:54,1990,1990,"T207,","BN,",1,"T2,","T,",YARD,Texas,31.827233,-99.423022,16,Afternoon
Derailments,1990:02:UP:0290FW232,0,0,1970,12060,0,0,0,DALLAS,15:30,1990,1990,"T110,","UP,",7,"T1,","T,",YARD,Texas,31.827233,-99.423022,15,Afternoon
Derailments,1990:05:UP:0590FW238,0,0,10000,29685,0,0,0,TARRANT,16:00,1990,1990,"M201,","UP,",7,"M2,","M,",INDUSTRY,Texas,31.827233,-99.423022,16,Afternoon
Derailments,1990:06:SP:U5020,0,0,3000,8500,0,0,0,SHERMAN,13:25,1990,1990,"H303,","SP,",7,"H3,","H,",SIDING,Texas,31.827233,-99.423022,13,Afternoon
Derailments,1990:06:BN:FW0644,0,0,0,9100,0,0,0,TARRANT,13:15,1990,1990,"T110,","BN,",1,"T1,","T,",YARD,Texas,31.827233,-99.423022,13,Afternoon
Derailments,1990:06:SP:S2440,0,3,5000,116925,0,0,0,HARRIS,13:10,1990,1990,"M503,","SP,",1,"M5,","M,",MAIN,Texas,31.827233,-99.423022,13,Afternoon
Head on collision,1990:05:UP:0590FW006,0,2,200,100224,0,0,0,DALLAS,14:10,1990,1990,"H099,","UP,",67,"H0,","H,",INDUSTRY,Texas,31.827233,-99.423022,14,Afternoon
Derailments,1990:05:SP:S2150,0,0,12000,73000,0,0,0,HARRIS,16:00,1990,1990,"T102,","SP,",1,"T1,","T,",MAIN,Texas,31.827233,-99.423022,16,Afternoon
Derailments,1990:07:BN:FW0818,0,0,1000,12800,0,0,0,DALLAM,12:40,1990,1990,"H505,","BN,",1,"H5,","H,",YARD,Texas,31.827233,-99.423022,12,Afternoon
Derailments,1990:05:HBT:AX1E90,0,0,0,10350,0,0,0,HARRIS,15:10,1990,1990,"E64L,","HBT,",7,"E6,","E,",YARD,Texas,31.827233,-99.423022,15,Afternoon
Derailments,1990:02:ATSF:260290105,0,0,28000,0,0,0,0,DALLAS,13:25,1990,1990,"H603,","ATSF,",NA,"H6,","H,",YARD,Texas,31.827233,-99.423022,13,Afternoon
Derailments,1990:07:ATSF:340790104,0,0,42500,2400,0,0,0,PARMER,14:15,1990,1990,"H503,H505,","ATSF,",1,"H5,","H,",SIDING,Texas,31.827233,-99.423022,14,Afternoon
Derailments,1990:06:UP:0690TO201,0,0,377886,228136,0,0,0,DENTON,14:30,1990,1990,"E40C,","UP,",1,"E4,","E,",MAIN,Texas,31.827233,-99.423022,14,Afternoon
Derailments,1990:03:UP:0390PL201,0,0,103294,288072,0,0,0,BASTROP,12:32,1990,1990,"T202,","UP,",1,"T2,","T,",MAIN,Texas,31.827233,-99.423022,12,Afternoon
Derailments,1990:03:SP:S1360,0,0,15000,37000,0,0,0,GALVESTON,14:20,1990,1990,"T207,T110,","ATSF,SP,",1,"T2,T1,","T,",YARD,Texas,31.827233,-99.423022,14,Afternoon
Side collision,1990:05:UP:0590SA201,0,0,500,6000,0,0,0,BEXAR,16:55,1990,1990,"H403,","UP,",68,"H4,","H,",YARD,Texas,31.827233,-99.423022,16,Afternoon
Derailments,1990:07:BN:FW0897,0,0,0,13000,0,0,0,DONLEY,13:10,1990,1990,"E59C,","BN,",1,"E5,","E,",MAIN,Texas,31.827233,-99.423022,13,Afternoon
Derailments,1990:05:CHRC:0190,0,0,6000,2500,0,0,0,FANNIN,13:35,1990,1990,"T101,","CHRC,",1,"T1,","T,",MAIN,Texas,31.827233,-99.423022,13,Afternoon
Derailments,1990:05:UP:0590RR214,0,0,71713,32143,0,0,0,HARRISON,15:15,1990,1990,"E26C,","UP,",16,"E2,","E,",SIDING,Texas,31.827233,-99.423022,15,Afternoon
Derailments,1990:04:ATSF:260490101,0,0,17000,30200,0,0,0,COMANCHE,13:30,1990,1990,"H503,","ATSF,UP,",1,"H5,","H,",YARD,Texas,31.827233,-99.423022,13,Afternoon
Side collision,1990:05:UP:0590LU214,0,0,0,14500,0,0,0,JEFFERSON,14:35,1990,1990,"H306,","UP,",67,"H3,","H,",YARD,Texas,31.827233,-99.423022,14,Afternoon
Derailments,1990:06:BN:FW0718,0,0,0,11000,0,0,0,ARCHER,12:15,1990,1990,"T109,","BN,",1,"T1,","T,",MAIN,Texas,31.827233,-99.423022,12,Afternoon
Derailments,1990:06:SP:I2320,0,0,1500,6600,3,3,0,EL PASO,16:50,1990,1990,"T110,","SP,",7,"T1,","T,",YARD,Texas,31.827233,-99.423022,16,Afternoon
Derailments,1990:06:UP:0690FW242,0,0,1200,5000,0,0,0,DALLAS,12:05,1990,1990,"T221,","UP,",7,"T2,","T,",YARD,Texas,31.827233,-99.423022,12,Afternoon
Derailments,1990:07:UP:0790FW207,0,0,95235,10400,0,0,0,WISE,14:00,1990,1990,"M503,","UP,",1,"M5,","M,",MAIN,Texas,31.827233,-99.423022,14,Afternoon
Other impacts,1990:07:UP:0790HO203,0,0,0,9500,0,0,0,CAMERON,14:50,1990,1990,"H099,","UP,",7,"H0,","H,",YARD,Texas,31.827233,-99.423022,14,Afternoon
Derailments,1990:10:ATSF:021090103,0,0,10500,300,0,0,0,LUBBOCK,16:15,1990,1991,"T110,","ATSF,",7,"T1,","T,",YARD,Texas,31.827233,-99.423022,16,Afternoon
Fire/violent rupture,1990:08:UP:0890RR206,0,0,0,60000,0,0,0,GREGG,14:55,1990,1990,"E74L,","ATK,UP,",2,"E7,","E,",MAIN,Texas,31.827233,-99.423022,14,Afternoon
Derailments,1990:08:SP:I3120,0,0,10000,12600,0,0,0,EL PASO,13:34,1990,1990,"H503,","SP,UP,",1,"H5,","H,",YARD,Texas,31.827233,-99.423022,13,Afternoon
Derailments,1990:09:SP:S3490,0,0,4600,27375,0,0,0,HARRIS,13:10,1990,1990,"T314,E64C,","SP,",1,"T3,E6,","T,E,",INDUSTRY,Texas,31.827233,-99.423022,13,Afternoon
Other impacts,1990:08:SP:Q2360,0,0,2500,5800,0,0,0,MAVERICK,15:50,1990,1990,"H306,","SP,",7,"H3,","H,",YARD,Texas,31.827233,-99.423022,15,Afternoon
Derailments,1990:08:SP:S3290,0,0,20150,26125,0,0,0,COLORADO,16:50,1990,1990,"T204,","SP,",1,"T2,","T,",INDUSTRY,Texas,31.827233,-99.423022,16,Afternoon
Side collision,1990:09:SP:S3540,0,0,12000,57000,3,3,1,HARRIS,16:10,1990,1990,"H017,","SP,",18,"H0,","H,",YARD,Texas,31.827233,-99.423022,16,Afternoon
Derailments,1990:07:UP:0790SA206,0,0,920,10160,0,0,0,COMAL,14:30,1990,1990,"H702,","UP,",1,"H7,","H,",INDUSTRY,Texas,31.827233,-99.423022,14,Afternoon
Derailments,1990:09:SP:Q2520,0,0,2000,3950,0,0,0,TERRELL,16:15,1990,1990,"E32C,","SP,",1,"E3,","E,",MAIN,Texas,31.827233,-99.423022,16,Afternoon
Highway-rail impact,1990:10:SP:N02273,0,1,0,8000,0,0,0,ELLIS,14:14,1990,1991,"M399,","ATK,",2,"M3,","M,",MAIN,Texas,31.827233,-99.423022,14,Afternoon
Derailments,1990:08:SP:S3210,0,0,6000,625,0,0,0,HARRIS,14:30,1990,1990,"M203,","SP,",7,"M2,","M,",YARD,Texas,31.827233,-99.423022,14,Afternoon
Derailments,1990:09:BN:FW1156,0,0,0,9000,0,0,0,FREESTONE,16:20,1990,1990,"T308,","BN,",1,"T3,","T,",YARD,Texas,31.827233,-99.423022,16,Afternoon
Other impacts,1990:11:PTRA:NOV0390,0,0,300,9278,0,0,0,HARRIS,14:30,1990,1991,"H312,H601,","PTRA,",67,"H3,H6,H3,H6,","H,",YARD,Texas,31.827233,-99.423022,14,Afternoon
Derailments,1990:10:UP:1090RR203,0,0,67452,200,0,0,0,GREGG,15:24,1990,1991,"T311,","UP,",7,"T3,","T,",YARD,Texas,31.827233,-99.423022,15,Afternoon
Other impacts,1990:07:UP:0790HO206,0,0,0,6500,0,0,0,CAMERON,16:30,1990,1990,"H301,","UP,",7,"H3,","H,",YARD,Texas,31.827233,-99.423022,16,Afternoon
Derailments,1990:07:TM:9093,0,0,34000,410500,2,1,0,DUVAL,15:45,1990,1990,"M405,","TM,",1,"M4,","M,",MAIN,Texas,31.827233,-99.423022,15,Afternoon
Derailments,1991:01:UP:0191HO201,0,0,20000,1250,0,0,0,MCLENNAN,15:20,1991,1991,"T110,","UP,",1,"T1,","T,",YARD,Texas,31.827233,-99.423022,15,Afternoon
Derailments,1990:12:UP:1290TO201,0,0,3600,11425,0,0,0,GRAYSON,13:40,1990,1991,"T201,","UP,",1,"T2,","T,",YARD,Texas,31.827233,-99.423022,13,Afternoon
Other impacts,1990:09:SP:S3690,0,0,1800,9000,1,1,0,HARRIS,14:00,1990,1990,"H310,","SP,",7,"H3,","H,",YARD,Texas,31.827233,-99.423022,14,Afternoon
Derailments,1991:03:UP:0391HO203,0,0,1200,6680,0,0,0,MCLENNAN,16:45,1991,1991,"M503,","UP,",1,"M5,","M,",YARD,Texas,31.827233,-99.423022,16,Afternoon
Derailments,1991:03:UP:0391HO207,0,0,10000,5550,0,0,0,HIDALGO,15:40,1991,1991,"T110,","UP,",1,"T1,","T,",MAIN,Texas,31.827233,-99.423022,15,Afternoon
Derailments,1991:05:UP:0591HO001,0,0,10000,60500,3,3,0,HARRIS,14:35,1991,1991,"T314,","UP,",76,"T3,","T,",YARD,Texas,31.827233,-99.423022,14,Afternoon
Other impacts,1990:12:ATSF:021290104,0,0,0,30200,0,0,0,LAMB,13:45,1990,1991,"H306,","ATSF,",68,"H3,","H,",MAIN,Texas,31.827233,-99.423022,13,Afternoon
Other impacts,1991:03:UP:0391FW222,0,0,1000,24920,0,0,0,DALLAS,14:10,1991,1991,"H702,H999,","BN,UP,",61,"H7,H9,","H,",YARD,Texas,31.827233,-99.423022,14,Afternoon
Highway-rail impact,1991:03:ATSF:040391103,0,0,8500,2000,0,0,0,FORT BEND,14:10,1991,1991,"M399,","ATSF,",1,"M3,","M,",MAIN,Texas,31.827233,-99.423022,14,Afternoon
Derailments,1990:11:SP:S4380,0,0,800,8675,0,0,0,COLORADO,16:30,1990,1991,"T202,","SP,",1,"T2,","T,",YARD,Texas,31.827233,-99.423022,16,Afternoon
Fire/violent rupture,1991:01:UP:0191RR212,0,0,0,54000,0,0,0,HARRISON,14:25,1991,1991,"E74L,","ATK,UP,",2,"E7,","E,",MAIN,Texas,31.827233,-99.423022,14,Afternoon
Derailments,1991:03:SP:H0951,0,0,17000,1750,0,0,0,HARRIS,15:30,1991,1991,"T110,","SP,",1,"T1,","T,",YARD,Texas,31.827233,-99.423022,15,Afternoon
Other impacts,1990:11:PTRA:NOV0290,0,0,0,12476,0,0,0,HARRIS,13:30,1990,1991,"H020,","PTRA,",66,"H0,","H,",MAIN,Texas,31.827233,-99.423022,13,Afternoon
Derailments,1990:12:SP:Q3480,0,0,4000,11000,0,0,0,MAVERICK,14:10,1990,1991,"T110,","SP,",7,"T1,","T,",YARD,Texas,31.827233,-99.423022,14,Afternoon
Other impacts,1991:03:PTRA:MAR0391,0,0,0,35000,0,0,0,HARRIS,15:00,1991,1991,"H212,","PTRA,",76,"H2,","H,",YARD,Texas,31.827233,-99.423022,15,Afternoon
Derailments,1991:01:HBT:AX1A91,0,0,0,8140,0,0,0,HARRIS,15:50,1991,1991,"M503,","HBT,UP,",1,"M5,","M,",SIDING,Texas,31.827233,-99.423022,15,Afternoon
Derailments,1990:12:UP:1290FW213,0,0,0,10135,0,0,0,TARRANT,16:45,1990,1991,"M407,","UP,",6,"M4,","M,",YARD,Texas,31.827233,-99.423022,16,Afternoon
Derailments,1991:01:BN:DN0260,0,0,26500,40500,0,0,0,DALLAM,16:20,1991,1991,"H603,","BN,",1,"H6,","H,",YARD,Texas,31.827233,-99.423022,16,Afternoon
Derailments,1990:11:UP:1190PL201,0,0,3200,135000,0,0,0,MCLENNAN,13:10,1990,1991,"H503,","UP,",7,"H5,","H,",MAIN,Texas,31.827233,-99.423022,13,Afternoon
Derailments,1991:03:UP:0391HO209,0,0,12000,960,0,0,0,BRAZOS,16:15,1991,1991,"T110,","UP,",7,"T1,","T,",INDUSTRY,Texas,31.827233,-99.423022,16,Afternoon
Highway-rail impact,1991:02:SP:H0461,0,0,63000,251250,2,2,1,ANGELINA,14:30,1991,1991,"M399,","SP,",1,"M3,","M,",MAIN,Texas,31.827233,-99.423022,14,Afternoon
Derailments,1991:03:SP:V2061,0,0,18000,12975,0,0,0,ROBERTSON,12:30,1991,1991,"T215,","SP,",1,"T2,","T,",YARD,Texas,31.827233,-99.423022,12,Afternoon
Derailments,1991:03:TM:9124,0,0,5078,16000,0,0,0,WEBB,15:05,1991,1991,"M405,","TM,",1,"M4,","M,",YARD,Texas,31.827233,-99.423022,15,Afternoon
Derailments,1991:03:ATSF:020391102,0,0,8900,1120,0,0,0,POTTER,13:45,1991,1991,"H505,","ATSF,",7,"H5,","H,",YARD,Texas,31.827233,-99.423022,13,Afternoon
Derailments,1990:12:SP:T5830,0,0,25000,68000,0,0,0,JEFFERSON,16:45,1990,1991,"T110,","SP,",1,"T1,","T,",YARD,Texas,31.827233,-99.423022,16,Afternoon
Derailments,1990:11:SP:S4280,0,0,10000,8750,1,1,0,HARRIS,15:50,1990,1991,"T110,","SP,",7,"T1,","T,",YARD,Texas,31.827233,-99.423022,15,Afternoon
Derailments,1991:02:UP:0291RR209,0,0,10000,2875,0,0,0,ROBERTSON,12:45,1991,1991,"T110,","SP,UP,",1,"T1,","T,",INDUSTRY,Texas,31.827233,-99.423022,12,Afternoon
Derailments,1991:07:UP:0791FW023,0,0,4000,9900,1,0,0,DALLAS,13:00,1991,1991,"E44C,","UP,",7,"E4,","E,",YARD,Texas,31.827233,-99.423022,13,Afternoon
Derailments,1991:05:BN:FW0495,0,0,5000,86000,0,0,0,BAYLOR,16:45,1991,1991,"T221,","BN,",1,"T2,","T,",MAIN,Texas,31.827233,-99.423022,16,Afternoon
Derailments,1991:05:BN:FW0444,0,0,6000,4800,20,1,0,FREESTONE,15:10,1991,1991,"T110,T001,","BN,",1,"T1,T0,","T,",YARD,Texas,31.827233,-99.423022,15,Afternoon
Other impacts,1991:07:ATSF:020791101,0,0,0,20300,0,0,0,GARZA,14:25,1991,1991,"H212,","ATSF,",1,"H2,","H,",MAIN,Texas,31.827233,-99.423022,14,Afternoon
Derailments,1991:04:ATSF:040491103,0,0,8000,34125,0,0,0,BROWN,14:30,1991,1991,"T110,","ATSF,",1,"T1,","T,",YARD,Texas,31.827233,-99.423022,14,Afternoon
Derailments,1991:06:SP:H2351,0,0,17000,300,0,0,0,CHAMBERS,12:20,1991,1991,"T101,","SP,",1,"T1,","T,",YARD,Texas,31.827233,-99.423022,12,Afternoon
Derailments,1991:04:SP:H1291,0,0,22000,62100,11,5,1,HARRIS,15:00,1991,1991,"M405,","SP,",1,"M4,","M,",YARD,Texas,31.827233,-99.423022,15,Afternoon
Derailments,1991:06:AUNW:D9101,0,0,9200,56245,0,0,0,WILLIAMSON,15:00,1991,1991,"T109,","AUNW,",1,"T1,","T,",MAIN,Texas,31.827233,-99.423022,15,Afternoon
Head on collision,1991:07:BN:FW0747,0,10,35229,2527600,20,5,3,MONTGOMERY,15:45,1991,1991,"H404,H215,","BN,",1,"H4,H2,","H,",MAIN,Texas,31.827233,-99.423022,15,Afternoon