AccidentType,inckey,Fatalities,Injuries,TrackDamage,EquipmentDamage,HazmatCars,HazmatCarsDerailed,HazmatCarsReleasing,County,DisplayTime,calendar,Fiscal,AccidentCause,RailroadCodes,RAILEQUIPMENT_TYPE,CauseGroup,CauseDiscipline,TYPE_OF_TRACK,StateName,latitude,longitude,hour,cat
Derailments,1995:12:SP:H3295,0,0,6500,18756,0,0,0,HARRIS,13:38,1995,1996,"H704,","ATK,SP,",2,"H7,","H,",MAIN,Texas,31.827233,-99.423022,13,Afternoon
Derailments,1996:03:UP:0396FW011,0,0,10000,5878,0,0,0,DALLAS,12:35,1996,1996,"T110,","SP,UP,",1,"T1,","T,",INDUSTRY,Texas,31.827233,-99.423022,12,Afternoon
Derailments,1996:07:UP:0796HO022,0,0,7000,6550,0,0,0,BRAZORIA,12:30,1996,1996,"T205,","UP,",7,"T2,","T,",YARD,Texas,31.827233,-99.423022,12,Afternoon
Derailments,1996:10:DGNO:100996,0,0,11000,10000,0,0,0,DALLAS,13:00,1996,1997,"T221,","DGNO,",1,"T2,","T,",SIDING,Texas,31.827233,-99.423022,13,Afternoon
Derailments,1996:11:AGCR:110296,0,0,12590,0,0,0,0,BEXAR,16:25,1996,1997,"M404,","AGCR,",NA,"M4,","M,",YARD,Texas,31.827233,-99.423022,16,Afternoon
Side collision,1996:07:UP:0796FW014,0,0,2250,68400,9,0,0,TARRANT,12:50,1996,1996,"H599,","BNSF,UP,",17,"H5,","H,",YARD,Texas,31.827233,-99.423022,12,Afternoon
Derailments,1996:06:UP:0696SA002,0,0,188000,329000,12,0,0,CALLAHAN,15:05,1996,1996,"T109,","UP,",1,"T1,","T,",MAIN,Texas,31.827233,-99.423022,15,Afternoon
Derailments,1996:08:SSW:Y0356,0,0,10500,147000,0,0,0,DALLAM,12:45,1996,1996,"H524,","SSW,",7,"H5,","H,",MAIN,Texas,31.827233,-99.423022,12,Afternoon
Other impacts,1996:09:SP:H2496,0,0,10000,0,0,0,0,HARRIS,16:30,1996,1996,"H306,","SP,",1,"H3,","H,",YARD,Texas,31.827233,-99.423022,16,Afternoon
Derailments,1996:07:UP:0796SA003,0,0,130000,75500,0,0,0,HILL,16:50,1996,1996,"T109,","UP,",1,"T1,","T,",MAIN,Texas,31.827233,-99.423022,16,Afternoon
Other impacts,1996:08:UP:0896HO003,0,0,0,31887,38,2,0,GREGG,14:40,1996,1996,"H599,","UP,",71,"H5,","H,",YARD,Texas,31.827233,-99.423022,14,Afternoon
Derailments,1996:07:SP:G0746,0,0,18000,52360,0,0,0,MAVERICK,12:15,1996,1996,"T311,","SP,",1,"T3,","T,",MAIN,Texas,31.827233,-99.423022,12,Afternoon
Derailments,1996:08:UP:0896SA002,0,0,241250,278000,15,7,0,TERRY,16:55,1996,1996,"T099,H503,","BNSF,UP,",1,"T0,H5,","T,H,",MAIN,Texas,31.827233,-99.423022,16,Afternoon
Derailments,1996:07:UP:0796SA027,0,0,57000,15773,0,0,0,WILLIAMSON,16:35,1996,1996,"T109,","UP,",1,"T1,","T,",MAIN,Texas,31.827233,-99.423022,16,Afternoon
Derailments,1996:07:UP:0796HO012,0,0,155800,4139,0,0,0,GREGG,14:25,1996,1996,"E86C,","UP,",7,"E8,","E,",YARD,Texas,31.827233,-99.423022,14,Afternoon
Other impacts,1996:06:KCS:514350,0,0,1000,24000,0,0,0,DALLAS,16:45,1996,1996,"H020,","KCS,",7,"H0,","H,",YARD,Texas,31.827233,-99.423022,16,Afternoon
Other impacts,1996:08:KCS:526426,0,0,100,9000,0,0,0,CAMP,16:30,1996,1996,"H302,","KCS,",7,"H3,","H,",INDUSTRY,Texas,31.827233,-99.423022,16,Afternoon
Derailments,1996:07:BNSF:CO0796102,0,0,10695,5000,0,0,0,POTTER,16:30,1996,1996,"E51C,","BNSF,",1,"E5,","E,",MAIN,Texas,31.827233,-99.423022,16,Afternoon
Derailments,1996:10:BNSF:TX1096106,0,0,12500,37000,6,0,0,NOLAN,16:45,1996,1997,"E46C,","BNSF,",1,"E4,","E,",YARD,Texas,31.827233,-99.423022,16,Afternoon
Other impacts,1996:09:SP:H2486,0,0,11000,0,0,0,0,HARRIS,12:30,1996,1996,"H215,","SP,",7,"H2,","H,",YARD,Texas,31.827233,-99.423022,12,Afternoon
Derailments,1996:07:UP:0796SA011,0,0,2000,77077,0,0,0,BEXAR,14:45,1996,1996,"T314,","UP,",1,"T3,","T,",YARD,Texas,31.827233,-99.423022,14,Afternoon
Side collision,1996:10:SP:V1316,0,0,0,22490,0,0,0,LEE,14:00,1996,1997,"H306,","SP,",11,"H3,","H,",SIDING,Texas,31.827233,-99.423022,14,Afternoon
Side collision,1996:11:SP:G1446,0,0,0,11650,0,0,0,BEXAR,16:30,1996,1997,"H306,","SP,",76,"H3,","H,",YARD,Texas,31.827233,-99.423022,16,Afternoon
Other impacts,1996:07:TCT:581237,0,0,0,15000,3,3,0,GALVESTON,16:30,1996,1996,"H309,H310,","TCT,",7,"H3,","H,",YARD,Texas,31.827233,-99.423022,16,Afternoon
Derailments,1997:03:BNSF:TX0397106,0,0,100000,400,1,1,0,GRIMES,13:00,1997,1997,"T102,","BNSF,",1,"T1,","T,",MAIN,Texas,31.827233,-99.423022,13,Afternoon
Derailments,1996:12:PTRA:DEC9601,0,0,26000,89300,0,0,0,HARRIS,14:10,1996,1997,"H701,","BNSF,PTRA,",1,"H7,","H,",YARD,Texas,31.827233,-99.423022,14,Afternoon
Derailments,1996:11:SSW:V1386,0,0,4600,12600,0,0,0,HENDERSON,14:15,1996,1997,"T202,","SSW,",1,"T2,","T,",MAIN,Texas,31.827233,-99.423022,14,Afternoon
Derailments,1996:12:TN:RE1,0,0,35612,75000,0,0,0,MORRIS,13:30,1996,1997,"T113,","TN,",1,"T1,","T,",MAIN,Texas,31.827233,-99.423022,13,Afternoon
Derailments,1996:08:SP:H2106,0,0,12000,700,0,0,0,HARRIS,12:15,1996,1996,"H704,","SP,",1,"H7,","H,",YARD,Texas,31.827233,-99.423022,12,Afternoon
Derailments,1996:12:UP:1296FW020,0,0,400,39969,0,0,0,TARRANT,14:20,1996,1997,"T110,","UP,",7,"T1,","T,",MAIN,Texas,31.827233,-99.423022,14,Afternoon
Other impacts,1997:02:UP:0297HO007,0,0,4000,4064,0,0,0,VICTORIA,12:45,1997,1997,"E44C,","UP,",1,"E4,","E,",YARD,Texas,31.827233,-99.423022,12,Afternoon
Highway-rail impact,1996:12:KCS:148777,0,2,50,6745,0,0,0,CASS,13:45,1996,1997,"M302,","KCS,",1,"M3,","M,",MAIN,Texas,31.827233,-99.423022,13,Afternoon
Highway-rail impact,1997:02:BNSF:TX0297205,0,1,30000,0,0,0,0,CLAY,13:00,1997,1997,"M302,","BNSF,",1,"M3,","M,",MAIN,Texas,31.827233,-99.423022,13,Afternoon
Raking collision,1997:03:UP:0397HO014,0,0,0,14000,0,0,0,HARRIS,13:45,1997,1997,"H306,H599,","UP,",81,"H3,H5,H3,","H,",YARD,Texas,31.827233,-99.423022,13,Afternoon
Derailments,1997:02:BNSF:TX0297104,0,0,15000,2500,1,1,0,WASHINGTON,13:35,1997,1997,"E53C,","BNSF,",1,"E5,","E,",MAIN,Texas,31.827233,-99.423022,13,Afternoon
Derailments,1997:04:UP:0497ET043,0,0,5850,2460,0,0,0,WILLIAMSON,14:10,1997,1997,"T110,","UP,",1,"T1,","T,",INDUSTRY,Texas,31.827233,-99.423022,14,Afternoon
Other impacts,1997:02:UP:0297HO020,0,0,1000,11700,0,0,0,JEFFERSON,13:05,1997,1997,"T110,","UP,",7,"T1,","T,",YARD,Texas,31.827233,-99.423022,13,Afternoon
Derailments,1996:12:SP:G1506,0,0,20000,35000,1,0,0,VICTORIA,12:50,1996,1997,"T207,T202,","SP,TM,",1,"T2,","T,",MAIN,Texas,31.827233,-99.423022,12,Afternoon
Side collision,1996:11:SP:G1436,0,0,0,10000,0,0,0,BEXAR,13:30,1996,1997,"H605,","SP,",76,"H6,","H,",YARD,Texas,31.827233,-99.423022,13,Afternoon
Derailments,1996:12:UP:1296FW076,0,0,32700,19200,0,0,0,TARRANT,14:05,1996,1997,"E68C,","BNSF,UP,",1,"E6,","E,",MAIN,Texas,31.827233,-99.423022,14,Afternoon
Derailments,1997:02:HBT:B97FEB02,0,0,345535,30500,0,0,0,HARRIS,16:45,1997,1997,"M405,","BNSF,HBT,",1,"M4,","M,",MAIN,Texas,31.827233,-99.423022,16,Afternoon
Other impacts,1997:02:UP:0297TS014,0,0,18000,0,0,0,0,EL PASO,16:30,1997,1997,"H401,","UP,",7,"H4,","H,",MAIN,Texas,31.827233,-99.423022,16,Afternoon
Other impacts,1997:02:UP:0297ET030,0,0,0,10420,1,1,0,ANDERSON,13:00,1997,1997,"H310,","UP,",5,"H3,","H,",YARD,Texas,31.827233,-99.423022,13,Afternoon
Derailments,1997:03:TM:97006,0,0,119000,743500,7,1,1,WEBB,15:16,1997,1997,"M505,","TM,",1,"M5,","M,",MAIN,Texas,31.827233,-99.423022,15,Afternoon
Derailments,1996:11:PTRA:NOV9601,0,0,12200,36350,0,0,0,HARRIS,16:00,1996,1997,"H703,","PTRA,",76,"H7,","H,",YARD,Texas,31.827233,-99.423022,16,Afternoon
Highway-rail impact,1997:02:UP:0297ET008,0,4,100000,58000,0,0,0,SMITH,13:55,1997,1997,"M303,","UP,",1,"M3,","M,",MAIN,Texas,31.827233,-99.423022,13,Afternoon
Derailments,1997:02:UP:0297SA004,0,0,5000,12000,0,0,0,HIDALGO,13:15,1997,1997,"T210,","UP,",1,"T2,","T,",MAIN,Texas,31.827233,-99.423022,13,Afternoon
Derailments,1997:01:LHRR:297,0,0,37000,49000,0,0,0,WILLIAMSON,16:20,1997,1997,"T110,","LHRR,",1,"T1,","T,",MAIN,Texas,31.827233,-99.423022,16,Afternoon
Obstruction impact,1997:03:PTRA:97MAR02,0,0,15000,27426,0,0,0,HARRIS,16:15,1997,1997,"M402,","PTRA,UP,",16,"M4,","M,",INDUSTRY,Texas,31.827233,-99.423022,16,Afternoon
Other impacts,1997:06:UP:0697ET015,0,0,16000,10428,0,0,0,ANDERSON,13:00,1997,1997,"M502,","UP,",6,"M5,","M,",YARD,Texas,31.827233,-99.423022,13,Afternoon
Other impacts,1997:04:BNSF:TX0497112,0,0,1300,32000,0,0,0,TARRANT,13:05,1997,1997,"H021,","BNSF,",7,"H0,","H,",YARD,Texas,31.827233,-99.423022,13,Afternoon
Derailments,1997:07:UP:0797FW023,0,0,60000,104259,3,3,0,KAUFMAN,15:15,1997,1997,"E41C,T199,","UP,",1,"E4,T1,","E,T,",SIDING,Texas,31.827233,-99.423022,15,Afternoon
Derailments,1997:06:UP:0697ET014,0,0,100,20180,0,0,0,ROBERTSON,14:15,1997,1997,"H025,","UP,",1,"H0,","H,",SIDING,Texas,31.827233,-99.423022,14,Afternoon
Highway-rail impact,1997:06:UP:0697ET001,0,1,40000,15000,0,0,0,CASS,14:45,1997,1997,"M303,","UP,",1,"M3,","M,",MAIN,Texas,31.827233,-99.423022,14,Afternoon
Derailments,1997:06:UP:0697HO036,0,0,17284,19338,0,0,0,COLORADO,16:15,1997,1997,"T202,","UP,",1,"T2,","T,",MAIN,Texas,31.827233,-99.423022,16,Afternoon
Side collision,1997:08:HBT:AX970804,0,0,160,10500,0,0,0,HARRIS,13:10,1997,1997,"H212,","HBT,",7,"H2,","H,",YARD,Texas,31.827233,-99.423022,13,Afternoon
Obstruction impact,1997:07:BNSF:OK0797101,0,0,0,27500,0,0,0,HEMPHILL,15:30,1997,1997,"H402,","BNSF,",9,"H4,","H,",SIDING,Texas,31.827233,-99.423022,15,Afternoon
Derailments,1997:05:BNSF:TX0597112,0,0,78821,2500,22,0,0,TARRANT,14:55,1997,1997,"E62C,","BNSF,",1,"E6,","E,",MAIN,Texas,31.827233,-99.423022,14,Afternoon
Derailments,1997:04:UP:0497SA023,0,0,6500,36500,0,0,0,CAMERON,16:30,1997,1997,"T110,","UP,",1,"T1,","T,",MAIN,Texas,31.827233,-99.423022,16,Afternoon
Derailments,1997:04:BNSF:TX0497104,0,0,17500,1600,0,0,0,JASPER,15:50,1997,1997,"T002,","BNSF,",1,"T0,","T,",SIDING,Texas,31.827233,-99.423022,15,Afternoon
Highway-rail impact,1997:05:UP:0597ET012,0,1,10000,20000,0,0,0,NACOGDOCHES,14:40,1997,1997,"M302,","UP,",1,"M3,","M,",MAIN,Texas,31.827233,-99.423022,14,Afternoon
Derailments,1997:04:UP:0497ET028,0,0,1000,9380,6,0,0,ANDERSON,12:30,1997,1997,"T206,","UP,",1,"T2,","T,",YARD,Texas,31.827233,-99.423022,12,Afternoon
Derailments,1997:08:BNSF:TX0897117,0,0,52000,475800,16,10,0,DALLAS,14:10,1997,1997,"T311,E69C,","BNSF,",1,"T3,E6,","T,E,",MAIN,Texas,31.827233,-99.423022,14,Afternoon
Other impacts,1997:05:BNSF:TX0597101,0,2,6500,24000,0,0,0,TARRANT,13:30,1997,1997,"H702,H999,","BNSF,",7,"H7,H9,","H,",YARD,Texas,31.827233,-99.423022,13,Afternoon
Derailments,1997:04:UP:0497FW014,0,0,600,47074,0,0,0,VAN ZANDT,15:10,1997,1997,"H018,","UP,",7,"H0,","H,",INDUSTRY,Texas,31.827233,-99.423022,15,Afternoon
Derailments,1997:06:UP:0697WH001,0,0,125000,51200,0,0,0,GRAYSON,15:55,1997,1997,"E64L,","UP,",1,"E6,","E,",YARD,Texas,31.827233,-99.423022,15,Afternoon
Derailments,1997:07:BNSF:OK0797114,0,0,500,8000,0,0,0,GRAYSON,16:20,1997,1997,"T109,","BNSF,",1,"T1,","T,",MAIN,Texas,31.827233,-99.423022,16,Afternoon
Obstruction impact,1997:08:BNSF:TX0897105,0,0,0,10000,0,0,0,BRAZORIA,14:30,1997,1997,"H402,","BNSF,",9,"H4,","H,",MAIN,Texas,31.827233,-99.423022,14,Afternoon
Derailments,1997:04:UP:0497HO034,0,0,19964,6768,0,0,0,HARRIS,13:00,1997,1997,"H504,","UP,",1,"H5,","H,",YARD,Texas,31.827233,-99.423022,13,Afternoon
Derailments,1997:06:UP:0697FW001,0,0,800000,3500,2,0,0,TARRANT,12:20,1997,1997,"H604,","BNSF,UP,",1,"H6,","H,",MAIN,Texas,31.827233,-99.423022,12,Afternoon
Side collision,1997:08:HBT:AX970803,0,0,210,12600,0,0,0,HARRIS,16:00,1997,1997,"H018,","HBT,",76,"H0,","H,",YARD,Texas,31.827233,-99.423022,16,Afternoon
Derailments,1997:04:UP:0497HO023,0,0,4500,15600,0,0,0,VICTORIA,16:00,1997,1997,"T110,","UP,",7,"T1,","T,",MAIN,Texas,31.827233,-99.423022,16,Afternoon
Other impacts,1997:06:UP:0697FW016,0,0,400,11800,0,0,0,DALLAS,16:10,1997,1997,"T110,","UP,",16,"T1,","T,",YARD,Texas,31.827233,-99.423022,16,Afternoon
Derailments,1997:05:UP:0597SA004,0,0,2000,21234,0,0,0,BEXAR,13:45,1997,1997,"T110,","UP,",1,"T1,","T,",YARD,Texas,31.827233,-99.423022,13,Afternoon
Highway-rail impact,1997:07:BNSF:TX0797202,0,0,10000,9400,0,0,0,MCLENNAN,16:00,1997,1997,"M302,","BNSF,",1,"M3,","M,",MAIN,Texas,31.827233,-99.423022,16,Afternoon
Side collision,1997:11:UP:1197ET017,0,3,60000,328530,0,0,0,BOWIE,16:05,1997,1998,"H702,","UP,",17,"H7,","H,",YARD,Texas,31.827233,-99.423022,16,Afternoon
Derailments,1997:10:BNSF:TX1097103,0,0,40000,8000,0,0,0,HARRIS,12:05,1997,1998,"T319,","BNSF,",1,"T3,","T,",YARD,Texas,31.827233,-99.423022,12,Afternoon
Derailments,1997:09:UP:0997HO019,0,0,5000,3382,0,0,0,HARRIS,16:30,1997,1997,"T113,","UP,",7,"T1,","T,",YARD,Texas,31.827233,-99.423022,16,Afternoon
Derailments,1997:12:TM:9748,0,0,5500,64000,2,0,0,WEBB,13:30,1997,1998,"T210,","TM,",1,"T2,","T,",MAIN,Texas,31.827233,-99.423022,13,Afternoon
Raking collision,1997:10:HBT:AX971001,0,0,610,19000,0,0,0,HARRIS,15:45,1997,1998,"H020,","HBT,",76,"H0,","H,",YARD,Texas,31.827233,-99.423022,15,Afternoon
Derailments,1997:09:UP:0997HO009,0,0,5700,2500,3,0,0,HARRIS,14:01,1997,1997,"H503,","UP,",1,"H5,","H,",MAIN,Texas,31.827233,-99.423022,14,Afternoon
Derailments,1997:12:BNSF:GC1297110,0,0,10000,31300,0,0,0,GALVESTON,15:30,1997,1998,"T220,","BNSF,",1,"T2,","T,",YARD,Texas,31.827233,-99.423022,15,Afternoon
Derailments,1997:12:PNR:XD7023,0,0,0,12800,11,2,0,HUTCHINSON,15:30,1997,1998,"M101,","PNR,",6,"M1,","M,",YARD,Texas,31.827233,-99.423022,15,Afternoon
Other events,1997:12:UP:1297HO013,0,0,4000,14888,0,0,0,HARRIS,14:30,1997,1998,"T314,","UP,",7,"T3,","T,",YARD,Texas,31.827233,-99.423022,14,Afternoon
Highway-rail impact,1997:09:UP:0997MT028,0,2,0,19634,0,0,0,TRAVIS,12:40,1997,1997,"M303,","UP,",1,"M3,","M,",MAIN,Texas,31.827233,-99.423022,12,Afternoon
Derailments,1997:11:BNSF:NM1197102,0,0,50000,50900,9,3,0,POTTER,16:30,1997,1998,"E40C,","BNSF,",1,"E4,","E,",MAIN,Texas,31.827233,-99.423022,16,Afternoon
Derailments,1997:08:UP:0897TS010,0,0,16000,2646,0,0,0,MITCHELL,12:15,1997,1997,"T101,","UP,",1,"T1,","T,",MAIN,Texas,31.827233,-99.423022,12,Afternoon
Derailments,1997:08:UP:0897MT002,0,0,108000,2100,0,0,0,COLORADO,14:25,1997,1997,"T205,","UP,",1,"T2,","T,",MAIN,Texas,31.827233,-99.423022,14,Afternoon
Highway-rail impact,1997:10:UP:1097SA011,0,1,27200,13300,0,0,0,SAN PATRICIO,15:50,1997,1998,"M302,","UP,",1,"M3,","M,",MAIN,Texas,31.827233,-99.423022,15,Afternoon
Derailments,1997:12:PTRA:97DEC02,0,0,19000,31500,0,0,0,HARRIS,16:00,1997,1998,"T315,","PTRA,",7,"T3,","T,",YARD,Texas,31.827233,-99.423022,16,Afternoon
Other events,1997:10:UP:1097HO022,0,0,5000,3179,5,0,0,HARRIS,14:16,1997,1998,"T319,","UP,",7,"T3,","T,",YARD,Texas,31.827233,-99.423022,14,Afternoon
Head on collision,1997:10:UP:1097HO011,0,8,75000,1147000,24,0,0,HARRIS,14:50,1997,1998,"E03L,","UP,",1,"E0,","E,",MAIN,Texas,31.827233,-99.423022,14,Afternoon
Derailments,1997:10:BNSF:TX1097111,0,0,400,11300,0,0,0,TARRANT,12:30,1997,1998,"T217,","BNSF,",7,"T2,","T,",YARD,Texas,31.827233,-99.423022,12,Afternoon
Derailments,1997:08:UP:0897HO014,0,0,6000,13540,0,0,0,FORT BEND,13:45,1997,1997,"T202,","UP,",1,"T2,","T,",MAIN,Texas,31.827233,-99.423022,13,Afternoon
Other impacts,1997:09:UP:0997HO008,0,0,600,9580,12,0,0,HARRIS,16:45,1997,1997,"H301,","UP,",76,"H3,","H,",YARD,Texas,31.827233,-99.423022,16,Afternoon
Derailments,1997:08:PNR:XD7014,0,0,5000,58000,18,3,0,HUTCHINSON,12:30,1997,1997,"H306,H702,","PNR,",1,"H3,H7,","H,",YARD,Texas,31.827233,-99.423022,12,Afternoon
Derailments,1998:01:BNSF:TX0198102,0,0,12000,2000,0,0,0,JOHNSON,14:25,1998,1998,"T110,","BNSF,",1,"T1,","T,",YARD,Texas,31.827233,-99.423022,14,Afternoon
Other impacts,1997:08:PTRA:9702,0,0,0,50000,0,0,0,HARRIS,13:15,1997,1997,"H401,","PTRA,",7,"H4,","H,",MAIN,Texas,31.827233,-99.423022,13,Afternoon
Derailments,1997:10:UP:1097MT007,0,0,19772,93830,0,0,0,WILLIAMSON,16:00,1997,1998,"M405,","UP,",1,"M4,","M,",SIDING,Texas,31.827233,-99.423022,16,Afternoon
Derailments,1997:11:UP:1197MT008,0,0,30033,95030,20,4,0,BRAZORIA,12:15,1997,1998,"T110,","UP,",1,"T1,","T,",INDUSTRY,Texas,31.827233,-99.423022,12,Afternoon
Broken train collision,1997:12:PNR:XD7027,0,0,500,28600,3,2,0,HUTCHINSON,16:00,1997,1998,"M203,H018,","PNR,",6,"M2,H0,","M,H,",YARD,Texas,31.827233,-99.423022,16,Afternoon
Derailments,1997:08:UP:0897ET023,0,0,59592,5252,0,0,0,GREGG,15:30,1997,1997,"T314,","UP,",7,"T3,","T,",MAIN,Texas,31.827233,-99.423022,15,Afternoon
Derailments,1998:01:BNSF:GC0198117,0,0,70000,48700,6,1,0,HARRIS,16:55,1998,1998,"E46C,","BNSF,",1,"E4,","E,",SIDING,Texas,31.827233,-99.423022,16,Afternoon
Derailments,1998:04:KCS:504478,0,0,22500,17690,0,0,0,ORANGE,13:25,1998,1998,"E69C,E6AC,","KCS,",1,"E6,","E,",MAIN,Texas,31.827233,-99.423022,13,Afternoon
Derailments,1998:03:BNSF:AO0398106,0,0,25000,21050,0,0,0,GRAY,15:30,1998,1998,"E53C,","BNSF,",1,"E5,","E,",MAIN,Texas,31.827233,-99.423022,15,Afternoon
Other events,1998:02:UP:0298HO009,0,0,0,20754,0,0,0,HARRIS,16:00,1998,1998,"H306,","UP,",1,"H3,","H,",INDUSTRY,Texas,31.827233,-99.423022,16,Afternoon
Derailments,1998:01:UP:0198FW018,0,0,0,24937,0,0,0,TARRANT,12:45,1998,1998,"H017,","UP,",7,"H0,","H,",YARD,Texas,31.827233,-99.423022,12,Afternoon
Other impacts,1998:05:UP:0598FW012,0,0,4000,51700,0,0,0,TARRANT,13:15,1998,1998,"H605,","BNSF,UP,",77,"H6,","H,",YARD,Texas,31.827233,-99.423022,13,Afternoon
Derailments,1998:01:UP:0198HO015,0,0,1500,8531,0,0,0,HARRIS,13:00,1998,1998,"T102,","UP,",7,"T1,","T,",YARD,Texas,31.827233,-99.423022,13,Afternoon
Obstruction impact,1998:03:BNSF:TX0398102,0,0,1000,17825,0,0,0,BELL,13:00,1998,1998,"H306,","BNSF,",7,"H3,","H,",YARD,Texas,31.827233,-99.423022,13,Afternoon
Derailments,1998:05:UP:0598HO001,0,0,27400,12500,0,0,0,HARRIS,16:30,1998,1998,"H702,","UP,",1,"H7,","H,",MAIN,Texas,31.827233,-99.423022,16,Afternoon
Side collision,1998:02:PTRA:FEB9801,0,0,4194,27641,0,0,0,HARRIS,16:20,1998,1998,"H401,","PTRA,",76,"H4,","H,",YARD,Texas,31.827233,-99.423022,16,Afternoon
Derailments,1998:02:UP:0298MT005,0,0,0,47375,0,0,0,MCLENNAN,16:35,1998,1998,"H020,","UP,",6,"H0,","H,",YARD,Texas,31.827233,-99.423022,16,Afternoon
Derailments,1998:01:SO:R010198,0,0,6516,278167,0,0,0,COLEMAN,15:35,1998,1998,"T102,H504,","SO,",1,"T1,H5,","T,H,",MAIN,Texas,31.827233,-99.423022,15,Afternoon
Head on collision,1998:05:PTRA:MAY9801,0,2,17500,4500,0,0,0,HARRIS,12:55,1998,1998,"H605,","PTRA,RLIX,UP,",71,"H6,","H,",YARD,Texas,31.827233,-99.423022,12,Afternoon
Other events,1998:05:BNSF:AO0598111,0,0,362250,700,0,0,0,HARTLEY,14:15,1998,1998,"E69C,","BNSF,",1,"E6,","E,",MAIN,Texas,31.827233,-99.423022,14,Afternoon
Derailments,1998:01:UP:0198SA014,0,0,20000,97620,0,0,0,BEXAR,16:00,1998,1998,"H399,","UP,",6,"H3,","H,",YARD,Texas,31.827233,-99.423022,16,Afternoon
Derailments,1998:05:RVSC:RVSC98019,0,0,8736,0,0,0,0,HIDALGO,12:50,1998,1998,"M599,","RVSC,",7,"M5,","M,",INDUSTRY,Texas,31.827233,-99.423022,12,Afternoon
Other events,1998:04:UP:0498MT010,0,0,250,29960,12,8,0,BRAZORIA,13:30,1998,1998,"H302,","UP,",67,"H3,","H,",YARD,Texas,31.827233,-99.423022,13,Afternoon
Derailments,1998:02:UP:0298SA004,0,0,19000,1649,0,0,0,NUECES,14:30,1998,1998,"T110,","UP,",1,"T1,","T,",YARD,Texas,31.827233,-99.423022,14,Afternoon
Derailments,1998:08:UP:0898FW016,0,0,33800,11089,0,0,0,DALLAS,16:30,1998,1998,"E46C,","UP,",1,"E4,","E,",SIDING,Texas,31.827233,-99.423022,16,Afternoon
Derailments,1998:05:UP:0598SA003,0,0,17120,7000,0,0,0,CAMERON,13:20,1998,1998,"T110,H599,","RVSC,UP,",1,"T1,H5,","T,H,",MAIN,Texas,31.827233,-99.423022,13,Afternoon
Derailments,1998:08:TXNW:080698,0,0,14481,1774,0,0,0,MOORE,15:00,1998,1998,"E64C,T319,","TXNW,",1,"E6,T3,","E,T,",MAIN,Texas,31.827233,-99.423022,15,Afternoon
Other events,1998:07:UP:0798HO007,0,0,45000,1200,20,1,0,HARRIS,14:15,1998,1998,"T403,","UP,",7,"T4,","T,",YARD,Texas,31.827233,-99.423022,14,Afternoon
Derailments,1998:06:BNSF:AO0698104,0,0,184800,355550,0,0,0,POTTER,16:30,1998,1998,"T109,","BNSF,",1,"T1,","T,",MAIN,Texas,31.827233,-99.423022,16,Afternoon
Derailments,1998:07:UP:0798MT012,0,0,6000,1340,0,0,0,FORT BEND,15:00,1998,1998,"T215,","UP,",1,"T2,","T,",MAIN,Texas,31.827233,-99.423022,15,Afternoon
Other events,1998:07:UP:0798HO046,0,0,250,6800,0,0,0,HARRIS,16:30,1998,1998,"T110,","UP,",7,"T1,","T,",YARD,Texas,31.827233,-99.423022,16,Afternoon
Derailments,1998:09:RSPZ:INDUSTRY1,0,1,3589,12000,0,0,0,HARRIS,14:05,1998,1998,"T110,","UP,",8,"T1,","T,",INDUSTRY,Texas,31.827233,-99.423022,14,Afternoon
Highway-rail impact,1998:09:UP:0998EP016,0,1,0,25000,0,0,0,EL PASO,14:25,1998,1998,"M302,","ATK,UP,",2,"M3,","M,",MAIN,Texas,31.827233,-99.423022,14,Afternoon
Derailments,1998:08:UP:0898ET017,0,0,60000,29960,7,2,0,SMITH,16:00,1998,1998,"T109,","UP,",1,"T1,","T,",MAIN,Texas,31.827233,-99.423022,16,Afternoon
Derailments,1998:07:TNER:ID98312,0,0,10000,27000,0,0,0,BOWIE,15:00,1998,1998,"T110,","TNER,",1,"T1,","T,",MAIN,Texas,31.827233,-99.423022,15,Afternoon
Derailments,1998:06:UP:0698ET001,0,0,135000,101000,0,0,0,VAN ZANDT,14:10,1998,1998,"E53C,","UP,",1,"E5,","E,",MAIN,Texas,31.827233,-99.423022,14,Afternoon
Derailments,1998:06:BNSF:GC0698100,0,0,150000,1800,0,0,0,PANOLA,15:00,1998,1998,"T109,","BNSF,",1,"T1,","T,",MAIN,Texas,31.827233,-99.423022,15,Afternoon
Derailments,1998:06:UP:0698HO047,0,0,5000,4500,0,0,0,HARRIS,12:30,1998,1998,"H503,","UP,",1,"H5,","H,",YARD,Texas,31.827233,-99.423022,12,Afternoon
Other impacts,1998:06:BNSF:AO0698102,2,0,0,25000,0,0,0,LUBBOCK,12:20,1998,1998,"H307,H302,","BNSF,",58,"H3,","H,",YARD,Texas,31.827233,-99.423022,12,Afternoon