AccidentType,inckey,Fatalities,Injuries,TrackDamage,EquipmentDamage,HazmatCars,HazmatCarsDerailed,HazmatCarsReleasing,County,DisplayTime,calendar,Fiscal,AccidentCause,RailroadCodes,RAILEQUIPMENT_TYPE,CauseGroup,CauseDiscipline,TYPE_OF_TRACK,StateName,latitude,longitude,hour,cat
Derailments,1998:08:BNSF:GC0898123,0,0,12500,13900,0,0,0,LIBERTY,16:20,1998,1998,"T110,","BNSF,",1,"T1,","T,",SIDING,Texas,31.827233,-99.423022,16,Afternoon
Derailments,1998:08:TIBR:AITIBR01,0,0,49000,10000,0,0,0,JASPER,16:30,1998,1998,"T110,","TIBR,",1,"T1,","T,",MAIN,Texas,31.827233,-99.423022,16,Afternoon
Other events,1998:08:LEPZ:INDUSTRY,0,2,0,203020,0,0,0,MCLENNAN,16:00,1998,1998,"H008,","UP,",7,"H0,","H,",INDUSTRY,Texas,31.827233,-99.423022,16,Afternoon
Derailments,1998:07:FWWR:98072401,0,0,14473,59906,2,2,0,TARRANT,13:55,1998,1998,"M405,H506,","FWWR,",1,"M4,H5,","M,H,",MAIN,Texas,31.827233,-99.423022,13,Afternoon
Derailments,1998:07:UP:0798TS007,0,0,15000,927,0,0,0,EL PASO,14:30,1998,1998,"T110,","UP,",1,"T1,","T,",SIDING,Texas,31.827233,-99.423022,14,Afternoon
Derailments,1998:06:GVSR:0398,0,0,3745,7838,0,0,0,GALVESTON,13:30,1998,1998,"T311,","GVSR,",7,"T3,","T,",YARD,Texas,31.827233,-99.423022,13,Afternoon
Other events,1998:06:PTRA:JUNE9802,0,0,1700,29700,7,2,0,HARRIS,14:00,1998,1998,"H020,","PTRA,",7,"H0,","H,",YARD,Texas,31.827233,-99.423022,14,Afternoon
Derailments,1998:09:TM:98041,0,0,293355,358000,5,1,0,WEBB,12:10,1998,1998,"E53C,","TM,",1,"E5,","E,",MAIN,Texas,31.827233,-99.423022,12,Afternoon
Derailments,1998:09:UP:0998MT001,0,0,170000,92456,38,0,0,ROBERTSON,15:05,1998,1998,"T210,","UP,",1,"T2,","T,",MAIN,Texas,31.827233,-99.423022,15,Afternoon
Highway-rail impact,1998:07:UP:0798ET018,0,1,10000,0,0,0,0,SMITH,15:38,1998,1998,"M399,","UP,",1,"M3,","M,",MAIN,Texas,31.827233,-99.423022,15,Afternoon
Derailments,1998:08:UP:0898ET005,0,0,7200,2663,0,0,0,BOWIE,14:05,1998,1998,"T110,","UP,",6,"T1,","T,",INDUSTRY,Texas,31.827233,-99.423022,14,Afternoon
Derailments,1998:07:UP:0798SA002,0,0,4600,7551,0,0,0,CAMERON,15:00,1998,1998,"T111,","UP,",1,"T1,","T,",MAIN,Texas,31.827233,-99.423022,15,Afternoon
Derailments,1998:07:UP:0798ET005,0,0,12500,11046,0,0,0,BOWIE,15:55,1998,1998,"T110,","UP,",1,"T1,","T,",SIDING,Texas,31.827233,-99.423022,15,Afternoon
Derailments,1998:11:TM:98048,0,0,10000,45000,3,1,0,WEBB,13:30,1998,1999,"M201,","TM,",1,"M2,","M,",MAIN,Texas,31.827233,-99.423022,13,Afternoon
Other events,1998:07:UP:0798HO021,0,0,7000,0,0,0,0,HARRIS,16:15,1998,1998,"H204,","BNSF,UP,",8,"H2,","H,",YARD,Texas,31.827233,-99.423022,16,Afternoon
Other events,1999:02:BNSF:TX0299104,0,0,2000,12150,0,0,0,TARRANT,16:30,1999,1999,"H020,","BNSF,",6,"H0,","H,",YARD,Texas,31.827233,-99.423022,16,Afternoon
Derailments,1998:08:TIBR:AITIBR03,0,0,45000,21700,0,0,0,JASPER,13:30,1998,1998,"T110,","TIBR,",1,"T1,","T,",MAIN,Texas,31.827233,-99.423022,13,Afternoon
Derailments,1998:10:LHRR:20OCTJMLM,0,0,130000,13000,3,3,3,TRAVIS,14:30,1998,1999,"T002,","LHRR,",7,"T0,","T,",YARD,Texas,31.827233,-99.423022,14,Afternoon
Other events,1998:09:UP:0998FW021,0,0,75000,995,0,0,0,TARRANT,16:15,1998,1998,"M405,","UP,",7,"M4,","M,",YARD,Texas,31.827233,-99.423022,16,Afternoon
Other events,1998:10:UP:1098HO015,0,0,1000,149042,10,0,0,BRAZORIA,14:55,1998,1999,"T107,","UP,",7,"T1,","T,",INDUSTRY,Texas,31.827233,-99.423022,14,Afternoon
Derailments,1999:01:UP:0199FW017,0,0,18700,5000,0,0,0,TARRANT,13:00,1999,1999,"H702,","UP,",7,"H7,","H,",YARD,Texas,31.827233,-99.423022,13,Afternoon
Highway-rail impact,1999:02:BNSF:AO0299202,0,0,0,18000,0,0,0,MOORE,14:55,1999,1999,"M302,","BNSF,",8,"M3,","M,",MAIN,Texas,31.827233,-99.423022,14,Afternoon
Derailments,1999:01:AGCR:990101,0,0,400,7000,0,0,0,BEXAR,12:50,1999,1999,"H702,H305,","AGCR,",7,"H7,H3,","H,",YARD,Texas,31.827233,-99.423022,12,Afternoon
Highway-rail impact,1998:07:UP:0798SA014,0,1,18000,600,0,0,0,WEBB,16:25,1998,1998,"M399,","UP,",1,"M3,","M,",MAIN,Texas,31.827233,-99.423022,16,Afternoon
Derailments,1998:12:UP:1298ET016,0,0,500,7000,24,0,0,SHELBY,14:05,1998,1999,"E51L,","UP,",1,"E5,","E,",MAIN,Texas,31.827233,-99.423022,14,Afternoon
Other events,1998:12:UP:1298HO009,0,0,10000,3449,0,0,0,HARRIS,16:00,1998,1999,"H514,H524,","UP,",7,"H5,","H,",YARD,Texas,31.827233,-99.423022,16,Afternoon
Derailments,1998:11:BNSF:AO1198106,0,0,122000,198517,0,0,0,GRAY,15:30,1998,1999,"T314,","BNSF,",1,"T3,","T,",MAIN,Texas,31.827233,-99.423022,15,Afternoon
Derailments,1998:10:UP:1098ET019,0,0,53500,11432,0,0,0,SMITH,14:00,1998,1999,"M204,M405,","UP,",1,"M2,M4,","M,",YARD,Texas,31.827233,-99.423022,14,Afternoon
Highway-rail impact,1998:10:BNSF:GC1098200,0,1,10000,8500,0,0,0,LIBERTY,14:55,1998,1999,"M304,","BNSF,",1,"M3,","M,",MAIN,Texas,31.827233,-99.423022,14,Afternoon
Derailments,1999:01:UP:0199LV008,0,0,2000,12489,0,0,0,JEFFERSON,15:40,1999,1999,"T110,","UP,",7,"T1,","T,",YARD,Texas,31.827233,-99.423022,15,Afternoon
Derailments,1999:04:BNSF:TX0499102,0,0,2000,6100,0,0,0,TARRANT,16:50,1999,1999,"H312,","BNSF,",7,"H3,","H,",YARD,Texas,31.827233,-99.423022,16,Afternoon
Derailments,1999:04:UP:0499HO002,0,0,12500,1850,0,0,0,NAVARRO,14:00,1999,1999,"T110,","UP,",7,"T1,","T,",INDUSTRY,Texas,31.827233,-99.423022,14,Afternoon
Highway-rail impact,1999:02:UP:0299SA023,0,1,0,8500,0,0,0,COMAL,13:00,1999,1999,"M399,H402,","UP,",9,"M3,H4,","M,H,",MAIN,Texas,31.827233,-99.423022,13,Afternoon
Highway-rail impact,1999:02:UP:0299SA012,0,0,1000,10000,0,0,0,WEBB,16:51,1999,1999,"M304,","UP,",1,"M3,","M,",MAIN,Texas,31.827233,-99.423022,16,Afternoon
Derailments,1999:04:BNSF:GC0499105,0,0,2200,19594,49,3,0,BURLESON,15:30,1999,1999,"T399,","BNSF,",1,"T3,","T,",YARD,Texas,31.827233,-99.423022,15,Afternoon
Highway-rail impact,1999:05:UP:0599FW030,0,1,10250,44000,0,0,0,DALLAS,13:15,1999,1999,"M399,","UP,",1,"M3,","M,",MAIN,Texas,31.827233,-99.423022,13,Afternoon
Derailments,1999:03:BNSF:TX0399124,0,0,12000,45150,0,0,0,GRAYSON,16:55,1999,1999,"T207,","BNSF,",1,"T2,","T,",YARD,Texas,31.827233,-99.423022,16,Afternoon
Derailments,1999:05:BNSF:AO0599110,0,0,5000,81500,0,0,0,HALE,13:45,1999,1999,"T001,","BNSF,",1,"T0,","T,",INDUSTRY,Texas,31.827233,-99.423022,13,Afternoon
Derailments,1999:03:BNSF:TX0399100,0,0,54033,32120,10,2,0,JOHNSON,14:20,1999,1999,"M203,","BNSF,",1,"M2,","M,",YARD,Texas,31.827233,-99.423022,14,Afternoon
Derailments,1999:02:UP:0299HO017,0,0,66165,11762,0,0,0,HARRIS,16:25,1999,1999,"T319,","UP,",7,"T3,","T,",YARD,Texas,31.827233,-99.423022,16,Afternoon
Derailments,1999:04:UP:0499SA031,0,3,388021,960858,28,13,0,MEDINA,15:30,1999,1999,"T109,","UP,",1,"T1,","T,",MAIN,Texas,31.827233,-99.423022,15,Afternoon
Derailments,1999:02:KCS:445719,0,0,73490,122552,0,0,0,CASS,15:50,1999,1999,"T318,","KCS,",1,"T3,","T,",MAIN,Texas,31.827233,-99.423022,15,Afternoon
Other impacts,1999:04:FWWR:99040901,0,0,4180,35000,0,0,0,DALLAS,15:30,1999,1999,"H306,","DGNO,FWWR,",1,"H3,","H,",SIDING,Texas,31.827233,-99.423022,15,Afternoon
Side collision,1999:06:BNSF:GC0699103,0,0,3525,45395,1,1,0,FREESTONE,12:30,1999,1999,"H302,H306,","BNSF,",61,"H3,","H,",YARD,Texas,31.827233,-99.423022,12,Afternoon
Derailments,1999:03:UP:0399HO017,0,0,100,12863,0,0,0,BRAZORIA,16:30,1999,1999,"H018,","UP,",76,"H0,","H,",YARD,Texas,31.827233,-99.423022,16,Afternoon
Derailments,1999:05:UP:0599SA005,0,0,2000,4716,0,0,0,CAMERON,16:55,1999,1999,"T299,","UP,",1,"T2,","T,",MAIN,Texas,31.827233,-99.423022,16,Afternoon
Derailments,1999:04:BNSF:TX0499107,0,1,50700,1055000,1,0,0,HARDEMAN,16:10,1999,1999,"T109,M505,","BNSF,",1,"T1,M5,","T,M,",MAIN,Texas,31.827233,-99.423022,16,Afternoon
Highway-rail impact,1999:03:UP:0399SA013,0,5,12000,2500,0,0,0,WEBB,15:35,1999,1999,"M304,","UP,",1,"M3,","M,",MAIN,Texas,31.827233,-99.423022,15,Afternoon
Derailments,1999:03:TXTX:ER99017,0,0,3400,17000,0,0,0,JEFFERSON,13:15,1999,1999,"E46C,","TXTX,",1,"E4,","E,",YARD,Texas,31.827233,-99.423022,13,Afternoon
Derailments,1999:04:UP:0499ET001,0,0,43476,28950,0,0,0,BOWIE,14:45,1999,1999,"T110,","UP,",1,"T1,","T,",INDUSTRY,Texas,31.827233,-99.423022,14,Afternoon
Derailments,1999:03:UP:0399ET011,0,0,21303,4980,0,0,0,GREGG,12:30,1999,1999,"M204,","UP,",1,"M2,","M,",YARD,Texas,31.827233,-99.423022,12,Afternoon
Derailments,1999:05:UP:0599LV037,0,0,95665,2015,0,0,0,JEFFERSON,14:35,1999,1999,"H702,","UP,",1,"H7,","H,",MAIN,Texas,31.827233,-99.423022,14,Afternoon
Derailments,1999:05:FWWR:99051701,0,0,1500,7251,0,0,0,COMANCHE,13:00,1999,1999,"T299,M199,","FWWR,",7,"T2,M1,","T,M,",INDUSTRY,Texas,31.827233,-99.423022,13,Afternoon
Other events,1999:03:UP:0399HO002,0,0,40000,25561,3,0,0,HARRIS,13:55,1999,1999,"H502,H508,","UP,",1,"H5,","H,",YARD,Texas,31.827233,-99.423022,13,Afternoon
Derailments,1999:06:UP:0699HO067,0,0,100,47622,7,0,0,BRAZORIA,12:40,1999,1999,"H306,","UP,",76,"H3,","H,",YARD,Texas,31.827233,-99.423022,12,Afternoon
Other impacts,1999:06:TXTX:99023E,0,0,0,9000,0,0,0,BRAZORIA,12:55,1999,1999,"E08C,","TXTX,",7,"E0,","E,",YARD,Texas,31.827233,-99.423022,12,Afternoon
Derailments,1999:08:UP:0899FW004,0,1,92537,298796,41,6,1,PARKER,16:00,1999,1999,"T109,","UP,",1,"T1,","T,",MAIN,Texas,31.827233,-99.423022,16,Afternoon
Derailments,1999:07:BNSF:TX0799104,0,0,10500,800,0,0,0,DALLAS,16:25,1999,1999,"M201,H699,","BNSF,",1,"M2,H6,","M,H,",MAIN,Texas,31.827233,-99.423022,16,Afternoon
Derailments,1999:08:UP:0899SA047,0,0,8565,1500,0,0,0,BASTROP,15:00,1999,1999,"E52C,","UP,",1,"E5,","E,",MAIN,Texas,31.827233,-99.423022,15,Afternoon
Highway-rail impact,1999:08:UP:0899ET030,0,1,80000,0,0,0,0,HENDERSON,13:10,1999,1999,"M399,","UP,",1,"M3,","M,",MAIN,Texas,31.827233,-99.423022,13,Afternoon
Derailments,1999:06:UP:0699ET005,0,0,59667,61335,0,0,0,NACOGDOCHES,16:15,1999,1999,"T220,T110,","UP,",1,"T2,T1,","T,",YARD,Texas,31.827233,-99.423022,16,Afternoon
Derailments,1999:09:UP:0999LV038,0,0,25000,11250,26,0,0,JEFFERSON,15:00,1999,1999,"T110,","BNSF,UP,",1,"T1,","T,",YARD,Texas,31.827233,-99.423022,15,Afternoon
Derailments,1999:08:UP:0899FW002,0,0,83032,361879,0,0,0,MCLENNAN,15:20,1999,1999,"H505,","UP,",1,"H5,","H,",MAIN,Texas,31.827233,-99.423022,15,Afternoon
Derailments,1999:08:FWWR:99080101,0,0,7904,10506,0,0,0,ERATH,14:10,1999,1999,"T109,","FWWR,",1,"T1,","T,",MAIN,Texas,31.827233,-99.423022,14,Afternoon
Fire/violent rupture,1999:07:UP:0799SA020,0,0,0,16513,0,0,0,WILLIAMSON,16:00,1999,1999,"M406,","UP,",1,"M4,","M,",MAIN,Texas,31.827233,-99.423022,16,Afternoon
Derailments,1999:07:BNSF:AO0799119,0,0,1500,16000,28,0,0,GARZA,15:00,1999,1999,"M505,","BNSF,",1,"M5,","M,",MAIN,Texas,31.827233,-99.423022,15,Afternoon
Other events,1999:08:FWWR:99080801,0,0,0,44887,0,0,0,TARRANT,14:00,1999,1999,"M599,","FWWR,",6,"M5,","M,",YARD,Texas,31.827233,-99.423022,14,Afternoon
Derailments,1999:07:BNSF:GC0799113,0,0,4000,15500,1,1,0,JEFFERSON,15:30,1999,1999,"T110,T111,","BNSF,",1,"T1,","T,",YARD,Texas,31.827233,-99.423022,15,Afternoon
Other impacts,1999:07:UP:0799HO042,0,0,0,21243,6,2,0,BRAZORIA,12:14,1999,1999,"H307,","UP,",76,"H3,","H,",YARD,Texas,31.827233,-99.423022,12,Afternoon
Derailments,1999:09:UP:0999HO023,0,0,550,9854,1,1,0,HARRIS,12:15,1999,1999,"T311,","UP,",7,"T3,","T,",YARD,Texas,31.827233,-99.423022,12,Afternoon
Derailments,1999:08:UP:0899ET025,0,0,202986,301876,10,0,0,VAN ZANDT,14:32,1999,1999,"T109,","UP,",1,"T1,","T,",MAIN,Texas,31.827233,-99.423022,14,Afternoon
Other impacts,1999:07:UP:0799FW027,0,0,300,16940,0,0,0,TARRANT,12:30,1999,1999,"H018,","UP,",75,"H0,","H,",YARD,Texas,31.827233,-99.423022,12,Afternoon
Derailments,1999:08:UP:0899FW025,0,0,30000,105923,1,1,0,HILL,14:10,1999,1999,"E40C,","UP,",1,"E4,","E,",MAIN,Texas,31.827233,-99.423022,14,Afternoon
Derailments,1999:07:FWWR:99070601,0,0,9022,0,0,0,0,TARRANT,14:45,1999,1999,"T110,","FWWR,",7,"T1,","T,",MAIN,Texas,31.827233,-99.423022,14,Afternoon
Derailments,1999:07:FWWR:99072901,0,0,0,8670,0,0,0,COMANCHE,15:15,1999,1999,"T109,","FWWR,",1,"T1,","T,",MAIN,Texas,31.827233,-99.423022,15,Afternoon
Other impacts,1999:07:UP:0799HO051,0,0,122946,52975,0,0,0,HARRIS,13:30,1999,1999,"H505,H019,","UP,",1,"H5,H0,","H,",YARD,Texas,31.827233,-99.423022,13,Afternoon
Derailments,1999:08:DEID:INDUSTRY,0,0,1000,7825,0,0,0,HARRIS,15:30,1999,1999,"T102,","UP,",7,"T1,","T,",YARD,Texas,31.827233,-99.423022,15,Afternoon
Raking collision,1999:06:UP:0699SA001,0,0,69042,2587,2,0,0,CAMERON,16:05,1999,1999,"E86C,","UP,",1,"E8,","E,",MAIN,Texas,31.827233,-99.423022,16,Afternoon
Derailments,1999:08:BNSF:GC0899102,0,0,90000,362500,39,22,0,JEFFERSON,16:25,1999,1999,"T108,E40C,","BNSF,",1,"T1,E4,","T,E,",MAIN,Texas,31.827233,-99.423022,16,Afternoon
Highway-rail impact,1999:06:UP:0699FW002,1,1,0,11000,0,0,0,PARKER,16:41,1999,1999,"M399,","UP,",1,"M3,","M,",MAIN,Texas,31.827233,-99.423022,16,Afternoon
Derailments,1999:07:BNSF:TX0799107,0,0,25000,20802,50,6,0,BROWN,15:50,1999,1999,"T215,","BNSF,",1,"T2,","T,",YARD,Texas,31.827233,-99.423022,15,Afternoon
Other events,1999:10:BNSF:AO1099103,0,0,22020,0,0,0,0,PARMER,13:30,1999,2000,"H402,","BNSF,",9,"H4,","H,",MAIN,Texas,31.827233,-99.423022,13,Afternoon
Derailments,1999:06:TNOX:062399,0,0,8000,80000,0,0,0,NOLAN,16:15,1999,1999,"T110,T202,","TNOX,",7,"T1,T2,","T,",INDUSTRY,Texas,31.827233,-99.423022,16,Afternoon
Derailments,1999:08:DGNO:ID99506,0,0,3000,20000,0,0,0,COLLIN,15:45,1999,1999,"T110,T099,","DGNO,",1,"T1,T0,","T,",MAIN,Texas,31.827233,-99.423022,15,Afternoon
Derailments,1999:09:UP:0999LV037,0,0,24312,6500,0,0,0,JEFFERSON,14:30,1999,1999,"T110,","BNSF,UP,",1,"T1,","T,",YARD,Texas,31.827233,-99.423022,14,Afternoon
Other events,1999:10:PTRA:OCT9901,0,0,0,7300,0,0,0,HARRIS,16:15,1999,2000,"H309,","PTRA,",7,"H3,","H,",YARD,Texas,31.827233,-99.423022,16,Afternoon
Derailments,1999:10:UP:1099SA002,0,0,327665,34400,0,0,0,BEXAR,14:35,1999,2000,"T222,T221,","BNSF,UP,",1,"T2,","T,",YARD,Texas,31.827233,-99.423022,14,Afternoon
Derailments,1999:10:UP:1099SA039,0,1,0,13000,0,0,0,LEE,13:30,1999,2000,"M599,","UP,",9,"M5,","M,",MAIN,Texas,31.827233,-99.423022,13,Afternoon
Derailments,2000:02:BNSF:GC0200102,0,0,3600,16200,34,0,0,FREESTONE,13:00,2000,2000,"H702,","BNSF,",1,"H7,","H,",MAIN,Texas,31.827233,-99.423022,13,Afternoon
Derailments,1999:12:UP:1299HO018,0,0,28500,9261,0,0,0,HARRIS,15:45,1999,2000,"M599,","UP,",7,"M5,","M,",YARD,Texas,31.827233,-99.423022,15,Afternoon
Derailments,2000:01:UP:0100EP013,0,0,114724,72649,0,0,0,MARTIN,13:19,2000,2000,"T314,","UP,",1,"T3,","T,",SIDING,Texas,31.827233,-99.423022,13,Afternoon
Derailments,1999:10:UP:1099HO018,0,0,22000,185,0,0,0,HARRIS,13:01,1999,2000,"M599,","UP,",7,"M5,","M,",YARD,Texas,31.827233,-99.423022,13,Afternoon
Derailments,1999:12:UP:1299FW032,0,0,30000,20959,0,0,0,ELLIS,16:50,1999,2000,"T102,H503,H509,","BNSF,UP,",1,"T1,H5,","T,H,",MAIN,Texas,31.827233,-99.423022,16,Afternoon
Derailments,1999:12:TXGN:991228,0,0,10446,1261,0,0,0,GONZALES,15:15,1999,2000,"T110,","TXGN,",1,"T1,","T,",MAIN,Texas,31.827233,-99.423022,15,Afternoon
Other impacts,1999:10:UP:1099SA017,0,0,500,6685,0,0,0,MAVERICK,12:50,1999,2000,"H021,","UP,",7,"H0,","H,",YARD,Texas,31.827233,-99.423022,12,Afternoon
Derailments,1999:10:TM:99048,0,0,7000,60000,3,0,0,NUECES,16:00,1999,2000,"T101,T314,","BNSF,TM,",1,"T1,T3,","T,",MAIN,Texas,31.827233,-99.423022,16,Afternoon
Derailments,2000:02:BNSF:AO0200112,0,0,22000,178575,4,4,0,LUBBOCK,12:03,2000,2000,"H310,H312,","BNSF,",16,"H3,","H,",YARD,Texas,31.827233,-99.423022,12,Afternoon
Other impacts,1999:10:UP:1099HO014,0,0,3000,26986,0,0,0,HARRIS,12:45,1999,2000,"H306,","UP,",76,"H3,","H,",YARD,Texas,31.827233,-99.423022,12,Afternoon
Derailments,1999:12:UP:1299FW029,0,0,324000,14660,40,0,0,GRAYSON,14:20,1999,2000,"E46C,H503,","BNSF,UP,",1,"E4,H5,","E,H,",MAIN,Texas,31.827233,-99.423022,14,Afternoon
Derailments,2000:01:UP:0100SA022,0,0,3500,8354,0,0,0,BEXAR,14:00,2000,2000,"H702,","UP,",7,"H7,","H,",YARD,Texas,31.827233,-99.423022,14,Afternoon
Derailments,2000:03:PTRA:MAR200004,0,0,6000,5375,1,0,0,HARRIS,16:30,2000,2000,"H701,","PTRA,",7,"H7,","H,",MAIN,Texas,31.827233,-99.423022,16,Afternoon
Derailments,2000:04:BNSF:AO0400107,0,0,0,98013,40,2,1,PARMER,12:55,2000,2000,"H524,","BNSF,",1,"H5,","H,",MAIN,Texas,31.827233,-99.423022,12,Afternoon
Derailments,2000:06:BNSF:TX0600104,0,0,10000,25250,0,0,0,TARRANT,12:15,2000,2000,"T111,T110,","BNSF,",7,"T1,","T,",INDUSTRY,Texas,31.827233,-99.423022,12,Afternoon
Derailments,2000:06:UP:0600HO007,0,0,1000,27624,2,2,1,HARRIS,13:45,2000,2000,"T222,T205,","UP,",1,"T2,","T,",YARD,Texas,31.827233,-99.423022,13,Afternoon
Derailments,2000:05:UP:0500HO047,0,0,2000,7044,0,0,0,HARRIS,13:15,2000,2000,"M405,","UP,",7,"M4,","M,",YARD,Texas,31.827233,-99.423022,13,Afternoon
Highway-rail impact,2000:04:UP:0400EP004,1,0,0,12847,0,0,0,CULBERSON,14:20,2000,2000,"M302,","ATK,UP,",2,"M3,","M,",MAIN,Texas,31.827233,-99.423022,14,Afternoon
Other impacts,2000:02:UP:0200SA040,0,0,0,7804,0,0,0,CAMERON,14:00,2000,2000,"H019,","UP,",75,"H0,","H,",YARD,Texas,31.827233,-99.423022,14,Afternoon
Highway-rail impact,2000:03:UP:0300SA037,0,4,50663,232170,0,0,0,COMAL,16:20,2000,2000,"M399,","UP,",1,"M3,","M,",MAIN,Texas,31.827233,-99.423022,16,Afternoon
Derailments,2000:03:KCS:000303002,0,0,205,191768,15,0,0,CASS,13:55,2000,2000,"H599,","KCS,",1,"H5,","H,",MAIN,Texas,31.827233,-99.423022,13,Afternoon
Derailments,2000:04:BNSF:TX0400101,0,0,6000,1200,1,1,0,COOKE,13:05,2000,2000,"T112,T110,","BNSF,",1,"T1,","T,",YARD,Texas,31.827233,-99.423022,13,Afternoon
Head on collision,2000:03:FWWR:00031501,0,29,3765,125000,0,0,0,TARRANT,13:15,2000,2000,"M505,H605,","CSIX,FWWR,",21,"M5,H6,","M,H,",MAIN,Texas,31.827233,-99.423022,13,Afternoon
Derailments,2000:04:CCPN:CCT3000D,0,0,11113,1262,0,0,0,NUECES,13:30,2000,2000,"T110,T113,","CCPN,UP,",1,"T1,","T,",YARD,Texas,31.827233,-99.423022,13,Afternoon
Other impacts,2000:04:BNSF:GC0400107,0,0,0,17000,0,0,0,BELL,13:05,2000,2000,"H702,","BNSF,",87,"H7,","H,",YARD,Texas,31.827233,-99.423022,13,Afternoon
Other impacts,2000:03:BNSF:GC0300122,0,0,0,17000,0,0,0,HARRIS,12:45,2000,2000,"M105,","BNSF,",7,"M1,","M,",YARD,Texas,31.827233,-99.423022,12,Afternoon
Derailments,2000:03:UP:0300HO004,0,0,3500,10771,0,0,0,HARRIS,13:30,2000,2000,"H508,","UP,",1,"H5,","H,",YARD,Texas,31.827233,-99.423022,13,Afternoon
Derailments,2000:03:UP:0300HO032,0,0,54342,13616,0,0,0,VICTORIA,15:30,2000,2000,"E46C,","UP,",1,"E4,","E,",YARD,Texas,31.827233,-99.423022,15,Afternoon
Highway-rail impact,2000:05:UP:0500FW003,0,1,7000,0,0,0,0,TARRANT,15:10,2000,2000,"M399,","UP,",1,"M3,","M,",MAIN,Texas,31.827233,-99.423022,15,Afternoon
Derailments,2000:03:BNSF:GC0300116,0,0,1800,6399,20,0,0,JEFFERSON,15:00,2000,2000,"T314,","BNSF,",1,"T3,","T,",YARD,Texas,31.827233,-99.423022,15,Afternoon
Derailments,2000:03:UP:0300HO052,0,0,95038,6000,6,0,0,HARRIS,15:05,2000,2000,"E20C,","TM,UP,",1,"E2,","E,",MAIN,Texas,31.827233,-99.423022,15,Afternoon
Derailments,2000:04:UP:0400ET008,0,0,6918,1894,0,0,0,GREGG,13:25,2000,2000,"E67C,","UP,",1,"E6,","E,",MAIN,Texas,31.827233,-99.423022,13,Afternoon
Other events,2000:02:PTRA:FEB200002,0,0,0,21400,0,0,0,HARRIS,14:00,2000,2000,"H021,","PTRA,",7,"H0,","H,",YARD,Texas,31.827233,-99.423022,14,Afternoon
Other impacts,2000:03:UP:0300FW005,0,0,900,8784,0,0,0,GRAYSON,13:50,2000,2000,"H306,","UP,",16,"H3,","H,",YARD,Texas,31.827233,-99.423022,13,Afternoon
Derailments,2000:04:WTLR:ID00165,0,0,3312,22580,2,2,0,GAINES,13:10,2000,2000,"T110,","WTLR,",1,"T1,","T,",SIDING,Texas,31.827233,-99.423022,13,Afternoon
Derailments,2000:07:UP:0700HO030,0,0,58413,272063,0,0,0,HARRIS,15:05,2000,2000,"T199,","UP,",1,"T1,","T,",SIDING,Texas,31.827233,-99.423022,15,Afternoon
Derailments,2000:07:BNSF:TX0700104,0,0,8000,1700,0,0,0,JOHNSON,16:00,2000,2000,"M405,","BNSF,",7,"M4,","M,",INDUSTRY,Texas,31.827233,-99.423022,16,Afternoon
Derailments,2000:06:UP:0600ET025,0,0,36530,1868,53,0,0,BOWIE,14:40,2000,2000,"T314,","UP,",1,"T3,","T,",SIDING,Texas,31.827233,-99.423022,14,Afternoon
Derailments,2000:08:UP:0800FW030,0,0,6200,36649,0,0,0,TARRANT,13:45,2000,2000,"H799,","UP,",7,"H7,","H,",YARD,Texas,31.827233,-99.423022,13,Afternoon
Derailments,2000:06:UP:0600ET006,0,0,2000,12513,0,0,0,WALKER,14:00,2000,2000,"T002,H605,","UP,",7,"T0,H6,","T,H,",MAIN,Texas,31.827233,-99.423022,14,Afternoon
Derailments,2000:09:UP:0900SA017,0,0,50255,64672,0,0,0,VICTORIA,16:30,2000,2000,"T220,","UP,",1,"T2,","T,",MAIN,Texas,31.827233,-99.423022,16,Afternoon
Derailments,2000:09:UP:0900LV001,0,0,484857,873119,0,0,0,JEFFERSON,16:35,2000,2000,"T109,","UP,",1,"T1,","T,",MAIN,Texas,31.827233,-99.423022,16,Afternoon
Derailments,2000:04:TIBR:AITIBR13,0,0,8000,15200,0,0,0,NEWTON,16:55,2000,2000,"T109,T105,","TIBR,",1,"T1,","T,",MAIN,Texas,31.827233,-99.423022,16,Afternoon
Raking collision,2000:06:UP:0600SA005,0,0,25000,1611,0,0,0,CAMERON,14:05,2000,2000,"M205,","UP,",7,"M2,","M,",YARD,Texas,31.827233,-99.423022,14,Afternoon
Obstruction impact,2000:08:BNSF:GC0800115,2,0,0,10000,3,0,0,MILLS,16:05,2000,2000,"H999,","BNSF,",19,"H9,","H,",MAIN,Texas,31.827233,-99.423022,16,Afternoon
Derailments,2000:09:UP:0900HO008,0,0,268214,1938,10,0,0,BRAZORIA,15:00,2000,2000,"T102,","UP,",1,"T1,","T,",MAIN,Texas,31.827233,-99.423022,15,Afternoon