AccidentType,inckey,Fatalities,Injuries,TrackDamage,EquipmentDamage,HazmatCars,HazmatCarsDerailed,HazmatCarsReleasing,County,DisplayTime,calendar,Fiscal,AccidentCause,RailroadCodes,RAILEQUIPMENT_TYPE,CauseGroup,CauseDiscipline,TYPE_OF_TRACK,StateName,latitude,longitude,hour,cat
Derailments,2000:04:UP:0400HO032,0,0,29313,15438,0,0,0,HARRIS,13:00,2000,2000,"T319,","UP,",7,"T3,","T,",YARD,Texas,31.827233,-99.423022,13,Afternoon
Highway-rail impact,2000:07:UP:0700ET010,0,0,0,26721,0,0,0,POLK,16:15,2000,2000,"M399,","UP,",1,"M3,","M,",MAIN,Texas,31.827233,-99.423022,16,Afternoon
Derailments,2000:08:UP:0800SA004,0,0,120382,8400,2,0,0,VICTORIA,14:10,2000,2000,"E4TC,E49C,","TM,UP,",1,"E4,","E,",MAIN,Texas,31.827233,-99.423022,14,Afternoon
Derailments,2000:10:UP:1000FW002,0,0,2000,53335,0,0,0,MCLENNAN,14:35,2000,2001,"T220,","UP,",1,"T2,","T,",YARD,Texas,31.827233,-99.423022,14,Afternoon
Highway-rail impact,2000:09:BNSF:TX0900201,0,1,0,11000,7,0,0,WICHITA,13:05,2000,2000,"M302,","BNSF,",1,"M3,","M,",MAIN,Texas,31.827233,-99.423022,13,Afternoon
Side collision,2000:08:UP:0800HO035,0,0,159873,151017,0,0,0,BRAZORIA,12:20,2000,2000,"H306,","UP,",7,"H3,","H,",YARD,Texas,31.827233,-99.423022,12,Afternoon
Derailments,2000:09:UP:0900FW007,0,0,1000,32112,13,0,0,TARRANT,16:25,2000,2000,"M503,","UP,",1,"M5,","M,",MAIN,Texas,31.827233,-99.423022,16,Afternoon
Other impacts,2000:07:BNSF:TX0700108,0,2,0,18700,0,0,0,HARDEMAN,16:30,2000,2000,"H020,H018,","BNSF,",1,"H0,","H,",MAIN,Texas,31.827233,-99.423022,16,Afternoon
Derailments,2000:09:BNSF:TX0900102,0,0,2500,5387,0,0,0,TARRANT,16:00,2000,2000,"H021,","BNSF,",76,"H0,","H,",YARD,Texas,31.827233,-99.423022,16,Afternoon
Derailments,2000:07:UP:0700HO016,0,0,162239,1500,0,0,0,ROBERTSON,16:20,2000,2000,"T109,","UP,",1,"T1,","T,",MAIN,Texas,31.827233,-99.423022,16,Afternoon
Derailments,2000:08:TM:200043,0,0,33000,110000,1,0,0,WEBB,14:50,2000,2000,"T101,","TM,",1,"T1,","T,",MAIN,Texas,31.827233,-99.423022,14,Afternoon
Derailments,2000:06:UP:0600SA002,0,0,44484,2324,0,0,0,WEBB,15:00,2000,2000,"T319,","UP,",7,"T3,","T,",YARD,Texas,31.827233,-99.423022,15,Afternoon
Derailments,2000:06:UP:0600HO011,0,0,7500,11870,35,2,0,BRAZORIA,13:00,2000,2000,"T110,","UP,",7,"T1,","T,",YARD,Texas,31.827233,-99.423022,13,Afternoon
Highway-rail impact,2000:06:UP:0600EP008,3,2,0,9106,0,0,0,MIDLAND,14:40,2000,2000,"M399,","UP,",1,"M3,","M,",MAIN,Texas,31.827233,-99.423022,14,Afternoon
Broken train collision,2000:09:TXTX:2000065,0,0,0,29500,0,0,0,JEFFERSON,12:20,2000,2000,"H021,","TXTX,",5,"H0,","H,",YARD,Texas,31.827233,-99.423022,12,Afternoon
Derailments,2000:08:UP:0800HO066,0,0,3500,4468,0,0,0,HARRIS,15:20,2000,2000,"H503,","UP,",7,"H5,","H,",YARD,Texas,31.827233,-99.423022,15,Afternoon
Highway-rail impact,2000:08:UP:0800ET001,1,0,0,219281,0,0,0,SMITH,14:20,2000,2000,"M303,","UP,",1,"M3,","M,",MAIN,Texas,31.827233,-99.423022,14,Afternoon
Other impacts,2000:08:UP:0800SA008,0,0,300,12136,0,0,0,BEXAR,13:00,2000,2000,"H999,","UP,",75,"H9,","H,",YARD,Texas,31.827233,-99.423022,13,Afternoon
Derailments,2000:09:UP:0900FW005,0,0,56466,2577,0,0,0,DALLAS,14:30,2000,2000,"H503,","UP,",1,"H5,","H,",SIDING,Texas,31.827233,-99.423022,14,Afternoon
Derailments,2000:08:BNSF:TX0800105,0,0,22000,5900,10,2,0,DALLAS,13:30,2000,2000,"H507,T102,","BNSF,",1,"H5,T1,","H,T,",YARD,Texas,31.827233,-99.423022,13,Afternoon
Derailments,2000:08:BNSF:GC0800120,0,0,90000,15904,0,0,0,ELLIS,13:45,2000,2000,"M405,M204,","BNSF,",1,"M4,M2,","M,",MAIN,Texas,31.827233,-99.423022,13,Afternoon
Derailments,2000:07:UP:0700HO042,0,0,2500,10452,13,0,0,HARRIS,15:45,2000,2000,"H312,","UP,",7,"H3,","H,",YARD,Texas,31.827233,-99.423022,15,Afternoon
Derailments,2000:12:UP:1200SA026,0,0,5917,14580,0,0,0,CAMERON,16:30,2000,2001,"H501,T102,H599,","RVSC,UP,",1,"H5,T1,H5,","H,T,H,",YARD,Texas,31.827233,-99.423022,16,Afternoon
Derailments,2000:10:KCS:001023003,0,0,10708,200,0,0,0,DENTON,16:25,2000,2001,"M501,M599,","KCS,",1,"M5,","M,",MAIN,Texas,31.827233,-99.423022,16,Afternoon
Head on collision,2000:12:BNSF:TX1200116,0,8,0,61765,0,0,0,ARMSTRONG,15:55,2000,2001,"H215,","BNSF,",1,"H2,","H,",MAIN,Texas,31.827233,-99.423022,15,Afternoon
Derailments,2000:12:BNSF:TX1200118,0,0,500,22900,0,0,0,DALLAS,14:30,2000,2001,"T110,T205,","BNSF,",1,"T1,T2,","T,",YARD,Texas,31.827233,-99.423022,14,Afternoon
Derailments,2000:11:UP:1100ET025,0,0,32404,25000,28,0,0,MARION,14:45,2000,2001,"T101,","UP,",1,"T1,","T,",MAIN,Texas,31.827233,-99.423022,14,Afternoon
Derailments,2000:12:UP:1200HO017,0,0,2500,22804,2,1,0,BRAZORIA,13:00,2000,2001,"T102,","UP,",1,"T1,","T,",YARD,Texas,31.827233,-99.423022,13,Afternoon
Derailments,2000:08:UP:0800FW032,0,0,500,31606,0,0,0,GRAYSON,13:51,2000,2000,"T109,","UP,",1,"T1,","T,",MAIN,Texas,31.827233,-99.423022,13,Afternoon
Derailments,2000:12:UP:1200EP006,0,0,8599,7226,0,0,0,EL PASO,15:15,2000,2001,"T110,T111,","UP,",1,"T1,","T,",MAIN,Texas,31.827233,-99.423022,15,Afternoon
Highway-rail impact,2000:10:BNSF:GC1000202,0,0,0,8643,8,0,0,MONTGOMERY,15:22,2000,2001,"M302,","BNSF,",1,"M3,","M,",MAIN,Texas,31.827233,-99.423022,15,Afternoon
Other events,2000:10:BNSF:TX1000102,0,0,79175,9943,0,0,0,TARRANT,12:50,2000,2001,"H702,T317,","BNSF,",7,"H7,T3,","H,T,",YARD,Texas,31.827233,-99.423022,12,Afternoon
Derailments,2000:09:UP:0800HO015,0,0,1500,8313,2,0,0,HARRIS,16:50,2000,2000,"T303,","UP,",7,"T3,","T,",YARD,Texas,31.827233,-99.423022,16,Afternoon
Derailments,2000:12:UP:1200HO047,0,0,10123,300,0,0,0,HARRIS,16:30,2000,2001,"H701,H702,","RASX,UP,",7,"H7,","H,",INDUSTRY,Texas,31.827233,-99.423022,16,Afternoon
Derailments,2000:11:UP:1100FW006,0,0,359023,751190,1,0,1,MCLENNAN,14:35,2000,2001,"T109,","UP,",1,"T1,","T,",MAIN,Texas,31.827233,-99.423022,14,Afternoon
Derailments,2000:12:UP:1200SA032,0,0,200,32540,0,0,0,HARRIS,13:55,2000,2001,"H303,","UP,",1,"H3,","H,",YARD,Texas,31.827233,-99.423022,13,Afternoon
Derailments,2000:10:UP:1000LV001,0,0,12500,3993,0,0,0,ORANGE,16:20,2000,2001,"T110,","UP,",1,"T1,","T,",YARD,Texas,31.827233,-99.423022,16,Afternoon
Highway-rail impact,2000:08:UP:0800FW033,0,1,13000,8000,0,0,0,ELLIS,13:45,2000,2000,"M399,","UP,",9,"M3,","M,",MAIN,Texas,31.827233,-99.423022,13,Afternoon
Derailments,2000:10:KCS:001029001,0,0,0,8200,0,0,0,DALLAS,12:20,2000,2001,"H305,","KCS,",7,"H3,","H,",YARD,Texas,31.827233,-99.423022,12,Afternoon
Derailments,2000:10:FWWR:00100301,0,0,7000,330,0,0,0,COMANCHE,13:50,2000,2001,"T101,E25C,","FWWR,",1,"T1,E2,","T,E,",MAIN,Texas,31.827233,-99.423022,13,Afternoon
Derailments,2000:10:KCS:001014003,0,0,3940,20000,0,0,0,JEFFERSON,16:30,2000,2001,"H506,","KCS,",7,"H5,","H,",YARD,Texas,31.827233,-99.423022,16,Afternoon
Derailments,2001:02:FWWR:01022201,0,0,6319,900,0,0,0,ERATH,16:00,2001,2001,"T110,","FWWR,",1,"T1,","T,",INDUSTRY,Texas,31.827233,-99.423022,16,Afternoon
Derailments,2001:03:UP:0301HO003,0,0,2000,17378,2,2,0,HARRIS,12:30,2001,2001,"T110,","UP,",1,"T1,","T,",YARD,Texas,31.827233,-99.423022,12,Afternoon
Derailments,2001:05:BNSF:GC0501113,0,0,350,20390,0,0,0,BELL,16:45,2001,2001,"H303,","BNSF,",7,"H3,","H,",YARD,Texas,31.827233,-99.423022,16,Afternoon
Derailments,2001:04:ATK:067493,0,0,15000,20000,0,0,0,TARRANT,13:03,2001,2001,"T113,","ATK,",2,"T1,","T,",YARD,Texas,31.827233,-99.423022,13,Afternoon
Other impacts,2001:04:BNSF:TX0401115,0,0,0,29515,0,0,0,TARRANT,15:52,2001,2001,"H301,H310,","BNSF,",76,"H3,","H,",YARD,Texas,31.827233,-99.423022,15,Afternoon
Derailments,2001:02:UP:0201SA013,0,0,120000,6620,4,0,0,GONZALES,12:40,2001,2001,"E53C,","UP,",1,"E5,","E,",SIDING,Texas,31.827233,-99.423022,12,Afternoon
Other impacts,2001:04:UP:0401SA016,0,0,0,13423,0,0,0,FAYETTE,14:30,2001,2001,"H601,","UP,",7,"H6,","H,",YARD,Texas,31.827233,-99.423022,14,Afternoon
Derailments,2001:03:SW:SWP19801,0,0,45500,132000,0,0,0,LIPSCOMB,14:10,2001,2001,"T210,","SW,",1,"T2,","T,",MAIN,Texas,31.827233,-99.423022,14,Afternoon
Derailments,2001:03:UP:0301SA011,0,0,2500,21495,0,0,0,WEBB,13:07,2001,2001,"M599,","UP,",1,"M5,","M,",YARD,Texas,31.827233,-99.423022,13,Afternoon
Other impacts,2001:02:UP:0201SA007,0,0,38856,15714,0,0,0,WEBB,13:25,2001,2001,"H309,","UP,",71,"H3,","H,",YARD,Texas,31.827233,-99.423022,13,Afternoon
Derailments,2001:05:KCS:010527004,0,0,97825,765000,0,0,0,COLLIN,14:25,2001,2001,"T111,T206,","KCS,",1,"T1,T2,","T,",MAIN,Texas,31.827233,-99.423022,14,Afternoon
Derailments,2001:03:BNSF:TX0301108,0,0,11000,10551,1,0,0,TARRANT,15:03,2001,2001,"E09C,","BNSF,",1,"E0,","E,",YARD,Texas,31.827233,-99.423022,15,Afternoon
Other impacts,2001:04:PTRA:APR200102,0,0,0,15428,0,0,0,HARRIS,12:35,2001,2001,"H018,","PTRA,",76,"H0,","H,",YARD,Texas,31.827233,-99.423022,12,Afternoon
Head on collision,2001:03:KCS:010311001,0,0,4989,200430,0,0,0,CASS,14:45,2001,2001,"H017,H510,","KCS,",17,"H0,H5,H0,H5,","H,",MAIN,Texas,31.827233,-99.423022,14,Afternoon
Derailments,2001:04:BNSF:TX0401100,0,0,728,6774,4,1,0,TARRANT,15:30,2001,2001,"M502,","BNSF,",7,"M5,","M,",YARD,Texas,31.827233,-99.423022,15,Afternoon
Derailments,2001:04:TM:201018,0,0,85000,568415,4,1,0,WEBB,12:15,2001,2001,"T212,","TM,",1,"T2,","T,",MAIN,Texas,31.827233,-99.423022,12,Afternoon
Derailments,2001:03:UP:0301EP001,0,0,42059,54892,1,0,0,CULBERSON,15:15,2001,2001,"E41C,","UP,",1,"E4,","E,",MAIN,Texas,31.827233,-99.423022,15,Afternoon
Other impacts,2001:03:PTRA:MAR200106,0,0,0,24400,2,2,0,HARRIS,13:30,2001,2001,"H306,","PTRA,",67,"H3,","H,",YARD,Texas,31.827233,-99.423022,13,Afternoon
Derailments,2001:04:UP:0401SA017,0,0,24750,6683,0,0,0,COMAL,13:10,2001,2001,"E67C,","UP,",1,"E6,","E,",MAIN,Texas,31.827233,-99.423022,13,Afternoon
Other impacts,2001:02:BNSF:GC0201109,0,0,0,20000,0,0,0,SAN AUGUSTINE,14:00,2001,2001,"H402,","BNSF,",9,"H4,","H,",MAIN,Texas,31.827233,-99.423022,14,Afternoon
Highway-rail impact,2001:01:BNSF:AO0101200,0,0,0,11527,1,0,0,LAMB,16:45,2001,2001,"M302,","BNSF,",1,"M3,","M,",MAIN,Texas,31.827233,-99.423022,16,Afternoon
Highway-rail impact,2001:05:UP:0501HO032,0,0,15000,300,0,0,0,FORT BEND,13:10,2001,2001,"M399,","UP,",1,"M3,","M,",MAIN,Texas,31.827233,-99.423022,13,Afternoon
Derailments,2001:07:BNSF:GC0701111,0,0,15000,122076,8,1,0,HARRIS,15:15,2001,2001,"H504,","BNSF,",1,"H5,","H,",YARD,Texas,31.827233,-99.423022,15,Afternoon
Side collision,2001:06:KCS:010618005,0,0,3740,16000,0,0,0,DALLAS,15:15,2001,2001,"H022,","KCS,",87,"H0,","H,",YARD,Texas,31.827233,-99.423022,15,Afternoon
Derailments,2001:06:UP:0601HO040,0,0,2000,24516,57,7,0,HARRIS,12:30,2001,2001,"M405,","UP,",7,"M4,","M,",YARD,Texas,31.827233,-99.423022,12,Afternoon
Highway-rail impact,2001:08:UP:0801FW025,0,0,0,47691,0,0,0,NAVARRO,14:00,2001,2001,"M399,","UP,",1,"M3,","M,",MAIN,Texas,31.827233,-99.423022,14,Afternoon
Derailments,2001:05:UP:0501LV034,0,0,300,13500,0,0,0,JEFFERSON,13:00,2001,2001,"T314,","UP,",7,"T3,","T,",YARD,Texas,31.827233,-99.423022,13,Afternoon
Derailments,2001:08:UP:0801SA005,0,0,124456,106406,0,0,0,ATASCOSA,16:10,2001,2001,"T109,","UP,",1,"T1,","T,",MAIN,Texas,31.827233,-99.423022,16,Afternoon
Derailments,2001:08:UP:0801HO005,0,0,50000,322,0,0,0,HARRIS,13:15,2001,2001,"H312,","UP,",7,"H3,","H,",YARD,Texas,31.827233,-99.423022,13,Afternoon
Other impacts,2001:05:UP:0501FW034,0,0,0,30593,0,0,0,TARRANT,13:00,2001,2001,"M407,","UP,",5,"M4,","M,",YARD,Texas,31.827233,-99.423022,13,Afternoon
Derailments,2001:07:UP:0701HO006,0,0,28602,6478,0,0,0,HARRIS,15:15,2001,2001,"M405,","UP,",7,"M4,","M,",INDUSTRY,Texas,31.827233,-99.423022,15,Afternoon
Other impacts,2001:05:UP:0501FW036,0,0,0,20731,0,0,0,DALLAS,14:00,2001,2001,"M502,","UP,",8,"M5,","M,",YARD,Texas,31.827233,-99.423022,14,Afternoon
Derailments,2001:08:TM:201035,0,0,44000,51600,0,0,0,WEBB,15:25,2001,2001,"H606,","TM,",1,"H6,","H,",MAIN,Texas,31.827233,-99.423022,15,Afternoon
Derailments,2001:05:UP:0501HO030,0,0,4000,8421,2,2,0,HARRIS,12:45,2001,2001,"H312,","UP,",7,"H3,","H,",YARD,Texas,31.827233,-99.423022,12,Afternoon
Derailments,2001:06:TXGN:010629,0,0,30978,0,0,0,0,GONZALES,14:30,2001,2001,"T110,","TXGN,",1,"T1,","T,",MAIN,Texas,31.827233,-99.423022,14,Afternoon
Derailments,2001:08:BNSF:TX0801110,0,0,36000,31800,16,0,0,COOKE,15:17,2001,2001,"T109,T105,","BNSF,",1,"T1,","T,",SIDING,Texas,31.827233,-99.423022,15,Afternoon
Highway-rail impact,2001:07:KCS:010722001,0,0,981,31588,1,0,0,WOOD,13:20,2001,2001,"M303,","KCS,",1,"M3,","M,",MAIN,Texas,31.827233,-99.423022,13,Afternoon
Derailments,2001:06:UP:0601LV011,0,0,162514,93749,59,8,0,ORANGE,13:47,2001,2001,"T110,","UP,",1,"T1,","T,",YARD,Texas,31.827233,-99.423022,13,Afternoon
Derailments,2001:07:UP:0701HO013,0,0,157846,20807,2,0,0,HARRIS,16:05,2001,2001,"T314,","UP,",1,"T3,","T,",YARD,Texas,31.827233,-99.423022,16,Afternoon
Derailments,2001:06:UP:0601SA001,0,0,290659,128112,0,0,0,BEXAR,15:18,2001,2001,"T109,","UP,",1,"T1,","T,",MAIN,Texas,31.827233,-99.423022,15,Afternoon
Derailments,2001:07:BNSF:GC0701110,0,0,212000,250615,3,0,0,COLEMAN,16:08,2001,2001,"T101,","BNSF,",1,"T1,","T,",SIDING,Texas,31.827233,-99.423022,16,Afternoon
Derailments,2001:06:TXGN:010611,0,0,7891,0,0,0,0,GONZALES,14:00,2001,2001,"T109,","TXGN,",1,"T1,","T,",MAIN,Texas,31.827233,-99.423022,14,Afternoon
Other impacts,2001:07:PTRA:JULY200101,0,0,0,55300,0,0,0,HARRIS,15:00,2001,2001,"H302,","PTRA,",76,"H3,","H,",YARD,Texas,31.827233,-99.423022,15,Afternoon
Derailments,2001:07:UP:0701FW011,0,0,7891,3367,9,0,0,WISE,15:00,2001,2001,"E49C,T101,","UP,",1,"E4,T1,","E,T,",MAIN,Texas,31.827233,-99.423022,15,Afternoon
Highway-rail impact,2001:07:UP:0701SA020,0,0,10000,1023,0,0,0,MEDINA,15:45,2001,2001,"M302,","UP,",1,"M3,","M,",MAIN,Texas,31.827233,-99.423022,15,Afternoon
Fire/violent rupture,2001:08:UP:0801SA035,0,0,0,9000,0,0,0,GUADALUPE,15:45,2001,2001,"E74L,","UP,",1,"E7,","E,",MAIN,Texas,31.827233,-99.423022,15,Afternoon
Derailments,2001:07:DGNO:ID01347,0,0,4000,33200,0,0,0,ROCKWALL,16:15,2001,2001,"T109,","DGNO,",1,"T1,","T,",MAIN,Texas,31.827233,-99.423022,16,Afternoon
Other impacts,2001:07:PTRA:JULY200104,0,0,0,13300,1,0,0,HARRIS,12:01,2001,2001,"H302,","PTRA,",7,"H3,","H,",YARD,Texas,31.827233,-99.423022,12,Afternoon
Derailments,2001:07:UP:0701HO015,0,0,38224,3360,0,0,0,HARRIS,14:35,2001,2001,"M599,M101,","TM,UP,",1,"M5,M1,","M,",MAIN,Texas,31.827233,-99.423022,14,Afternoon
Derailments,2001:05:UP:0501FW020,0,0,95306,5949,15,2,0,NOLAN,14:10,2001,2001,"T314,","UP,",1,"T3,","T,",SIDING,Texas,31.827233,-99.423022,14,Afternoon
Highway-rail impact,2001:06:UP:0601LK027,0,0,0,12537,0,0,0,CASS,16:16,2001,2001,"M399,","UP,",1,"M3,","M,",MAIN,Texas,31.827233,-99.423022,16,Afternoon
Derailments,2001:07:BNSF:TX0701114,0,0,57000,56630,24,2,0,FREESTONE,15:00,2001,2001,"T102,T001,","BNSF,",1,"T1,T0,","T,",MAIN,Texas,31.827233,-99.423022,15,Afternoon
Derailments,2001:07:UP:0701FW021,0,0,317339,173639,0,0,0,NAVARRO,15:08,2001,2001,"H993,T109,","UP,",1,"H9,T1,","H,T,",MAIN,Texas,31.827233,-99.423022,15,Afternoon
Derailments,2001:07:UP:0701SA034,0,0,140396,99921,0,0,0,NUECES,15:05,2001,2001,"M405,T314,","UP,",1,"M4,T3,","M,T,",MAIN,Texas,31.827233,-99.423022,15,Afternoon
Derailments,2001:08:UP:0801FW009,0,0,160825,2560,0,0,0,DALLAS,14:00,2001,2001,"E24C,","UP,",1,"E2,","E,",MAIN,Texas,31.827233,-99.423022,14,Afternoon
Highway-rail impact,2001:07:UP:0701SA043,0,2,0,27395,0,0,0,NUECES,14:30,2001,2001,"M399,","UP,",1,"M3,","M,",MAIN,Texas,31.827233,-99.423022,14,Afternoon
Derailments,2001:11:UP:1101FW009,0,0,43927,467707,0,0,0,ELLIS,12:15,2001,2002,"T202,","UP,",1,"T2,","T,",MAIN,Texas,31.827233,-99.423022,12,Afternoon
Highway-rail impact,2001:09:UP:0901SA028,0,2,2146,117471,0,0,0,ROBERTSON,14:30,2001,2001,"M302,","UP,",1,"M3,","M,",MAIN,Texas,31.827233,-99.423022,14,Afternoon
Derailments,2001:12:UP:1201SA017,0,0,103191,1600,0,0,0,MAVERICK,14:15,2001,2002,"T110,","UP,",1,"T1,","T,",YARD,Texas,31.827233,-99.423022,14,Afternoon
Derailments,2001:09:UP:0901HO026,0,0,111483,289074,16,3,0,HARRIS,14:15,2001,2001,"T299,","UP,",1,"T2,","T,",MAIN,Texas,31.827233,-99.423022,14,Afternoon
Derailments,2001:09:UP:0901WH017,0,0,32518,1404,0,0,0,GRAYSON,12:50,2001,2001,"T299,","UP,",7,"T2,","T,",YARD,Texas,31.827233,-99.423022,12,Afternoon
Derailments,2001:11:ATK:071300,0,0,5000,6700,0,0,0,BEXAR,14:45,2001,2002,"T113,","ATK,",7,"T1,","T,",YARD,Texas,31.827233,-99.423022,14,Afternoon
Derailments,2001:10:UP:1001SA030,0,0,65043,35035,0,0,0,FAYETTE,12:23,2001,2002,"T210,","UP,",1,"T2,","T,",MAIN,Texas,31.827233,-99.423022,12,Afternoon
Derailments,2001:09:UP:0901HO019,0,0,50478,1200,0,0,0,HARRIS,12:30,2001,2001,"S011,H702,","BNSF,UP,",7,"S0,H7,","S,H,",MAIN,Texas,31.827233,-99.423022,12,Afternoon
Rear end collision,2001:09:UP:0901SA008,0,0,0,26471,0,0,0,MEDINA,14:15,2001,2001,"H995,","UP,",9,"H9,","H,",MAIN,Texas,31.827233,-99.423022,14,Afternoon
Other impacts,2001:09:UP:0901LV032,0,0,0,7867,0,0,0,JEFFERSON,13:05,2001,2001,"H312,","UP,",75,"H3,","H,",YARD,Texas,31.827233,-99.423022,13,Afternoon
Derailments,2001:09:ATOQ:INDUSTRY,0,0,4000,49652,0,0,0,HARRIS,13:20,2001,2001,"T110,","UP,",1,"T1,","T,",INDUSTRY,Texas,31.827233,-99.423022,13,Afternoon
Derailments,2001:09:UP:0901WH009,0,0,176008,69050,0,0,0,GRAYSON,14:05,2001,2001,"T113,","UP,",1,"T1,","T,",MAIN,Texas,31.827233,-99.423022,14,Afternoon
Derailments,2001:11:BNSF:GC1101106,0,2,70000,20658,7,0,0,BROWN,14:05,2001,2002,"E26C,","BNSF,",1,"E2,","E,",SIDING,Texas,31.827233,-99.423022,14,Afternoon
Other impacts,2001:09:PTRA:SEPT200103,0,0,0,7900,0,0,0,HARRIS,15:00,2001,2001,"H018,","PTRA,",7,"H0,","H,",YARD,Texas,31.827233,-99.423022,15,Afternoon
Derailments,2001:11:UP:1101FW012,0,0,35444,1681,0,0,0,SMITH,16:00,2001,2002,"T210,","UP,",7,"T2,","T,",YARD,Texas,31.827233,-99.423022,16,Afternoon
Derailments,2001:12:WI:AI013,0,0,0,10750,0,0,0,HARRIS,13:30,2001,2002,"E34C,","WI,",7,"E3,","E,",INDUSTRY,Texas,31.827233,-99.423022,13,Afternoon
Derailments,2001:12:UP:1201HO031,0,0,49870,2500,0,0,0,BRAZORIA,13:45,2001,2002,"M405,E48C,M204,","TM,UP,",1,"M4,E4,M2,","M,E,M,",SIDING,Texas,31.827233,-99.423022,13,Afternoon
Other impacts,2001:10:BNSF:TX1001102,0,0,0,8300,2,2,0,TARRANT,16:30,2001,2002,"H310,","BNSF,",65,"H3,","H,",YARD,Texas,31.827233,-99.423022,16,Afternoon
Derailments,2001:09:UP:0901SA031,0,0,27000,2025,0,0,0,NUECES,15:55,2001,2001,"T110,H503,","CCPN,UP,",7,"T1,H5,","T,H,",MAIN,Texas,31.827233,-99.423022,15,Afternoon
Derailments,2001:09:RVSC:RV01031,0,0,10980,0,0,0,0,HIDALGO,13:45,2001,2001,"T110,T112,","RVSC,",7,"T1,","T,",INDUSTRY,Texas,31.827233,-99.423022,13,Afternoon
Rear end collision,2001:09:UP:0901HO003,0,6,123518,1002661,62,1,1,CHEROKEE,12:20,2001,2001,"H215,","UP,",1,"H2,","H,",MAIN,Texas,31.827233,-99.423022,12,Afternoon
Other impacts,2001:09:DGNO:IO01543,0,0,0,24500,0,0,0,GRAYSON,12:15,2001,2001,"H995,","DGNO,",8,"H9,","H,",INDUSTRY,Texas,31.827233,-99.423022,12,Afternoon
Derailments,2001:11:UP:1101FW004,0,0,20000,2258,0,0,0,DALLAS,16:00,2001,2002,"E41C,","UP,",1,"E4,","E,",MAIN,Texas,31.827233,-99.423022,16,Afternoon
Derailments,2001:11:UP:1101SA012,0,0,1500,6735,0,0,0,BEXAR,13:30,2001,2002,"T319,T399,","UP,",7,"T3,","T,",INDUSTRY,Texas,31.827233,-99.423022,13,Afternoon
Derailments,2001:12:BNSF:GC1201101,0,0,367000,668235,36,8,1,COLEMAN,15:40,2001,2002,"E23C,","BNSF,",1,"E2,","E,",MAIN,Texas,31.827233,-99.423022,15,Afternoon
Derailments,2001:10:TM:201045,0,0,82300,153500,0,0,0,DUVAL,12:52,2001,2002,"T221,","TM,",1,"T2,","T,",MAIN,Texas,31.827233,-99.423022,12,Afternoon
Derailments,2001:12:DGNO:ID01648,0,0,10000,0,0,0,0,DALLAS,13:30,2001,2002,"M204,","DGNO,",1,"M2,","M,",INDUSTRY,Texas,31.827233,-99.423022,13,Afternoon
Other events,2001:09:BNSF:TX0901108,0,0,18000,0,6,0,0,DENTON,13:30,2001,2001,"H702,","BNSF,",1,"H7,","H,",MAIN,Texas,31.827233,-99.423022,13,Afternoon
Highway-rail impact,2001:08:BNSF:AO0801200,0,0,0,9483,5,0,0,BAILEY,13:30,2001,2001,"M304,","BNSF,",1,"M3,","M,",MAIN,Texas,31.827233,-99.423022,13,Afternoon
Derailments,1982:06:SP:U6162,0,0,83000,408900,0,0,0,BEXAR,17:24,1982,1982,"T204,","SP,",1,"T2,","T,",MAIN,Texas,31.827233,-99.423022,17,Evening
Other impacts,1982:05:KCS:335835,0,0,300,15500,0,0,0,JEFFERSON,18:00,1982,1982,"H306,","KCS,",7,"H3,","H,",YARD,Texas,31.827233,-99.423022,18,Evening
Derailments,1982:04:LA:331560,0,0,1000,20000,0,0,0,CASS,2:05,1982,1982,"H503,","LA,",1,"H5,","H,",MAIN,Texas,31.827233,-99.423022,2,Midnight
Other impacts,1982:04:SP:U3432,0,0,9400,1500,0,0,0,PRESIDIO,23:30,1982,1982,"E53C,","SP,",1,"E5,","E,",MAIN,Texas,31.827233,-99.423022,23,Evening
Fire/violent rupture,1982:05:ATSF:230582102,0,0,0,25000,0,0,0,FORT BEND,4:00,1982,1982,"E74L,","ATSF,",1,"E7,","E,",MAIN,Texas,31.827233,-99.423022,4,Midnight
Other impacts,1982:03:SP:W6932,0,0,0,18450,0,0,0,HARRIS,19:00,1982,1982,"H312,H601,","SP,",7,"H3,H6,","H,",YARD,Texas,31.827233,-99.423022,19,Evening
Derailments,1982:04:MKT:AX21S,0,0,5000,51200,0,0,0,GRAYSON,2:55,1982,1982,"T311,","MKT,",1,"T3,","T,",YARD,Texas,31.827233,-99.423022,2,Midnight
Derailments,1982:03:SP:W4602,0,0,56000,18500,0,0,0,NACOGDOCHES,17:50,1982,1982,"E46C,E40C,","SP,",1,"E4,","E,",MAIN,Texas,31.827233,-99.423022,17,Evening
Derailments,1982:04:TN:RE1,0,0,3881,2705,0,0,0,MORRIS,19:45,1982,1982,"T399,","TN,",1,"T3,","T,",YARD,Texas,31.827233,-99.423022,19,Evening