AccidentType,inckey,Fatalities,Injuries,TrackDamage,EquipmentDamage,HazmatCars,HazmatCarsDerailed,HazmatCarsReleasing,County,DisplayTime,calendar,Fiscal,AccidentCause,RailroadCodes,RAILEQUIPMENT_TYPE,CauseGroup,CauseDiscipline,TYPE_OF_TRACK,StateName,latitude,longitude,hour,cat
Side collision,1982:04:MP:82081,0,0,0,9100,0,0,0,GREGG,22:15,1982,1982,"H306,","MP,",67,"H3,","H,",INDUSTRY,Texas,31.827233,-99.423022,22,Evening
Derailments,1982:03:SP:U2652,0,0,7348,0,0,0,0,TRAVIS,1:30,1982,1982,"T110,","SP,",1,"T1,","T,",MAIN,Texas,31.827233,-99.423022,1,Midnight
Derailments,1982:04:MKT:AX23S,0,0,42445,420837,0,0,0,MCLENNAN,19:55,1982,1982,"E29C,","MKT,",1,"E2,","E,",MAIN,Texas,31.827233,-99.423022,19,Evening
Derailments,1982:04:SP:U3672,0,0,4000,20975,0,0,0,ROBERTSON,4:50,1982,1982,"H503,","SP,",16,"H5,","H,",YARD,Texas,31.827233,-99.423022,4,Midnight
Derailments,1982:03:SP:W5862,0,0,500,15000,0,0,0,HARRIS,22:20,1982,1982,"T101,","SP,",7,"T1,","T,",YARD,Texas,31.827233,-99.423022,22,Evening
Other impacts,1982:03:SP:W6762,0,0,100,19450,1,1,1,HARRIS,21:30,1982,1982,"H314,","SP,",7,"H3,","H,",YARD,Texas,31.827233,-99.423022,21,Evening
Derailments,1982:03:MKT:AX14S,0,0,8250,1000,0,0,0,MCLENNAN,24:25:00,1982,1982,"E52C,","MKT,MP,",1,"E5,","E,",YARD,Texas,31.827233,-99.423022,24,Midnight
Side collision,1982:04:MKT:AX24S,0,0,0,4000,0,0,0,GRAYSON,20:00,1982,1982,"H702,","MKT,",16,"H7,","H,",YARD,Texas,31.827233,-99.423022,20,Evening
Derailments,1982:04:SP:W7462,0,0,13000,57450,0,0,0,NACOGDOCHES,2:35,1982,1982,"T002,","SP,",1,"T0,","T,",MAIN,Texas,31.827233,-99.423022,2,Midnight
Derailments,1982:02:KCS:335512,0,0,4659,4500,0,0,0,JEFFERSON,3:00,1982,1982,"T314,","KCS,",1,"T3,","T,",YARD,Texas,31.827233,-99.423022,3,Midnight
Derailments,1982:05:MP:66402P1246,0,1,10000,147400,0,0,0,LEON,21:03,1982,1982,"T109,","MP,",1,"T1,","T,",MAIN,Texas,31.827233,-99.423022,21,Evening
Derailments,1982:04:LA:315312,0,1,27000,471500,5,5,1,CAMP,23:10,1982,1982,"M599,","LA,",1,"M5,","M,",MAIN,Texas,31.827233,-99.423022,23,Evening
Derailments,1982:04:ATSF:230482102,0,0,36200,51000,0,0,0,BELL,1:40,1982,1982,"H099,","ATSF,",1,"H0,","H,",MAIN,Texas,31.827233,-99.423022,1,Midnight
Head on collision,1982:04:SP:W7242,0,0,0,5000,4,0,0,HARRIS,17:30,1982,1982,"H401,","SP,",7,"H4,","H,",YARD,Texas,31.827233,-99.423022,17,Evening
Derailments,1982:05:TN:RE5,0,0,17553,22000,0,0,0,MORRIS,17:30,1982,1982,"T110,","LA,TN,",1,"T1,","T,",MAIN,Texas,31.827233,-99.423022,17,Evening
Derailments,1982:03:SP:U2662,0,0,17900,11000,0,0,0,TRAVIS,22:55,1982,1982,"E40C,","SP,",1,"E4,","E,",MAIN,Texas,31.827233,-99.423022,22,Evening
Derailments,1982:03:SP:W5792,0,0,4300,7000,14,0,0,HARRIS,4:45,1982,1982,"M202,","SP,",17,"M2,","M,",YARD,Texas,31.827233,-99.423022,4,Midnight
Fire/violent rupture,1982:04:SP:U3452,0,0,0,35000,0,0,0,FREESTONE,2:00,1982,1982,"E99C,","SP,",1,"E9,","E,",MAIN,Texas,31.827233,-99.423022,2,Midnight
Derailments,1982:04:SP:U3972,0,0,2600,72600,0,0,0,TRAVIS,22:45,1982,1982,"T220,","SP,",7,"T2,","T,",INDUSTRY,Texas,31.827233,-99.423022,22,Evening
Derailments,1982:04:SP:W7382,0,0,5000,500,0,0,0,GRIMES,4:10,1982,1982,"T102,T101,","MP,SP,",1,"T1,","T,",MAIN,Texas,31.827233,-99.423022,4,Midnight
Derailments,1982:08:ATSF:230882103,0,0,22500,174800,0,0,0,CORYELL,4:15,1982,1982,"T101,H405,","ATSF,",1,"T1,H4,","T,H,",MAIN,Texas,31.827233,-99.423022,4,Midnight
Derailments,1982:06:MP:82103,0,0,8500,600,0,0,0,TAYLOR,22:05,1982,1982,"E52C,","MP,",1,"E5,","E,",MAIN,Texas,31.827233,-99.423022,22,Evening
Derailments,1982:08:ATSF:200882101,0,0,6240,11800,11,4,0,HUTCHINSON,18:30,1982,1982,"T101,","ATSF,",7,"T1,","T,",MAIN,Texas,31.827233,-99.423022,18,Evening
Other impacts,1982:05:SP:X1192,0,0,1000,4200,0,0,0,HARRIS,21:30,1982,1982,"T202,","SP,",7,"T2,","T,",YARD,Texas,31.827233,-99.423022,21,Evening
Derailments,1982:07:SP:U7312,0,0,83860,4150,0,0,0,BEXAR,24:40:00,1982,1982,"T101,","SP,",1,"T1,","T,",MAIN,Texas,31.827233,-99.423022,24,Midnight
Derailments,1982:06:BN:TU214,0,0,500,16800,0,0,0,HARDEMAN,23:00,1982,1982,"H505,","BN,",1,"H5,","H,",YARD,Texas,31.827233,-99.423022,23,Evening
Derailments,1982:07:ATSF:220782104,0,0,34750,32350,0,0,0,TARRANT,18:30,1982,1982,"T199,T111,","ATSF,MP,",1,"T1,","T,",YARD,Texas,31.827233,-99.423022,18,Evening
Derailments,1982:05:SP:S4622,0,0,4750,1500,0,0,0,EL PASO,18:00,1982,1982,"H702,","SP,",7,"H7,","H,",YARD,Texas,31.827233,-99.423022,18,Evening
Derailments,1982:06:MP:82108,0,0,0,10000,0,0,0,GRAYSON,19:40,1982,1982,"T108,","MP,",1,"T1,","T,",MAIN,Texas,31.827233,-99.423022,19,Evening
Derailments,1982:07:MP:82127,0,0,350,5550,0,0,0,ORANGE,18:45,1982,1982,"E64C,","MP,",1,"E6,","E,",YARD,Texas,31.827233,-99.423022,18,Evening
Derailments,1982:06:GHH:781,0,0,6306,12800,0,0,0,HARRIS,4:40,1982,1982,"T313,T399,","GHH,HBT,",7,"T3,","T,",MAIN,Texas,31.827233,-99.423022,4,Midnight
Derailments,1982:06:ATSF:ZZZZZZZZZZ,0,0,0,3730,0,0,0,TARRANT,22:45,1982,1982,"T216,","BN,",7,"T2,","T,",INDUSTRY,Texas,31.827233,-99.423022,22,Evening
Derailments,1982:08:ATSF:200882104,0,0,5976,1300,0,0,0,SCURRY,3:30,1982,1982,"T314,","ATSF,",1,"T3,","T,",SIDING,Texas,31.827233,-99.423022,3,Midnight
Side collision,1982:06:MP:82100,0,0,200,12800,1,1,0,ORANGE,19:00,1982,1982,"H401,","MP,SP,",17,"H4,","H,",INDUSTRY,Texas,31.827233,-99.423022,19,Evening
Derailments,1982:07:SP:X5332,0,0,1200,18100,0,0,0,COLORADO,17:30,1982,1982,"T110,T001,","SP,",1,"T1,T0,","T,",SIDING,Texas,31.827233,-99.423022,17,Evening
Highway-rail impact,1982:07:MKT:XA69S,0,0,0,15000,0,0,0,JOHNSON,18:25,1982,1982,"M399,","MKT,",1,"M3,","M,",MAIN,Texas,31.827233,-99.423022,18,Evening
Derailments,1982:07:MP:82123,0,0,15450,3200,0,0,0,TARRANT,20:15,1982,1982,"T314,","BN,MKT,MP,",7,"T3,","T,",MAIN,Texas,31.827233,-99.423022,20,Evening
Derailments,1982:07:PTRA:JULY0182,0,0,1561,21600,0,0,0,HARRIS,1:30,1982,1982,"H503,","PTRA,",7,"H5,","H,",MAIN,Texas,31.827233,-99.423022,1,Midnight
Derailments,1982:05:SP:U4722,0,0,7500,2400,0,0,0,TRAVIS,3:00,1982,1982,"E64C,","SP,",1,"E6,","E,",SIDING,Texas,31.827233,-99.423022,3,Midnight
Raking collision,1982:07:SP:X4682,0,0,0,19500,0,0,0,HARRIS,19:15,1982,1982,"H702,","SP,",71,"H7,","H,",MAIN,Texas,31.827233,-99.423022,19,Evening
Side collision,1982:07:MP:82113,0,0,0,4000,0,0,0,BRAZORIA,24:05:00,1982,1982,"H402,","MP,",15,"H4,","H,",YARD,Texas,31.827233,-99.423022,24,Midnight
Derailments,1982:05:SSW:K4002,0,0,2090,9650,0,0,0,SMITH,2:10,1982,1982,"H503,","SSW,",1,"H5,","H,",YARD,Texas,31.827233,-99.423022,2,Midnight
Derailments,1982:06:SP:X1862,0,0,1000,26500,0,0,0,ANGELINA,19:45,1982,1982,"T210,","SP,",1,"T2,","T,",YARD,Texas,31.827233,-99.423022,19,Evening
Obstruction impact,1982:07:SP:U7332,0,0,4000,15000,0,0,0,TERRELL,3:50,1982,1982,"E52C,","SP,",1,"E5,","E,",SIDING,Texas,31.827233,-99.423022,3,Midnight
Derailments,1982:08:ATSF:200882103,0,0,17400,18500,0,0,0,LAMB,19:15,1982,1982,"E07C,","ATSF,",1,"E0,","E,",MAIN,Texas,31.827233,-99.423022,19,Evening
Derailments,1982:05:SP:U5032,0,0,10000,0,0,0,0,TARRANT,23:15,1982,1982,"T111,H503,","MP,SP,",1,"T1,H5,","T,H,",MAIN,Texas,31.827233,-99.423022,23,Evening
Derailments,1982:07:MP:82134,0,0,1800,10000,0,0,0,HOWARD,18:55,1982,1982,"T311,E69C,","MP,",15,"T3,E6,T3,E6,","T,E,T,E,",YARD,Texas,31.827233,-99.423022,18,Evening
Head on collision,1982:07:SSW:K6412,0,0,2400,48000,0,0,0,TITUS,17:20,1982,1982,"H018,","SSW,",71,"H0,","H,",MAIN,Texas,31.827233,-99.423022,17,Evening
Derailments,1982:06:SP:X2672,0,0,2800,1625,0,0,0,GALVESTON,19:15,1982,1982,"T311,","SP,",7,"T3,","T,",INDUSTRY,Texas,31.827233,-99.423022,19,Evening
Derailments,1982:07:SP:U7162,0,0,54400,200,0,0,0,VAL VERDE,17:10,1982,1982,"E53C,","SP,",1,"E5,","E,",MAIN,Texas,31.827233,-99.423022,17,Evening
Highway-rail impact,1982:06:SP:F9362,0,3,15300,2000,0,0,0,JEFFERSON,24:30:00,1982,1982,"M399,","SP,",1,"M3,","M,",MAIN,Texas,31.827233,-99.423022,24,Midnight
Derailments,1982:08:BN:FW279,0,0,53000,140000,0,0,0,BRISCOE,20:35,1982,1982,"H503,","BN,",1,"H5,","H,",MAIN,Texas,31.827233,-99.423022,20,Evening
Derailments,1982:06:MKT:AX36S,0,0,1100,23000,0,0,0,MCLENNAN,2:00,1982,1982,"T314,T110,","MKT,",1,"T3,T1,","T,",YARD,Texas,31.827233,-99.423022,2,Midnight
Derailments,1982:07:SP:X4322,0,0,2000,4300,0,0,0,HARRIS,4:55,1982,1982,"H308,","SP,",7,"H3,","H,",YARD,Texas,31.827233,-99.423022,4,Midnight
Side collision,1982:07:HBT:AX2G82,0,0,0,4600,0,0,0,HARRIS,3:30,1982,1982,"H301,","HBT,",7,"H3,","H,",YARD,Texas,31.827233,-99.423022,3,Midnight
Derailments,1982:06:BN:FW216,0,0,60000,1000,0,0,0,MONTAGUE,20:30,1982,1982,"T101,","BN,",1,"T1,","T,",MAIN,Texas,31.827233,-99.423022,20,Evening
Derailments,1982:07:NCTR:ND25782,0,0,24735,16900,0,0,0,TARRANT,19:45,1982,1982,"T314,H503,E24C,","BN,NCTR,",7,"T3,H5,E2,","T,H,E,",MAIN,Texas,31.827233,-99.423022,19,Evening
Derailments,1982:07:SP:G0832,0,0,200,5000,0,0,0,JEFFERSON,1:00,1982,1982,"H307,","SP,",7,"H3,","H,",INDUSTRY,Texas,31.827233,-99.423022,1,Midnight
Derailments,1982:07:BN:FW257,0,0,14580,2000,0,0,0,HALL,4:50,1982,1982,"E07C,","BN,",1,"E0,","E,",MAIN,Texas,31.827233,-99.423022,4,Midnight
Derailments,1982:07:MKT:AX39S,0,0,2300,4000,0,0,0,DALLAS,23:00,1982,1982,"T101,","MKT,",57,"T1,","T,",YARD,Texas,31.827233,-99.423022,23,Evening
Other impacts,1982:06:PTRA:JUNE0182,0,0,358,6500,0,0,0,HARRIS,20:45,1982,1982,"H021,","PTRA,",7,"H0,","H,",YARD,Texas,31.827233,-99.423022,20,Evening
Highway-rail impact,1982:07:MP:T82287,0,0,0,10600,0,0,0,MONTGOMERY,24:10:00,1982,1982,"M399,","MP,",1,"M3,","M,",MAIN,Texas,31.827233,-99.423022,24,Midnight
Derailments,1982:07:ATSF:220782102,0,0,3000,4350,0,0,0,TARRANT,19:10,1982,1982,"H703,","ATSF,",1,"H7,","H,",YARD,Texas,31.827233,-99.423022,19,Evening
Derailments,1982:06:RSP:0682,0,0,3817,4045,0,0,0,SCURRY,22:00,1982,1982,"T399,","RSP,",1,"T3,","T,",YARD,Texas,31.827233,-99.423022,22,Evening
Side collision,1982:07:PTRA:JULY0282,0,0,1286,31000,0,0,0,HARRIS,2:10,1982,1982,"H306,H305,","PTRA,",7,"H3,","H,",YARD,Texas,31.827233,-99.423022,2,Midnight
Derailments,1982:05:SP:S4302,0,0,4000,12500,1,0,0,EL PASO,20:20,1982,1982,"T314,","SP,",7,"T3,","T,",YARD,Texas,31.827233,-99.423022,20,Evening
Derailments,1982:05:SP:U4732,0,0,7600,0,0,0,0,TRAVIS,22:50,1982,1982,"T220,","SP,",1,"T2,","T,",YARD,Texas,31.827233,-99.423022,22,Evening
Highway-rail impact,1982:05:SSW:K4052,0,1,7100,24200,0,0,0,HUNT,24:50:00,1982,1982,"M399,","SSW,",1,"M3,","M,",MAIN,Texas,31.827233,-99.423022,24,Midnight
Derailments,1982:07:ATSF:220782101,0,0,2500,9025,0,0,0,TARRANT,24:45:00,1982,1982,"T001,","ATSF,",7,"T0,","T,",YARD,Texas,31.827233,-99.423022,24,Midnight
Derailments,1982:07:MP:82129,0,1,2500,30000,0,0,0,GRAYSON,21:30,1982,1982,"T110,","MP,",1,"T1,","T,",MAIN,Texas,31.827233,-99.423022,21,Evening
Rear end collision,1982:06:ATSF:230682101,0,4,1000,56000,0,0,0,JASPER,20:00,1982,1982,"H603,","ATSF,",14,"H6,","H,",MAIN,Texas,31.827233,-99.423022,20,Evening
Derailments,1982:06:MP:82107,0,0,3900,49500,0,0,0,GRAYSON,19:10,1982,1982,"T202,","MP,",1,"T2,","T,",MAIN,Texas,31.827233,-99.423022,19,Evening
Obstruction impact,1982:07:MP:82116,0,0,0,4500,0,0,0,LIBERTY,24:15:00,1982,1982,"M404,","MP,",15,"M4,","M,",MAIN,Texas,31.827233,-99.423022,24,Midnight
Derailments,1982:07:BN:FW223,0,0,30000,24550,0,0,0,HALL,22:20,1982,1982,"H604,","BN,",1,"H6,","H,",MAIN,Texas,31.827233,-99.423022,22,Evening
Head on collision,1982:06:SP:X3302,0,0,0,43000,0,0,0,FORT BEND,24:21:00,1982,1982,"H306,","SP,",75,"H3,","H,",MAIN,Texas,31.827233,-99.423022,24,Midnight
Derailments,1982:05:SP:F7482,0,0,0,6500,0,0,0,JEFFERSON,18:45,1982,1982,"E55C,","SP,",7,"E5,","E,",YARD,Texas,31.827233,-99.423022,18,Evening
Derailments,1982:07:SP:U6862,0,0,6600,0,0,0,0,TRAVIS,19:55,1982,1982,"M405,","SP,",1,"M4,","M,",MAIN,Texas,31.827233,-99.423022,19,Evening
Derailments,1982:07:BN:FW249,0,0,15000,50500,0,0,0,HARTLEY,23:50,1982,1982,"E46C,","BN,",1,"E4,","E,",MAIN,Texas,31.827233,-99.423022,23,Evening
Derailments,1982:05:SP:U4612,0,0,2500,2400,0,0,0,ELLIS,1:00,1982,1982,"H701,","SP,",7,"H7,","H,",MAIN,Texas,31.827233,-99.423022,1,Midnight
Other impacts,1982:06:SP:F8912,0,0,600,11000,1,1,0,JEFFERSON,17:20,1982,1982,"H021,","SP,",7,"H0,","H,",YARD,Texas,31.827233,-99.423022,17,Evening
Derailments,1982:09:SP:X8952,0,0,4100,1500,0,0,0,NACOGDOCHES,21:30,1982,1982,"H503,","SP,",1,"H5,","H,",YARD,Texas,31.827233,-99.423022,21,Evening
Other impacts,1982:10:LA:331571,0,0,0,25000,0,0,0,CASS,21:40,1982,1983,"H020,","LA,",61,"H0,","H,",YARD,Texas,31.827233,-99.423022,21,Evening
Derailments,1982:08:SP:U7982,0,0,10000,0,1,0,0,TERRELL,21:05,1982,1982,"H206,","SP,",1,"H2,","H,",SIDING,Texas,31.827233,-99.423022,21,Evening
Derailments,1982:08:SP:X7642,0,0,4750,0,0,0,0,HARRIS,3:00,1982,1982,"H312,","SP,",7,"H3,","H,",YARD,Texas,31.827233,-99.423022,3,Midnight
Derailments,1982:08:SP:X6102,0,0,17000,28450,0,0,0,HARRIS,22:00,1982,1982,"M405,","SP,",1,"M4,","M,",MAIN,Texas,31.827233,-99.423022,22,Evening
Derailments,1982:09:SP:X9602,0,0,300,30000,0,0,0,HARRIS,19:15,1982,1982,"H020,","SP,",7,"H0,","H,",INDUSTRY,Texas,31.827233,-99.423022,19,Evening
Derailments,1982:09:SP:G3522,0,0,300,26000,0,0,0,LIBERTY,17:45,1982,1982,"T314,E64C,","SP,",7,"T3,E6,","T,E,",YARD,Texas,31.827233,-99.423022,17,Evening
Derailments,1982:09:LA:315346,0,0,13001,4850,0,0,0,HUNT,23:40,1982,1982,"H703,T311,","LA,MKT,",1,"H7,T3,","H,T,",MAIN,Texas,31.827233,-99.423022,23,Evening
Highway-rail impact,1982:10:SP:Y1412,0,0,5000,0,0,0,0,FORT BEND,18:00,1982,1983,"M399,","SP,",1,"M3,","M,",MAIN,Texas,31.827233,-99.423022,18,Evening
Derailments,1982:10:SSW:K8302,0,0,5000,10200,0,0,0,HENDERSON,18:00,1982,1983,"T110,","SSW,",1,"T1,","T,",YARD,Texas,31.827233,-99.423022,18,Evening
Derailments,1982:10:PTRA:OCT011982,0,0,14700,64500,0,0,0,HARRIS,17:45,1982,1983,"T202,","PTRA,",7,"T2,","T,",YARD,Texas,31.827233,-99.423022,17,Evening
Derailments,1982:10:SP:Y0572,0,0,250,4550,0,0,0,HARRIS,1:00,1982,1983,"H312,","SP,",7,"H3,","H,",YARD,Texas,31.827233,-99.423022,1,Midnight
Derailments,1982:09:SSW:K7282,0,0,3500,24400,0,0,0,UPSHUR,1:45,1982,1982,"T110,","SSW,",1,"T1,","T,",SIDING,Texas,31.827233,-99.423022,1,Midnight
Derailments,1982:08:HBT:AX1I82,0,0,800,5800,0,0,0,HARRIS,24:15:00,1982,1982,"T110,","HBT,",7,"T1,","T,",YARD,Texas,31.827233,-99.423022,24,Midnight
Derailments,1982:11:ATSF:231182101,0,0,1650,5500,0,0,0,PANOLA,20:25,1982,1983,"T110,","ATSF,",1,"T1,","T,",MAIN,Texas,31.827233,-99.423022,20,Evening
Derailments,1982:08:SSW:K6942,0,0,15000,0,0,0,0,HUNT,1:05,1982,1982,"T101,E40C,","SSW,",1,"T1,E4,","T,E,",MAIN,Texas,31.827233,-99.423022,1,Midnight
Derailments,1982:10:ATSF:201082101,0,0,64500,245300,0,0,0,PARMER,2:30,1982,1983,"E46C,","ATSF,",1,"E4,","E,",MAIN,Texas,31.827233,-99.423022,2,Midnight
Derailments,1982:09:SP:S6462,0,0,43679,160100,0,0,0,EL PASO,22:55,1982,1982,"T099,H505,","SP,",1,"T0,H5,","T,H,",YARD,Texas,31.827233,-99.423022,22,Evening
Other impacts,1982:12:SP:G7632,0,1,6500,6500,0,0,0,CHAMBERS,4:15,1982,1983,"H018,","SP,",7,"H0,","H,",YARD,Texas,31.827233,-99.423022,4,Midnight
Side collision,1982:10:SP:Y1102,0,0,200,8000,0,0,0,HARRIS,17:05,1982,1983,"H401,","SP,",18,"H4,","H,",YARD,Texas,31.827233,-99.423022,17,Evening
Derailments,1982:10:ATSF:201082105,0,0,300,27000,0,0,0,POTTER,17:45,1982,1983,"T101,T110,","ATSF,BN,",7,"T1,","T,",YARD,Texas,31.827233,-99.423022,17,Evening
Derailments,1982:10:ATSF:221082102,0,0,6000,5450,0,0,0,DALLAS,21:40,1982,1983,"T102,","ATSF,",1,"T1,","T,",MAIN,Texas,31.827233,-99.423022,21,Evening
Other impacts,1982:09:SP:U9132,0,0,7000,0,0,0,0,BEXAR,22:25,1982,1982,"H020,","SP,",5,"H0,","H,",YARD,Texas,31.827233,-99.423022,22,Evening
Derailments,1982:10:MKT:AX58S,0,0,10500,132000,0,0,0,HILL,21:45,1982,1983,"H018,","MKT,",6,"H0,","H,",SIDING,Texas,31.827233,-99.423022,21,Evening
Derailments,1982:10:MP:82196,0,0,2500,3600,0,0,0,SMITH,20:55,1982,1983,"T110,","MP,",1,"T1,","T,",MAIN,Texas,31.827233,-99.423022,20,Evening
Side collision,1982:10:ATSF:201082102,0,0,1500,36150,0,0,0,POTTER,1:10,1982,1983,"H306,","ATSF,",71,"H3,","H,",YARD,Texas,31.827233,-99.423022,1,Midnight
Derailments,1982:10:SP:G4162,0,0,4784,0,0,0,0,CHAMBERS,1:00,1982,1983,"H306,","SP,",7,"H3,","H,",INDUSTRY,Texas,31.827233,-99.423022,1,Midnight
Other impacts,1982:09:PTRA:SEPT021982,0,0,200,6700,0,0,0,HARRIS,2:30,1982,1982,"H018,","PTRA,",7,"H0,","H,",INDUSTRY,Texas,31.827233,-99.423022,2,Midnight
Derailments,1982:10:LA:326830,0,0,3500,2600,0,0,0,MORRIS,24:45:00,1982,1983,"E34C,","LA,",1,"E3,","E,",MAIN,Texas,31.827233,-99.423022,24,Midnight
Derailments,1982:10:SSW:K8292,0,0,6000,0,0,0,0,DALLAS,4:45,1982,1983,"M405,","SSW,",1,"M4,","M,",MAIN,Texas,31.827233,-99.423022,4,Midnight
Derailments,1982:09:BN:FW308,0,0,25000,340300,0,0,0,DONLEY,1:00,1982,1982,"E53C,","BN,",1,"E5,","E,",MAIN,Texas,31.827233,-99.423022,1,Midnight
Derailments,1982:08:SP:U8012,0,0,64800,41800,0,0,0,UVALDE,2:30,1982,1982,"E99C,","SP,",1,"E9,","E,",MAIN,Texas,31.827233,-99.423022,2,Midnight
Highway-rail impact,1982:10:ATSF:201082103,0,0,5164,2300,0,0,0,RANDALL,24:50:00,1982,1983,"M399,","ATSF,",1,"M3,","M,",MAIN,Texas,31.827233,-99.423022,24,Midnight
Derailments,1982:09:BN:FW299,0,0,2500,17400,0,0,0,TARRANT,23:45,1982,1982,"T101,","BN,",7,"T1,","T,",MAIN,Texas,31.827233,-99.423022,23,Evening
Other impacts,1982:10:SP:S7722,0,0,300,12000,0,0,0,EL PASO,19:30,1982,1983,"H602,","SP,",7,"H6,","H,",YARD,Texas,31.827233,-99.423022,19,Evening
Derailments,1982:09:SSW:K7262,0,0,46800,268675,0,0,0,CAMP,3:55,1982,1982,"H503,","SSW,",1,"H5,","H,",MAIN,Texas,31.827233,-99.423022,3,Midnight
Derailments,1982:10:SP:Y1072,0,0,15000,34800,0,0,0,BEE,2:15,1982,1983,"E46C,","SP,",1,"E4,","E,",MAIN,Texas,31.827233,-99.423022,2,Midnight
Derailments,1982:08:MP:82160,0,0,0,13000,0,0,0,ECTOR,20:00,1982,1982,"H505,","MP,",7,"H5,","H,",INDUSTRY,Texas,31.827233,-99.423022,20,Evening
Derailments,1982:10:MKT:AX54S,0,0,4250,4000,0,0,0,DALLAS,4:30,1982,1983,"T101,","MKT,",7,"T1,","T,",INDUSTRY,Texas,31.827233,-99.423022,4,Midnight
Derailments,1982:10:KCS:330780,0,0,1500,2000,0,0,0,BOWIE,17:05,1982,1983,"E64C,","KCS,",5,"E6,","E,",YARD,Texas,31.827233,-99.423022,17,Evening
Derailments,1982:08:SP:X7112,0,0,2000,7000,0,0,0,HARRIS,17:30,1982,1982,"T101,","SP,",7,"T1,","T,",YARD,Texas,31.827233,-99.423022,17,Evening
Derailments,1982:09:MP:82172,0,0,100,6000,0,0,0,TARRANT,21:30,1982,1982,"H601,","MP,",7,"H6,","H,",YARD,Texas,31.827233,-99.423022,21,Evening
Derailments,1982:10:SP:G4882,0,0,10200,15500,2,2,0,JEFFERSON,3:05,1982,1983,"T102,","SP,",1,"T1,","T,",INDUSTRY,Texas,31.827233,-99.423022,3,Midnight
Derailments,1982:09:MP:82169,0,0,12000,145100,5,0,0,PARKER,24:30:00,1982,1982,"T215,","MP,",1,"T2,","T,",MAIN,Texas,31.827233,-99.423022,24,Midnight
Broken train collision,1982:08:LA:335958,0,0,0,27793,0,0,0,HOPKINS,17:45,1982,1982,"E39C,","LA,",1,"E3,","E,",MAIN,Texas,31.827233,-99.423022,17,Evening
Derailments,1982:11:SP:V0662,0,0,7000,6000,0,0,0,DALLAS,20:20,1982,1983,"H704,","SP,",7,"H7,","H,",YARD,Texas,31.827233,-99.423022,20,Evening
Highway-rail impact,1982:09:SP:G3472,1,0,0,20000,0,0,0,JEFFERSON,19:50,1982,1982,"M399,","ATK,SP,",22,"M3,","M,",MAIN,Texas,31.827233,-99.423022,19,Evening
Side collision,1983:01:LA:328789,0,0,1000,7695,0,0,0,HUNT,1:50,1983,1983,"H306,","LA,MKT,",11,"H3,","H,",YARD,Texas,31.827233,-99.423022,1,Midnight
Derailments,1982:11:MP:82205,0,0,15000,146800,0,0,0,LEON,19:30,1982,1983,"T207,","MP,",1,"T2,","T,",MAIN,Texas,31.827233,-99.423022,19,Evening
Fire/violent rupture,1982:11:MKT:039,0,0,0,5000,0,0,0,HARRIS,21:00,1982,1983,"M406,","MKT,",6,"M4,","M,",YARD,Texas,31.827233,-99.423022,21,Evening
Side collision,1983:01:ATSF:220183101,0,0,700,68900,0,0,0,MILAM,22:15,1983,1983,"H306,","ATSF,",67,"H3,","H,",YARD,Texas,31.827233,-99.423022,22,Evening
Fire/violent rupture,1983:02:ATSF:200283102,0,0,0,6000,0,0,0,DEAF SMITH,1:55,1983,1983,"E08C,","ATSF,",1,"E0,","E,",MAIN,Texas,31.827233,-99.423022,1,Midnight
Derailments,1982:11:SP:Y2402,0,0,800,3650,0,0,0,HARRIS,4:10,1982,1983,"T113,","SP,",1,"T1,","T,",YARD,Texas,31.827233,-99.423022,4,Midnight
Other impacts,1982:11:KCS:335685,0,0,75000,0,0,0,0,JEFFERSON,24:15:00,1982,1983,"M599,","ATSF,KCS,",7,"M5,","M,",MAIN,Texas,31.827233,-99.423022,24,Midnight
Other impacts,1983:01:KCS:335901,0,0,2500,5500,0,0,0,JEFFERSON,17:45,1983,1983,"M504,","KCS,",7,"M5,","M,",YARD,Texas,31.827233,-99.423022,17,Evening
Raking collision,1983:01:ATSF:230183104,0,0,0,20100,0,0,0,JASPER,22:50,1983,1983,"T101,","ATSF,",76,"T1,","T,",MAIN,Texas,31.827233,-99.423022,22,Evening
Derailments,1983:01:SRN:831,0,0,0,8000,0,0,0,JASPER,17:00,1983,1983,"E24C,","SRN,",1,"E2,","E,",MAIN,Texas,31.827233,-99.423022,17,Evening
Derailments,1983:01:SP:W0453,0,0,17000,0,0,0,0,HARRIS,21:45,1983,1983,"T307,","SP,",5,"T3,","T,",YARD,Texas,31.827233,-99.423022,21,Evening
Side collision,1982:12:MKT:AX65S,0,0,400,5000,0,0,0,TARRANT,3:45,1982,1983,"H999,","MKT,",8,"H9,","H,",YARD,Texas,31.827233,-99.423022,3,Midnight
Other impacts,1983:02:KCS:335787,0,0,0,5300,0,0,0,JEFFERSON,19:30,1983,1983,"H999,","KCS,",67,"H9,","H,",YARD,Texas,31.827233,-99.423022,19,Evening