AccidentType,inckey,Fatalities,Injuries,TrackDamage,EquipmentDamage,HazmatCars,HazmatCarsDerailed,HazmatCarsReleasing,County,DisplayTime,calendar,Fiscal,AccidentCause,RailroadCodes,RAILEQUIPMENT_TYPE,CauseGroup,CauseDiscipline,TYPE_OF_TRACK,StateName,latitude,longitude,hour,cat
Derailments,1983:02:PTRA:FEB0183,0,0,0,10900,0,0,0,HARRIS,18:15,1983,1983,"T314,","PTRA,",7,"T3,","T,",YARD,Texas,31.827233,-99.423022,18,Evening
Derailments,1983:01:BN:FW28,0,0,1500,9630,0,0,0,GRIMES,3:30,1983,1983,"T101,M405,","BN,",1,"T1,M4,","T,M,",MAIN,Texas,31.827233,-99.423022,3,Midnight
Raking collision,1982:12:MKT:AX68S,0,0,80300,24500,0,0,0,BELL,21:00,1982,1983,"H999,M201,","MKT,MP,",61,"H9,M2,","H,M,",YARD,Texas,31.827233,-99.423022,21,Evening
Derailments,1982:12:ATSF:201282102,0,0,4000,72900,0,0,0,HOCKLEY,4:50,1982,1983,"T215,","ATSF,",1,"T2,","T,",MAIN,Texas,31.827233,-99.423022,4,Midnight
Derailments,1983:01:SP:U0043,0,0,30000,46000,0,0,0,GRAYSON,19:40,1983,1983,"H505,","BN,SP,",1,"H5,","H,",MAIN,Texas,31.827233,-99.423022,19,Evening
Derailments,1982:11:SP:V0682,0,0,16000,2200,0,0,0,TERRELL,21:50,1982,1983,"E52C,","SP,",1,"E5,","E,",MAIN,Texas,31.827233,-99.423022,21,Evening
Derailments,1982:12:SP:Y3682,0,0,3600,10400,2,1,0,HARRIS,20:40,1982,1983,"E31C,","SP,",1,"E3,","E,",INDUSTRY,Texas,31.827233,-99.423022,20,Evening
Derailments,1983:01:BN:FW15,0,0,80,22000,0,0,0,FREESTONE,22:30,1983,1983,"E32C,","BN,",1,"E3,","E,",MAIN,Texas,31.827233,-99.423022,22,Evening
Derailments,1983:01:KCS:335906,0,0,1000,3501,0,0,0,JEFFERSON,17:15,1983,1983,"H306,H301,","KCS,MP,",7,"H3,","H,",YARD,Texas,31.827233,-99.423022,17,Evening
Derailments,1983:01:KCS:336628,0,0,16000,410000,6,1,0,BOWIE,22:25,1983,1983,"T204,","KCS,",1,"T2,","T,",MAIN,Texas,31.827233,-99.423022,22,Evening
Derailments,1982:11:SP:V0822,0,0,4500,0,0,0,0,BEXAR,3:54,1982,1983,"T110,E46C,T001,","ATK,SP,",2,"T1,E4,T0,","T,E,T,",YARD,Texas,31.827233,-99.423022,3,Midnight
Derailments,1983:02:BN:FW42,0,0,10000,70000,1,1,0,TARRANT,4:10,1983,1983,"T101,","BN,",1,"T1,","T,",SIDING,Texas,31.827233,-99.423022,4,Midnight
Derailments,1982:12:SP:V1612,0,0,382400,222300,12,10,3,HUDSPETH,21:25,1982,1983,"T220,T204,","MP,SP,",1,"T2,","T,",MAIN,Texas,31.827233,-99.423022,21,Evening
Side collision,1982:12:ATSF:201282101,0,0,375,8550,0,0,0,HUTCHINSON,3:30,1982,1983,"H020,","ATSF,",76,"H0,","H,",YARD,Texas,31.827233,-99.423022,3,Midnight
Other impacts,1982:10:BN:FW336,0,0,500,17600,0,0,0,TARRANT,2:00,1982,1983,"H021,","BN,",7,"H0,","H,",YARD,Texas,31.827233,-99.423022,2,Midnight
Raking collision,1983:02:HBT:AX1B83,0,0,1000,14750,1,1,1,HARRIS,1:50,1983,1983,"H306,","HBT,",67,"H3,","H,",YARD,Texas,31.827233,-99.423022,1,Midnight
Derailments,1983:02:ATSF:220283101,0,0,9850,1250,0,0,0,DALLAS,18:00,1983,1983,"T217,T101,","ATSF,SP,",7,"T2,T1,","T,",YARD,Texas,31.827233,-99.423022,18,Evening
Derailments,1983:02:GWF:3074,0,0,7689,0,0,0,0,GALVESTON,1:25,1983,1983,"T220,","GHH,GWF,",7,"T2,","T,",YARD,Texas,31.827233,-99.423022,1,Midnight
Derailments,1983:01:SP:W0233,0,0,5000,0,0,0,0,HARRIS,22:40,1983,1983,"H701,","SP,",1,"H7,","H,",MAIN,Texas,31.827233,-99.423022,22,Evening
Derailments,1983:01:BN:FW3,0,0,3000,2500,0,0,0,DALLAM,21:30,1983,1983,"H702,","BN,",1,"H7,","H,",MAIN,Texas,31.827233,-99.423022,21,Evening
Derailments,1983:01:MP:83023,0,0,500,8500,6,0,0,GREGG,1:30,1983,1983,"M404,","MP,",61,"M4,","M,",YARD,Texas,31.827233,-99.423022,1,Midnight
Derailments,1983:01:SP:S0423,0,0,0,21000,0,0,0,EL PASO,24:55:00,1983,1983,"T099,","SP,",7,"T0,","T,",YARD,Texas,31.827233,-99.423022,24,Midnight
Derailments,1983:02:BN:FW46,0,2,3700,36732,0,0,0,CASTRO,21:50,1983,1983,"T202,","BN,",1,"T2,","T,",MAIN,Texas,31.827233,-99.423022,21,Evening
Derailments,1983:01:ATSF:230183101,0,0,4100,1800,0,0,0,JEFFERSON,20:30,1983,1983,"H503,","ATSF,MP,",1,"H5,","H,",YARD,Texas,31.827233,-99.423022,20,Evening
Derailments,1983:01:MKT:AX2S,0,0,70900,11150,0,0,0,TARRANT,18:30,1983,1983,"H503,T110,T222,","MKT,MP,",51,"H5,T1,T2,","H,T,",YARD,Texas,31.827233,-99.423022,18,Evening
Derailments,1983:01:ATSF:83025,0,0,20200,0,0,0,0,JEFFERSON,18:35,1983,1983,"H503,","MP,",NA,"H5,","H,",YARD,Texas,31.827233,-99.423022,18,Evening
Derailments,1983:01:SP:W0243,0,0,17000,75,0,0,0,HARRIS,22:20,1983,1983,"H505,","SP,",7,"H5,","H,",YARD,Texas,31.827233,-99.423022,22,Evening
Other impacts,1982:11:MKT:AX63S,0,0,0,7500,0,0,0,TARRANT,17:15,1982,1983,"H302,","MKT,",75,"H3,","H,",YARD,Texas,31.827233,-99.423022,17,Evening
Derailments,1983:01:SP:S0213,0,0,2500,4200,0,0,0,EL PASO,4:50,1983,1983,"T108,","SP,",1,"T1,","T,",YARD,Texas,31.827233,-99.423022,4,Midnight
Derailments,1982:11:SP:Y2152,0,0,6000,125,0,0,0,HARRIS,24:56:00,1982,1983,"T314,","SP,",1,"T3,","T,",YARD,Texas,31.827233,-99.423022,24,Midnight
Highway-rail impact,1983:02:ATSF:230283103,0,2,2700,3860,0,0,0,JOHNSON,20:50,1983,1983,"M399,","ATSF,",1,"M3,","M,",MAIN,Texas,31.827233,-99.423022,20,Evening
Derailments,1982:11:SP:V0732,0,0,4500,38500,0,0,0,VAL VERDE,19:15,1982,1983,"E02C,","SP,",1,"E0,","E,",MAIN,Texas,31.827233,-99.423022,19,Evening
Derailments,1982:12:SP:Y3172,0,0,18000,120000,0,0,0,BRAZOS,18:20,1982,1983,"E40C,","SP,",1,"E4,","E,",MAIN,Texas,31.827233,-99.423022,18,Evening
Derailments,1982:12:MP:82227,0,0,938,9000,0,0,0,BOWIE,20:40,1982,1983,"E00C,","MP,SSW,",1,"E0,","E,",MAIN,Texas,31.827233,-99.423022,20,Evening
Side collision,1982:12:HBT:AX1L82,0,0,600,5500,0,0,0,HARRIS,21:05,1982,1983,"H018,","HBT,",67,"H0,","H,",YARD,Texas,31.827233,-99.423022,21,Evening
Derailments,1983:02:ATSF:200283101,0,0,3000,22500,0,0,0,PRESIDIO,24:45:00,1983,1983,"M599,","ATSF,",1,"M5,","M,",MAIN,Texas,31.827233,-99.423022,24,Midnight
Head on collision,1983:01:MP:83019,0,0,100,4500,0,0,0,HARRIS,19:45,1983,1983,"H401,","MP,",67,"H4,","H,",INDUSTRY,Texas,31.827233,-99.423022,19,Evening
Derailments,1983:02:MKT:AX7S,0,0,2200,12200,0,0,0,TARRANT,1:05,1983,1983,"T214,","MKT,",1,"T2,","T,",YARD,Texas,31.827233,-99.423022,1,Midnight
Derailments,1982:12:ATSF:231282102,0,0,46000,194800,0,0,0,GRIMES,2:35,1982,1983,"E43C,E40C,","ATSF,SP,",1,"E4,","E,",MAIN,Texas,31.827233,-99.423022,2,Midnight
Derailments,1983:01:BN:FW9,0,0,0,7500,0,0,0,TARRANT,3:30,1983,1983,"T101,M405,","BN,",7,"T1,M4,","T,M,",MAIN,Texas,31.827233,-99.423022,3,Midnight
Derailments,1982:12:SP:Y3362,0,0,2000,11000,0,0,0,HARRIS,2:30,1982,1983,"T110,","SP,",7,"T1,","T,",YARD,Texas,31.827233,-99.423022,2,Midnight
Derailments,1982:11:SP:Y2322,0,0,6000,4300,0,0,0,COLORADO,1:35,1982,1983,"T110,T001,","SP,",1,"T1,T0,","T,",YARD,Texas,31.827233,-99.423022,1,Midnight
Derailments,1983:02:BN:FW55,0,0,600,26500,0,0,0,TARRANT,22:30,1983,1983,"T110,","BN,",7,"T1,","T,",YARD,Texas,31.827233,-99.423022,22,Evening
Other impacts,1982:12:MKT:AX66S,0,0,0,5500,0,0,0,GRAYSON,1:15,1982,1983,"E08C,","MKT,",7,"E0,","E,",YARD,Texas,31.827233,-99.423022,1,Midnight
Derailments,1982:11:SP:Y2522,0,0,75000,1860,0,0,0,HARRIS,24:36:00,1982,1983,"T308,","SP,",1,"T3,","T,",MAIN,Texas,31.827233,-99.423022,24,Midnight
Derailments,1983:01:SP:W0443,0,0,3650,29600,0,0,0,VICTORIA,18:10,1983,1983,"H505,","SP,",1,"H5,","H,",YARD,Texas,31.827233,-99.423022,18,Evening
Side collision,1982:11:MP:82204,0,0,400,9100,0,0,0,BOWIE,1:00,1982,1983,"H306,","MP,",67,"H3,","H,",YARD,Texas,31.827233,-99.423022,1,Midnight
Derailments,1983:04:ATSF:200483101,0,0,21000,73774,6,0,0,BREWSTER,18:45,1983,1983,"T109,","ATSF,",1,"T1,","T,",MAIN,Texas,31.827233,-99.423022,18,Evening
Derailments,1983:05:BN:FW202,0,0,2500,4000,0,0,0,HARDEMAN,21:15,1983,1983,"T113,","BN,",8,"T1,","T,",YARD,Texas,31.827233,-99.423022,21,Evening
Derailments,1983:03:SP:W3413,0,0,3500,44000,0,0,0,GALVESTON,3:50,1983,1983,"H602,T199,","SP,TCT,",7,"H6,T1,","H,T,",SIDING,Texas,31.827233,-99.423022,3,Midnight
Derailments,1983:04:MP:83093,0,0,8700,182000,42,8,2,TRINITY,1:10,1983,1983,"T215,","MP,",1,"T2,","T,",MAIN,Texas,31.827233,-99.423022,1,Midnight
Derailments,1983:02:OKT:AX10OK,0,0,16400,100800,0,0,0,DALLAS,24:30:00,1983,1983,"T202,M201,","BN,OKT,",1,"T2,M2,","T,M,",MAIN,Texas,31.827233,-99.423022,24,Midnight
Derailments,1983:04:ATSF:230483101,0,0,9500,11000,0,0,0,HARDIN,4:10,1983,1983,"T102,T222,","ATSF,",1,"T1,T2,","T,",MAIN,Texas,31.827233,-99.423022,4,Midnight
Derailments,1983:02:SP:S1253,0,0,4840,0,0,0,0,EL PASO,21:30,1983,1983,"E31C,","SP,",7,"E3,","E,",YARD,Texas,31.827233,-99.423022,21,Evening
Derailments,1983:02:SP:W2083,0,0,1000,3550,0,0,0,POLK,17:50,1983,1983,"E64L,T311,","SP,",1,"E6,T3,","E,T,",SIDING,Texas,31.827233,-99.423022,17,Evening
Fire/violent rupture,1983:05:BN:FW180,0,0,0,10000,0,0,0,POTTER,18:00,1983,1983,"E73L,","BN,",1,"E7,","E,",MAIN,Texas,31.827233,-99.423022,18,Evening
Head on collision,1983:03:SP:U2103,0,0,200,14000,0,0,0,FAYETTE,23:20,1983,1983,"E0HC,","SP,",51,"E0,","E,",MAIN,Texas,31.827233,-99.423022,23,Evening
Derailments,1983:01:MP:83010,0,0,18300,9200,0,0,0,GREGG,18:45,1983,1983,"H602,","MP,",1,"H6,","H,",YARD,Texas,31.827233,-99.423022,18,Evening
Derailments,1983:02:OKT:AX4OK,0,0,17500,4500,2,0,0,TARRANT,4:25,1983,1983,"T110,","BN,OKT,",1,"T1,","T,",SIDING,Texas,31.827233,-99.423022,4,Midnight
Derailments,1983:04:HBT:AX2D83,0,0,0,7500,0,0,0,HARRIS,4:15,1983,1983,"T314,","HBT,",7,"T3,","T,",SIDING,Texas,31.827233,-99.423022,4,Midnight
Derailments,1983:05:MKT:AX17S,0,0,480,8000,0,0,0,DALLAS,1:45,1983,1983,"T101,","MKT,",7,"T1,","T,",INDUSTRY,Texas,31.827233,-99.423022,1,Midnight
Derailments,1983:05:KCS:336661,0,0,2500,4400,8,0,0,BOWIE,18:35,1983,1983,"T101,","KCS,",1,"T1,","T,",SIDING,Texas,31.827233,-99.423022,18,Evening
Derailments,1983:04:ATSF:230483102,0,0,1250,10350,0,0,0,HARDIN,22:45,1983,1983,"T211,","ATSF,",7,"T2,","T,",YARD,Texas,31.827233,-99.423022,22,Evening
Derailments,1983:03:PTRA:MAR0183,0,0,1200,3700,0,0,0,HARRIS,4:00,1983,1983,"E46C,","PTRA,",7,"E4,","E,",MAIN,Texas,31.827233,-99.423022,4,Midnight
Derailments,1983:04:MP:83096,0,0,867,26000,0,0,0,ORANGE,17:25,1983,1983,"E64C,","MP,",1,"E6,","E,",YARD,Texas,31.827233,-99.423022,17,Evening
Derailments,1983:02:SSW:M0553,0,0,4000,18500,0,0,0,DALLAS,21:15,1983,1983,"H702,","SSW,",7,"H7,","H,",YARD,Texas,31.827233,-99.423022,21,Evening
Derailments,1983:04:MKT:XA13S,0,0,8900,78800,0,0,0,BASTROP,1:50,1983,1983,"T202,","MKT,",1,"T2,","T,",MAIN,Texas,31.827233,-99.423022,1,Midnight
Raking collision,1983:04:HBT:AX1D83,0,0,0,7900,0,0,0,HARRIS,1:40,1983,1983,"H301,","HBT,",76,"H3,","H,",YARD,Texas,31.827233,-99.423022,1,Midnight
Derailments,1983:05:SP:U3503,0,0,12000,3500,0,0,0,LIMESTONE,21:15,1983,1983,"E53C,","SP,",1,"E5,","E,",MAIN,Texas,31.827233,-99.423022,21,Evening
Derailments,1983:04:SP:W4763,0,0,7000,17000,0,0,0,NUECES,3:40,1983,1983,"T219,","SP,",61,"T2,","T,",MAIN,Texas,31.827233,-99.423022,3,Midnight
Derailments,1983:03:BN:TU81,0,0,3500,31250,0,0,0,DALLAS,19:45,1983,1983,"T210,","BN,",1,"T2,","T,",MAIN,Texas,31.827233,-99.423022,19,Evening
Derailments,1983:02:SP:W1413,0,0,27000,4400,0,0,0,HARRIS,24:50:00,1983,1983,"T201,","SP,",1,"T2,","T,",YARD,Texas,31.827233,-99.423022,24,Midnight
Other impacts,1983:03:SP:F2093,0,0,0,19000,0,0,0,JEFFERSON,23:15,1983,1983,"H313,","SP,",7,"H3,","H,",YARD,Texas,31.827233,-99.423022,23,Evening
Raking collision,1983:05:ATSF:220583101,0,0,350,13250,0,0,0,BROWN,17:00,1983,1983,"H306,","ATSF,",7,"H3,","H,",YARD,Texas,31.827233,-99.423022,17,Evening
Derailments,1983:04:SP:U2793,0,0,7000,0,0,0,0,NAVARRO,24:30:00,1983,1983,"T110,","SP,SSW,",1,"T1,","T,",YARD,Texas,31.827233,-99.423022,24,Midnight
Derailments,1983:04:PTRA:APR0283,0,0,106200,1600,0,0,0,HARRIS,4:15,1983,1983,"H699,H603,","PTRA,SP,",7,"H6,","H,",YARD,Texas,31.827233,-99.423022,4,Midnight
Derailments,1983:01:SP:F0253,0,0,5000,1200,0,0,0,JEFFERSON,4:30,1983,1983,"T299,","SP,",1,"T2,","T,",YARD,Texas,31.827233,-99.423022,4,Midnight
Derailments,1983:03:SSW:K1513,0,0,6700,225,0,0,0,SMITH,2:30,1983,1983,"T110,","SSW,",7,"T1,","T,",YARD,Texas,31.827233,-99.423022,2,Midnight
Derailments,1983:03:SP:W2603,0,0,4500,8900,0,0,0,HARRIS,2:05,1983,1983,"H503,","SP,",7,"H5,","H,",YARD,Texas,31.827233,-99.423022,2,Midnight
Derailments,1983:03:SSW:K1303,0,0,17000,36000,0,0,0,HUNT,4:15,1983,1983,"H503,","SSW,",1,"H5,","H,",MAIN,Texas,31.827233,-99.423022,4,Midnight
Derailments,1983:02:SP:U0793,0,0,7920,38150,0,0,0,TRAVIS,2:18,1983,1983,"E46C,","SP,",1,"E4,","E,",MAIN,Texas,31.827233,-99.423022,2,Midnight
Derailments,1983:07:ATSF:220783101,0,0,23050,29450,1,0,0,JOHNSON,1:00,1983,1983,"H604,T102,","ATSF,",1,"H6,T1,","H,T,",MAIN,Texas,31.827233,-99.423022,1,Midnight
Derailments,1983:04:ATSF:220483101,0,0,8000,80650,0,0,0,TOM GREEN,17:35,1983,1983,"T102,","ATSF,",1,"T1,","T,",MAIN,Texas,31.827233,-99.423022,17,Evening
Derailments,1983:03:BN:FW99,0,0,7500,0,0,0,0,TARRANT,18:00,1983,1983,"T222,T113,","BN,SP,",1,"T2,T1,","T,",YARD,Texas,31.827233,-99.423022,18,Evening
Derailments,1983:02:SP:W1393,0,0,3500,18700,0,0,0,HARRIS,20:10,1983,1983,"T201,","SP,",7,"T2,","T,",YARD,Texas,31.827233,-99.423022,20,Evening
Derailments,1983:03:SSW:K1213,0,0,4800,24500,0,0,0,BOWIE,20:35,1983,1983,"T314,","SSW,",1,"T3,","T,",YARD,Texas,31.827233,-99.423022,20,Evening
Derailments,1983:04:SP:F2913,0,0,75500,0,0,0,0,JEFFERSON,1:25,1983,1983,"T106,","SP,",1,"T1,","T,",MAIN,Texas,31.827233,-99.423022,1,Midnight
Derailments,1983:06:ATSF:220683101,0,0,0,18000,0,0,0,BROWN,18:00,1983,1983,"M199,","ATSF,",6,"M1,","M,",YARD,Texas,31.827233,-99.423022,18,Evening
Derailments,1983:02:SP:W1463,0,0,17000,7500,1,1,0,HARRIS,23:50,1983,1983,"T202,","SP,",7,"T2,","T,",YARD,Texas,31.827233,-99.423022,23,Evening
Derailments,1983:04:SP:F3243,0,0,2000,3500,0,0,0,JEFFERSON,4:10,1983,1983,"T108,","SP,",7,"T1,","T,",YARD,Texas,31.827233,-99.423022,4,Midnight
Derailments,1983:03:MP:83045,0,0,1500,16500,2,2,1,MCLENNAN,2:20,1983,1983,"E64C,","MP,",1,"E6,","E,",SIDING,Texas,31.827233,-99.423022,2,Midnight
Other impacts,1983:03:SP:F2403,0,0,0,12000,0,0,0,JEFFERSON,19:10,1983,1983,"H302,","SP,",7,"H3,","H,",YARD,Texas,31.827233,-99.423022,19,Evening
Derailments,1983:07:HBT:AX2G83,0,0,10000,11475,7,0,0,HARRIS,18:45,1983,1983,"H505,","HBT,",7,"H5,","H,",YARD,Texas,31.827233,-99.423022,18,Evening
Derailments,1983:07:SP:W8383,0,0,21500,15000,0,0,0,HARRIS,19:00,1983,1983,"T314,","SP,",7,"T3,","T,",YARD,Texas,31.827233,-99.423022,19,Evening
Derailments,1983:07:SP:U5013,0,0,82000,800,0,0,0,NAVARRO,17:40,1983,1983,"T101,","SP,",1,"T1,","T,",YARD,Texas,31.827233,-99.423022,17,Evening
Other impacts,1983:07:SP:W9303,0,0,4500,19550,0,0,0,HARRIS,17:30,1983,1983,"T111,","SP,",1,"T1,","T,",YARD,Texas,31.827233,-99.423022,17,Evening
Derailments,1983:06:SSW:K3253,0,0,5000,22125,0,0,0,NAVARRO,18:15,1983,1983,"T101,","SSW,",1,"T1,","T,",MAIN,Texas,31.827233,-99.423022,18,Evening
Derailments,1983:07:SP:W8453,0,0,6500,5000,0,0,0,COLORADO,17:35,1983,1983,"T314,","SP,",7,"T3,","T,",YARD,Texas,31.827233,-99.423022,17,Evening
Derailments,1983:04:SP:W4133,0,0,5000,4600,0,0,0,HARRIS,18:40,1983,1983,"T102,H503,","HBT,SP,",7,"T1,H5,","T,H,",YARD,Texas,31.827233,-99.423022,18,Evening
Raking collision,1983:06:ATSF:220683104,0,0,15000,22475,0,0,0,BROWN,19:40,1983,1983,"H306,","ATSF,",76,"H3,","H,",YARD,Texas,31.827233,-99.423022,19,Evening
Derailments,1983:08:ATSF:220883105,0,0,10500,300,0,0,0,DALLAS,21:20,1983,1983,"H503,T101,","ATSF,LA,",1,"H5,T1,","H,T,",YARD,Texas,31.827233,-99.423022,21,Evening
Raking collision,1983:07:ATSF:220783102,0,0,1250,15500,0,0,0,TARRANT,2:30,1983,1983,"H306,","ATSF,",76,"H3,","H,",YARD,Texas,31.827233,-99.423022,2,Midnight
Obstruction impact,1983:07:MP:83119,0,0,0,51455,0,0,0,HARRISON,24:40:00,1983,1983,"H999,","MP,",15,"H9,","H,",MAIN,Texas,31.827233,-99.423022,24,Midnight
Derailments,1983:05:SP:W5823,0,0,15800,0,0,0,0,CAMERON,1:55,1983,1983,"T001,","SP,",1,"T0,","T,",MAIN,Texas,31.827233,-99.423022,1,Midnight
Derailments,1983:07:BN:FW305,0,0,5000,40920,0,0,0,TARRANT,22:30,1983,1983,"M203,T101,","BN,MKT,",7,"M2,T1,","M,T,",MAIN,Texas,31.827233,-99.423022,22,Evening
Side collision,1983:06:SP:W7753,0,0,0,8000,0,0,0,HARRIS,17:00,1983,1983,"H302,","SP,",67,"H3,","H,",YARD,Texas,31.827233,-99.423022,17,Evening
Side collision,1983:08:ATSF:200883101,0,0,200,21000,2,2,0,RANDALL,1:00,1983,1983,"H306,","ATSF,",7,"H3,","H,",YARD,Texas,31.827233,-99.423022,1,Midnight
Derailments,1983:06:SP:W7443,0,0,300,8000,0,0,0,HARRIS,21:45,1983,1983,"E25C,","SP,",7,"E2,","E,",YARD,Texas,31.827233,-99.423022,21,Evening
Derailments,1983:05:SP:U3513,0,0,6100,250,0,0,0,ROBERTSON,23:45,1983,1983,"M501,","SP,",1,"M5,","M,",YARD,Texas,31.827233,-99.423022,23,Evening
Raking collision,1983:06:MKT:AX19S,0,0,1725,12000,0,0,0,MCLENNAN,24:35:00,1983,1983,"M404,","MKT,",1,"M4,","M,",MAIN,Texas,31.827233,-99.423022,24,Midnight
Derailments,1983:05:SP:W5503,0,0,25000,600,0,0,0,HARRIS,17:30,1983,1983,"H505,","SP,",1,"H5,","H,",MAIN,Texas,31.827233,-99.423022,17,Evening
Derailments,1983:05:SSW:K2713,0,0,14228,45000,1,1,0,MCLENNAN,19:30,1983,1983,"T110,","SSW,",1,"T1,","T,",MAIN,Texas,31.827233,-99.423022,19,Evening
Derailments,1983:07:MKT:AX23S,0,0,5700,150,0,0,0,MCLENNAN,3:55,1983,1983,"T102,H503,","MKT,",1,"T1,H5,","T,H,",YARD,Texas,31.827233,-99.423022,3,Midnight
Derailments,1983:08:BN:FW360,0,0,50,5800,0,0,0,TARRANT,20:20,1983,1983,"H503,","BN,",7,"H5,","H,",YARD,Texas,31.827233,-99.423022,20,Evening
Derailments,1983:08:DGZ:INDUSTRY,0,0,850,18249,0,0,0,GRAYSON,21:30,1983,1983,"H022,","BN,",6,"H0,","H,",YARD,Texas,31.827233,-99.423022,21,Evening
Derailments,1983:05:SP:W5533,0,0,500,5000,5,0,0,HARRIS,1:35,1983,1983,"T212,","SP,",7,"T2,","T,",YARD,Texas,31.827233,-99.423022,1,Midnight
Derailments,1983:06:SP:W7413,0,0,5000,7300,0,0,0,VICTORIA,17:00,1983,1983,"E46L,","SP,",1,"E4,","E,",MAIN,Texas,31.827233,-99.423022,17,Evening
Head on collision,1983:08:BN:FW373,0,0,0,51825,0,0,0,TARRANT,2:45,1983,1983,"H306,","BN,",78,"H3,","H,",YARD,Texas,31.827233,-99.423022,2,Midnight
Other impacts,1983:07:SP:U5163,0,0,30000,0,0,0,0,UVALDE,22:00,1983,1983,"E06C,","SP,",1,"E0,","E,",INDUSTRY,Texas,31.827233,-99.423022,22,Evening
Derailments,1983:06:ATSF:220683102,0,0,72200,0,0,0,0,TARRANT,19:30,1983,1983,"H503,","ATSF,SP,",1,"H5,","H,",MAIN,Texas,31.827233,-99.423022,19,Evening
Derailments,1983:07:SP:U5173,0,0,24000,0,0,0,0,LEE,1:20,1983,1983,"T108,","SP,",1,"T1,","T,",MAIN,Texas,31.827233,-99.423022,1,Midnight
Derailments,1983:10:ATSF:221083101,0,0,3200,7700,0,0,0,DALLAS,1:05,1983,1984,"H513,","ATSF,",1,"H5,","H,",MAIN,Texas,31.827233,-99.423022,1,Midnight
Raking collision,1983:05:SP:W6203,0,0,1000,23500,1,1,0,HARRIS,4:40,1983,1983,"H017,","SP,",78,"H0,","H,",YARD,Texas,31.827233,-99.423022,4,Midnight
Other impacts,1983:06:SP:W8043,0,1,200,9200,0,0,0,HARRIS,21:30,1983,1983,"H021,","SP,",7,"H0,","H,",YARD,Texas,31.827233,-99.423022,21,Evening
Raking collision,1983:07:SP:W8443,0,0,100,8000,22,1,0,HARRIS,19:25,1983,1983,"H306,H302,","SP,",76,"H3,","H,",YARD,Texas,31.827233,-99.423022,19,Evening
Derailments,1983:05:SP:U3533,0,0,9500,150,0,0,0,TRAVIS,23:55,1983,1983,"T001,","SP,",8,"T0,","T,",YARD,Texas,31.827233,-99.423022,23,Evening
Derailments,1983:06:BN:FW228,0,0,5000,12350,0,0,0,LUBBOCK,24:05:00,1983,1983,"T002,","BN,",7,"T0,","T,",MAIN,Texas,31.827233,-99.423022,24,Midnight
Derailments,1983:05:SP:F4213,0,0,408,15000,0,0,0,JEFFERSON,22:35,1983,1983,"E46C,","SP,",7,"E4,","E,",YARD,Texas,31.827233,-99.423022,22,Evening
Derailments,1975:09:MKT:AX142S,0,0,600,3900,0,0,0,DALLAS,1:15,1975,1975,"E32C,","MKT,RI,",11,"E3,","E,",MAIN,Texas,31.827233,-99.423022,1,Midnight
Head on collision,1975:09:MP:8617,0,0,0,4000,28,0,0,SAN PATRICIO,21:30,1975,1975,"H208,","MP,",1,"H2,","H,",MAIN,Texas,31.827233,-99.423022,21,Evening
Derailments,1975:09:SP:H8165,0,0,1000,18400,0,0,0,HARRIS,18:45,1975,1975,"H210,E30C,","SP,",67,"H2,E3,H2,E3,","H,E,H,E,",YARD,Texas,31.827233,-99.423022,18,Evening
Derailments,1975:10:ATSF:30105125,0,0,150,5690,0,0,0,BROWN,2:15,1975,1976,"T110,H503,","ATSF,",1,"T1,H5,","T,H,",YARD,Texas,31.827233,-99.423022,2,Midnight
Derailments,1975:10:HBT:AX5J75,0,0,0,3650,0,0,0,HARRIS,4:00,1975,1976,"H302,","HBT,",7,"H3,","H,",YARD,Texas,31.827233,-99.423022,4,Midnight
Derailments,1977:04:SP:G2767,0,0,4250,0,0,0,0,,4:10,1977,1977,"E05L,","SSW,",1,"E0,","E,",MAIN,Texas,31.827233,-99.423022,4,Midnight
Derailments,1983:08:MKT:AX31S,0,1,478,8500,0,0,0,BEXAR,18:35,1983,1983,"E46C,","MKT,",1,"E4,","E,",YARD,Texas,31.827233,-99.423022,18,Evening
Derailments,1980:05:SP:U4050,0,0,3732,0,0,0,0,TRAVIS,17:00,1980,1980,"H513,H503,","SP,",7,"H5,","H,",YARD,Texas,31.827233,-99.423022,17,Evening
Derailments,1980:05:SP:F7130,0,0,6100,3400,0,0,0,JEFFERSON,2:30,1980,1980,"H704,","SP,",7,"H7,","H,",YARD,Texas,31.827233,-99.423022,2,Midnight
Side collision,1980:05:SP:X2710,0,0,250,9500,0,0,0,HARRIS,3:00,1980,1980,"H306,","SP,",87,"H3,","H,",YARD,Texas,31.827233,-99.423022,3,Midnight
Side collision,1980:06:ATSF:200680104,0,0,100,11000,0,0,0,POTTER,21:00,1980,1980,"H302,H310,","ATSF,",67,"H3,","H,",YARD,Texas,31.827233,-99.423022,21,Evening
Derailments,1980:06:ATSF:230680109,0,0,1000,4100,0,0,0,,21:50,1980,1980,"H704,","ATSF,",1,"H7,","H,",MAIN,Texas,31.827233,-99.423022,21,Evening