AccidentType,inckey,Fatalities,Injuries,TrackDamage,EquipmentDamage,HazmatCars,HazmatCarsDerailed,HazmatCarsReleasing,County,DisplayTime,calendar,Fiscal,AccidentCause,RailroadCodes,RAILEQUIPMENT_TYPE,CauseGroup,CauseDiscipline,TYPE_OF_TRACK,StateName,latitude,longitude,hour,cat
Derailments,1983:07:SSW:K4323,0,0,13189,4150,0,0,0,DALLAS,23:10,1983,1983,"M405,","SSW,",1,"M4,","M,",MAIN,Texas,31.827233,-99.423022,23,Evening
Derailments,1983:05:SSW:M2033,0,0,7566,0,0,0,0,DALLAM,23:00,1983,1983,"H601,","SSW,",1,"H6,","H,",YARD,Texas,31.827233,-99.423022,23,Evening
Derailments,1983:06:SP:W7403,0,0,5360,0,0,0,0,SAN PATRICIO,20:20,1983,1983,"T110,","SP,",1,"T1,","T,",SIDING,Texas,31.827233,-99.423022,20,Evening
Derailments,1983:05:SP:W6453,0,0,5500,7625,0,0,0,NACOGDOCHES,23:45,1983,1983,"E32C,","SP,",1,"E3,","E,",MAIN,Texas,31.827233,-99.423022,23,Evening
Rear end collision,1983:06:HBT:AX1F83,0,0,0,17000,0,0,0,HARRIS,19:05,1983,1983,"S012,","HBT,",67,"S0,","S,",YARD,Texas,31.827233,-99.423022,19,Evening
Derailments,1983:05:SP:W6253,0,0,5400,0,0,0,0,HARRIS,17:20,1983,1983,"M409,","SP,",7,"M4,","M,",YARD,Texas,31.827233,-99.423022,17,Evening
Derailments,1983:08:BN:FW389,0,0,5000,5500,0,0,0,HARDEMAN,23:10,1983,1983,"H505,","BN,",1,"H5,","H,",YARD,Texas,31.827233,-99.423022,23,Evening
Derailments,1983:05:SP:W5753,0,0,10000,25800,0,0,0,HARRIS,4:00,1983,1983,"H306,H211,","SP,",7,"H3,H2,","H,",INDUSTRY,Texas,31.827233,-99.423022,4,Midnight
Derailments,1983:08:ATSF:220883101,0,0,5500,3500,0,0,0,BROWN,21:40,1983,1983,"H505,","ATSF,",1,"H5,","H,",YARD,Texas,31.827233,-99.423022,21,Evening
Other impacts,1983:07:ATSF:200783103,0,2,0,26400,0,0,0,POTTER,23:45,1983,1983,"H021,","ATSF,",76,"H0,","H,",INDUSTRY,Texas,31.827233,-99.423022,23,Evening
Derailments,1980:06:KCS:319851,0,0,0,4000,0,0,0,JEFFERSON,3:10,1980,1980,"H306,","KCS,",7,"H3,","H,",INDUSTRY,Texas,31.827233,-99.423022,3,Midnight
Derailments,1983:07:SSW:M3253,0,0,12000,5500,0,0,0,SHERMAN,3:30,1983,1983,"T110,","SSW,",7,"T1,","T,",INDUSTRY,Texas,31.827233,-99.423022,3,Midnight
Derailments,1980:06:MKT:AX42N,0,0,4600,0,0,0,0,WICHITA,2:40,1980,1980,"T314,","MKT,",1,"T3,","T,",YARD,Texas,31.827233,-99.423022,2,Midnight
Derailments,1980:06:MKT:AX39S,0,0,3000,3365,0,0,0,HARRIS,2:00,1980,1980,"T110,","MKT,",1,"T1,","T,",YARD,Texas,31.827233,-99.423022,2,Midnight
Derailments,2002:01:BNSF:KS0102101,0,0,153611,157206,7,3,0,POTTER,3:20,2002,2002,"H306,","BNSF,",7,"H3,","H,",YARD,Texas,0,0,3,Midnight
Derailments,2002:01:BNSF:TX0102109,0,0,36000,10001,0,0,0,TARRANT,4:00,2002,2002,"H702,","BNSF,",7,"H7,","H,",YARD,Texas,0,0,4,Midnight
Derailments,2002:01:KCS:020109001,0,0,4687,106041,3,3,0,JEFFERSON,3:00,2002,2002,"T218,","KCS,",7,"T2,","T,",YARD,Texas,0,0,3,Midnight
Other impacts,2002:01:PTRA:JAN200201,0,0,3200,46365,6,0,0,HARRIS,2:00,2002,2002,"H702,","PTRA,",7,"H7,","H,",YARD,Texas,0,0,2,Midnight
Other impacts,2002:01:TM:201231,0,0,750,65000,0,0,0,WEBB,20:25,2002,2002,"E0HC,","TM,",6,"E0,","E,",YARD,Texas,0,0,20,Evening
Derailments,2002:01:UP:0102FW004,0,0,102646,181681,0,0,0,TARRANT,4:30,2002,2002,"T210,","UP,",1,"T2,","T,",MAIN,Texas,0,0,4,Midnight
Other events,2002:01:UP:0102HO014,0,0,56561,3278,0,0,0,WHARTON,2:50,2002,2002,"E53C,","UP,",1,"E5,","E,",MAIN,Texas,0,0,2,Midnight
Derailments,2002:01:UP:0102HO020,0,0,109935,65523,87,9,0,HOUSTON,4:00,2002,2002,"M405,","UP,",7,"M4,","M,",YARD,Texas,0,0,4,Midnight
Derailments,2002:01:UP:0102HO029,0,0,86644,41790,1,0,0,ROBERTSON,23:15,2002,2002,"T220,","UP,",1,"T2,","T,",YARD,Texas,0,0,23,Evening
Derailments,2002:01:UP:0102SA001,0,0,34701,56185,0,0,0,MAVERICK,23:20,2002,2002,"T220,","UP,",1,"T2,","T,",MAIN,Texas,0,0,23,Evening
Side collision,2002:01:UP:0102SA006,0,0,1000,12203,0,0,0,BEXAR,24:10:00,2002,2002,"H399,","UP,",17,"H3,","H,",YARD,Texas,0,0,24,Midnight
Derailments,2002:01:UP:0102SA016,0,0,12099,11854,0,0,0,BEXAR,17:30,2002,2002,"H503,","UP,",7,"H5,","H,",YARD,Texas,0,0,17,Evening
Derailments,2002:02:BNSF:GC0202109,0,0,10000,11707,12,0,0,BELL,22:50,2002,2002,"T110,","BNSF,",1,"T1,","T,",YARD,Texas,0,0,22,Evening
Derailments,2002:02:BNSF:GC0202122,0,0,3000,24074,0,0,0,HARRIS,18:00,2002,2002,"T399,","BNSF,",7,"T3,","T,",YARD,Texas,0,0,18,Evening
Derailments,2002:02:BNSF:TX0202101,0,0,500,14411,1,1,0,TARRANT,2:45,2002,2002,"H018,","BNSF,",7,"H0,","H,",YARD,Texas,0,0,2,Midnight
Derailments,2002:02:BNSF:TX0202103,0,0,0,10255,0,0,0,TARRANT,3:40,2002,2002,"M404,","BNSF,",7,"M4,","M,",YARD,Texas,0,0,3,Midnight
Derailments,2002:02:CGIZ:INDUSTRY,0,0,0,26443,0,0,0,HALE,1:30,2002,2002,"T110,","BNSF,",1,"T1,","T,",INDUSTRY,Texas,0,0,1,Midnight
Highway-rail impact,2002:02:TRE:020502,0,0,0,7161,0,0,0,TARRANT,17:25,2002,2002,"M304,","TRE,",3,"M3,","M,",MAIN,Texas,0,0,17,Evening
Derailments,2002:02:UP:0202FW006,0,0,80234,4101,0,0,0,MCLENNAN,22:30,2002,2002,"T106,","UP,",1,"T1,","T,",MAIN,Texas,0,0,22,Evening
Derailments,2002:02:UP:0202FW010,0,0,1500,11757,0,0,0,TARRANT,1:00,2002,2002,"H505,","UP,",7,"H5,","H,",YARD,Texas,0,0,1,Midnight
Derailments,2002:02:UP:0202HO010,0,0,59530,1741,58,8,0,LIBERTY,24:30:00,2002,2002,"T001,","UP,",7,"T0,","T,",YARD,Texas,0,0,24,Midnight
Derailments,2002:02:UP:0202HO016,0,0,471911,271467,0,0,0,FORT BEND,19:10,2002,2002,"E40C,","UP,",1,"E4,","E,",MAIN,Texas,0,0,19,Evening
Other impacts,2002:02:UP:0202HO021,0,0,1500,16437,1,1,0,HARRIS,18:50,2002,2002,"H312,","UP,",7,"H3,","H,",YARD,Texas,0,0,18,Evening
Derailments,2002:02:UP:0202HO023,0,0,58256,9099,12,0,0,HARRIS,18:20,2002,2002,"H503,","UP,",7,"H5,","H,",YARD,Texas,0,0,18,Evening
Derailments,2002:02:UP:0202HO024,0,0,1000,104369,1,1,0,HARRIS,1:55,2002,2002,"T399,H504,","BNSF,UP,",7,"T3,H5,","T,H,",YARD,Texas,0,0,1,Midnight
Derailments,2002:02:UP:0202HO035,0,0,121704,24191,2,0,0,HARRIS,17:50,2002,2002,"H602,","UP,",7,"H6,","H,",YARD,Texas,0,0,17,Evening
Derailments,2002:02:UP:0202HO036,0,0,106365,18180,0,0,0,BRAZORIA,4:00,2002,2002,"T221,","UP,",1,"T2,","T,",YARD,Texas,0,0,4,Midnight
Derailments,2002:02:UP:0202SA014,0,0,13507,300,0,0,0,WILLIAMSON,18:54,2002,2002,"H303,","BNSF,UP,",1,"H3,","H,",YARD,Texas,0,0,18,Evening
Derailments,2002:02:UP:0202TS005,0,0,217026,6992,1,0,0,REEVES,2:45,2002,2002,"T309,","UP,",1,"T3,","T,",SIDING,Texas,0,0,2,Midnight
Other impacts,2002:03:PTRA:MAR200206,0,0,0,72378,8,2,0,HARRIS,18:00,2002,2002,"H310,","PTRA,",7,"H3,","H,",YARD,Texas,0,0,18,Evening
Derailments,2002:03:UP:0302FW004,0,0,10899,48045,0,0,0,DALLAS,3:10,2002,2002,"T314,","UP,",7,"T3,","T,",YARD,Texas,0,0,3,Midnight
Derailments,2002:03:UP:0302HO016,0,0,2000,7543,0,0,0,HARRIS,20:45,2002,2002,"T319,","UP,",1,"T3,","T,",YARD,Texas,0,0,20,Evening
Derailments,2002:03:UP:0302HO031,0,0,11965,184,0,0,0,ROBERTSON,4:40,2002,2002,"H704,","UP,",7,"H7,","H,",YARD,Texas,0,0,4,Midnight
Derailments,2002:03:UP:0302LK013,0,2,392741,441853,18,1,1,GREGG,20:00,2002,2002,"E64L,T314,","UP,",1,"E6,T3,","E,T,",MAIN,Texas,0,0,20,Evening
Derailments,2002:03:UP:0302LK040,0,0,0,7040,0,0,0,BOWIE,18:15,2002,2002,"E27C,","UP,",1,"E2,","E,",MAIN,Texas,0,0,18,Evening
Other impacts,2002:03:UP:0302SA006,0,0,22956,91028,12,0,0,COLORADO,22:20,2002,2002,"T315,","UP,",16,"T3,","T,",MAIN,Texas,0,0,22,Evening
Derailments,2002:04:BNSF:KS0402112,0,0,240,20285,1,1,0,POTTER,1:30,2002,2002,"H301,H399,","BNSF,",7,"H3,","H,",YARD,Texas,0,0,1,Midnight
Derailments,2002:04:BNSF:TX0402104,0,0,23000,8228,24,0,0,TARRANT,2:35,2002,2002,"H699,","BNSF,",1,"H6,","H,",SIDING,Texas,0,0,2,Midnight
Derailments,2002:04:BNSF:TX0402106,0,0,60000,65200,0,0,0,TARRANT,22:25,2002,2002,"E40C,","BNSF,UP,",1,"E4,","E,",MAIN,Texas,0,0,22,Evening
Derailments,2002:04:FWWR:02041101,0,0,10733,2000,0,0,0,TARRANT,20:00,2002,2002,"T202,","FWWR,",1,"T2,","T,",YARD,Texas,0,0,20,Evening
Other impacts,2002:04:FWWR:02042901,0,0,0,11350,0,0,0,TARRANT,24:00:00,2002,2002,"H399,","FWWR,",7,"H3,","H,",YARD,Texas,0,0,24,Midnight
Derailments,2002:04:PNR:XD0249,0,1,8000,10000,0,0,0,HUTCHINSON,22:30,2002,2002,"H399,","PNR,",7,"H3,","H,",INDUSTRY,Texas,0,0,22,Evening
Other impacts,2002:04:PTRA:APR200202,0,0,3296,9732,6,1,0,HARRIS,1:00,2002,2002,"H021,","PTRA,",76,"H0,","H,",YARD,Texas,0,0,1,Midnight
Other impacts,2002:04:UP:0402FW011,0,0,500,31070,1,1,0,TARRANT,18:40,2002,2002,"H313,","UP,",76,"H3,","H,",YARD,Texas,0,0,18,Evening
Derailments,2002:04:UP:0402HO016,0,0,17790,38273,2,0,0,HARRIS,19:15,2002,2002,"E41C,","UP,",1,"E4,","E,",YARD,Texas,0,0,19,Evening
Derailments,2002:04:UP:0402HO022,0,0,46251,184,44,2,0,GALVESTON,23:30,2002,2002,"T318,","UP,",1,"T3,","T,",YARD,Texas,0,0,23,Evening
Derailments,2002:04:UP:0402HO024,0,0,25068,2000,0,0,0,HARRIS,17:35,2002,2002,"T110,","UP,",7,"T1,","T,",YARD,Texas,0,0,17,Evening
Derailments,2002:04:UP:0402HO030,0,0,14106,64029,0,0,0,COLORADO,18:40,2002,2002,"E40C,","UP,",1,"E4,","E,",MAIN,Texas,0,0,18,Evening
Derailments,2002:04:UP:0402HO034,0,0,203331,67194,0,0,0,BRAZOS,18:41,2002,2002,"T199,","UP,",1,"T1,","T,",MAIN,Texas,0,0,18,Evening
Derailments,2002:04:UP:0402HO038,0,0,51000,4772,0,0,0,HARRIS,21:30,2002,2002,"E40C,","UP,",7,"E4,","E,",YARD,Texas,0,0,21,Evening
Derailments,2002:04:UP:0402LV009,0,0,2700,4410,1,0,0,JEFFERSON,19:35,2002,2002,"T314,","UP,",7,"T3,","T,",YARD,Texas,0,0,19,Evening
Derailments,2002:04:UP:0402LV014,0,0,28850,8976,0,0,0,JEFFERSON,22:40,2002,2002,"T314,","UP,",7,"T3,","T,",YARD,Texas,0,0,22,Evening
Side collision,2002:04:UP:0402SA021,0,0,200,25149,0,0,0,BEXAR,18:00,2002,2002,"H020,","UP,",7,"H0,","H,",YARD,Texas,0,0,18,Evening
Derailments,2002:04:UP:0402SA024,0,0,10000,35775,0,0,0,BEXAR,23:59,2002,2002,"H020,","UP,",7,"H0,","H,",YARD,Texas,0,0,23,Evening
Derailments,2002:05:AGCR:020501,0,0,0,26000,0,0,0,BEXAR,4:12,2002,2002,"M299,","AGCR,",7,"M2,","M,",YARD,Texas,0,0,4,Midnight
Derailments,2002:05:ANTQ:INDUSTRY,0,0,47000,93,0,0,0,BEXAR,19:40,2002,2002,"E40C,E46C,","UP,",1,"E4,","E,",INDUSTRY,Texas,0,0,19,Evening
Derailments,2002:05:BNSF:GC0502103,0,0,5200,22185,16,1,0,HARRIS,21:05,2002,2002,"H704,","BNSF,",1,"H7,","H,",YARD,Texas,0,0,21,Evening
Derailments,2002:05:BNSF:GC0502108,0,0,0,60619,3,3,0,BELL,17:00,2002,2002,"H018,","BNSF,",7,"H0,","H,",YARD,Texas,0,0,17,Evening
Derailments,2002:05:BNSF:GC0502109,0,0,6100,13651,0,0,0,BELL,1:00,2002,2002,"T207,","BNSF,",1,"T2,","T,",YARD,Texas,0,0,1,Midnight
Derailments,2002:05:BNSF:KS0502113,0,0,897970,8000,3,0,0,PARMER,4:15,2002,2002,"E53C,","BNSF,",1,"E5,","E,",MAIN,Texas,0,0,4,Midnight
Other impacts,2002:05:BNSF:TX0502104,0,0,0,7653,0,0,0,TARRANT,23:50,2002,2002,"H312,H310,","BNSF,",7,"H3,","H,",YARD,Texas,0,0,23,Evening
Derailments,2002:05:BNSF:TX0502109,0,0,500,6300,0,0,0,TARRANT,20:00,2002,2002,"H312,","BNSF,",7,"H3,","H,",YARD,Texas,0,0,20,Evening
Derailments,2002:05:DGNO:ID02295,0,0,3000,19500,0,0,0,DALLAS,20:30,2002,2002,"M501,","DGNO,",1,"M5,","M,",INDUSTRY,Texas,0,0,20,Evening
Derailments,2002:05:GCSR:ID5802,0,0,28462,3000,0,0,0,MCCULLOCH,21:40,2002,2002,"T102,T105,","GCSR,",1,"T1,","T,",MAIN,Texas,0,0,21,Evening
Other impacts,2002:05:PTRA:MAY200201,0,0,0,19632,0,0,0,HARRIS,3:30,2002,2002,"H020,","PTRA,",67,"H0,","H,",YARD,Texas,0,0,3,Midnight
Other impacts,2002:05:SPLZ:INDUSTRY,0,0,250,20930,0,0,0,CHEROKEE,3:00,2002,2002,"H018,","UP,",76,"H0,","H,",INDUSTRY,Texas,0,0,3,Midnight
Derailments,2002:05:TM:205291,0,0,2500,21700,0,0,0,DUVAL,2:40,2002,2002,"H504,","TM,",1,"H5,","H,",MAIN,Texas,0,0,2,Midnight
Derailments,2002:05:UP:0502FW014,0,0,0,16272,0,0,0,TARRANT,3:00,2002,2002,"H306,","UP,",7,"H3,","H,",YARD,Texas,0,0,3,Midnight
Derailments,2002:05:UP:0502FW017,0,0,6500,5200,0,0,0,TARRANT,24:44:00,2002,2002,"E64L,","UP,",1,"E6,","E,",YARD,Texas,0,0,24,Midnight
Derailments,2002:05:UP:0502FW036,0,0,82587,15189,0,0,0,BELL,17:45,2002,2002,"H525,","UP,",1,"H5,","H,",MAIN,Texas,0,0,17,Evening
Derailments,2002:05:UP:0502FW037,0,0,48539,47442,14,2,0,TARRANT,23:35,2002,2002,"E41C,","BNSF,UP,",1,"E4,","E,",MAIN,Texas,0,0,23,Evening
Derailments,2002:05:UP:0502LV003,0,0,18921,34268,0,0,0,ORANGE,21:25,2002,2002,"T314,","UP,",7,"T3,","T,",YARD,Texas,0,0,21,Evening
Derailments,2002:05:UP:0502LV009,0,0,122785,18191,0,0,0,ORANGE,20:20,2002,2002,"T314,","UP,",16,"T3,","T,",MAIN,Texas,0,0,20,Evening
Derailments,2002:05:UP:0502SA015,0,0,122057,0,0,0,0,COMAL,23:45,2002,2002,"T299,","UP,",7,"T2,","T,",YARD,Texas,0,0,23,Evening
Derailments,2002:05:UP:0502TS006,0,0,0,24651,0,0,0,JEFF DAVIS,1:00,2002,2002,"H099,","UP,",1,"H0,","H,",YARD,Texas,0,0,1,Midnight
Highway-rail impact,2002:06:BNSF:TX0602203,0,1,70000,42839,16,1,0,DENTON,24:20:00,2002,2002,"M302,","BNSF,",1,"M3,","M,",MAIN,Texas,0,0,24,Midnight
Other impacts,2002:06:CMC:JUNE02014,0,0,0,500000,0,0,0,LIBERTY,3:15,2002,2002,"H104,H602,","CMC,",58,"H1,H6,H1,H6,","H,",YARD,Texas,0,0,3,Midnight
Other impacts,2002:06:DGNO:IC02367,0,0,0,14400,0,0,0,DALLAS,21:45,2002,2002,"H018,","DGNO,",7,"H0,","H,",INDUSTRY,Texas,0,0,21,Evening
Other impacts,2002:06:FWWR:02061901,0,0,460,9600,0,0,0,TARRANT,24:30:00,2002,2002,"H312,","FWWR,",6,"H3,","H,",INDUSTRY,Texas,0,0,24,Midnight
Rear end collision,2002:06:KCS:020616001,0,0,46983,944283,2,0,0,CAMP,4:40,2002,2002,"H215,","KCS,",1,"H2,","H,",MAIN,Texas,0,0,4,Midnight
Raking collision,2002:06:TXTX:2002026,0,0,1500,34100,0,3,0,BRAZORIA,2:00,2002,2002,"H018,","TXTX,",7,"H0,","H,",INDUSTRY,Texas,0,0,2,Midnight
Raking collision,2002:06:TXTX:2002030,0,0,300,55460,6,5,0,CHAMBERS,24:25:00,2002,2002,"H021,","TXTX,",7,"H0,","H,",YARD,Texas,0,0,24,Midnight
Broken train collision,2002:06:TXTX:2002034,0,0,50,8000,18,2,0,JEFFERSON,19:00,2002,2002,"H020,H306,","TXTX,",7,"H0,H3,","H,",INDUSTRY,Texas,0,0,19,Evening
Derailments,2002:06:UP:0602FW036,0,0,1500,13964,0,0,0,TARRANT,20:10,2002,2002,"T102,","UP,",7,"T1,","T,",YARD,Texas,0,0,20,Evening
Other impacts,2002:06:UP:0602HO003,0,0,2000,62475,7,0,0,VICTORIA,17:45,2002,2002,"H301,","UP,",76,"H3,","H,",YARD,Texas,0,0,17,Evening
Derailments,2002:06:UP:0602HO006,0,0,18012,30377,0,0,0,HARRIS,21:31,2002,2002,"M405,","UP,",1,"M4,","M,",YARD,Texas,0,0,21,Evening
Other impacts,2002:06:UP:0602SA025,0,0,0,12174,0,0,0,MAVERICK,24:06:00,2002,2002,"H306,H310,","UP,",7,"H3,","H,",YARD,Texas,0,0,24,Midnight
Derailments,2002:07:BNSF:GC0702101,0,0,18900,9500,5,1,0,NOLAN,24:25:00,2002,2002,"E40C,T101,","BNSF,",1,"E4,T1,","E,T,",YARD,Texas,0,0,24,Midnight
Obstruction impact,2002:07:BNSF:GC0702104,0,2,0,30287,0,0,0,BURLESON,19:15,2002,2002,"M402,","BNSF,",1,"M4,","M,",MAIN,Texas,0,0,19,Evening
Derailments,2002:07:BNSF:GC0702120,0,0,200,20596,1,1,0,BELL,17:40,2002,2002,"H018,","BNSF,",75,"H0,","H,",YARD,Texas,0,0,17,Evening
Highway-rail impact,2002:07:BNSF:GC0702200,1,0,0,9156,0,0,0,MILAM,24:45:00,2002,2002,"M302,","BNSF,",1,"M3,","M,",MAIN,Texas,0,0,24,Midnight
Derailments,2002:07:BNSF:KS0702106,0,0,29402,12656,0,0,0,POTTER,20:00,2002,2002,"H312,H310,","BNSF,",7,"H3,","H,",YARD,Texas,0,0,20,Evening
Rear end collision,2002:07:BNSF:KS0702114,0,0,10502,120186,32,0,0,ROBERTS,22:06,2002,2002,"H309,H306,","BNSF,",1,"H3,","H,",MAIN,Texas,0,0,22,Evening
Derailments,2002:07:DPRZ:INDUSTRY,0,0,23000,42250,1,0,0,HARRIS,2:30,2002,2002,"M503,","PTRA,",7,"M5,","M,",INDUSTRY,Texas,0,0,2,Midnight
Head on collision,2002:07:KCS:020706006,0,1,32610,334510,0,0,0,DALLAS,22:55,2002,2002,"H017,","DGNO,KCS,",18,"H0,","H,",MAIN,Texas,0,0,22,Evening
Derailments,2002:07:SRQZ:INDUSTRY,0,0,20000,236529,0,0,0,HOWARD,22:00,2002,2002,"H303,","UP,",7,"H3,","H,",INDUSTRY,Texas,0,0,22,Evening
Derailments,2002:07:TXTX:2002039,0,0,2500,35000,25,5,0,BRAZORIA,24:15:00,2002,2002,"H306,H302,","TXTX,",7,"H3,","H,",INDUSTRY,Texas,0,0,24,Midnight
Derailments,2002:07:UP:0702FW005,0,0,17358,12450,0,0,0,DALLAS,17:00,2002,2002,"H522,","UP,",1,"H5,","H,",YARD,Texas,0,0,17,Evening
Derailments,2002:07:UP:0702FW008,0,0,105013,327895,3,1,0,DENTON,19:20,2002,2002,"T109,","UP,",1,"T1,","T,",MAIN,Texas,0,0,19,Evening
Other impacts,2002:07:UP:0702FW030,0,0,0,33984,0,0,0,TARRANT,21:24,2002,2002,"S007,","UP,",75,"S0,","S,",YARD,Texas,0,0,21,Evening
Other events,2002:07:UP:0702LV026,0,0,8662,0,0,0,0,JEFFERSON,23:20,2002,2002,"H702,","KCS,UP,",7,"H7,","H,",YARD,Texas,0,0,23,Evening
Derailments,2002:07:UP:0702SA013,0,0,251115,2748,0,0,0,UVALDE,19:53,2002,2002,"E40C,","BNSF,UP,",1,"E4,","E,",MAIN,Texas,0,0,19,Evening
Derailments,2002:07:UP:0702TS019,0,0,277512,2222666,0,0,0,HUDSPETH,4:30,2002,2002,"M103,","UP,",1,"M1,","M,",MAIN,Texas,0,0,4,Midnight
Derailments,2002:08:BNSF:GC0802100,0,0,95000,69738,21,1,0,HARDIN,17:00,2002,2002,"T110,","BNSF,",1,"T1,","T,",YARD,Texas,0,0,17,Evening
Derailments,2002:08:BNSF:GC0802115,0,0,10500,0,0,0,0,GALVESTON,18:55,2002,2002,"T207,","BNSF,",NA,"T2,","T,",MAIN,Texas,0,0,18,Evening
Derailments,2002:08:BNSF:KS0802119,0,0,0,24881,2,1,0,PARMER,20:50,2002,2002,"M105,","BNSF,",1,"M1,","M,",SIDING,Texas,0,0,20,Evening
Side collision,2002:08:BNSF:TX0802100,0,2,200,31993,0,0,0,TARRANT,1:20,2002,2002,"H702,","BNSF,",7,"H7,","H,",YARD,Texas,0,0,1,Midnight
Derailments,2002:08:BRG:A062002,0,0,21315,21133,26,9,3,CAMERON,19:30,2002,2002,"H501,","BRG,",1,"H5,","H,",MAIN,Texas,0,0,19,Evening
Derailments,2002:08:FWWR:02080101,0,0,7509,57855,3,3,0,TARRANT,23:05,2002,2002,"T202,","FWWR,",1,"T2,","T,",SIDING,Texas,0,0,23,Evening
Derailments,2002:08:GVSR:052002,0,0,0,49400,0,0,0,GALVESTON,18:55,2002,2002,"T207,","GVSR,",1,"T2,","T,",YARD,Texas,0,0,18,Evening
Derailments,2002:08:KCS:020817003,0,0,25624,36282,20,1,0,CASS,20:25,2002,2002,"H504,","KCS,",1,"H5,","H,",MAIN,Texas,0,0,20,Evening
Raking collision,2002:08:PTRA:AUG200202,0,0,0,30350,0,0,0,HARRIS,1:30,2002,2002,"H302,","PTRA,",7,"H3,","H,",YARD,Texas,0,0,1,Midnight
Derailments,2002:08:UP:0802HO016,0,0,1500,16544,0,0,0,BRAZORIA,18:45,2002,2002,"M405,","UP,",1,"M4,","M,",INDUSTRY,Texas,0,0,18,Evening
Other impacts,2002:08:UP:0802HO017,0,0,1250,9073,0,0,0,BRAZORIA,22:15,2002,2002,"H302,","UP,",75,"H3,","H,",YARD,Texas,0,0,22,Evening
Other impacts,2002:08:UP:0802HO019,0,0,1000,24302,1,1,0,HARRIS,1:00,2002,2002,"S007,","UP,",7,"S0,","S,",YARD,Texas,0,0,1,Midnight
Derailments,2002:08:UP:0802HO026,0,0,3500,18616,33,5,0,CHAMBERS,3:20,2002,2002,"T110,","UP,",7,"T1,","T,",YARD,Texas,0,0,3,Midnight
Derailments,2002:08:UP:0802HO037,0,0,250,41650,0,0,0,HARRIS,18:50,2002,2002,"E02C,","UP,",7,"E0,","E,",YARD,Texas,0,0,18,Evening
Derailments,2002:08:UP:0802SA003,0,0,44898,732,0,0,0,BEXAR,20:40,2002,2002,"S011,","UP,",7,"S0,","S,",YARD,Texas,0,0,20,Evening
Derailments,2002:08:UP:0802SA008,0,0,10930,3800,0,0,0,MAVERICK,2:30,2002,2002,"H303,","BNSF,UP,",1,"H3,","H,",YARD,Texas,0,0,2,Midnight
Derailments,2002:08:UP:0802SA024,0,0,33057,1500,0,0,0,MAVERICK,2:50,2002,2002,"T110,E46L,","BNSF,UP,",7,"T1,E4,","T,E,",YARD,Texas,0,0,2,Midnight
Derailments,2002:09:BNSF:GC0902100,0,0,32800,77500,0,0,0,MATAGORDA,18:00,2002,2002,"T207,","BNSF,",1,"T2,","T,",MAIN,Texas,0,0,18,Evening
Other impacts,2002:09:BNSF:TX0902108,0,0,0,12000,0,0,0,JOHNSON,23:32,2002,2002,"M502,","BNSF,",6,"M5,","M,",INDUSTRY,Texas,0,0,23,Evening
Derailments,2002:09:BNSF:TX0902113,0,0,411000,10000,14,0,0,ELLIS,2:00,2002,2002,"T099,T102,","BNSF,",1,"T0,T1,","T,",MAIN,Texas,0,0,2,Midnight
Derailments,2002:09:BNSF:TX0902116,0,0,203500,46679,0,0,0,DENTON,17:30,2002,2002,"E4TC,","BNSF,",1,"E4,","E,",MAIN,Texas,0,0,17,Evening
Other impacts,2002:09:FWWR:02092601,0,0,0,24876,0,0,0,TARRANT,21:00,2002,2002,"H302,","FWWR,",6,"H3,","H,",YARD,Texas,0,0,21,Evening
Derailments,2002:09:POHZ:INDUSTRY,0,0,7225,5252,0,0,0,HARRIS,21:00,2002,2002,"M405,","PTRA,",7,"M4,","M,",YARD,Texas,0,0,21,Evening
Derailments,2002:09:TM:209151,0,0,9960,10000,1,1,0,JIM WELLS,24:45:00,2002,2002,"T002,","TM,",1,"T0,","T,",YARD,Texas,0,0,24,Midnight
Derailments,2002:09:UP:0902FW013,0,0,29677,17433,0,0,0,TARRANT,19:30,2002,2002,"T314,","UP,",7,"T3,","T,",YARD,Texas,0,0,19,Evening
Derailments,2002:09:UP:0902FW020,0,0,40053,24092,0,0,0,TARRANT,2:45,2002,2002,"T220,","UP,",1,"T2,","T,",MAIN,Texas,0,0,2,Midnight
Derailments,2002:09:UP:0902FW032,0,0,8000,31759,0,0,0,JOHNSON,23:11,2002,2002,"E51C,","UP,",1,"E5,","E,",MAIN,Texas,0,0,23,Evening
Derailments,2002:09:UP:0902HO002,0,0,13474,7981,15,1,0,HARRIS,19:50,2002,2002,"T319,","UP,",7,"T3,","T,",YARD,Texas,0,0,19,Evening
Derailments,2002:09:UP:0902HO024,0,0,124578,203892,17,1,0,LIBERTY,21:33,2002,2002,"T002,","UP,",1,"T0,","T,",MAIN,Texas,0,0,21,Evening
Derailments,2002:09:UP:0902HO028,0,0,1500,13976,1,0,0,HARRIS,3:35,2002,2002,"T311,","UP,",7,"T3,","T,",YARD,Texas,0,0,3,Midnight
Derailments,2002:09:UP:0902HO030,0,0,500,9312,20,2,0,BRAZORIA,21:45,2002,2002,"T102,","UP,",1,"T1,","T,",INDUSTRY,Texas,0,0,21,Evening
Derailments,2002:09:UP:0902SA001,0,0,300,13079,0,0,0,WEBB,4:30,2002,2002,"H702,","UP,",8,"H7,","H,",YARD,Texas,0,0,4,Midnight
Derailments,2002:09:UP:0902SA009,0,0,45893,7445,0,0,0,WEBB,20:23,2002,2002,"T199,","UP,",1,"T1,","T,",YARD,Texas,0,0,20,Evening
Derailments,2002:10:BNSF:GC1002104,0,0,76000,69696,49,1,1,GALVESTON,1:45,2002,2003,"E69L,","BNSF,",1,"E6,","E,",YARD,Texas,0,0,1,Midnight
Derailments,2002:10:BNSF:GC1002111,0,0,9200,9136,2,2,0,HARDIN,2:30,2002,2003,"H306,","BNSF,",7,"H3,","H,",YARD,Texas,0,0,2,Midnight