AccidentType,inckey,Fatalities,Injuries,TrackDamage,EquipmentDamage,HazmatCars,HazmatCarsDerailed,HazmatCarsReleasing,County,DisplayTime,calendar,Fiscal,AccidentCause,RailroadCodes,RAILEQUIPMENT_TYPE,CauseGroup,CauseDiscipline,TYPE_OF_TRACK,StateName,latitude,longitude,hour,cat
Other events,2002:10:BNSF:GC1002119,0,0,0,9836,1,1,0,BELL,20:00,2002,2003,"E21C,","BNSF,",7,"E2,","E,",YARD,Texas,0,0,20,Evening
Derailments,2002:10:BNSF:TX1002113,0,0,0,300000,0,0,0,EASTLAND,21:30,2002,2003,"T319,T315,","BNSF,",1,"T3,","T,",MAIN,Texas,0,0,21,Evening
Derailments,2002:10:BNSF:TX1002117,0,0,35000,4490,1,0,0,JOHNSON,1:00,2002,2003,"T001,","BNSF,",1,"T0,","T,",MAIN,Texas,0,0,1,Midnight
Other impacts,2002:10:DGNO:IV02577,0,0,0,20000,0,0,0,DALLAS,21:00,2002,2003,"M502,","DGNO,",5,"M5,","M,",INDUSTRY,Texas,0,0,21,Evening
Derailments,2002:10:KCS:021009002,0,0,3511,89500,1,1,0,JEFFERSON,23:00,2002,2003,"T314,","KCS,",76,"T3,","T,",YARD,Texas,0,0,23,Evening
Raking collision,2002:10:PTRA:OCT200203,0,0,0,13075,1,1,0,HARRIS,22:30,2002,2003,"H021,","PTRA,",7,"H0,","H,",YARD,Texas,0,0,22,Evening
Derailments,2002:10:TCT:580177,0,0,1700,9500,12,1,0,GALVESTON,23:40,2002,2003,"E46C,","TCT,",7,"E4,","E,",YARD,Texas,0,0,23,Evening
Derailments,2002:10:TXTX:2002059,0,0,600,12500,18,2,0,BRAZORIA,23:50,2002,2003,"T110,","TXTX,",7,"T1,","T,",INDUSTRY,Texas,0,0,23,Evening
Derailments,2002:10:UP:1002FW033,0,0,29384,614032,28,11,2,HOWARD,24:30:00,2002,2003,"E44C,","UP,",1,"E4,","E,",MAIN,Texas,0,0,24,Midnight
Derailments,2002:10:UP:1002FW041,0,0,221897,0,0,0,0,EASTLAND,21:30,2002,2003,"M503,","UP,",NA,"M5,","M,",MAIN,Texas,0,0,21,Evening
Derailments,2002:10:UP:1002HO013,0,0,65481,13692,0,0,0,HARRIS,23:10,2002,2003,"T110,","UP,",7,"T1,","T,",YARD,Texas,0,0,23,Evening
Other impacts,2002:10:UP:1002SA004,0,0,2500,4577,0,0,0,BEXAR,4:15,2002,2003,"H599,","UP,",87,"H5,","H,",YARD,Texas,0,0,4,Midnight
Derailments,2002:10:UP:1002SA022,0,0,46795,40497,0,0,0,BEXAR,4:30,2002,2003,"E46L,","UP,",1,"E4,","E,",YARD,Texas,0,0,4,Midnight
Derailments,2002:10:UP:1002SA025,0,0,8000,6128,0,0,0,CAMERON,21:15,2002,2003,"T110,","UP,",1,"T1,","T,",YARD,Texas,0,0,21,Evening
Derailments,2002:11:BNSF:GC1102109,0,0,150000,491348,30,17,0,BELL,1:45,2002,2003,"E41C,","BNSF,",1,"E4,","E,",MAIN,Texas,0,0,1,Midnight
Derailments,2002:11:BNSF:TX1102109,0,0,4600,2300,0,0,0,JOHNSON,3:15,2002,2003,"H703,","BNSF,",1,"H7,","H,",YARD,Texas,0,0,3,Midnight
Derailments,2002:11:BNSF:TX1102114,0,0,0,11925,0,0,0,TARRANT,1:00,2002,2003,"H303,","BNSF,",8,"H3,","H,",YARD,Texas,0,0,1,Midnight
Derailments,2002:11:PTRA:NOV200202,0,0,1350,7600,0,0,0,HARRIS,1:20,2002,2003,"H306,","PTRA,",7,"H3,","H,",YARD,Texas,0,0,1,Midnight
Derailments,2002:11:TM:211181,0,0,58000,1060000,1,0,0,WEBB,2:54,2002,2003,"T220,","TM,",1,"T2,","T,",MAIN,Texas,0,0,2,Midnight
Derailments,2002:11:UP:1102FW002,0,0,17484,2250,0,0,0,TARRANT,3:45,2002,2003,"T215,T205,","BNSF,UP,",1,"T2,","T,",MAIN,Texas,0,0,3,Midnight
Derailments,2002:11:UP:1102FW039,0,0,16610,17050,0,0,0,TARRANT,3:30,2002,2003,"H507,H503,","BNSF,UP,",7,"H5,","H,",YARD,Texas,0,0,3,Midnight
Derailments,2002:11:UP:1102HO007,0,0,3374,3683,62,0,0,HARRIS,3:00,2002,2003,"M204,","UP,",7,"M2,","M,",YARD,Texas,0,0,3,Midnight
Highway-rail impact,2002:11:UP:1102HO017,0,0,0,12617,0,0,0,LIBERTY,17:15,2002,2003,"M304,","UP,",1,"M3,","M,",MAIN,Texas,0,0,17,Evening
Obstruction impact,2002:12:BNSF:KS1202105,0,0,1200,18495,0,0,0,LUBBOCK,4:30,2002,2003,"M404,","BNSF,",1,"M4,","M,",YARD,Texas,0,0,4,Midnight
Other impacts,2002:12:BNSF:KS1202109,0,0,500,22970,0,0,0,POTTER,18:15,2002,2003,"H307,H302,","BNSF,",78,"H3,","H,",YARD,Texas,0,0,18,Evening
Derailments,2002:12:BNSF:TX1202105,0,0,300,7225,0,0,0,COOKE,1:00,2002,2003,"M504,","BNSF,",7,"M5,","M,",INDUSTRY,Texas,0,0,1,Midnight
Raking collision,2002:12:PTRA:DEC200201,0,0,0,113700,0,5,0,HARRIS,21:50,2002,2003,"M105,","PTRA,",7,"M1,","M,",YARD,Texas,0,0,21,Evening
Raking collision,2002:12:PTRA:DEC200202,0,0,0,22936,0,0,0,HARRIS,18:45,2002,2003,"H702,","PTRA,",7,"H7,","H,",YARD,Texas,0,0,18,Evening
Derailments,2002:12:TM:212221,0,0,45000,350000,0,0,0,DUVAL,1:25,2002,2003,"T210,","TM,",1,"T2,","T,",MAIN,Texas,0,0,1,Midnight
Side collision,2002:12:UP:1202FW005,0,0,2000,195090,0,0,0,TARRANT,19:55,2002,2003,"H306,","UP,",7,"H3,","H,",YARD,Texas,0,0,19,Evening
Derailments,2002:12:UP:1202FW017,0,0,2780,28819,0,0,0,WOOD,17:41,2002,2003,"M503,","UP,",16,"M5,","M,",YARD,Texas,0,0,17,Evening
Derailments,2002:12:UP:1202FW020,0,0,3500,7234,0,0,0,DALLAS,17:05,2002,2003,"T110,","UP,",7,"T1,","T,",YARD,Texas,0,0,17,Evening
Other impacts,2002:12:UP:1202FW033,0,0,0,32736,0,0,0,DALLAS,24:45:00,2002,2003,"H020,","UP,",76,"H0,","H,",YARD,Texas,0,0,24,Midnight
Derailments,2002:12:UP:1202FW038,0,0,7000,1844,0,0,0,TARRANT,22:50,2002,2003,"H703,","UP,",7,"H7,","H,",YARD,Texas,0,0,22,Evening
Derailments,2002:12:UP:1202HO002,0,0,4000,9390,0,0,0,GALVESTON,21:05,2002,2003,"T319,E64C,","UP,",1,"T3,E6,","T,E,",SIDING,Texas,0,0,21,Evening
Derailments,2002:12:UP:1202HO018,0,0,65000,11000,0,0,0,HARRIS,19:05,2002,2003,"T221,","BNSF,UP,",1,"T2,","T,",SIDING,Texas,0,0,19,Evening
Derailments,2002:12:UP:1202LV015,0,0,200,37287,0,0,0,JEFFERSON,17:00,2002,2003,"M201,","UP,",7,"M2,","M,",YARD,Texas,0,0,17,Evening
Derailments,2002:12:UP:1202SA005,0,2,91748,189049,0,0,0,WILLIAMSON,3:15,2002,2003,"T204,","UP,",1,"T2,","T,",MAIN,Texas,0,0,3,Midnight
Derailments,2002:12:UP:1202TS018,0,0,1000,22108,0,0,0,EL PASO,23:00,2002,2003,"H306,","UP,",7,"H3,","H,",YARD,Texas,0,0,23,Evening
Derailments,2003:01:BNSF:GC0103111,0,0,8500,4100,0,0,0,BELL,19:00,2003,2003,"H702,","BNSF,",7,"H7,","H,",YARD,Texas,0,0,19,Evening
Derailments,2003:01:BNSF:KS0103115,0,0,4000,181657,1,1,0,POTTER,18:15,2003,2003,"H702,","BNSF,",7,"H7,","H,",YARD,Texas,0,0,18,Evening
Derailments,2003:01:BTEZ:INDUSTRY,0,0,0,8450,0,0,0,COMAL,18:45,2003,2003,"H306,","UP,",7,"H3,","H,",INDUSTRY,Texas,0,0,18,Evening
Side collision,2003:01:CMC:JAN03001,0,0,2000,37000,0,0,0,LIBERTY,3:45,2003,2003,"H211,H602,","CMC,",7,"H2,H6,","H,",YARD,Texas,0,0,3,Midnight
Side collision,2003:01:CMC:JAN03005,0,0,2000,50000,0,0,0,LIBERTY,19:30,2003,2003,"H306,","CMC,",7,"H3,","H,",YARD,Texas,0,0,19,Evening
Other impacts,2003:01:DGNO:IC03011,0,0,0,16000,0,0,0,DALLAS,4:25,2003,2003,"H302,","DGNO,",7,"H3,","H,",INDUSTRY,Texas,0,0,4,Midnight
Other impacts,2003:01:PTRA:JAN200302,0,0,0,11690,0,0,0,HARRIS,17:30,2003,2003,"H306,","PTRA,",7,"H3,","H,",YARD,Texas,0,0,17,Evening
Derailments,2003:01:TM:301171,0,0,1400,22000,0,0,0,NUECES,1:20,2003,2003,"T102,","TM,",7,"T1,","T,",SIDING,Texas,0,0,1,Midnight
Derailments,2003:01:TM:301221,0,0,4000,6500,0,0,0,WEBB,1:00,2003,2003,"E53C,","TM,",1,"E5,","E,",MAIN,Texas,0,0,1,Midnight
Derailments,2003:01:UP:0103FW013,0,0,3000,15816,0,0,0,DALLAS,1:00,2003,2003,"T313,E69C,","UP,",7,"T3,E6,","T,E,",YARD,Texas,0,0,1,Midnight
Derailments,2003:01:UP:0103FW031,0,0,46810,37938,0,0,0,TARRANT,22:00,2003,2003,"H503,","UP,",7,"H5,","H,",YARD,Texas,0,0,22,Evening
Derailments,2003:01:UP:0103HO003,0,0,4500,4336,0,0,0,COLORADO,2:30,2003,2003,"T220,","UP,",7,"T2,","T,",YARD,Texas,0,0,2,Midnight
Derailments,2003:01:UP:0103HO013,0,0,26562,2756,0,0,0,HARRIS,4:50,2003,2003,"T110,","UP,",7,"T1,","T,",YARD,Texas,0,0,4,Midnight
Derailments,2003:01:UP:0103HO014,0,0,17550,90207,0,0,0,LIBERTY,18:30,2003,2003,"T110,","UP,",7,"T1,","T,",YARD,Texas,0,0,18,Evening
Derailments,2003:01:UP:0103LV003,0,0,20000,1429,0,0,0,JEFFERSON,3:20,2003,2003,"T111,","UP,",7,"T1,","T,",YARD,Texas,0,0,3,Midnight
Derailments,2003:01:UP:0103LV025,0,0,15000,300,8,3,0,JEFFERSON,24:30:00,2003,2003,"M504,","UP,",7,"M5,","M,",MAIN,Texas,0,0,24,Midnight
Derailments,2003:01:UP:0103LV033,0,0,30000,6236,0,0,0,JEFFERSON,18:05,2003,2003,"T110,","UP,",7,"T1,","T,",YARD,Texas,0,0,18,Evening
Derailments,2003:01:UP:0103SA007,0,0,16000,2349,0,0,0,FAYETTE,20:25,2003,2003,"H999,E53C,","UP,",1,"H9,E5,","H,E,",MAIN,Texas,0,0,20,Evening
Obstruction impact,2003:01:UP:0103SA021,0,0,0,10703,0,0,0,ATASCOSA,1:10,2003,2003,"M402,","UP,",1,"M4,","M,",MAIN,Texas,0,0,1,Midnight
Derailments,2003:01:UP:0103TS013,0,0,130000,11796,0,0,0,EL PASO,18:30,2003,2003,"H704,","UP,",7,"H7,","H,",YARD,Texas,0,0,18,Evening
Derailments,2003:02:BNSF:GC0203100,0,0,17200,13800,0,0,0,BRAZORIA,19:30,2003,2003,"T221,","BNSF,",7,"T2,","T,",YARD,Texas,0,0,19,Evening
Other impacts,2003:02:BNSF:GC0203101,0,2,1000,70049,3,1,0,HARDIN,19:20,2003,2003,"H021,","BNSF,",67,"H0,","H,",MAIN,Texas,0,0,19,Evening
Obstruction impact,2003:02:BNSF:GC0203120,0,0,250,9677,2,0,0,WASHINGTON,17:30,2003,2003,"T001,","BNSF,",1,"T0,","T,",MAIN,Texas,0,0,17,Evening
Other impacts,2003:02:BNSF:TX0203109,0,0,0,44089,0,0,0,TARRANT,2:15,2003,2003,"M502,","BNSF,",67,"M5,","M,",INDUSTRY,Texas,0,0,2,Midnight
Derailments,2003:02:GRMZ:INDUSTRY,0,0,5000,1950,0,0,0,GALVESTON,18:36,2003,2003,"T113,","ATK,",2,"T1,","T,",YARD,Texas,0,0,18,Evening
Raking collision,2003:02:PTRA:FEB200304,0,0,125,22297,2,2,0,HARRIS,20:40,2003,2003,"H306,","PTRA,",7,"H3,","H,",YARD,Texas,0,0,20,Evening
Derailments,2003:02:SW:SWP0301,0,0,68000,137000,0,0,0,OCHILTREE,18:30,2003,2003,"T210,","SW,",1,"T2,","T,",MAIN,Texas,0,0,18,Evening
Derailments,2003:02:UP:0203FW010,0,0,19000,44591,0,0,0,TARRANT,23:40,2003,2003,"H503,","UP,",7,"H5,","H,",YARD,Texas,0,0,23,Evening
Derailments,2003:02:UP:0203FW011,0,0,41700,107170,0,0,0,DALLAS,2:15,2003,2003,"H524,","UP,",7,"H5,","H,",YARD,Texas,0,0,2,Midnight
Derailments,2003:02:UP:0203FW019,0,0,22000,3522,0,0,0,TARRANT,17:55,2003,2003,"T110,","UP,",7,"T1,","T,",YARD,Texas,0,0,17,Evening
Other impacts,2003:02:UP:0203HO001,0,0,0,11851,0,0,0,ROBERTSON,18:00,2003,2003,"H310,","UP,",57,"H3,","H,",YARD,Texas,0,0,18,Evening
Derailments,2003:02:UP:0203HO006,0,0,66450,231992,0,0,0,MONTGOMERY,18:45,2003,2003,"M299,","UP,",1,"M2,","M,",MAIN,Texas,0,0,18,Evening
Other impacts,2003:02:UP:0203HO007,0,0,30000,4350,0,0,0,HARRIS,18:30,2003,2003,"H307,","UP,",67,"H3,","H,",YARD,Texas,0,0,18,Evening
Derailments,2003:02:UP:0203HO009,0,0,73000,81227,1,1,0,HARRIS,20:45,2003,2003,"T202,E49C,","BNSF,UP,",7,"T2,E4,","T,E,",YARD,Texas,0,0,20,Evening
Derailments,2003:02:UP:0203HO017,0,0,98000,138696,0,0,0,HARRIS,20:00,2003,2003,"T399,E46L,","BNSF,UP,",1,"T3,E4,","T,E,",YARD,Texas,0,0,20,Evening
Obstruction impact,2003:02:UP:0203LK021,0,0,7800,4381,34,0,0,CASS,1:58,2003,2003,"M202,M204,","UP,",1,"M2,","M,",MAIN,Texas,0,0,1,Midnight
Derailments,2003:02:UP:0203SA011,0,0,148988,2557,0,0,0,BEXAR,18:00,2003,2003,"M405,","UP,",7,"M4,","M,",YARD,Texas,0,0,18,Evening
Derailments,2003:03:BNSF:GC0303112,0,0,275214,769727,64,7,0,LAMPASAS,20:40,2003,2003,"H994,E53C,","BNSF,",1,"H9,E5,","H,E,",MAIN,Texas,0,0,20,Evening
Derailments,2003:03:BNSF:GC0303114,0,0,3000,7000,1,1,0,HARRIS,18:10,2003,2003,"T315,","BNSF,",81,"T3,","T,",MAIN,Texas,0,0,18,Evening
Derailments,2003:03:BNSF:KS0303113,0,0,300,6930,0,0,0,POTTER,21:30,2003,2003,"H018,","BNSF,",7,"H0,","H,",YARD,Texas,0,0,21,Evening
Derailments,2003:03:BNSF:TX0303100,0,0,0,62825,0,0,0,TARRANT,1:55,2003,2003,"T205,T105,","BNSF,",7,"T2,T1,","T,",INDUSTRY,Texas,0,0,1,Midnight
Derailments,2003:03:BNSF:TX0303102,0,0,55940,39541,0,0,0,TARRANT,2:30,2003,2003,"T101,M405,","BNSF,UP,",1,"T1,M4,","T,M,",MAIN,Texas,0,0,2,Midnight
Derailments,2003:03:FWWR:03030601,0,0,0,7429,0,0,0,COMANCHE,24:20:00,2003,2003,"H306,","FWWR,",1,"H3,","H,",INDUSTRY,Texas,0,0,24,Midnight
Other impacts,2003:03:KCS:030327002,0,0,1500,26000,2,2,0,JEFFERSON,19:45,2003,2003,"H602,H702,","KCS,",7,"H6,H7,","H,",INDUSTRY,Texas,0,0,19,Evening
Derailments,2003:03:RVSC:RV03009,0,0,8169,5343,0,0,0,HIDALGO,21:30,2003,2003,"H702,","RVSC,",1,"H7,","H,",MAIN,Texas,0,0,21,Evening
Derailments,2003:03:TIBR:AI0203,0,0,50000,2000,2,0,0,JASPER,4:00,2003,2003,"T106,","TIBR,",1,"T1,","T,",MAIN,Texas,0,0,4,Midnight
Derailments,2003:03:UP:0303FW024,0,2,500,30181,0,0,0,TARRANT,4:45,2003,2003,"H302,","UP,",76,"H3,","H,",YARD,Texas,0,0,4,Midnight
Other impacts,2003:03:UP:0303HO010,0,0,0,18462,2,2,0,HARRIS,19:00,2003,2003,"H302,","UP,",75,"H3,","H,",INDUSTRY,Texas,0,0,19,Evening
Derailments,2003:03:UP:0303HO012,0,0,7000,24359,16,0,0,HARRIS,19:15,2003,2003,"T102,E40C,","BNSF,UP,",1,"T1,E4,","T,E,",MAIN,Texas,0,0,19,Evening
Derailments,2003:03:UP:0303HO024,0,0,51170,18325,0,0,0,HARRIS,20:00,2003,2003,"M204,","UP,",1,"M2,","M,",MAIN,Texas,0,0,20,Evening
Other impacts,2003:03:UP:0303HO025,0,0,0,14908,2,2,0,BRAZORIA,23:00,2003,2003,"H302,","UP,",57,"H3,","H,",YARD,Texas,0,0,23,Evening
Derailments,2003:04:BNSF:GC0403101,0,0,0,7400,3,1,0,BELL,17:50,2003,2003,"H018,H310,","BNSF,",7,"H0,H3,","H,",YARD,Texas,0,0,17,Evening
Derailments,2003:04:BNSF:KS0403102,0,0,18518,12065,14,0,0,POTTER,1:15,2003,2003,"H503,","BNSF,",1,"H5,","H,",MAIN,Texas,0,0,1,Midnight
Derailments,2003:04:BNSF:KS0403104,0,0,12000,97221,5,4,2,LUBBOCK,21:15,2003,2003,"H309,","BNSF,",7,"H3,","H,",YARD,Texas,0,0,21,Evening
Derailments,2003:04:CAYZ:INDUSTRY,0,0,8905,116,0,0,0,EL PASO,19:05,2003,2003,"H601,","UP,",7,"H6,","H,",INDUSTRY,Texas,0,0,19,Evening
Derailments,2003:04:DGNO:ID03199,0,0,20000,10000,0,0,0,GRAYSON,3:45,2003,2003,"T308,","DGNO,",1,"T3,","T,",MAIN,Texas,0,0,3,Midnight
Derailments,2003:04:TM:304051,0,0,68000,2500,9,0,0,JIM WELLS,23:30,2003,2003,"M405,","TM,",1,"M4,","M,",MAIN,Texas,0,0,23,Evening
Derailments,2003:04:TM:304091,0,0,45000,22000,0,0,0,DUVAL,22:15,2003,2003,"M204,","TM,",1,"M2,","M,",MAIN,Texas,0,0,22,Evening
Derailments,2003:04:UP:0403FW006,0,0,0,9108,0,0,0,ELLIS,1:00,2003,2003,"H306,","UP,",7,"H3,","H,",YARD,Texas,0,0,1,Midnight
Derailments,2003:04:UP:0403FW011,0,0,198743,171825,0,0,0,DALLAS,23:38,2003,2003,"T207,","UP,",1,"T2,","T,",MAIN,Texas,0,0,23,Evening
Other impacts,2003:04:UP:0403HO003,0,0,0,19910,5,2,0,HARRIS,24:00:00,2003,2003,"H020,","UP,",76,"H0,","H,",INDUSTRY,Texas,0,0,24,Midnight
Derailments,2003:04:UP:0403HO013,0,0,0,27895,7,2,0,BRAZORIA,22:25,2003,2003,"H702,","UP,",76,"H7,","H,",YARD,Texas,0,0,22,Evening
Derailments,2003:04:UP:0403HO020,0,0,37900,1109,0,0,0,HARRIS,17:35,2003,2003,"H524,","UP,",7,"H5,","H,",INDUSTRY,Texas,0,0,17,Evening
Derailments,2003:04:UP:0403SA010,0,0,45060,926,0,0,0,CAMERON,24:10:00,2003,2003,"T101,","UP,",1,"T1,","T,",MAIN,Texas,0,0,24,Midnight
Derailments,2003:05:BNSF:GC0503103,0,0,1700,7713,1,1,0,HARRIS,4:15,2003,2003,"M405,","BNSF,",7,"M4,","M,",MAIN,Texas,0,0,4,Midnight
Derailments,2003:05:BNSF:GC0503112,0,0,2500,96475,0,0,0,GREGG,17:00,2003,2003,"M502,","BNSF,",6,"M5,","M,",YARD,Texas,0,0,17,Evening
Derailments,2003:05:BNSF:TX0503100,0,0,13500,5500,15,0,0,BOSQUE,20:45,2003,2003,"H019,H995,","BNSF,",1,"H0,H9,","H,",MAIN,Texas,0,0,20,Evening
Highway-rail impact,2003:05:BNSF:TX0503201,0,0,8000,1800,0,0,0,JOHNSON,1:50,2003,2003,"M303,","BNSF,",1,"M3,","M,",MAIN,Texas,0,0,1,Midnight
Highway-rail impact,2003:05:BNSF:TX0503203,1,0,0,9562,3,0,0,COOKE,20:15,2003,2003,"M302,","BNSF,",1,"M3,","M,",MAIN,Texas,0,0,20,Evening
Other impacts,2003:05:CMC:MAY03016A,0,0,0,7792,2,0,0,LIBERTY,24:10:00,2003,2003,"H992,","BNSF,CMC,",68,"H9,","H,",YARD,Texas,0,0,24,Midnight
Derailments,2003:05:RMEZ:INDUSTRY,0,0,8000,16872,0,0,0,TARRANT,21:00,2003,2003,"H704,","BNSF,",1,"H7,","H,",INDUSTRY,Texas,0,0,21,Evening
Derailments,2003:05:TM:3052091,0,0,57600,1388674,0,0,0,DUVAL,23:30,2003,2003,"T220,","TM,",1,"T2,","T,",MAIN,Texas,0,0,23,Evening
Other impacts,2003:05:UP:0503FW004,0,0,27500,6879,0,0,0,TARRANT,3:30,2003,2003,"M502,","UP,",86,"M5,","M,",YARD,Texas,0,0,3,Midnight
Derailments,2003:05:UP:0503FW009,0,0,1500,6584,0,0,0,DALLAS,3:45,2003,2003,"T314,","UP,",7,"T3,","T,",YARD,Texas,0,0,3,Midnight
Derailments,2003:05:UP:0503HO003,0,0,63830,53551,29,1,0,RUSK,21:23,2003,2003,"E33C,","UP,",1,"E3,","E,",MAIN,Texas,0,0,21,Evening
Derailments,2003:05:UP:0503HO029,0,0,18000,23508,68,1,0,HARRIS,24:50:00,2003,2003,"H503,","UP,",7,"H5,","H,",YARD,Texas,0,0,24,Midnight
Derailments,2003:05:UP:0503LV011,0,0,310000,144413,0,0,0,JEFFERSON,21:59,2003,2003,"T102,E41C,M405,","BNSF,UP,",1,"T1,E4,M4,","T,E,M,",MAIN,Texas,0,0,21,Evening
Derailments,2003:05:UP:0503SA035,0,0,0,25800,0,0,0,KINNEY,1:30,2003,2003,"E71L,E69L,","UP,",7,"E7,E6,","E,",YARD,Texas,0,0,1,Midnight
Derailments,2003:05:UP:0503SA036,0,0,14400,1893,0,0,0,GUADALUPE,1:30,2003,2003,"E4TC,","UP,",1,"E4,","E,",MAIN,Texas,0,0,1,Midnight
Derailments,2003:05:UP:0503TS009,0,0,251000,10500,0,0,0,EL PASO,19:35,2003,2003,"T314,","UP,",1,"T3,","T,",YARD,Texas,0,0,19,Evening
Other impacts,2003:05:UP:0503TS016,0,0,0,8707,3,3,0,EL PASO,18:40,2003,2003,"H302,","UP,",75,"H3,","H,",YARD,Texas,0,0,18,Evening
Derailments,2003:06:BNSF:GC0603117,0,0,12000,44275,24,1,0,LIBERTY,2:30,2003,2003,"H019,E67C,","BNSF,",1,"H0,E6,","H,E,",MAIN,Texas,0,0,2,Midnight
Derailments,2003:06:BNSF:KS0603106,0,0,6200,15146,17,0,0,POTTER,20:15,2003,2003,"H506,","BNSF,",1,"H5,","H,",YARD,Texas,0,0,20,Evening
Other impacts,2003:06:BNSF:TX0603109,0,0,0,49779,0,0,0,DENTON,24:00:00,2003,2003,"H997,","BNSF,",9,"H9,","H,",MAIN,Texas,0,0,24,Midnight
Derailments,2003:06:KCS:030603005,0,0,2326,79596,3,2,0,JEFFERSON,19:50,2003,2003,"T220,","KCS,",7,"T2,","T,",YARD,Texas,0,0,19,Evening
Derailments,2003:06:PTRA:JUN200302,0,0,500,7700,0,0,0,HARRIS,22:45,2003,2003,"H702,","PTRA,",7,"H7,","H,",YARD,Texas,0,0,22,Evening
Other events,2003:06:TM:306021,0,0,0,37400,1,0,0,WEBB,21:45,2003,2003,"M105,","TM,",6,"M1,","M,",YARD,Texas,0,0,21,Evening
Derailments,2003:06:UP:0603HO006,0,0,25000,7286,5,0,0,ROBERTSON,4:15,2003,2003,"T221,","UP,",1,"T2,","T,",MAIN,Texas,0,0,4,Midnight
Derailments,2003:06:UP:0603SA007,0,0,99850,24093,0,0,0,BEXAR,22:45,2003,2003,"H503,","UP,",76,"H5,","H,",YARD,Texas,0,0,22,Evening
Derailments,2003:06:UP:0603SA026,0,0,75184,21055,0,0,0,LIVE OAK,17:00,2003,2003,"T110,","UP,",1,"T1,","T,",MAIN,Texas,0,0,17,Evening
Derailments,2003:07:BNSF:GC0703114,0,0,16000,17919,0,0,0,BRAZORIA,17:00,2003,2003,"H601,","BNSF,",7,"H6,","H,",YARD,Texas,0,0,17,Evening
Other events,2003:07:BNSF:TX0703100,0,0,0,19292,0,0,0,TARRANT,4:45,2003,2003,"H312,H317,","BNSF,",7,"H3,","H,",YARD,Texas,0,0,4,Midnight
Derailments,2003:07:BNSF:TX0703103,0,0,1200,7254,0,0,0,JOHNSON,2:30,2003,2003,"H306,","BNSF,",1,"H3,","H,",YARD,Texas,0,0,2,Midnight
Raking collision,2003:07:KCS:030720003,0,0,15000,0,0,0,0,JEFFERSON,17:40,2003,2003,"H996,","KCS,TXTX,",7,"H9,","H,",INDUSTRY,Texas,0,0,17,Evening
Raking collision,2003:07:PTRA:JULY200301,0,0,3000,77105,1,1,0,HARRIS,1:35,2003,2003,"H306,H302,","PTRA,",7,"H3,","H,",YARD,Texas,0,0,1,Midnight
Derailments,2003:07:TM:307091,0,0,1300,12000,0,0,0,WEBB,22:30,2003,2003,"H306,H305,","TM,",7,"H3,","H,",YARD,Texas,0,0,22,Evening
Derailments,2003:07:TXTX:F0312003,0,0,1400,18000,0,0,0,ORANGE,19:30,2003,2003,"H704,H399,","TXTX,",7,"H7,H3,","H,",INDUSTRY,Texas,0,0,19,Evening
Derailments,2003:07:TXTX:F0342003,0,0,1400,18000,0,0,0,CALHOUN,24:30:00,2003,2003,"E40C,","TXTX,",7,"E4,","E,",INDUSTRY,Texas,0,0,24,Midnight
Derailments,2003:07:UP:0703FW035,0,0,40000,88884,0,0,0,TARRANT,18:00,2003,2003,"T101,","UP,",1,"T1,","T,",MAIN,Texas,0,0,18,Evening
Derailments,2003:07:UP:0703HO013,0,0,15000,14296,3,0,0,HARRIS,21:30,2003,2003,"T110,","UP,",7,"T1,","T,",YARD,Texas,0,0,21,Evening
Derailments,2003:07:UP:0703HO028,0,0,1500,8192,0,0,0,HOUSTON,24:35:00,2003,2003,"H525,","UP,",7,"H5,","H,",MAIN,Texas,0,0,24,Midnight
Other impacts,2003:07:UP:0703HO032,0,0,0,6837,0,0,0,ROBERTSON,21:40,2003,2003,"E31C,","UP,",57,"E3,","E,",YARD,Texas,0,0,21,Evening
Other impacts,2003:07:UP:0703SA010,0,0,135798,124897,0,0,0,BEXAR,17:00,2003,2003,"E31C,","UP,",76,"E3,","E,",YARD,Texas,0,0,17,Evening
Derailments,2003:07:UP:0703SA011,0,0,52500,1036,0,0,0,BEXAR,17:00,2003,2003,"T220,","UP,",7,"T2,","T,",YARD,Texas,0,0,17,Evening
Derailments,2003:07:UP:0703SA014,0,0,46200,179196,0,0,0,MEDINA,1:15,2003,2003,"T220,","UP,",1,"T2,","T,",MAIN,Texas,0,0,1,Midnight
Other impacts,2003:07:UP:0703SA017,0,0,0,49884,0,0,0,BEXAR,18:50,2003,2003,"H306,","UP,",7,"H3,","H,",YARD,Texas,0,0,18,Evening
Derailments,2003:07:UP:0703SA020,0,0,9085,6209,0,0,0,NUECES,20:00,2003,2003,"M405,","UP,",15,"M4,","M,",YARD,Texas,0,0,20,Evening
Derailments,2003:07:UP:0703SA024,0,0,15013,1000,0,0,0,CAMERON,20:30,2003,2003,"T220,","UP,",8,"T2,","T,",YARD,Texas,0,0,20,Evening
Derailments,2003:07:UP:0703SA040,0,0,42875,23300,0,0,0,NUECES,2:10,2003,2003,"T102,M405,","TM,UP,",1,"T1,M4,","T,M,",YARD,Texas,0,0,2,Midnight
Highway-rail impact,2003:07:UP:0703SA042,1,0,40000,10000,0,0,0,LA SALLE,21:24,2003,2003,"M302,","UP,",1,"M3,","M,",MAIN,Texas,0,0,21,Evening
Other impacts,2003:08:KCS:030805001,0,0,500,13539,0,0,0,JEFFERSON,4:20,2003,2003,"H607,H702,","KCS,",7,"H6,H7,","H,",INDUSTRY,Texas,0,0,4,Midnight
Derailments,2003:08:UP:0803FW041,0,0,301459,275930,34,7,0,ERATH,3:38,2003,2003,"T108,","UP,",1,"T1,","T,",MAIN,Texas,0,0,3,Midnight
Raking collision,2003:08:PTRA:AUG200305,0,0,0,27120,1,1,0,HARRIS,21:30,2003,2003,"H018,","PTRA,",7,"H0,","H,",YARD,Texas,0,0,21,Evening
Derailments,2003:08:PTRA:AUG200307,0,0,13100,18325,0,0,0,HARRIS,19:30,2003,2003,"T110,","PTRA,",7,"T1,","T,",YARD,Texas,0,0,19,Evening
Derailments,2003:08:UP:0803FW023,0,0,222090,3000,0,0,0,WISE,21:35,2003,2003,"T220,","UP,",1,"T2,","T,",MAIN,Texas,0,0,21,Evening