AccidentType,inckey,Fatalities,Injuries,TrackDamage,EquipmentDamage,HazmatCars,HazmatCarsDerailed,HazmatCarsReleasing,County,DisplayTime,calendar,Fiscal,AccidentCause,RailroadCodes,RAILEQUIPMENT_TYPE,CauseGroup,CauseDiscipline,TYPE_OF_TRACK,StateName,latitude,longitude,hour,cat
Other impacts,2003:08:UP:0803HO017,0,0,800,29591,5,3,0,HARRIS,17:45,2003,2003,"S006,","UP,",7,"S0,","S,",YARD,Texas,0,0,17,Evening
Derailments,2003:08:UP:0803LV001,0,0,128420,29237,1,0,0,JEFFERSON,1:22,2003,2003,"E46C,","BNSF,UP,",1,"E4,","E,",MAIN,Texas,0,0,1,Midnight
Derailments,2003:08:UP:0803SA009,0,0,9000,6301,0,0,0,BEXAR,20:15,2003,2003,"H504,","UP,",7,"H5,","H,",YARD,Texas,0,0,20,Evening
Derailments,2003:08:UP:0803SA020,0,0,13500,447,0,0,0,BEXAR,20:30,2003,2003,"M405,","UP,",7,"M4,","M,",YARD,Texas,0,0,20,Evening
Derailments,2003:08:UP:0803SA032,0,0,8901,8329,0,0,0,CAMERON,1:15,2003,2003,"T319,","UP,",16,"T3,","T,",YARD,Texas,0,0,1,Midnight
Derailments,2003:08:UP:0803SA036,0,0,45900,186,0,0,0,BEXAR,22:30,2003,2003,"T110,","UP,",7,"T1,","T,",YARD,Texas,0,0,22,Evening
Derailments,2003:09:BNSF:GC0903103,0,0,461000,1600,17,0,0,GRIMES,1:55,2003,2003,"T102,","BNSF,",1,"T1,","T,",MAIN,Texas,0,0,1,Midnight
Rear end collision,2003:09:BNSF:GC0903109,0,2,2000,114778,7,0,0,BURLESON,3:05,2003,2003,"H605,","BNSF,",1,"H6,","H,",MAIN,Texas,0,0,3,Midnight
Derailments,2003:09:BNSF:GC0903119,0,0,13000,8745,17,0,0,GALVESTON,4:08,2003,2003,"H019,E67C,","BNSF,UP,",1,"H0,E6,","H,E,",MAIN,Texas,0,0,4,Midnight
Derailments,2003:09:BNSF:GC0903124,0,0,0,7000,0,0,0,FREESTONE,1:00,2003,2003,"M502,","BNSF,",16,"M5,","M,",YARD,Texas,0,0,1,Midnight
Derailments,2003:09:BNSF:KS0903110,0,0,54000,7068,0,0,0,POTTER,17:45,2003,2003,"H703,","BNSF,",1,"H7,","H,",MAIN,Texas,0,0,17,Evening
Derailments,2003:09:BNSF:KS0903127,0,0,0,15305,1,1,0,LUBBOCK,1:20,2003,2003,"H312,","BNSF,",7,"H3,","H,",MAIN,Texas,0,0,1,Midnight
Other impacts,2003:09:BNSF:TX0903108,0,0,3800,3779,0,0,0,TARRANT,22:00,2003,2003,"H318,H310,","BNSF,",7,"H3,","H,",YARD,Texas,0,0,22,Evening
Derailments,2003:09:BNSF:TX0903111,0,0,10000,29918,0,0,0,TARRANT,19:25,2003,2003,"H019,H524,","BNSF,",7,"H0,H5,","H,",YARD,Texas,0,0,19,Evening
Highway-rail impact,2003:09:BNSF:TX0903203,0,0,8500,10000,0,0,0,TARRANT,20:40,2003,2003,"M399,","BNSF,",1,"M3,","M,",MAIN,Texas,0,0,20,Evening
Derailments,2003:09:KCS:030917005,0,0,8000,608,0,0,0,DALLAS,19:20,2003,2003,"T110,","KCS,",1,"T1,","T,",INDUSTRY,Texas,0,0,19,Evening
Derailments,2003:09:TM:TM03092001,0,0,1200,15250,0,0,0,WEBB,19:45,2003,2003,"T111,","TM,",1,"T1,","T,",YARD,Texas,0,0,19,Evening
Derailments,2003:09:UP:0903FW018,0,0,18501,22013,0,0,0,TARRANT,20:45,2003,2003,"H506,","UP,",7,"H5,","H,",YARD,Texas,0,0,20,Evening
Derailments,2003:09:UP:0903FW031,0,0,21000,84826,0,0,0,TARRANT,3:30,2003,2003,"T221,","BNSF,UP,",1,"T2,","T,",YARD,Texas,0,0,3,Midnight
Other impacts,2003:09:UP:0903HO004,0,2,5500,225033,36,25,0,HARRIS,21:30,2003,2003,"S007,","UP,",7,"S0,","S,",YARD,Texas,0,0,21,Evening
Obstruction impact,2003:09:UP:0903HO013,0,0,15000,3111,0,0,0,HARRIS,18:00,2003,2003,"M402,","UP,",1,"M4,","M,",MAIN,Texas,0,0,18,Evening
Derailments,2003:09:UP:0903HO023,0,0,1400,36917,7,0,0,HARRIS,22:00,2003,2003,"H020,","UP,",7,"H0,","H,",YARD,Texas,0,0,22,Evening
Other impacts,2003:09:UP:0903HO027,0,0,0,13845,0,0,0,HARRIS,20:30,2003,2003,"H301,","UP,",76,"H3,","H,",YARD,Texas,0,0,20,Evening
Derailments,2003:09:UP:0903LK027,0,0,155366,1605,0,0,0,BOWIE,20:51,2003,2003,"M202,","UP,",1,"M2,","M,",MAIN,Texas,0,0,20,Evening
Derailments,2003:09:UP:0903LV004,0,0,89000,420,30,0,0,JEFFERSON,3:10,2003,2003,"E4TC,","UP,",1,"E4,","E,",MAIN,Texas,0,0,3,Midnight
Derailments,2003:09:UP:0903LV015,0,0,12306,10603,25,0,0,JEFFERSON,20:25,2003,2003,"T399,H503,","KCS,UP,",1,"T3,H5,","T,H,",YARD,Texas,0,0,20,Evening
Derailments,2003:09:UP:0903SA001,0,0,188674,41941,0,0,0,BEXAR,4:00,2003,2003,"T110,","UP,",7,"T1,","T,",YARD,Texas,0,0,4,Midnight
Side collision,2003:09:UP:0903SA017,0,0,0,19345,0,0,0,BEXAR,19:30,2003,2003,"H306,","UP,",7,"H3,","H,",YARD,Texas,0,0,19,Evening
Derailments,2003:09:UP:0903SA019,0,0,36958,601,0,0,0,SAN PATRICIO,21:50,2003,2003,"H511,","UP,",7,"H5,","H,",YARD,Texas,0,0,21,Evening
Derailments,2003:09:UP:0903SA025,0,0,55097,1764,0,0,0,WILLIAMSON,20:15,2003,2003,"T101,","UP,",1,"T1,","T,",MAIN,Texas,0,0,20,Evening
Derailments,2003:09:UP:0903SA030,0,0,2000,66775,0,0,0,WEBB,21:30,2003,2003,"T103,","UP,",78,"T1,","T,",YARD,Texas,0,0,21,Evening
Obstruction impact,2003:10:BNSF:GC1003111,0,0,11000,11325,0,0,0,MONTGOMERY,21:45,2003,2004,"M503,","BNSF,",1,"M5,","M,",MAIN,Texas,0,0,21,Evening
Other impacts,2003:10:BNSF:GC1003112,0,0,0,15249,0,0,0,HARRIS,2:30,2003,2004,"H318,","BNSF,",7,"H3,","H,",YARD,Texas,0,0,2,Midnight
Other impacts,2003:10:BNSF:KS1003106,0,0,4858,31588,25,1,0,POTTER,2:45,2003,2004,"H306,","BNSF,",71,"H3,","H,",YARD,Texas,0,0,2,Midnight
Other impacts,2003:10:BNSF:KS1003120,0,0,0,13635,0,0,0,POTTER,18:00,2003,2004,"H301,","BNSF,",5,"H3,","H,",YARD,Texas,0,0,18,Evening
Highway-rail impact,2003:10:BNSF:TX1003203,1,2,33000,10000,6,0,0,WISE,24:25:00,2003,2004,"M302,","BNSF,",1,"M3,","M,",MAIN,Texas,0,0,24,Midnight
Derailments,2003:10:PTRA:OCT200301,0,0,13500,1850,0,0,0,HARRIS,21:56,2003,2004,"H702,","PTRA,",7,"H7,","H,",YARD,Texas,0,0,21,Evening
Derailments,2003:10:UP:1003FW028,0,0,0,34317,0,0,0,DALLAS,22:00,2003,2004,"M507,","UP,",5,"M5,","M,",YARD,Texas,0,0,22,Evening
Derailments,2003:10:UP:1003HO012,0,0,38500,3712,46,4,0,HARRIS,19:00,2003,2004,"S007,","UP,",7,"S0,","S,",YARD,Texas,0,0,19,Evening
Obstruction impact,2003:10:UP:1003HO036,0,0,0,7761,61,0,0,HARRIS,22:45,2003,2004,"T499,E29L,","BNSF,UP,",1,"T4,E2,","T,E,",MAIN,Texas,0,0,22,Evening
Derailments,2003:10:UP:1003SA033,0,0,45846,5531,0,0,0,BEXAR,17:00,2003,2004,"H704,","UP,",7,"H7,","H,",YARD,Texas,0,0,17,Evening
Derailments,2003:11:BNSF:GC1103113,0,0,1000,26300,0,0,0,GALVESTON,22:00,2003,2004,"H503,E69C,T102,","BNSF,GVSR,",67,"H5,E6,T1,","H,E,T,",YARD,Texas,0,0,22,Evening
Derailments,2003:11:BNSF:KS1103106,0,0,50000,161165,0,0,0,POTTER,19:00,2003,2004,"H306,","BNSF,",61,"H3,","H,",YARD,Texas,0,0,19,Evening
Derailments,2003:11:BNSF:SW1103105,0,0,3500,15566,0,0,0,EL PASO,23:30,2003,2004,"E04C,","BNSF,",1,"E0,","E,",YARD,Texas,0,0,23,Evening
Other impacts,2003:11:BNSF:TX1103112,0,0,1000,83185,0,0,0,TARRANT,21:10,2003,2004,"H399,","BNSF,",7,"H3,","H,",YARD,Texas,0,0,21,Evening
Highway-rail impact,2003:11:UP:1103FW014,0,0,4100,10000,0,0,0,TARRANT,18:25,2003,2004,"M399,","UP,",1,"M3,","M,",MAIN,Texas,0,0,18,Evening
Derailments,2003:11:UP:1103FW017,0,0,22423,73566,0,0,0,CALLAHAN,1:00,2003,2004,"T220,","UP,",1,"T2,","T,",MAIN,Texas,0,0,1,Midnight
Highway-rail impact,2003:11:UP:1103HO011,0,0,18000,10346,0,0,0,HARRIS,24:20:00,2003,2004,"M304,","UP,",1,"M3,","M,",MAIN,Texas,0,0,24,Midnight
Derailments,2003:11:UP:1103HO018,0,0,29000,1404,2,0,0,HARRIS,20:00,2003,2004,"S007,","UP,",75,"S0,","S,",YARD,Texas,0,0,20,Evening
Derailments,2003:11:UP:1103HO026,0,0,3500,24610,3,0,0,HARRIS,19:15,2003,2004,"T220,","UP,",7,"T2,","T,",YARD,Texas,0,0,19,Evening
Derailments,2003:11:UP:1103SA023,0,0,23000,184,0,0,0,BEXAR,20:05,2003,2004,"T102,","UP,",1,"T1,","T,",YARD,Texas,0,0,20,Evening
Other impacts,2003:12:BAZ:INDUSTRY,0,0,0,7220,1,1,0,HARRIS,2:30,2003,2004,"H302,","UP,",75,"H3,","H,",INDUSTRY,Texas,0,0,2,Midnight
Highway-rail impact,2003:12:BNSF:GC1203200,0,0,115000,372168,17,1,0,LIBERTY,20:35,2003,2004,"M399,","BNSF,",1,"M3,","M,",MAIN,Texas,0,0,20,Evening
Other impacts,2003:12:BNSF:KS1203104,0,0,100,22228,67,2,0,LUBBOCK,21:00,2003,2004,"H306,","BNSF,",1,"H3,","H,",YARD,Texas,0,0,21,Evening
Other events,2003:12:BNSF:TX1203106,0,2,0,23190,0,0,0,DALLAS,23:45,2003,2004,"H306,","BNSF,",1,"H3,","H,",MAIN,Texas,0,0,23,Evening
Derailments,2003:12:BNSF:TX1203107,0,0,500,26329,13,0,0,TARRANT,21:00,2003,2004,"T319,E64C,","BNSF,",1,"T3,E6,","T,E,",YARD,Texas,0,0,21,Evening
Side collision,2003:12:BNSF:TX1203117,0,0,1000,36000,4,0,0,TARRANT,2:50,2003,2004,"H307,","BNSF,KCS,",81,"H3,","H,",YARD,Texas,0,0,2,Midnight
Highway-rail impact,2003:12:BNSF:TX1203208,0,1,900,28286,0,0,0,MCLENNAN,24:55:00,2003,2004,"M302,M303,","ATK,BNSF,",2,"M3,","M,",MAIN,Texas,0,0,24,Midnight
Derailments,2003:12:TM:TM03120801,0,1,170000,1459920,5,1,1,WEBB,2:18,2003,2004,"T215,","TM,",1,"T2,","T,",MAIN,Texas,0,0,2,Midnight
Derailments,2003:12:TSMQ:INDUSTRY,0,0,3000,4541,0,0,0,ANDERSON,18:30,2003,2004,"T110,","UP,",7,"T1,","T,",INDUSTRY,Texas,0,0,18,Evening
Other impacts,2003:12:UP:1203HO010,0,0,0,9157,6,1,0,BRAZORIA,20:30,2003,2004,"M105,","UP,",75,"M1,","M,",YARD,Texas,0,0,20,Evening
Derailments,2003:12:UP:1203HO012,0,0,20000,1136,0,0,0,WALKER,21:30,2003,2004,"E85C,","UP,",1,"E8,","E,",MAIN,Texas,0,0,21,Evening
Derailments,2003:12:UP:1203SA013,0,0,4098,4132,0,0,0,CAMERON,3:50,2003,2004,"H507,","UP,",75,"H5,","H,",YARD,Texas,0,0,3,Midnight
Derailments,2004:01:BNSF:GC0104107,0,0,250000,1365434,17,11,6,MILAM,2:55,2004,2004,"T204,","BNSF,",1,"T2,","T,",MAIN,Texas,0,0,2,Midnight
Highway-rail impact,2004:01:BNSF:GC0104202,2,0,65500,200,0,0,0,MILAM,17:00,2004,2004,"M302,","BNSF,",2,"M3,","M,",MAIN,Texas,0,0,17,Evening
Other impacts,2004:01:BNSF:KS0104105,0,0,18000,187053,6,0,0,POTTER,21:25,2004,2004,"H306,","BNSF,",71,"H3,","H,",YARD,Texas,0,0,21,Evening
Derailments,2004:01:BNSF:TX0104104,0,0,328400,1406000,0,0,0,WISE,21:20,2004,2004,"E53C,","BNSF,",1,"E5,","E,",MAIN,Texas,0,0,21,Evening
Derailments,2004:01:BNSF:TX0104108,0,0,400000,486722,18,7,0,BELL,22:25,2004,2004,"H999,E53C,","BNSF,",1,"H9,E5,","H,E,",MAIN,Texas,0,0,22,Evening
Derailments,2004:01:PTRA:JAN200402,0,0,25150,44779,0,0,0,HARRIS,1:15,2004,2004,"T311,","PTRA,",1,"T3,","T,",YARD,Texas,0,0,1,Midnight
Side collision,2004:01:TM:TM04012701,0,0,0,10000,0,0,0,WEBB,19:40,2004,2004,"H212,","TM,",78,"H2,","H,",YARD,Texas,0,0,19,Evening
Derailments,2004:01:UP:0104FW001,0,0,1200,11312,0,0,0,TARRANT,20:15,2004,2004,"E41C,","UP,",1,"E4,","E,",MAIN,Texas,0,0,20,Evening
Derailments,2004:01:UP:0104FW011,0,0,4300,4607,0,0,0,NAVARRO,19:15,2004,2004,"M199,","UP,",7,"M1,","M,",MAIN,Texas,0,0,19,Evening
Derailments,2004:01:UP:0104FW013,0,0,45911,91073,6,6,0,TARRANT,21:00,2004,2004,"T199,","UP,",1,"T1,","T,",MAIN,Texas,0,0,21,Evening
Derailments,2004:01:UP:0104HO007,0,0,63500,72473,0,0,0,HARRIS,1:15,2004,2004,"T110,T111,H504,","BNSF,UP,",7,"T1,H5,","T,H,",YARD,Texas,0,0,1,Midnight
Derailments,2004:01:UP:0104HO016,0,0,10230,436674,0,0,0,LEON,21:15,2004,2004,"T220,","UP,",1,"T2,","T,",MAIN,Texas,0,0,21,Evening
Derailments,2004:01:UP:0104HO023,0,0,3000,9256,24,0,0,VICTORIA,2:40,2004,2004,"T319,","UP,",7,"T3,","T,",YARD,Texas,0,0,2,Midnight
Highway-rail impact,2004:01:UP:0104TS028,0,0,25000,2656,0,0,0,PRESIDIO,24:38:00,2004,2004,"M302,","UP,",1,"M3,","M,",MAIN,Texas,0,0,24,Midnight
Obstruction impact,2004:02:BNSF:GC0204114,0,0,57500,750,12,1,0,BELL,20:50,2004,2004,"E79L,T099,","BNSF,",1,"E7,T0,","E,T,",MAIN,Texas,0,0,20,Evening
Derailments,2004:02:BNSF:GC0204115,0,0,1000,62800,0,0,0,GALVESTON,23:00,2004,2004,"T001,","BNSF,",1,"T0,","T,",SIDING,Texas,0,0,23,Evening
Derailments,2004:02:BNSF:GC0204116,0,0,2000,45623,7,0,0,BURLESON,1:50,2004,2004,"E33C,","BNSF,",1,"E3,","E,",MAIN,Texas,0,0,1,Midnight
Side collision,2004:02:BNSF:KS0204116,0,0,12540,63725,2,2,0,POTTER,21:25,2004,2004,"H307,H399,","BNSF,",7,"H3,","H,",YARD,Texas,0,0,21,Evening
Derailments,2004:02:KCS:040219003,0,0,807,30000,0,0,0,JEFFERSON,4:55,2004,2004,"H303,","KCS,",7,"H3,","H,",YARD,Texas,0,0,4,Midnight
Other impacts,2004:02:PTRA:FEB200401,0,0,0,20000,3,2,0,HARRIS,2:25,2004,2004,"H318,","PTRA,",7,"H3,","H,",YARD,Texas,0,0,2,Midnight
Other impacts,2004:02:PTRA:FEB200402,0,0,0,29000,6,1,0,HARRIS,19:20,2004,2004,"H021,H318,","PTRA,",7,"H0,H3,","H,",YARD,Texas,0,0,19,Evening
Derailments,2004:02:RSTZ:INDUSTRY,0,0,5000,6000,0,0,0,ORANGE,19:40,2004,2004,"T314,","UP,",7,"T3,","T,",INDUSTRY,Texas,0,0,19,Evening
Derailments,2004:02:TXTX:F0082004,0,0,750,11497,0,0,0,CHAMBERS,21:30,2004,2004,"H306,H303,","TXTX,",7,"H3,","H,",INDUSTRY,Texas,0,0,21,Evening
Derailments,2004:02:UP:0204FW006,0,0,2000,17665,0,0,0,DALLAS,21:25,2004,2004,"H306,","UP,",7,"H3,","H,",YARD,Texas,0,0,21,Evening
Derailments,2004:02:UP:0204FW033,0,0,18000,1500,0,0,0,NOLAN,4:05,2004,2004,"H399,","UP,",1,"H3,","H,",SIDING,Texas,0,0,4,Midnight
Derailments,2004:02:UP:0204HO009,0,0,33819,36397,0,0,0,BRAZOS,22:20,2004,2004,"T220,","UP,",1,"T2,","T,",MAIN,Texas,0,0,22,Evening
Other impacts,2004:02:UP:0204HO015,0,0,0,27775,19,0,0,HARRIS,23:05,2004,2004,"H017,","UP,",81,"H0,","H,",YARD,Texas,0,0,23,Evening
Derailments,2004:02:UP:0204HO026,0,0,45500,15915,1,0,0,HARRIS,2:25,2004,2004,"S016,","UP,",76,"S0,","S,",YARD,Texas,0,0,2,Midnight
Derailments,2004:02:UP:0204SA034,0,0,11100,7488,0,0,0,WILLIAMSON,20:30,2004,2004,"E22C,","UP,",1,"E2,","E,",MAIN,Texas,0,0,20,Evening
Derailments,2004:03:BNSF:KS0304104,0,0,0,16424,1,0,0,POTTER,20:30,2004,2004,"H318,H302,","BNSF,",7,"H3,","H,",YARD,Texas,0,0,20,Evening
Derailments,2004:03:BNSF:KS0304113,0,0,0,8247,0,0,0,LUBBOCK,20:10,2004,2004,"H312,","BNSF,",7,"H3,","H,",YARD,Texas,0,0,20,Evening
Derailments,2004:03:BNSF:KS0304121,0,0,4000,9358,15,0,0,POTTER,21:00,2004,2004,"H503,","BNSF,",1,"H5,","H,",YARD,Texas,0,0,21,Evening
Derailments,2004:03:BNSF:TX0304108,0,0,3500,15000,0,0,0,ELLIS,20:30,2004,2004,"H703,","BNSF,",1,"H7,","H,",YARD,Texas,0,0,20,Evening
Derailments,2004:03:KCS:040314001,0,0,10632,8300,0,0,0,JEFFERSON,19:45,2004,2004,"T110,","KCS,",1,"T1,","T,",YARD,Texas,0,0,19,Evening
Other impacts,2004:03:PTRA:MAR200403,0,0,0,16562,1,1,0,HARRIS,19:00,2004,2004,"H318,","PTRA,",7,"H3,","H,",YARD,Texas,0,0,19,Evening
Derailments,2004:03:TM:TM04030601,0,0,2000,28000,0,0,0,NUECES,20:08,2004,2004,"T101,T102,","TM,",1,"T1,","T,",YARD,Texas,0,0,20,Evening
Other impacts,2004:03:UP:0304HO008,0,0,0,12080,0,0,0,HARRIS,20:00,2004,2004,"H018,","UP,",57,"H0,","H,",YARD,Texas,0,0,20,Evening
Derailments,2004:03:UP:0304HO015,0,0,30000,1145,22,0,0,HARRIS,4:00,2004,2004,"S006,","UP,",7,"S0,","S,",YARD,Texas,0,0,4,Midnight
Side collision,2004:04:BNSF:GC0404103,0,0,12100,31820,1,1,0,BELL,17:15,2004,2004,"H020,","BNSF,",7,"H0,","H,",YARD,Texas,0,0,17,Evening
Other impacts,2004:04:BNSF:KS0404114,0,0,16000,48231,2,2,0,POTTER,21:25,2004,2004,"T212,","BNSF,",76,"T2,","T,",YARD,Texas,0,0,21,Evening
Derailments,2004:04:BNSF:TX0404102,0,0,113821,17179,0,0,0,TARRANT,17:30,2004,2004,"T314,","BNSF,",1,"T3,","T,",SIDING,Texas,0,0,17,Evening
Side collision,2004:04:KCS:040416003,0,0,0,17500,0,0,0,JEFFERSON,24:45:00,2004,2004,"H699,","KCS,",87,"H6,","H,",YARD,Texas,0,0,24,Midnight
Obstruction impact,2004:04:TRE:04072004,0,0,0,11010,0,0,0,TARRANT,20:15,2004,2004,"M402,","TRE,",3,"M4,","M,",MAIN,Texas,0,0,20,Evening
Derailments,2004:04:TXTX:F0162004,0,0,1400,12177,0,0,0,CHAMBERS,21:45,2004,2004,"T205,","TXTX,",7,"T2,","T,",INDUSTRY,Texas,0,0,21,Evening
Other impacts,2004:04:UP:0404FW007,0,0,0,8560,0,0,0,TARRANT,3:30,2004,2004,"H020,","UP,",75,"H0,","H,",YARD,Texas,0,0,3,Midnight
Derailments,2004:04:UP:0404FW018,0,0,42000,34200,0,0,0,TARRANT,4:50,2004,2004,"T319,T315,","UP,",7,"T3,","T,",YARD,Texas,0,0,4,Midnight
Derailments,2004:04:UP:0404HO022,0,0,57500,13790,0,0,0,HARRIS,1:45,2004,2004,"T113,T110,","BNSF,UP,",7,"T1,","T,",MAIN,Texas,0,0,1,Midnight
Derailments,2004:04:UP:0404HO025,0,0,0,9200,0,0,0,HARRIS,18:15,2004,2004,"M405,","UP,",7,"M4,","M,",YARD,Texas,0,0,18,Evening
Derailments,2004:04:UP:0404LV006,0,0,0,13095,0,0,0,JEFFERSON,21:45,2004,2004,"M405,","BNSF,UP,",1,"M4,","M,",INDUSTRY,Texas,0,0,21,Evening
Highway-rail impact,2004:04:UP:0404SA010,0,0,0,7126,0,0,0,WILLIAMSON,20:30,2004,2004,"M302,M399,","ATK,UP,",2,"M3,","M,",MAIN,Texas,0,0,20,Evening
Derailments,2004:04:UP:0404SA024,0,0,34188,4175,0,0,0,BEXAR,1:30,2004,2004,"T110,","UP,",7,"T1,","T,",YARD,Texas,0,0,1,Midnight
Derailments,2004:05:BNSF:GC0504100,0,0,220200,28394,0,0,0,NOLAN,19:45,2004,2004,"T202,","BNSF,",1,"T2,","T,",YARD,Texas,0,0,19,Evening
Derailments,2004:05:BNSF:GC0504105,0,0,30000,38900,0,0,0,GALVESTON,17:00,2004,2004,"T210,","BNSF,GVSR,",1,"T2,","T,",MAIN,Texas,0,0,17,Evening
Derailments,2004:05:BNSF:GC0504117,0,0,0,14100,0,0,0,GALVESTON,17:45,2004,2004,"H701,","BNSF,",7,"H7,","H,",YARD,Texas,0,0,17,Evening
Side collision,2004:05:BNSF:KS0504101,0,0,12000,218939,4,4,0,POTTER,2:30,2004,2004,"E40C,","BNSF,",67,"E4,","E,",YARD,Texas,0,0,2,Midnight
Other events,2004:05:BNSF:PR0504110,0,0,276000,25099,0,0,0,HARTLEY,17:35,2004,2004,"M105,","BNSF,",1,"M1,","M,",MAIN,Texas,0,0,17,Evening
Head on collision,2004:05:BNSF:TX0504108,1,4,50000,2015784,0,0,0,GRAYSON,17:46,2004,2004,"H404,","BNSF,",1,"H4,","H,",MAIN,Texas,0,0,17,Evening
Derailments,2004:05:KCS:040503001,0,0,6904,121079,0,0,0,TITUS,1:20,2004,2004,"T309,H703,","KCS,",1,"T3,H7,","T,H,",INDUSTRY,Texas,0,0,1,Midnight
Derailments,2004:05:KCS:040520002,0,0,3984,3229,0,0,0,JEFFERSON,20:00,2004,2004,"T110,","KCS,",7,"T1,","T,",YARD,Texas,0,0,20,Evening
Raking collision,2004:05:PTRA:MAY200402,0,0,0,26202,27,2,0,HARRIS,3:00,2004,2004,"H020,","PTRA,",7,"H0,","H,",YARD,Texas,0,0,3,Midnight
Derailments,2004:05:PTRA:MAY200404,0,0,8220,22174,39,0,0,HARRIS,2:37,2004,2004,"H504,M405,","PTRA,UP,",1,"H5,M4,","H,M,",MAIN,Texas,0,0,2,Midnight
Derailments,2004:05:UP:0504HO008,0,0,6700,43608,18,0,0,ROBERTSON,3:30,2004,2004,"H519,","UP,",7,"H5,","H,",YARD,Texas,0,0,3,Midnight
Raking collision,2004:05:UP:0504SA001,0,3,178960,1479634,4,0,0,BEXAR,4:01,2004,2004,"H221,","UP,",1,"H2,","H,",MAIN,Texas,0,0,4,Midnight
Derailments,2004:06:BNSF:GC0604103,0,0,6701,4449,2,0,0,HARRIS,4:45,2004,2004,"H702,","BNSF,",67,"H7,","H,",YARD,Texas,0,0,4,Midnight
Derailments,2004:06:BNSF:GC0604117,0,0,4000,31568,0,0,0,MATAGORDA,18:00,2004,2004,"E23C,","BNSF,",1,"E2,","E,",SIDING,Texas,0,0,18,Evening
Derailments,2004:06:BNSF:GC0604119,0,0,11000,6113,0,0,0,GALVESTON,23:15,2004,2004,"T311,","BNSF,GVSR,",1,"T3,","T,",YARD,Texas,0,0,23,Evening
Other impacts,2004:06:BNSF:KS0604109,0,0,0,7027,0,0,0,POTTER,4:45,2004,2004,"H018,","BNSF,",51,"H0,","H,",MAIN,Texas,0,0,4,Midnight
Derailments,2004:06:BNSF:KS0604110,0,0,31050,54091,12,3,0,POTTER,17:10,2004,2004,"M405,","BNSF,",1,"M4,","M,",YARD,Texas,0,0,17,Evening
Derailments,2004:06:BNSF:TX0604100,0,0,0,22010,0,0,0,CHILDRESS,19:54,2004,2004,"M105,","BNSF,",6,"M1,","M,",YARD,Texas,0,0,19,Evening
Derailments,2004:06:BNSF:TX0604111,0,0,45670,24000,0,0,0,DALLAS,3:45,2004,2004,"H602,T110,T317,","BNSF,DGNO,",1,"H6,T1,T3,","H,T,",SIDING,Texas,0,0,3,Midnight
Derailments,2004:06:BNSF:TX0604115,0,0,1000,6433,0,0,0,WICHITA,24:30:00,2004,2004,"T001,","BNSF,",7,"T0,","T,",YARD,Texas,0,0,24,Midnight
Highway-rail impact,2004:06:BNSF:TX0604205,0,3,0,11000,0,0,0,COOKE,19:37,2004,2004,"M302,M308,","ATK,BNSF,",2,"M3,","M,",MAIN,Texas,7,0,19,Evening
Highway-rail impact,2004:06:BNSF:TX0604206,1,0,103000,77433,1,0,0,DENTON,20:30,2004,2004,"M302,M401,","BNSF,KCS,",1,"M3,M4,","M,",MAIN,Texas,0,0,20,Evening
Derailments,2004:06:DGNO:ID04254,0,0,0,103000,0,0,0,GRAYSON,4:30,2004,2004,"H008,","DGNO,",1,"H0,","H,",INDUSTRY,Texas,0,0,4,Midnight
Derailments,2004:06:UP:0604FW002,0,0,2300,11402,0,0,0,TARRANT,24:00:00,2004,2004,"T110,","UP,",7,"T1,","T,",YARD,Texas,0,0,24,Midnight
Derailments,2004:06:UP:0604FW022,0,0,16000,27500,0,0,0,TARRANT,4:30,2004,2004,"T102,","UP,",1,"T1,","T,",MAIN,Texas,0,0,4,Midnight
Other impacts,2004:06:UP:0604FW027,0,0,800,18991,0,0,0,DALLAS,17:45,2004,2004,"H399,H312,","UP,",7,"H3,","H,",YARD,Texas,0,0,17,Evening
Derailments,2004:06:UP:0604FW028,0,0,25000,1490,0,0,0,TARRANT,21:15,2004,2004,"M411,","UP,",7,"M4,","M,",YARD,Texas,0,0,21,Evening
Derailments,2004:06:UP:0604HO008,0,0,3500,24465,9,1,0,HARRIS,17:00,2004,2004,"T110,","UP,",7,"T1,","T,",YARD,Texas,0,0,17,Evening
Derailments,2004:06:UP:0604HO016,0,0,83500,25450,0,0,0,HARRIS,23:50,2004,2004,"M405,","UP,",7,"M4,","M,",YARD,Texas,0,0,23,Evening
Other impacts,2004:06:UP:0604HO030,0,0,31280,2183,0,0,0,GALVESTON,24:45:00,2004,2004,"H704,H306,","UP,",7,"H7,H3,","H,",YARD,Texas,0,0,24,Midnight
Derailments,2004:06:UP:0604HO034,0,0,7000,10900,0,0,0,HARRIS,24:30:00,2004,2004,"T314,","UP,",1,"T3,","T,",YARD,Texas,0,0,24,Midnight
Derailments,2004:06:UP:0604LK005,0,0,10000,59570,0,0,0,UPSHUR,22:33,2004,2004,"H702,","UP,",7,"H7,","H,",SIDING,Texas,0,0,22,Evening
Derailments,2004:06:UP:0604LV028,0,0,0,24755,0,0,0,JEFFERSON,17:30,2004,2004,"H503,","UP,",7,"H5,","H,",YARD,Texas,0,0,17,Evening
Derailments,2004:06:UP:0604SA003,0,0,121028,32215,0,0,0,BEXAR,4:45,2004,2004,"E32C,","UP,",7,"E3,","E,",YARD,Texas,0,0,4,Midnight
Derailments,2004:06:UP:0604SA006,0,0,211235,76700,0,0,0,BASTROP,2:00,2004,2004,"H019,","BNSF,UP,",1,"H0,","H,",MAIN,Texas,0,0,2,Midnight
Derailments,2004:06:UP:0604TS018,0,0,0,7490,0,0,0,HUDSPETH,17:11,2004,2004,"E51L,","UP,",1,"E5,","E,",MAIN,Texas,0,0,17,Evening
Derailments,2004:07:CARZ:INDUSTRY,0,0,4500,24300,0,0,0,HARRIS,19:20,2004,2004,"T311,","PTRA,",7,"T3,","T,",INDUSTRY,Texas,0,0,19,Evening
Derailments,2004:07:PPRJ:INDUSTRY,0,0,0,11627,0,0,0,CAMP,21:13,2004,2004,"H306,","UP,",7,"H3,","H,",INDUSTRY,Texas,0,0,21,Evening