AccidentType,inckey,Fatalities,Injuries,TrackDamage,EquipmentDamage,HazmatCars,HazmatCarsDerailed,HazmatCarsReleasing,County,DisplayTime,calendar,Fiscal,AccidentCause,RailroadCodes,RAILEQUIPMENT_TYPE,CauseGroup,CauseDiscipline,TYPE_OF_TRACK,StateName,latitude,longitude,hour,cat
Derailments,2004:07:UP:0704FW008,0,0,139967,329323,0,0,0,BELL,24:35:00,2004,2004,"H509,E85C,","BNSF,UP,",16,"H5,E8,H5,","H,E,H,",MAIN,Texas,0,0,24,Midnight
Derailments,2004:07:UP:0704HO010,0,0,300,32051,0,0,0,BRAZORIA,3:00,2004,2004,"M405,","UP,",7,"M4,","M,",YARD,Texas,0,0,3,Midnight
Derailments,2004:07:UP:0704HO034,0,0,26207,3968,0,0,0,HARRIS,2:40,2004,2004,"S011,","UP,",7,"S0,","S,",YARD,Texas,0,0,2,Midnight
Highway-rail impact,2004:07:UP:0704SA019,0,0,90000,800,0,0,0,GUADALUPE,17:00,2004,2004,"M304,","UP,",1,"M3,","M,",MAIN,Texas,0,0,17,Evening
Derailments,2004:08:AGCR:082204,0,0,0,8664,0,0,0,BEXAR,4:30,2004,2004,"E85C,","AGCR,",7,"E8,","E,",YARD,Texas,0,0,4,Midnight
Side collision,2004:08:BNSF:GC0804101,0,0,80000,81324,0,0,0,BURLESON,21:50,2004,2004,"H306,","BNSF,",1,"H3,","H,",YARD,Texas,0,0,21,Evening
Derailments,2004:08:BNSF:TX0804100,0,0,6000,13484,0,0,0,DALLAS,4:53,2004,2004,"H306,","BNSF,",1,"H3,","H,",SIDING,Texas,0,0,4,Midnight
Derailments,2004:08:BNSF:TX0804113,0,0,6230,9792,0,0,0,WICHITA,17:40,2004,2004,"M405,","BNSF,",1,"M4,","M,",YARD,Texas,0,0,17,Evening
Derailments,2004:08:BNSF:TX0804115,0,0,1200,18013,2,0,0,WICHITA,23:40,2004,2004,"T111,","BNSF,",1,"T1,","T,",YARD,Texas,0,0,23,Evening
Highway-rail impact,2004:08:BNSF:TX0804203,1,3,0,86356,0,0,0,WILBARGER,24:20:00,2004,2004,"M302,","BNSF,",1,"M3,","M,",MAIN,Texas,0,0,24,Midnight
Derailments,2004:08:KCS:04080305,0,0,243,13500,0,0,0,JEFFERSON,22:00,2004,2004,"H310,","KCS,",7,"H3,","H,",INDUSTRY,Texas,0,0,22,Evening
Other impacts,2004:08:PTRA:20040805,0,0,0,32700,0,0,0,HARRIS,24:50:00,2004,2004,"H021,H318,","PTRA,",7,"H0,H3,","H,",YARD,Texas,0,0,24,Midnight
Derailments,2004:08:UP:0804FW003,0,0,2005,55484,0,0,0,JOHNSON,17:53,2004,2004,"H503,","UP,",1,"H5,","H,",MAIN,Texas,0,0,17,Evening
Derailments,2004:08:UP:0804HO013,0,0,1000,22727,0,0,0,WALKER,23:30,2004,2004,"M504,","UP,",6,"M5,","M,",INDUSTRY,Texas,0,0,23,Evening
Other impacts,2004:08:UP:0804HO026,0,0,0,25122,0,0,0,ROBERTSON,18:30,2004,2004,"H601,","UP,",1,"H6,","H,",YARD,Texas,0,0,18,Evening
Side collision,2004:08:UP:0804HO027,0,0,79600,15634,27,0,0,HARRIS,1:40,2004,2004,"H307,","UP,",7,"H3,","H,",YARD,Texas,0,0,1,Midnight
Derailments,2004:08:UP:0804HO035,0,0,360,11225,11,1,0,BRAZORIA,19:30,2004,2004,"T001,","UP,",1,"T0,","T,",YARD,Texas,0,0,19,Evening
Derailments,2004:08:UP:0804SA006,0,0,69960,1676,0,0,0,BEXAR,2:45,2004,2004,"S011,","UP,",7,"S0,","S,",YARD,Texas,0,0,2,Midnight
Broken train collision,2004:08:UP:0804SA019,0,0,0,19948,0,0,0,BEXAR,21:30,2004,2004,"E35C,","UP,",7,"E3,","E,",YARD,Texas,0,0,21,Evening
Derailments,2004:08:UP:0804SA024,0,0,100060,648,0,0,0,SAN PATRICIO,17:00,2004,2004,"T110,","UP,",1,"T1,","T,",YARD,Texas,0,0,17,Evening
Derailments,2004:08:UP:0804TS012,0,0,158024,61803,0,0,0,JEFF DAVIS,18:30,2004,2004,"H501,H502,","UP,",1,"H5,","H,",MAIN,Texas,0,0,18,Evening
Raking collision,2004:08:YCIJ:INDUSTRY,0,0,0,144697,0,0,0,BRAZOS,2:45,2004,2004,"H404,","UP,",7,"H4,","H,",INDUSTRY,Texas,0,0,2,Midnight
Derailments,2004:09:BNSF:GC0904100,0,0,90000,195530,0,0,0,BURLESON,19:55,2004,2004,"T314,","BNSF,",1,"T3,","T,",SIDING,Texas,0,0,19,Evening
Derailments,2004:09:BNSF:SW0904106,0,0,156206,11618,0,0,0,EL PASO,3:15,2004,2004,"T207,","BNSF,",7,"T2,","T,",YARD,Texas,0,0,3,Midnight
Derailments,2004:09:BNSF:TX0904101,0,0,6788,12050,0,0,0,TARRANT,19:00,2004,2004,"H318,","BNSF,",7,"H3,","H,",YARD,Texas,0,0,19,Evening
Derailments,2004:09:BNSF:TX0904109,0,0,3500,4574,33,1,0,ELLIS,18:30,2004,2004,"T102,","BNSF,",1,"T1,","T,",MAIN,Texas,0,0,18,Evening
Highway-rail impact,2004:09:BNSF:TX0904201,0,1,0,8284,2,0,0,DENTON,24:40:00,2004,2004,"M302,","BNSF,",1,"M3,","M,",MAIN,Texas,0,0,24,Midnight
Derailments,2004:09:KCS:04090103,0,0,3000,40000,0,0,0,ORANGE,18:00,2004,2004,"H699,T110,","KCS,SRN,",1,"H6,T1,","H,T,",SIDING,Texas,0,0,18,Evening
Derailments,2004:09:KCS:04091803,0,0,3578,6820,0,0,0,JEFFERSON,23:30,2004,2004,"E46C,","KCS,",7,"E4,","E,",INDUSTRY,Texas,0,0,23,Evening
Derailments,2004:09:TXCQ:INDUSTRY,0,0,5000,10920,0,0,0,WISE,18:00,2004,2004,"T110,","UP,",7,"T1,","T,",INDUSTRY,Texas,0,0,18,Evening
Highway-rail impact,2004:09:UP:0904FW025,0,0,0,8990,0,0,0,EASTLAND,24:15:00,2004,2004,"M304,","UP,",1,"M3,","M,",MAIN,Texas,0,0,24,Midnight
Derailments,2004:09:UP:0904FW037,0,0,25000,745,0,0,0,GRAYSON,18:30,2004,2004,"E61C,","UP,",7,"E6,","E,",YARD,Texas,0,0,18,Evening
Derailments,2004:09:UP:0904HO020,0,0,4897,17871,23,2,0,HARRIS,24:30:00,2004,2004,"T113,","UP,",7,"T1,","T,",YARD,Texas,0,0,24,Midnight
Derailments,2004:09:UP:0904HO024,0,0,42586,5804,11,2,0,BRAZOS,17:30,2004,2004,"M405,","UP,",1,"M4,","M,",MAIN,Texas,0,0,17,Evening
Other impacts,2004:09:UP:0904HO025,0,0,2340,27109,25,0,0,HARRIS,22:30,2004,2004,"H306,","UP,",7,"H3,","H,",YARD,Texas,0,0,22,Evening
Derailments,2004:09:UP:0904HO026,0,0,44195,5087,0,0,0,COLORADO,21:30,2004,2004,"T221,","UP,",1,"T2,","T,",MAIN,Texas,0,0,21,Evening
Other impacts,2004:09:UP:0904HO030,0,0,2000,89158,43,0,0,HARRIS,17:00,2004,2004,"H306,","UP,",7,"H3,","H,",YARD,Texas,0,0,17,Evening
Derailments,2004:09:UP:0904SA001,0,0,25960,8094,0,0,0,MAVERICK,19:35,2004,2004,"H704,","UP,",1,"H7,","H,",YARD,Texas,0,0,19,Evening
Head on collision,2004:09:UP:0904SA024,0,2,147046,530777,0,0,0,VICTORIA,2:53,2004,2004,"H702,H404,","TM,UP,",11,"H7,H4,H7,","H,",SIDING,Texas,0,0,2,Midnight
Other impacts,2004:09:UP:0904SA025,0,0,23891,76471,0,0,0,BEXAR,23:30,2004,2004,"H309,","UP,",76,"H3,","H,",YARD,Texas,0,0,23,Evening
Other impacts,2004:09:UP:0904SA026,0,0,518918,772264,32,4,0,BEXAR,23:05,2004,2004,"M502,","BNSF,UP,",17,"M5,","M,",MAIN,Texas,0,0,23,Evening
Other impacts,2004:10:BNSF:KS1004120,0,0,7973,42790,23,6,0,POTTER,4:05,2004,2005,"H306,","BNSF,",7,"H3,","H,",YARD,Texas,0,0,4,Midnight
Highway-rail impact,2004:10:BNSF:KS1004201,0,0,24350,26224,7,0,0,DEAF SMITH,24:30:00,2004,2005,"M304,M302,","BNSF,",1,"M3,","M,",MAIN,Texas,0,0,24,Midnight
Raking collision,2004:10:BNSF:TX1004106,0,0,1500,52632,18,4,0,TARRANT,18:35,2004,2005,"H306,","BNSF,",7,"H3,","H,",YARD,Texas,0,0,18,Evening
Derailments,2004:10:BNSF:TX1004108,0,0,0,10000,0,0,0,TARRANT,19:30,2004,2005,"H504,H503,","BNSF,",7,"H5,","H,",MAIN,Texas,0,0,19,Evening
Derailments,2004:10:COMJ:INDUSTRY,0,0,145715,5294,0,0,0,COMAL,22:00,2004,2005,"T402,","UP,",1,"T4,","T,",INDUSTRY,Texas,0,0,22,Evening
Derailments,2004:10:PTRA:20041009,0,0,35157,35000,0,0,0,HARRIS,17:10,2004,2005,"H306,","BNSF,PTRA,",7,"H3,","H,",YARD,Texas,0,0,17,Evening
Other impacts,2004:10:PTRA:20041010,0,0,0,8600,0,0,0,HARRIS,18:30,2004,2005,"H306,","PTRA,",7,"H3,","H,",YARD,Texas,0,0,18,Evening
Other impacts,2004:10:PTRA:20041013,0,0,2500,9926,0,0,0,HARRIS,3:30,2004,2005,"H599,","PTRA,",7,"H5,","H,",YARD,Texas,0,0,3,Midnight
Derailments,2004:10:TM:TM04101401,0,0,7680,1500,1,0,0,NUECES,18:25,2004,2005,"H503,","TM,",1,"H5,","H,",YARD,Texas,0,0,18,Evening
Derailments,2004:10:UP:1004FW007,0,0,181874,62962,2,0,0,DALLAS,19:00,2004,2005,"M405,","UP,",1,"M4,","M,",MAIN,Texas,0,0,19,Evening
Obstruction impact,2004:10:UP:1004FW010,0,0,12000,100,0,0,0,MIDLAND,3:30,2004,2005,"M402,","UP,",1,"M4,","M,",MAIN,Texas,0,0,3,Midnight
Derailments,2004:10:UP:1004FW017,0,0,1289000,333646,0,0,0,WISE,1:20,2004,2005,"T207,","UP,",1,"T2,","T,",MAIN,Texas,0,0,1,Midnight
Derailments,2004:10:UP:1004FW018,0,0,17544,4100,0,0,0,ELLIS,23:15,2004,2005,"H702,","UP,",1,"H7,","H,",YARD,Texas,0,0,23,Evening
Derailments,2004:10:UP:1004HO003,0,0,48000,86517,39,6,0,HARRIS,19:19,2004,2005,"M405,","BNSF,UP,",1,"M4,","M,",MAIN,Texas,0,0,19,Evening
Derailments,2004:10:UP:1004HO010,0,0,54500,546,0,0,0,GALVESTON,19:55,2004,2005,"T221,","UP,",1,"T2,","T,",YARD,Texas,0,0,19,Evening
Side collision,2004:10:UP:1004HO029,0,0,1000,92026,1,1,0,HARRIS,18:00,2004,2005,"H306,","UP,",7,"H3,","H,",YARD,Texas,0,0,18,Evening
Derailments,2004:10:UP:1004SA012,0,0,6610,3672,0,0,0,BEXAR,22:30,2004,2005,"S011,","UP,",76,"S0,","S,",YARD,Texas,0,0,22,Evening
Highway-rail impact,2004:10:UP:1004SA017,0,0,0,11387,0,0,0,MEDINA,24:30:00,2004,2005,"M304,","UP,",1,"M3,","M,",MAIN,Texas,0,0,24,Midnight
Derailments,2004:10:UP:1004SA018,0,0,50842,5346,0,0,0,NUECES,1:50,2004,2005,"T207,","UP,",1,"T2,","T,",SIDING,Texas,0,0,1,Midnight
Derailments,2004:10:UP:1004SA030,0,0,98000,1727,0,0,0,BEXAR,2:00,2004,2005,"H399,","UP,",7,"H3,","H,",YARD,Texas,0,0,2,Midnight
Derailments,2004:10:UP:1004WH009,0,0,71040,207527,0,0,0,DALLAM,3:01,2004,2005,"T220,","UP,",1,"T2,","T,",MAIN,Texas,0,0,3,Midnight
Derailments,2004:11:BNSF:PR1104105,0,0,157500,1194344,0,0,0,DALLAM,3:55,2004,2005,"T207,","BNSF,",1,"T2,","T,",MAIN,Texas,0,0,3,Midnight
Derailments,2004:11:BNSF:TX1104102,0,0,0,13766,0,0,0,TARRANT,2:00,2004,2005,"H099,","BNSF,",7,"H0,","H,",YARD,Texas,0,0,2,Midnight
Derailments,2004:11:BNSF:TX1104108,0,0,0,14000,0,0,0,TARRANT,19:40,2004,2005,"H021,","BNSF,",7,"H0,","H,",YARD,Texas,0,0,19,Evening
Derailments,2004:11:BNSF:TX1104109,0,0,1800,6469,7,2,0,TARRANT,21:35,2004,2005,"H524,","BNSF,",7,"H5,","H,",YARD,Texas,0,0,21,Evening
Other impacts,2004:11:CMC:NOV04013,0,0,0,8720,0,0,0,LIBERTY,4:00,2004,2005,"H702,","CMC,",7,"H7,","H,",YARD,Texas,0,0,4,Midnight
Derailments,2004:11:CMCJ:INDUSTRY,0,0,0,6824,0,0,0,BOSQUE,18:00,2004,2005,"H306,","BNSF,",1,"H3,","H,",INDUSTRY,Texas,0,0,18,Evening
Derailments,2004:11:HPUZ:INDUSTRY,0,0,24500,9415,0,0,0,HARRIS,2:20,2004,2005,"T110,","UP,",7,"T1,","T,",INDUSTRY,Texas,0,0,2,Midnight
Derailments,2004:11:TLKX:INDUSTRY,0,0,0,17948,0,0,0,BAILEY,2:00,2004,2005,"M504,","BNSF,",1,"M5,","M,",INDUSTRY,Texas,0,0,2,Midnight
Derailments,2004:11:UP:1104FW009,0,0,5000,2485,0,0,0,TARRANT,24:15:00,2004,2005,"M411,","UP,",7,"M4,","M,",YARD,Texas,0,0,24,Midnight
Derailments,2004:11:UP:1104HO021,0,0,75500,1479,22,0,0,BRAZORIA,20:30,2004,2005,"T001,","UP,",1,"T0,","T,",MAIN,Texas,0,0,20,Evening
Derailments,2004:11:UP:1104HO023,0,0,7000,1950,0,0,0,GALVESTON,17:00,2004,2005,"T314,M203,","GVSR,UP,",1,"T3,M2,","T,M,",YARD,Texas,0,0,17,Evening
Highway-rail impact,2004:11:UP:1104LV015,0,0,1600,14727,0,0,0,ORANGE,23:31,2004,2005,"M304,M302,","ATK,UP,",2,"M3,","M,",MAIN,Texas,0,0,23,Evening
Derailments,2004:11:UP:1104SA013,0,0,7964,1295,0,0,0,WEBB,18:35,2004,2005,"T110,","UP,",7,"T1,","T,",YARD,Texas,0,0,18,Evening
Derailments,2004:11:UP:1104SA027,0,0,73412,19017,0,0,0,BEXAR,1:30,2004,2005,"T202,","UP,",7,"T2,","T,",YARD,Texas,0,0,1,Midnight
Derailments,2004:12:BNSF:GC1204100,0,0,24500,5863,0,0,0,BELL,20:10,2004,2005,"T207,","BNSF,",7,"T2,","T,",YARD,Texas,0,0,20,Evening
Other impacts,2004:12:BNSF:GC1204102,0,0,3000,470590,19,0,0,HARRIS,22:10,2004,2005,"H307,H702,","BNSF,",761,"H3,H7,H3,H7,H3,H7,","H,",MAIN,Texas,0,0,22,Evening
Derailments,2004:12:BNSF:GC1204108,0,0,1500,26440,18,0,0,BELL,20:40,2004,2005,"H306,","BNSF,",17,"H3,","H,",YARD,Texas,0,0,20,Evening
Derailments,2004:12:BNSF:GC1204114,0,0,2900,5634,4,4,0,HARRIS,22:00,2004,2005,"H312,T110,","BNSF,",7,"H3,T1,","H,T,",YARD,Texas,0,0,22,Evening
Derailments,2004:12:BNSF:TX1204100,0,0,42000,24087,0,0,0,BOSQUE,17:00,2004,2005,"E36C,T001,","BNSF,",1,"E3,T0,","E,T,",MAIN,Texas,0,0,17,Evening
Derailments,2004:12:DGNO:ID04558,0,0,5600,8000,0,0,0,DALLAS,2:15,2004,2005,"T102,M405,","DGNO,",1,"T1,M4,","T,M,",INDUSTRY,Texas,0,0,2,Midnight
Derailments,2004:12:DOWX:INDUSTRY,0,0,20000,184,1,0,0,BRAZORIA,20:20,2004,2005,"T102,","UP,",7,"T1,","T,",INDUSTRY,Texas,0,0,20,Evening
Derailments,2004:12:TIBR:D120604,0,0,0,12855,0,0,0,MONTGOMERY,17:35,2004,2005,"S012,H995,","TIBR,",1,"S0,H9,","S,H,",INDUSTRY,Texas,0,0,17,Evening
Derailments,2004:12:UP:1204FW004,0,0,19800,2935,0,0,0,TARRANT,2:38,2004,2005,"T111,","UP,",7,"T1,","T,",INDUSTRY,Texas,0,0,2,Midnight
Derailments,2004:12:UP:1204FW010,0,0,29776,988,0,0,0,GRAYSON,17:38,2004,2005,"T210,","UP,",1,"T2,","T,",YARD,Texas,0,0,17,Evening
Derailments,2004:12:UP:1204FW013,0,0,16482,200,0,0,0,PARKER,2:41,2004,2005,"S099,","UP,",1,"S0,","S,",MAIN,Texas,0,0,2,Midnight
Derailments,2004:12:UP:1204HO006,0,0,6500,800,0,0,0,HARRIS,20:43,2004,2005,"T314,","UP,",1,"T3,","T,",MAIN,Texas,0,0,20,Evening
Derailments,2004:12:UP:1204HO007,0,0,29341,598,9,1,0,HARRIS,2:00,2004,2005,"M405,","UP,",7,"M4,","M,",YARD,Texas,0,0,2,Midnight
Derailments,2004:12:UP:1204HO019,0,0,75500,4624,11,3,0,HARRIS,20:30,2004,2005,"H504,","UP,",7,"H5,","H,",YARD,Texas,0,0,20,Evening
Other impacts,2004:12:UP:1204HO020,0,0,35800,7198,15,0,0,HARRIS,20:28,2004,2005,"H307,","UP,",7,"H3,","H,",YARD,Texas,0,0,20,Evening
Rear end collision,2005:01:BNSF:GC0105102,0,0,75000,142818,24,1,0,BELL,2:55,2005,2005,"H605,","BNSF,",1,"H6,","H,",MAIN,Texas,0,0,2,Midnight
Derailments,2005:01:BNSF:GC0105106,0,0,123190,171733,24,0,0,MILLS,19:07,2005,2005,"E22C,","BNSF,",1,"E2,","E,",MAIN,Texas,0,0,19,Evening
Derailments,2005:01:KCS:05011307,0,0,4363,23280,31,8,0,JEFFERSON,20:00,2005,2005,"M405,","KCS,",7,"M4,","M,",MAIN,Texas,0,0,20,Evening
Highway-rail impact,2005:01:KCS:05013102,0,1,437,12356,3,0,0,MARION,17:45,2005,2005,"M304,M302,","KCS,",1,"M3,","M,",MAIN,Texas,0,0,17,Evening
Other impacts,2005:01:UP:0105FW010,0,0,0,135096,5,5,0,TARRANT,2:30,2005,2005,"M407,","UP,",75,"M4,","M,",YARD,Texas,0,0,2,Midnight
Derailments,2005:01:UP:0105HO009,0,0,75766,23466,12,0,0,HARRIS,23:15,2005,2005,"T110,","UP,",1,"T1,","T,",MAIN,Texas,0,0,23,Evening
Derailments,2005:01:UP:0105HO018,0,3,170896,963875,25,3,1,WALLER,3:55,2005,2005,"T207,","UP,",1,"T2,","T,",MAIN,Texas,0,0,3,Midnight
Derailments,2005:01:UP:0105HO024,0,0,22204,11720,0,0,0,CAMERON,1:45,2005,2005,"T220,","UP,",75,"T2,","T,",YARD,Texas,0,0,1,Midnight
Side collision,2005:01:UP:0105HO030,0,2,0,18442,0,0,0,CHAMBERS,2:25,2005,2005,"H401,H607,H605,","BNSF,UP,",77,"H4,H6,","H,",MAIN,Texas,0,0,2,Midnight
Other impacts,2005:01:UP:0105HO033,0,0,1400,32741,30,1,0,HARRIS,4:00,2005,2005,"M408,","UP,",76,"M4,","M,",YARD,Texas,0,0,4,Midnight
Derailments,2005:01:UP:0105HO034,0,0,3183,7006,0,0,0,CAMERON,2:50,2005,2005,"H312,","UP,",7,"H3,","H,",YARD,Texas,0,0,2,Midnight
Side collision,2005:01:UP:0105SA017,0,0,5208,10252,0,0,0,BEXAR,21:45,2005,2005,"H706,","UP,",7,"H7,","H,",YARD,Texas,0,0,21,Evening
Derailments,2005:02:BNSF:GC0205103,0,0,0,16606,0,0,0,GALVESTON,19:00,2005,2005,"H704,T110,T112,","BNSF,GVSR,",1,"H7,T1,","H,T,",YARD,Texas,0,0,19,Evening
Other impacts,2005:02:BNSF:GC0205104,0,0,1000,20500,12,0,0,HARRIS,2:00,2005,2005,"H607,H702,","BNSF,",7,"H6,H7,","H,",YARD,Texas,0,0,2,Midnight
Derailments,2005:02:BNSF:GC0205105,0,0,67000,50000,79,5,0,BRAZORIA,2:30,2005,2005,"T101,","BNSF,",1,"T1,","T,",YARD,Texas,0,0,2,Midnight
Derailments,2005:02:BNSF:GC0205106,0,0,8000,8700,14,3,0,GALVESTON,23:00,2005,2005,"H312,","BNSF,",7,"H3,","H,",YARD,Texas,0,0,23,Evening
Derailments,2005:02:BNSF:GC0205112,0,0,1000,11503,1,1,0,HARRIS,3:00,2005,2005,"E64C,","BNSF,",7,"E6,","E,",YARD,Texas,0,0,3,Midnight
Derailments,2005:02:BNSF:TX0205115,0,0,4799,2800,0,0,0,TARRANT,2:30,2005,2005,"H507,","BNSF,",7,"H5,","H,",YARD,Texas,0,0,2,Midnight
Derailments,2005:02:GCSR:050211541,0,0,16800,0,0,0,0,MCCULLOCH,4:30,2005,2005,"T102,","GCSR,",1,"T1,","T,",MAIN,Texas,0,0,4,Midnight
Derailments,2005:02:KCS:05020702,0,0,6034,1703,0,0,0,JEFFERSON,19:30,2005,2005,"M405,","KCS,",7,"M4,","M,",YARD,Texas,0,0,19,Evening
Other events,2005:02:PTRA:20050209,0,2,0,9879,0,0,0,HARRIS,21:30,2005,2005,"H702,H307,","PTRA,",7,"H7,H3,","H,",YARD,Texas,0,0,21,Evening
Other impacts,2005:02:PTRA:20050210,0,0,1225,52875,0,0,0,HARRIS,2:00,2005,2005,"H021,","PTRA,",6,"H0,","H,",YARD,Texas,0,0,2,Midnight
Derailments,2005:02:TM:TM05021102,0,0,500,7200,0,0,0,NUECES,20:10,2005,2005,"T111,","TM,",1,"T1,","T,",YARD,Texas,0,0,20,Evening
Derailments,2005:02:UP:0205FW002,0,0,7532,100,0,0,0,TARRANT,23:15,2005,2005,"T111,","UP,",7,"T1,","T,",YARD,Texas,0,0,23,Evening
Derailments,2005:02:UP:0205FW006,0,0,69700,27810,0,0,0,DALLAS,2:00,2005,2005,"T308,","UP,",4,"T3,","T,",MAIN,Texas,0,0,2,Midnight
Derailments,2005:02:UP:0205HO002,0,0,101045,224434,0,0,0,HARRIS,18:27,2005,2005,"T220,","UP,",1,"T2,","T,",MAIN,Texas,0,0,18,Evening
Side collision,2005:02:UP:0205HO005,0,0,1000,27653,17,0,0,HARRIS,1:45,2005,2005,"H302,","UP,",7,"H3,","H,",YARD,Texas,0,0,1,Midnight
Other impacts,2005:02:UP:0205HO011,0,0,207,10107,8,0,0,HARRIS,22:30,2005,2005,"H018,","UP,",76,"H0,","H,",INDUSTRY,Texas,0,0,22,Evening
Derailments,2005:02:UP:0205HO012,0,0,30960,5051,11,0,0,HARRIS,2:55,2005,2005,"T102,","UP,",7,"T1,","T,",YARD,Texas,0,0,2,Midnight
Derailments,2005:02:UP:0205HO028,0,0,7157,26420,0,0,0,HARRIS,2:30,2005,2005,"M405,","UP,",7,"M4,","M,",YARD,Texas,0,0,2,Midnight
Derailments,2005:02:UP:0205SA010,0,0,7998,185,0,0,0,MAVERICK,23:45,2005,2005,"H022,","UP,",7,"H0,","H,",YARD,Texas,0,0,23,Evening
Derailments,2005:02:UP:0205SA011,0,0,161898,105348,14,5,0,HAYS,22:18,2005,2005,"T199,","UP,",1,"T1,","T,",MAIN,Texas,0,0,22,Evening
Derailments,2005:03:BNSF:GC0305112,0,0,78198,12000,24,0,0,BURLESON,2:55,2005,2005,"E53C,","BNSF,",1,"E5,","E,",MAIN,Texas,0,0,2,Midnight
Derailments,2005:03:BNSF:GC0305114,0,0,80868,16600,0,0,0,GALVESTON,3:15,2005,2005,"H306,","BNSF,",7,"H3,","H,",YARD,Texas,0,0,3,Midnight
Derailments,2005:03:BNSF:TX0305109,0,0,38000,13198,0,0,0,TARRANT,20:30,2005,2005,"H702,","BNSF,",1,"H7,","H,",YARD,Texas,0,0,20,Evening
Derailments,2005:03:BNSF:TX0305114,0,0,500,7931,0,0,0,TARRANT,22:04,2005,2005,"H507,","BNSF,",7,"H5,","H,",YARD,Texas,0,0,22,Evening
Derailments,2005:03:DMFJ:INDUSTRY,0,0,0,9504,0,0,0,TARRANT,17:30,2005,2005,"H311,","BNSF,",7,"H3,","H,",INDUSTRY,Texas,0,0,17,Evening
Derailments,2005:03:MMZ:INDUSTRY,0,0,5000,20445,0,0,0,FORT BEND,23:40,2005,2005,"T310,","UP,",7,"T3,","T,",INDUSTRY,Texas,0,0,23,Evening
Derailments,2005:03:QCQ:INDUSTRY,0,0,250,10500,0,0,0,TARRANT,3:00,2005,2005,"T314,","BNSF,",7,"T3,","T,",INDUSTRY,Texas,0,0,3,Midnight
Derailments,2005:03:TIBR:D540305,0,0,5000,20000,0,0,0,JASPER,3:30,2005,2005,"T314,","TIBR,",1,"T3,","T,",INDUSTRY,Texas,0,0,3,Midnight
Derailments,2005:03:TM:TM05033101,0,0,1800,17000,0,0,0,WEBB,22:25,2005,2005,"T199,","TM,",7,"T1,","T,",YARD,Texas,0,0,22,Evening
Derailments,2005:03:UP:0305FW008,0,0,38707,2500,0,0,0,WOOD,2:25,2005,2005,"E51L,","UP,",1,"E5,","E,",MAIN,Texas,0,0,2,Midnight
Derailments,2005:03:UP:0305FW015,0,0,49662,194606,0,0,0,TARRANT,17:30,2005,2005,"H306,","UP,",7,"H3,","H,",YARD,Texas,0,0,17,Evening
Derailments,2005:03:UP:0305FW022,0,0,8555,0,0,0,0,TARRANT,2:15,2005,2005,"S011,","UP,",8,"S0,","S,",YARD,Texas,0,0,2,Midnight
Derailments,2005:03:UP:0305FW026,0,0,112550,165536,0,0,0,PALO PINTO,20:17,2005,2005,"T314,","UP,",7,"T3,","T,",MAIN,Texas,0,0,20,Evening
Other impacts,2005:03:UP:0305FW032,0,0,0,8122,0,0,0,TARRANT,1:10,2005,2005,"S016,","UP,",75,"S0,","S,",YARD,Texas,0,0,1,Midnight
Derailments,2005:03:UP:0305HO001,0,0,62632,14521,0,0,0,HARRIS,24:45:00,2005,2005,"T110,","UP,",7,"T1,","T,",YARD,Texas,0,0,24,Midnight
Derailments,2005:03:UP:0305HO004,0,0,35232,3014,7,0,0,HARRIS,19:10,2005,2005,"T215,","UP,",7,"T2,","T,",YARD,Texas,0,0,19,Evening
Derailments,2005:03:UP:0305HO019,0,0,2590,72405,24,0,0,HARRIS,21:31,2005,2005,"T211,","UP,",7,"T2,","T,",YARD,Texas,0,0,21,Evening
Derailments,2005:03:UP:0305HO025,0,0,7113,7303,13,0,0,HARRIS,1:45,2005,2005,"H702,","UP,",7,"H7,","H,",YARD,Texas,0,0,1,Midnight
Derailments,2005:03:UP:0305HO031,0,0,513582,259000,0,0,0,HARRIS,17:30,2005,2005,"E20C,E42C,","TM,UP,",1,"E2,E4,E2,","E,",MAIN,Texas,0,0,17,Evening
Other impacts,2005:03:UP:0305LK009,0,0,0,33028,0,0,0,GREGG,24:05:00,2005,2005,"M599,","UP,",76,"M5,","M,",YARD,Texas,0,0,24,Midnight
Side collision,2005:03:UP:0305SA002,0,0,0,10148,0,0,0,BEXAR,23:00,2005,2005,"H306,","UP,",85,"H3,","H,",YARD,Texas,0,0,23,Evening
Derailments,2005:03:UP:0305SA006,0,0,115648,554,0,0,0,WEBB,17:45,2005,2005,"T099,","UP,",7,"T0,","T,",YARD,Texas,0,0,17,Evening
Side collision,2005:03:UP:0305SA022,0,0,2246,38796,0,0,0,BEXAR,4:10,2005,2005,"H302,","UP,",7,"H3,","H,",YARD,Texas,0,0,4,Midnight
Derailments,2005:03:UP:0305SA026,0,2,78853,609757,5,0,0,CALDWELL,22:39,2005,2005,"T220,","UP,",1,"T2,","T,",MAIN,Texas,0,0,22,Evening
Obstruction impact,2005:04:AGCR:40405,0,0,0,12649,0,0,0,BEXAR,4:00,2005,2005,"M402,","AGCR,",7,"M4,","M,",YARD,Texas,0,0,4,Midnight
Other impacts,2005:04:ATBJ:INDUSTRY,0,0,0,17613,0,0,0,TARRANT,1:30,2005,2005,"H318,","BNSF,",7,"H3,","H,",INDUSTRY,Texas,0,0,1,Midnight
Other impacts,2005:04:BNSF:GC0405101,0,0,1500,19765,0,0,0,BELL,18:30,2005,2005,"H018,","BNSF,",67,"H0,","H,",YARD,Texas,0,0,18,Evening
Derailments,2005:04:DGNO:ID05213,0,0,12000,16000,0,0,0,DALLAS,18:45,2005,2005,"T102,","DGNO,",1,"T1,","T,",MAIN,Texas,0,0,18,Evening
Derailments,2005:04:KCS:05041105,0,0,269616,126600,0,0,0,JEFFERSON,2:10,2005,2005,"M405,","KCS,TM,UP,",1,"M4,","M,",MAIN,Texas,0,0,2,Midnight
Derailments,2005:04:KCS:05041901,0,0,5000,50634,0,0,0,JEFFERSON,2:40,2005,2005,"T203,E48C,","KCS,",7,"T2,E4,","T,E,",INDUSTRY,Texas,0,0,2,Midnight