AccidentType,inckey,Fatalities,Injuries,TrackDamage,EquipmentDamage,HazmatCars,HazmatCarsDerailed,HazmatCarsReleasing,County,DisplayTime,calendar,Fiscal,AccidentCause,RailroadCodes,RAILEQUIPMENT_TYPE,CauseGroup,CauseDiscipline,TYPE_OF_TRACK,StateName,latitude,longitude,hour,cat
Derailments,2005:04:KCS:05042301,0,0,6960,801,12,0,0,CASS,3:00,2005,2005,"T319,","KCS,",1,"T3,","T,",MAIN,Texas,0,0,3,Midnight
Other events,2005:04:TM:TM05043001,0,0,0,400000,0,0,0,DUVAL,24:00:00,2005,2005,"E72L,","TM,",1,"E7,","E,",MAIN,Texas,0,0,24,Midnight
Derailments,2005:04:UP:0405EP003,0,0,5100,8151,0,0,0,EL PASO,2:55,2005,2005,"H521,H501,","UP,",1,"H5,","H,",MAIN,Texas,0,0,2,Midnight
Derailments,2005:04:UP:0405FW012,0,1,12000,96112,0,0,0,VAN ZANDT,18:17,2005,2005,"T220,T314,","ATK,UP,",2,"T2,T3,","T,",SIDING,Texas,0,0,18,Evening
Highway-rail impact,2005:04:UP:0405FW013,0,1,15000,0,0,0,0,BELL,23:30,2005,2005,"M399,","UP,",1,"M3,","M,",MAIN,Texas,0,0,23,Evening
Derailments,2005:04:UP:0405HO035,0,0,6600,963,30,0,0,HARRIS,17:30,2005,2005,"H526,","UP,",1,"H5,","H,",MAIN,Texas,0,0,17,Evening
Derailments,2005:04:UP:0405HO037,0,0,500,14815,21,0,0,HARRIS,2:45,2005,2005,"M405,","UP,",7,"M4,","M,",YARD,Texas,0,0,2,Midnight
Derailments,2005:04:UP:0405SA009,0,0,2246,6081,0,0,0,BEXAR,2:50,2005,2005,"H306,","UP,",75,"H3,","H,",YARD,Texas,0,0,2,Midnight
Derailments,2005:04:UP:0405SA010,0,0,1100,12189,0,0,0,BASTROP,24:10:00,2005,2005,"E40C,","UP,",1,"E4,","E,",MAIN,Texas,0,0,24,Midnight
Highway-rail impact,2005:04:UP:0405SA025,0,0,105000,4080,0,0,0,MEDINA,1:01,2005,2005,"M302,","UP,",1,"M3,","M,",MAIN,Texas,0,0,1,Midnight
Other impacts,2005:04:UP:0405SA027,0,0,0,12551,0,0,0,BEXAR,24:00:00,2005,2005,"H021,","UP,",75,"H0,","H,",YARD,Texas,0,0,24,Midnight
Derailments,2005:04:UP:0405SA030,0,0,108084,4537,0,0,0,TRAVIS,18:20,2005,2005,"E53C,","UP,",1,"E5,","E,",MAIN,Texas,0,0,18,Evening
Other impacts,2005:04:WRRC:0012005,0,0,4000,14860,0,0,0,COMAL,18:45,2005,2005,"H212,","UP,WRRC,",76,"H2,","H,",YARD,Texas,0,0,18,Evening
Derailments,2005:05:BNSF:GC0505104,0,0,8600,850,0,0,0,HARRIS,3:45,2005,2005,"M503,","BNSF,",7,"M5,","M,",SIDING,Texas,0,0,3,Midnight
Derailments,2005:05:BNSF:GC0505106,0,0,4000,89148,16,10,0,HARRIS,24:15:00,2005,2005,"T102,E40C,","BNSF,",17,"T1,E4,T1,E4,","T,E,T,E,",YARD,Texas,0,0,24,Midnight
Other impacts,2005:05:BNSF:GC0505124,0,0,0,86400,0,0,0,HARRIS,23:15,2005,2005,"H302,","BNSF,",67,"H3,","H,",YARD,Texas,0,0,23,Evening
Other events,2005:05:BNSF:KS0505100,0,0,0,37471,2,1,0,DEAF SMITH,1:45,2005,2005,"E36C,","BNSF,",1,"E3,","E,",MAIN,Texas,0,0,1,Midnight
Derailments,2005:05:BNSF:KS0505115,0,0,250,6770,1,0,0,LUBBOCK,1:15,2005,2005,"H306,","BNSF,",76,"H3,","H,",INDUSTRY,Texas,0,0,1,Midnight
Raking collision,2005:05:TXNW:3,0,0,0,13900,34,2,0,MOORE,20:00,2005,2005,"H306,","TXNW,",7,"H3,","H,",INDUSTRY,Texas,0,0,20,Evening
Derailments,2005:05:UP:0505EP005,0,0,34088,4849,0,0,0,EL PASO,18:30,2005,2005,"M405,","UP,",7,"M4,","M,",YARD,Texas,0,0,18,Evening
Derailments,2005:05:UP:0505FW001,0,0,104312,1716,21,1,0,DENTON,18:30,2005,2005,"H604,","UP,",1,"H6,","H,",MAIN,Texas,0,0,18,Evening
Derailments,2005:05:UP:0505FW008,0,0,0,21167,0,0,0,TARRANT,3:15,2005,2005,"H306,","UP,",75,"H3,","H,",YARD,Texas,0,0,3,Midnight
Derailments,2005:05:UP:0505FW045,0,0,25000,186301,0,0,0,GRAYSON,3:50,2005,2005,"T221,","UP,",16,"T2,","T,",SIDING,Texas,0,0,3,Midnight
Derailments,2005:05:UP:0505FW051,0,0,9092,92,0,0,0,CALLAHAN,17:36,2005,2005,"T108,","UP,",1,"T1,","T,",MAIN,Texas,0,0,17,Evening
Derailments,2005:05:UP:0505HO020,0,0,1000,10322,0,0,0,HARRIS,19:42,2005,2005,"T316,","UP,",1,"T3,","T,",YARD,Texas,0,0,19,Evening
Derailments,2005:05:UP:0505HO047,0,0,179679,129273,33,11,0,HARRIS,1:20,2005,2005,"T107,","UP,",7,"T1,","T,",YARD,Texas,0,0,1,Midnight
Other impacts,2005:05:UP:0505HO054,0,0,207,25841,25,0,0,HARRIS,1:00,2005,2005,"H607,","UP,",78,"H6,","H,",YARD,Texas,0,0,1,Midnight
Derailments,2005:05:UP:0505SA005,0,0,621,12599,0,0,0,WEBB,20:05,2005,2005,"M599,","UP,",75,"M5,","M,",YARD,Texas,0,0,20,Evening
Derailments,2005:05:UP:0505SA024,0,0,21165,185,0,0,0,BEXAR,3:20,2005,2005,"T110,","UP,",7,"T1,","T,",YARD,Texas,0,0,3,Midnight
Derailments,2005:05:XRCT:INDUSTRY,0,0,3730,49397,0,0,0,BEXAR,20:05,2005,2005,"T110,","UP,",7,"T1,","T,",INDUSTRY,Texas,0,0,20,Evening
Other impacts,2005:05:ZPJC:INDUSTRY,0,0,2000,11703,0,0,0,BRAZORIA,24:30:00,2005,2005,"H020,","UP,",86,"H0,","H,",INDUSTRY,Texas,0,0,24,Midnight
Derailments,2005:06:BNSF:GC0605101,0,0,1000,10723,0,0,0,HARRIS,1:00,2005,2005,"H702,","BNSF,",75,"H7,","H,",YARD,Texas,0,0,1,Midnight
Derailments,2005:06:BNSF:GC0605106,0,0,193000,744704,43,15,1,BURLESON,2:10,2005,2005,"T207,","BNSF,",1,"T2,","T,",MAIN,Texas,0,0,2,Midnight
Derailments,2005:06:BNSF:GC0605119,0,0,3000,5634,1,1,0,HARRIS,20:55,2005,2005,"H601,","BNSF,",7,"H6,","H,",YARD,Texas,0,0,20,Evening
Derailments,2005:06:BNSF:GC0605122,0,0,260000,80608,0,0,0,BURLESON,17:10,2005,2005,"T109,","BNSF,TIBR,",1,"T1,","T,",MAIN,Texas,0,0,17,Evening
Derailments,2005:06:BNSF:GC0605127,0,0,1000,19315,0,0,0,HARRIS,19:35,2005,2005,"T311,","BNSF,",7,"T3,","T,",YARD,Texas,0,0,19,Evening
Derailments,2005:06:BNSF:GC0605128,0,0,2000,11600,0,0,0,HARRIS,23:35,2005,2005,"E46C,","BNSF,",7,"E4,","E,",YARD,Texas,0,0,23,Evening
Derailments,2005:06:BNSF:KS0605102,0,0,1340,5971,0,0,0,POTTER,3:10,2005,2005,"H703,","BNSF,",7,"H7,","H,",YARD,Texas,0,0,3,Midnight
Derailments,2005:06:BNSF:TX0605107,0,0,300,7877,5,0,0,TARRANT,18:00,2005,2005,"H503,","BNSF,",7,"H5,","H,",YARD,Texas,0,0,18,Evening
Derailments,2005:06:KCS:05062503,0,0,0,10270,0,0,0,JEFFERSON,3:45,2005,2005,"H702,","KCS,",7,"H7,","H,",INDUSTRY,Texas,0,0,3,Midnight
Side collision,2005:06:UP:0605EP001,0,0,0,15500,0,0,0,EL PASO,22:00,2005,2005,"H603,","UP,",7,"H6,","H,",YARD,Texas,0,0,22,Evening
Derailments,2005:06:UP:0605EP008,0,0,31269,1347,0,0,0,EL PASO,17:50,2005,2005,"T207,","UP,",7,"T2,","T,",YARD,Texas,0,0,17,Evening
Derailments,2005:06:UP:0605HO021,0,0,5660,1475,0,0,0,HARRIS,19:25,2005,2005,"T314,","UP,",1,"T3,","T,",YARD,Texas,0,0,19,Evening
Other impacts,2005:06:UP:0605HO037,0,0,1540,20192,0,0,0,HARRIS,21:50,2005,2005,"H020,","UP,",86,"H0,","H,",YARD,Texas,0,0,21,Evening
Derailments,2005:06:UP:0605HO042,0,0,7040,92,7,0,0,HARRIS,19:20,2005,2005,"T101,","UP,",7,"T1,","T,",YARD,Texas,0,0,19,Evening
Derailments,2005:06:UP:0605HO046,0,0,19618,2127,14,4,0,HARRIS,4:20,2005,2005,"T110,","UP,",7,"T1,","T,",YARD,Texas,0,0,4,Midnight
Derailments,2005:06:UP:0605HO047,0,0,63922,74854,16,2,1,HARRIS,1:00,2005,2005,"H509,","UP,",7,"H5,","H,",YARD,Texas,0,0,1,Midnight
Side collision,2005:06:UP:0605HO054,0,0,1035,20824,1,1,0,HARRIS,18:30,2005,2005,"H401,","UP,",7,"H4,","H,",YARD,Texas,0,0,18,Evening
Derailments,2005:06:UP:0605HO056,0,0,6110,14988,0,0,0,HARRIS,2:34,2005,2005,"T110,","UP,",7,"T1,","T,",INDUSTRY,Texas,0,0,2,Midnight
Derailments,2005:06:UP:0605HO062,0,0,920,16879,0,0,0,HARRIS,2:40,2005,2005,"T108,","UP,",7,"T1,","T,",YARD,Texas,0,0,2,Midnight
Other impacts,2005:06:UP:0605LK014,0,0,299,23229,18,3,0,GREGG,18:50,2005,2005,"H018,H399,","UP,",75,"H0,H3,H0,H3,","H,",YARD,Texas,0,0,18,Evening
Derailments,2005:06:UP:0605LK015,0,0,570,16368,0,0,0,HARRISON,20:30,2005,2005,"T402,","UP,",7,"T4,","T,",YARD,Texas,0,0,20,Evening
Derailments,2005:06:UP:0605LV009,0,0,20000,92,0,0,0,HARDIN,19:15,2005,2005,"E4TC,","UP,",1,"E4,","E,",MAIN,Texas,0,0,19,Evening
Highway-rail impact,2005:06:UP:0605LV025,0,1,0,7500,3,3,0,JEFFERSON,3:00,2005,2005,"M399,M303,","BNSF,UP,",1,"M3,","M,",MAIN,Texas,0,0,3,Midnight
Other impacts,2005:06:UP:0605SA038,0,1,0,40310,0,0,0,BEXAR,22:45,2005,2005,"H018,","UP,",78,"H0,","H,",YARD,Texas,0,0,22,Evening
Derailments,2005:07:BNSF:GC0705109,0,0,0,25000,0,0,0,CORYELL,18:15,2005,2005,"M599,","BNSF,",9,"M5,","M,",MAIN,Texas,0,0,18,Evening
Other impacts,2005:07:BNSF:GC0705115,0,0,0,17686,0,0,0,FREESTONE,4:00,2005,2005,"H020,","BNSF,",1,"H0,","H,",YARD,Texas,0,0,4,Midnight
Highway-rail impact,2005:07:SLAL:1,0,1,12708,3967,0,0,0,LUBBOCK,2:30,2005,2005,"M302,","BNSF,SLAL,",1,"M3,","M,",INDUSTRY,Texas,0,0,2,Midnight
Raking collision,2005:07:TXNW:2,0,0,0,26000,21,2,0,MOORE,22:00,2005,2005,"H306,","TXNW,",7,"H3,","H,",INDUSTRY,Texas,0,0,22,Evening
Derailments,2005:07:UP:0705EP012,0,0,12650,12000,1,1,0,REEVES,22:10,2005,2005,"E62C,","UP,",1,"E6,","E,",MAIN,Texas,0,0,22,Evening
Derailments,2005:07:UP:0705FW010,0,0,1000,11232,0,0,0,DALLAS,1:30,2005,2005,"H399,","UP,",7,"H3,","H,",YARD,Texas,0,0,1,Midnight
Other impacts,2005:07:UP:0705FW027,0,0,0,24230,0,0,0,TARRANT,2:17,2005,2005,"H307,","UP,",85,"H3,","H,",YARD,Texas,0,0,2,Midnight
Derailments,2005:07:UP:0705FW038,0,0,101265,69303,8,3,0,TAYLOR,20:22,2005,2005,"T102,","UP,",15,"T1,","T,",MAIN,Texas,0,0,20,Evening
Derailments,2005:07:UP:0705HO001,0,0,4395,2454,1,0,0,HARRIS,24:00:00,2005,2005,"T205,","UP,",7,"T2,","T,",YARD,Texas,0,0,24,Midnight
Derailments,2005:07:UP:0705HO018,0,0,260150,2501,2,0,0,CAMERON,17:00,2005,2005,"T101,","UP,",1,"T1,","T,",MAIN,Texas,0,0,17,Evening
Derailments,2005:07:UP:0705HO078,0,0,17780,5252,0,0,0,HARRIS,3:00,2005,2005,"H702,","UP,",7,"H7,","H,",YARD,Texas,0,0,3,Midnight
Derailments,2005:07:UP:0705HO080,0,0,580,15920,9,0,0,HARRIS,24:25:00,2005,2005,"M410,","UP,",7,"M4,","M,",YARD,Texas,0,0,24,Midnight
Derailments,2005:07:UP:0705SA015,0,0,73650,44214,0,0,0,COLORADO,18:32,2005,2005,"T110,","UP,",7,"T1,","T,",INDUSTRY,Texas,0,0,18,Evening
Derailments,2005:07:UP:0705SA017,0,0,132515,3682,0,0,0,LIVE OAK,23:30,2005,2005,"T102,","UP,",1,"T1,","T,",MAIN,Texas,0,0,23,Evening
Derailments,2005:07:XRHC:INDUSTRY,0,0,4210,4500,0,0,0,TARRANT,24:25:00,2005,2005,"T110,T113,","UP,",7,"T1,","T,",INDUSTRY,Texas,0,0,24,Midnight
Derailments,2005:07:XTBS:INDUSTRY,0,0,9000,25685,0,0,0,WISE,21:45,2005,2005,"T220,","UP,",7,"T2,","T,",INDUSTRY,Texas,0,0,21,Evening
Derailments,2005:08:BNSF:KS0805102,0,0,18500,5197,19,0,0,LUBBOCK,24:25:00,2005,2005,"T001,E40C,","BNSF,",1,"T0,E4,","T,E,",YARD,Texas,0,0,24,Midnight
Derailments,2005:08:BNSF:TX0805105,0,0,10000,41784,20,0,0,ELLIS,21:00,2005,2005,"T103,","BNSF,",1,"T1,","T,",MAIN,Texas,0,0,21,Evening
Other impacts,2005:08:BNSF:TX0805108,0,0,0,6830,49,2,0,WICHITA,2:40,2005,2005,"H310,H020,","BNSF,",1,"H3,H0,","H,",YARD,Texas,0,0,2,Midnight
Derailments,2005:08:KCS:05081603,0,0,2620,60000,0,0,0,JEFFERSON,19:00,2005,2005,"H702,","KCS,",8,"H7,","H,",YARD,Texas,0,0,19,Evening
Derailments,2005:08:KRR:05082901,0,0,5320,7000,0,0,0,LAMAR,23:25,2005,2005,"T110,","KRR,",1,"T1,","T,",YARD,Texas,0,0,23,Evening
Derailments,2005:08:SSQZ:INDUSTRY,0,0,100000,66136,0,0,0,EL PASO,2:00,2005,2005,"H306,","UP,",7,"H3,","H,",INDUSTRY,Texas,0,0,2,Midnight
Derailments,2005:08:UP:0805FW002,0,0,4312,2509,0,0,0,DALLAS,18:03,2005,2005,"E64C,","UP,",1,"E6,","E,",MAIN,Texas,0,0,18,Evening
Other impacts,2005:08:UP:0805FW030,0,0,0,7724,1,1,0,TARRANT,4:55,2005,2005,"S016,","UP,",86,"S0,","S,",YARD,Texas,0,0,4,Midnight
Derailments,2005:08:UP:0805FW033,0,0,0,37752,0,0,0,TARRANT,1:15,2005,2005,"H702,","UP,",7,"H7,","H,",YARD,Texas,0,0,1,Midnight
Derailments,2005:08:UP:0805HO007,0,0,17667,1168,38,1,0,LIBERTY,19:25,2005,2005,"M405,","UP,",7,"M4,","M,",YARD,Texas,0,0,19,Evening
Side collision,2005:08:UP:0805HO028,0,0,0,23456,48,2,0,HARRIS,21:30,2005,2005,"H702,","UP,",71,"H7,","H,",YARD,Texas,0,0,21,Evening
Other impacts,2005:08:UP:0805HO032,0,0,0,10114,10,1,0,HARRIS,2:30,2005,2005,"H306,H305,","BNSF,UP,",71,"H3,","H,",YARD,Texas,0,0,2,Midnight
Derailments,2005:08:UP:0805HO046,0,0,3000,5013,1,0,0,HARRIS,24:45:00,2005,2005,"T110,","UP,",7,"T1,","T,",YARD,Texas,0,0,24,Midnight
Derailments,2005:08:UP:0805HO078,0,0,58966,100660,28,0,0,BRAZORIA,21:40,2005,2005,"T303,","UP,",7,"T3,","T,",YARD,Texas,0,0,21,Evening
Derailments,2005:08:UP:0805SA008,0,0,690,41756,0,0,0,BEXAR,1:45,2005,2005,"H310,","UP,",7,"H3,","H,",YARD,Texas,0,0,1,Midnight
Derailments,2005:08:UP:0805SA040,0,0,26720,693,0,0,0,GUADALUPE,17:30,2005,2005,"T110,","UP,",7,"T1,","T,",YARD,Texas,0,0,17,Evening
Derailments,2005:08:XYBR:INDUSTRY,0,0,6500,1280,0,0,0,HILL,21:00,2005,2005,"T110,","UP,",7,"T1,","T,",INDUSTRY,Texas,0,0,21,Evening
Other impacts,2005:09:ATK:098215,0,2,5000,15000,0,0,0,BEXAR,2:07,2005,2005,"H021,","ATK,",52,"H0,","H,",YARD,Texas,0,0,2,Midnight
Other impacts,2005:09:BNSF:GC0905109,0,0,0,12441,1,1,0,FREESTONE,19:30,2005,2005,"H020,","BNSF,",51,"H0,","H,",YARD,Texas,0,0,19,Evening
Derailments,2005:09:BNSF:GC0905120,0,0,3000,28080,48,1,0,GALVESTON,19:30,2005,2005,"T314,E65C,","BNSF,",1,"T3,E6,","T,E,",YARD,Texas,0,0,19,Evening
Highway-rail impact,2005:09:BNSF:KS0905200,0,0,0,35129,0,0,0,HALE,19:40,2005,2005,"M302,M304,","BNSF,",1,"M3,","M,",MAIN,Texas,0,0,19,Evening
Derailments,2005:09:BNSF:TX0905100,0,0,30000,4300,2,0,0,CLAY,3:25,2005,2005,"H699,","BNSF,",1,"H6,","H,",SIDING,Texas,0,0,3,Midnight
Highway-rail impact,2005:09:KCS:05090102,0,0,0,9270,0,0,0,COLLIN,17:25,2005,2005,"M304,","KCS,",1,"M3,","M,",MAIN,Texas,0,0,17,Evening
Derailments,2005:09:KCS:05092803,0,0,28911,275374,2,2,0,COLLIN,1:14,2005,2005,"T199,","KCS,",1,"T1,","T,",MAIN,Texas,0,0,1,Midnight
Derailments,2005:09:RVSC:RV05075,0,0,988,11172,0,0,0,HIDALGO,3:00,2005,2005,"T499,","RVSC,",1,"T4,","T,",INDUSTRY,Texas,0,0,3,Midnight
Derailments,2005:09:UP:0905FW005,0,0,0,10000,0,0,0,PALO PINTO,24:00:00,2005,2005,"H997,","UP,",9,"H9,","H,",MAIN,Texas,0,0,24,Midnight
Derailments,2005:09:UP:0905FW007,0,0,2500,22780,0,0,0,ELLIS,2:56,2005,2005,"T102,","UP,",1,"T1,","T,",MAIN,Texas,0,0,2,Midnight
Derailments,2005:09:UP:0905FW019,0,0,20099,18233,0,0,0,TARRANT,3:50,2005,2005,"H703,","UP,",7,"H7,","H,",YARD,Texas,0,0,3,Midnight
Derailments,2005:09:UP:0905HO005,0,0,20403,19000,11,1,0,MATAGORDA,24:20:00,2005,2005,"E39C,E34C,","BNSF,UP,",1,"E3,","E,",MAIN,Texas,0,0,24,Midnight
Other impacts,2005:09:UP:0905HO060,0,0,0,18220,0,0,0,HARRIS,21:30,2005,2005,"H017,","UP,",8,"H0,","H,",YARD,Texas,0,0,21,Evening
Derailments,2005:09:UP:0905LV015,0,0,0,10211,0,0,0,ORANGE,24:00:00,2005,2005,"M105,","UP,",6,"M1,","M,",SIDING,Texas,0,0,24,Midnight
Derailments,2005:09:UP:0905SA018,0,0,96600,174133,6,5,2,MAVERICK,4:30,2005,2005,"T220,","BNSF,UP,",1,"T2,","T,",MAIN,Texas,0,0,4,Midnight
Derailments,2005:09:XBRT:INDUSTRY,0,0,28970,2407,0,0,0,HARRIS,22:00,2005,2005,"H306,","UP,",7,"H3,","H,",INDUSTRY,Texas,0,0,22,Evening
Derailments,2005:10:KCS:05101101,0,0,34497,17227,0,0,0,ORANGE,1:10,2005,2006,"T220,","KCS,",1,"T2,","T,",SIDING,Texas,0,0,1,Midnight
Derailments,2005:10:TCT:580194,0,0,6344,5500,2,2,0,GALVESTON,22:00,2005,2006,"T001,","BNSF,TCT,",7,"T0,","T,",YARD,Texas,0,0,22,Evening
Derailments,2005:10:UP:1005FW001,0,0,6954,43980,0,0,0,HILL,24:32:00,2005,2006,"T199,","UP,",1,"T1,","T,",MAIN,Texas,0,0,24,Midnight
Rear end collision,2005:10:UP:1005FW029,0,0,700,55809,7,0,0,MITCHELL,18:44,2005,2006,"H605,","UP,",1,"H6,","H,",MAIN,Texas,0,0,18,Evening
Derailments,2005:10:UP:1005HO003,0,0,37810,168106,0,0,0,HARRIS,3:45,2005,2006,"T207,T220,","BNSF,UP,",7,"T2,","T,",YARD,Texas,0,0,3,Midnight
Derailments,2005:10:UP:1005HO009,0,0,13065,9841,4,2,0,HARRIS,24:30:00,2005,2006,"T110,","UP,",7,"T1,","T,",YARD,Texas,0,0,24,Midnight
Derailments,2005:10:UP:1005HO015,0,0,142910,303392,8,4,0,GRIMES,18:35,2005,2006,"T102,","UP,",1,"T1,","T,",MAIN,Texas,0,0,18,Evening
Derailments,2005:10:UP:1005HO018,0,0,1480,7284,0,0,0,NUECES,18:00,2005,2006,"T217,H503,H514,","CCPN,UP,",7,"T2,H5,","T,H,",MAIN,Texas,0,0,18,Evening
Derailments,2005:10:UP:1005HO023,0,0,8400,3702,0,0,0,CAMERON,24:00:00,2005,2006,"T314,","UP,",75,"T3,","T,",YARD,Texas,0,0,24,Midnight
Derailments,2005:10:UP:1005HO028,0,0,42773,9314,0,0,0,HARRIS,21:00,2005,2006,"T222,","UP,",1,"T2,","T,",MAIN,Texas,0,0,21,Evening
Derailments,2005:10:UP:1005HO035,0,0,1000,7155,0,0,0,HARRIS,2:30,2005,2006,"T217,","UP,",76,"T2,","T,",YARD,Texas,0,0,2,Midnight
Derailments,2005:10:UP:1005HO037,0,0,1380,11728,13,0,0,BRAZORIA,4:45,2005,2006,"T111,T110,","UP,",7,"T1,","T,",YARD,Texas,0,0,4,Midnight
Derailments,2005:10:UP:1005HO066,0,0,600,8675,0,0,0,HARRIS,21:15,2005,2006,"E60L,","UP,",7,"E6,","E,",YARD,Texas,0,0,21,Evening
Side collision,2005:10:UP:1005HO073,0,1,230,14374,0,0,0,HARRIS,24:55:00,2005,2006,"H605,","UP,",8,"H6,","H,",YARD,Texas,0,0,24,Midnight
Derailments,2005:10:UP:1005SA012,0,0,535,17684,0,0,0,WILLIAMSON,23:30,2005,2006,"M502,","UP,",7,"M5,","M,",YARD,Texas,0,0,23,Evening
Side collision,2005:11:BNSF:SW1105102,0,0,0,8959,1,1,0,EL PASO,19:45,2005,2006,"H021,","BNSF,",75,"H0,","H,",YARD,Texas,0,0,19,Evening
Derailments,2005:11:CHMQ:INDUSTRY,0,0,61600,3600,0,0,0,BOSQUE,19:15,2005,2006,"M204,","BNSF,",1,"M2,","M,",INDUSTRY,Texas,0,0,19,Evening
Derailments,2005:11:DGNO:ID05662,0,0,0,25000,0,0,0,HUNT,18:50,2005,2006,"H211,","DGNO,",7,"H2,","H,",INDUSTRY,Texas,0,0,18,Evening
Derailments,2005:11:DGNO:ID05722,0,0,2000,20000,0,0,0,DALLAS,20:30,2005,2006,"H018,","DGNO,",7,"H0,","H,",YARD,Texas,0,0,20,Evening
Derailments,2005:11:KCS:05110602,0,0,8076,8500,0,0,0,BOWIE,21:15,2005,2006,"M404,","KCS,",1,"M4,","M,",MAIN,Texas,0,0,21,Evening
Other impacts,2005:11:TXNW:4,0,0,0,6700,18,4,0,MOORE,22:05,2005,2006,"H306,","TXNW,",7,"H3,","H,",INDUSTRY,Texas,0,0,22,Evening
Derailments,2005:11:UP:1105FW006,0,0,0,7086,0,0,0,DALLAS,21:10,2005,2006,"H306,","UP,",7,"H3,","H,",YARD,Texas,0,0,21,Evening
Derailments,2005:11:UP:1105HO011,0,0,14874,92,0,0,0,CAMERON,24:21:00,2005,2006,"T110,","UP,",1,"T1,","T,",MAIN,Texas,0,0,24,Midnight
Derailments,2005:11:UP:1105HO021,0,0,117009,487101,0,0,0,HARRIS,17:40,2005,2006,"H606,","UP,",1,"H6,","H,",MAIN,Texas,0,0,17,Evening
Highway-rail impact,2005:11:UP:1105LV002,0,1,0,6701,19,0,0,JEFFERSON,17:40,2005,2006,"M302,M304,","BNSF,UP,",1,"M3,","M,",MAIN,Texas,0,0,17,Evening
Derailments,2005:11:UP:1105LV013,0,0,5135,9136,0,0,0,JEFFERSON,1:00,2005,2006,"H702,","UP,",78,"H7,","H,",YARD,Texas,0,0,1,Midnight
Derailments,2005:11:UP:1105SA002,0,0,2900,47378,0,0,0,WEBB,2:35,2005,2006,"T220,","UP,",1,"T2,","T,",YARD,Texas,0,0,2,Midnight
Derailments,2005:11:UP:1105SA004,0,0,1070,11960,0,0,0,WEBB,1:15,2005,2006,"S011,","UP,",8,"S0,","S,",YARD,Texas,0,0,1,Midnight
Derailments,2005:11:UP:1105SA009,0,0,14500,26690,0,0,0,WEBB,18:55,2005,2006,"T314,","UP,",7,"T3,","T,",YARD,Texas,0,0,18,Evening
Derailments,2005:11:USA:INDUSTRY,0,0,118124,1324900,0,0,0,CORYELL,21:45,2005,2006,"H022,H099,","BNSF,",1,"H0,","H,",INDUSTRY,Texas,0,0,21,Evening
Derailments,2005:12:BNSF:GC1205107,0,0,73600,83904,0,0,0,AUSTIN,21:10,2005,2006,"T202,","BNSF,",1,"T2,","T,",YARD,Texas,0,0,21,Evening
Other impacts,2005:12:BNSF:GC1205109,0,0,20000,56676,0,0,0,BELL,24:05:00,2005,2006,"H020,","BNSF,",17,"H0,","H,",YARD,Texas,0,0,24,Midnight
Derailments,2005:12:BNSF:GC1205115,0,0,0,7500,0,0,0,HARRIS,20:00,2005,2006,"H312,","BNSF,",7,"H3,","H,",YARD,Texas,0,0,20,Evening
Derailments,2005:12:BNSF:TX1205100,0,0,160525,110178,0,0,0,BOSQUE,1:35,2005,2006,"T207,","BNSF,",1,"T2,","T,",SIDING,Texas,0,0,1,Midnight
Other impacts,2005:12:BNSF:TX1205108,0,0,0,7478,0,0,0,TARRANT,1:50,2005,2006,"H318,","BNSF,",7,"H3,","H,",YARD,Texas,0,0,1,Midnight
Derailments,2005:12:KCS:05120503,0,0,21,12687,0,0,0,JEFFERSON,21:00,2005,2006,"H307,","KCS,",7,"H3,","H,",INDUSTRY,Texas,0,0,21,Evening
Derailments,2005:12:KCS:05120803,0,0,6941,1150,2,2,0,JEFFERSON,18:15,2005,2006,"T314,","KCS,",7,"T3,","T,",YARD,Texas,0,0,18,Evening
Derailments,2005:12:KCS:05121102,0,0,1531,98783,11,3,0,JEFFERSON,24:00:00,2005,2006,"T202,","KCS,",7,"T2,","T,",YARD,Texas,0,0,24,Midnight
Highway-rail impact,2005:12:TRE:12072005,0,0,0,17661,0,0,0,TARRANT,18:35,2005,2006,"M306,","TRE,",3,"M3,","M,",MAIN,Texas,0,0,18,Evening
Derailments,2005:12:UP:1205EP005,0,0,150,6562,4,0,0,EL PASO,4:45,2005,2006,"H312,","UP,",7,"H3,","H,",YARD,Texas,0,0,4,Midnight
Derailments,2005:12:UP:1205FW029,0,0,2000,15297,0,0,0,TARRANT,23:30,2005,2006,"H522,","UP,",7,"H5,","H,",YARD,Texas,0,0,23,Evening
Derailments,2005:12:UP:1205FW031,0,0,345,15015,0,0,0,TARRANT,24:30:00,2005,2006,"H999,","UP,",7,"H9,","H,",MAIN,Texas,0,0,24,Midnight
Obstruction impact,2005:12:UP:1205HO012,0,0,4385,12017,18,0,0,HARRIS,4:40,2005,2006,"M404,","UP,",7,"M4,","M,",YARD,Texas,0,0,4,Midnight
Derailments,2005:12:UP:1205HO029,0,0,35503,21975,0,0,0,POLK,2:30,2005,2006,"E67C,","UP,",1,"E6,","E,",MAIN,Texas,0,0,2,Midnight
Derailments,2005:12:UP:1205HO044,0,0,757500,19000,0,0,0,NUECES,23:50,2005,2006,"T314,","TM,UP,",1,"T3,","T,",MAIN,Texas,0,0,23,Evening
Derailments,2005:12:UP:1205SA034,0,0,2755,4707,0,0,0,BEXAR,18:30,2005,2006,"M203,","UP,",7,"M2,","M,",INDUSTRY,Texas,0,0,18,Evening
Derailments,2006:01:BNSF:GC0106116,0,0,26000,0,0,0,0,NOLAN,17:00,2006,2006,"T204,T207,","BNSF,TXOR,",1,"T2,","T,",MAIN,Texas,0,0,17,Evening
Derailments,2006:01:GRR:200601,0,0,21000,931,0,0,0,WILLIAMSON,3:30,2006,2006,"H702,","GRR,UP,",7,"H7,","H,",MAIN,Texas,0,0,3,Midnight
Derailments,2006:01:KCS:06012501,0,0,8046,12600,10,10,0,JEFFERSON,1:45,2006,2006,"T220,","KCS,",7,"T2,","T,",YARD,Texas,0,0,1,Midnight
Derailments,2006:01:TXTX:F0022006,0,0,4500,80000,0,0,0,JEFFERSON,24:50:00,2006,2006,"T319,","TXTX,",7,"T3,","T,",INDUSTRY,Texas,0,0,24,Midnight
Derailments,2006:01:UP:0106FW018,0,0,1500,12703,0,0,0,DALLAS,21:50,2006,2006,"H503,","UP,",7,"H5,","H,",YARD,Texas,0,0,21,Evening