AccidentType,inckey,Fatalities,Injuries,TrackDamage,EquipmentDamage,HazmatCars,HazmatCarsDerailed,HazmatCarsReleasing,County,DisplayTime,calendar,Fiscal,AccidentCause,RailroadCodes,RAILEQUIPMENT_TYPE,CauseGroup,CauseDiscipline,TYPE_OF_TRACK,StateName,latitude,longitude,hour,cat
Derailments,2006:01:UP:0106FW034,0,0,11936,33949,31,0,0,TARRANT,1:45,2006,2006,"H507,","BNSF,UP,",1,"H5,","H,",MAIN,Texas,0,0,1,Midnight
Obstruction impact,2006:01:UP:0106HO017,0,0,93,13246,15,0,0,HARRIS,20:00,2006,2006,"H306,","UP,",7,"H3,","H,",YARD,Texas,0,0,20,Evening
Derailments,2006:01:UP:0106HO035,0,0,757500,2200,0,0,0,VICTORIA,2:00,2006,2006,"M299,M201,","TM,UP,",1,"M2,","M,",MAIN,Texas,0,0,2,Midnight
Derailments,2006:01:UP:0106HO036,0,0,2140,5759,0,0,0,HARRIS,4:30,2006,2006,"H306,","UP,",7,"H3,","H,",YARD,Texas,0,0,4,Midnight
Obstruction impact,2006:01:UP:0106HO049,0,0,7540,2500,36,0,0,HARRIS,17:15,2006,2006,"T499,E79L,","BNSF,UP,",7,"T4,E7,","T,E,",MAIN,Texas,0,0,17,Evening
Derailments,2006:01:UP:0106SA021,0,0,16021,654,0,0,0,BASTROP,17:40,2006,2006,"M503,","UP,",7,"M5,","M,",YARD,Texas,0,0,17,Evening
Highway-rail impact,2006:01:UP:0106SA025,0,0,0,7864,0,0,0,COLORADO,4:50,2006,2006,"M302,M305,","ATK,UP,",2,"M3,","M,",MAIN,Texas,0,0,4,Midnight
Derailments,2006:02:ATGZ:INDUSTRY,0,0,15000,7000,0,0,0,TARRANT,18:20,2006,2006,"T314,","BNSF,",1,"T3,","T,",INDUSTRY,Texas,0,0,18,Evening
Derailments,2006:02:KCS:06022202,0,0,504,17300,0,0,0,CASS,2:30,2006,2006,"H306,H309,","KCS,",1,"H3,","H,",YARD,Texas,0,0,2,Midnight
Obstruction impact,2006:02:KCS:06022601,0,0,9077,3216,0,0,0,CAMP,2:58,2006,2006,"T201,","KCS,UP,",1,"T2,","T,",MAIN,Texas,0,0,2,Midnight
Derailments,2006:02:KRR:06021401,0,0,20000,10000,0,0,0,LAMAR,19:55,2006,2006,"T202,","KRR,",1,"T2,","T,",MAIN,Texas,0,0,19,Evening
Derailments,2006:02:TM:TM06021401,0,0,2000,45343,0,0,0,WEBB,18:40,2006,2006,"H601,","TM,",7,"H6,","H,",YARD,Texas,0,0,18,Evening
Derailments,2006:02:TXNW:1,0,0,6235,21282,1,1,0,MOORE,18:00,2006,2006,"H307,H315,","BNSF,TXNW,",1,"H3,","H,",MAIN,Texas,0,0,18,Evening
Highway-rail impact,2006:02:UP:0206FW008,0,0,20000,200,0,0,0,DENTON,20:48,2006,2006,"M399,","UP,",1,"M3,","M,",MAIN,Texas,0,0,20,Evening
Obstruction impact,2006:02:UP:0206FW025,0,0,235407,3576,0,0,0,DALLAS,17:10,2006,2006,"M404,","UP,",7,"M4,","M,",YARD,Texas,0,0,17,Evening
Derailments,2006:02:UP:0206FW027,0,0,44765,8009,0,0,0,ELLIS,21:45,2006,2006,"T220,","UP,",7,"T2,","T,",YARD,Texas,0,0,21,Evening
Derailments,2006:02:UP:0206HO022,0,0,36770,11683,49,3,0,BRAZORIA,18:45,2006,2006,"M503,","UP,",7,"M5,","M,",YARD,Texas,0,0,18,Evening
Derailments,2006:02:UP:0206HO057,0,0,34879,298,11,0,0,HARRIS,4:45,2006,2006,"M405,","UP,",7,"M4,","M,",YARD,Texas,0,0,4,Midnight
Derailments,2006:02:UP:0206HO079,0,0,0,150000,0,0,0,LIBERTY,24:30:00,2006,2006,"H997,","UP,",NA,"H9,","H,",MAIN,Texas,0,0,24,Midnight
Other impacts,2006:02:UP:0206SA002,0,0,2651,11641,0,0,0,BEXAR,24:50:00,2006,2006,"H306,","UP,",76,"H3,","H,",YARD,Texas,0,0,24,Midnight
Derailments,2006:02:UP:0206SA015,0,0,18799,5027,0,0,0,BEXAR,20:00,2006,2006,"H703,","UP,",76,"H7,","H,",YARD,Texas,0,0,20,Evening
Derailments,2006:03:BNSF:GC0306109,0,0,6000,6510,0,0,0,HARRIS,4:45,2006,2006,"T207,","BNSF,",7,"T2,","T,",YARD,Texas,0,0,4,Midnight
Other impacts,2006:03:BNSF:GC0306119,0,0,0,32298,3,0,0,FREESTONE,4:00,2006,2006,"H318,","BNSF,",75,"H3,","H,",YARD,Texas,0,0,4,Midnight
Other impacts,2006:03:BNSF:TX0306114,0,0,0,15391,3,2,0,TARRANT,4:50,2006,2006,"H399,","BNSF,",75,"H3,","H,",YARD,Texas,0,0,4,Midnight
Other impacts,2006:03:CMC:MAR06002,0,0,11740,128900,7,7,0,LIBERTY,23:30,2006,2006,"H702,","CMC,",7,"H7,","H,",YARD,Texas,0,0,23,Evening
Derailments,2006:03:UP:0306FW002,0,0,17102,6611,0,0,0,TARRANT,18:00,2006,2006,"M503,","UP,",7,"M5,","M,",YARD,Texas,0,0,18,Evening
Other impacts,2006:03:UP:0306FW023,0,0,5625,23136,0,0,0,TARRANT,19:50,2006,2006,"H399,","UP,",7,"H3,","H,",YARD,Texas,0,0,19,Evening
Derailments,2006:03:UP:0306HO002,0,0,66445,1147,0,0,0,HARRIS,24:20:00,2006,2006,"S007,","UP,",7,"S0,","S,",YARD,Texas,0,0,24,Midnight
Derailments,2006:03:UP:0306HO019,0,0,51937,2400,3,3,0,BRAZORIA,22:20,2006,2006,"H799,H702,","RASX,UP,",7,"H7,","H,",INDUSTRY,Texas,0,0,22,Evening
Obstruction impact,2006:03:UP:0306HO020,0,0,18000,213,0,0,0,HARRIS,18:40,2006,2006,"M402,","UP,",7,"M4,","M,",YARD,Texas,0,0,18,Evening
Derailments,2006:03:UP:0306HO026,0,0,5678,7684,0,0,0,HARRIS,20:30,2006,2006,"M411,","UP,",7,"M4,","M,",YARD,Texas,0,0,20,Evening
Derailments,2006:03:UP:0306HO033,0,0,15190,487,0,0,0,HARRIS,19:00,2006,2006,"M405,","UP,",7,"M4,","M,",YARD,Texas,0,0,19,Evening
Side collision,2006:03:UP:0306LK040,0,0,68790,174924,22,5,1,GREGG,22:39,2006,2006,"H306,","UP,",7,"H3,","H,",YARD,Texas,0,0,22,Evening
Derailments,2006:03:UP:0306LK044,0,0,38440,13086,0,0,0,CAMP,3:41,2006,2006,"E33C,","UP,",1,"E3,","E,",MAIN,Texas,0,0,3,Midnight
Derailments,2006:04:BNSF:GC0406103,0,0,12000,4000,36,4,0,HARRIS,24:45:00,2006,2006,"E64C,","BNSF,",7,"E6,","E,",YARD,Texas,0,0,24,Midnight
Derailments,2006:04:BNSF:GC0406117,0,0,135000,100000,0,0,0,GRIMES,17:10,2006,2006,"E64C,","BNSF,TIBR,",1,"E6,","E,",MAIN,Texas,0,0,17,Evening
Other impacts,2006:04:BNSF:GC0406120,0,0,1900,78004,0,0,0,FREESTONE,4:38,2006,2006,"H021,","BNSF,",16,"H0,","H,",MAIN,Texas,0,0,4,Midnight
Other impacts,2006:04:BNSF:KS0406104,0,0,1100,55473,32,2,0,POTTER,22:00,2006,2006,"H020,H318,","BNSF,",7,"H0,H3,","H,",YARD,Texas,0,0,22,Evening
Other impacts,2006:04:FWWR:06042801,0,0,0,21750,0,0,0,HOOD,22:30,2006,2006,"E0HC,","FWWR,",5,"E0,","E,",SIDING,Texas,0,0,22,Evening
Derailments,2006:04:KCS:06042501,0,0,11821,108750,0,0,0,JEFFERSON,1:30,2006,2006,"T221,","KCS,",7,"T2,","T,",YARD,Texas,0,0,1,Midnight
Derailments,2006:04:TNMR:142006,0,0,15400,5400,9,0,0,WINKLER,17:01,2006,2006,"T109,T104,","TNMR,",1,"T1,","T,",MAIN,Texas,0,0,17,Evening
Other impacts,2006:04:UP:0406FW024,0,0,0,7949,0,0,0,TARRANT,1:35,2006,2006,"S007,","UP,",76,"S0,","S,",YARD,Texas,0,0,1,Midnight
Derailments,2006:04:UP:0406HO017,0,0,7996,3700,0,0,0,HARRIS,18:55,2006,2006,"T319,","UP,",7,"T3,","T,",YARD,Texas,0,0,18,Evening
Derailments,2006:04:UP:0406HO036,0,0,100,12393,0,0,0,BRAZORIA,21:30,2006,2006,"H306,","UP,",7,"H3,","H,",YARD,Texas,0,0,21,Evening
Derailments,2006:04:UP:0406HO061,0,0,35074,0,0,0,0,BRAZORIA,18:00,2006,2006,"T314,","UP,",8,"T3,","T,",INDUSTRY,Texas,0,0,18,Evening
Derailments,2006:04:UP:0406HO071,0,0,51360,9000,35,0,0,HARRIS,21:30,2006,2006,"T310,","UP,",7,"T3,","T,",YARD,Texas,0,0,21,Evening
Derailments,2006:04:UP:0406HO074,0,0,4501,8791,0,0,0,HARRIS,21:45,2006,2006,"T110,","UP,",7,"T1,","T,",YARD,Texas,0,0,21,Evening
Other impacts,2006:04:UP:0406LK020,0,0,0,43971,5,0,0,GREGG,19:16,2006,2006,"H799,H702,","UP,",76,"H7,","H,",YARD,Texas,0,0,19,Evening
Derailments,2006:04:UP:0406SA021,0,0,2128,31767,0,0,0,BEXAR,1:00,2006,2006,"M599,","UP,",7,"M5,","M,",YARD,Texas,0,0,1,Midnight
Fire/violent rupture,2006:04:UP:0406SA028,0,0,0,58313,4,0,0,COLORADO,24:30:00,2006,2006,"M406,E99L,","KCS,UP,",1,"M4,E9,M4,E9,","M,E,M,E,",MAIN,Texas,0,0,24,Midnight
Other impacts,2006:05:BNSF:GC0506112,0,0,0,10294,1,0,0,FREESTONE,2:20,2006,2006,"H318,","BNSF,",75,"H3,","H,",YARD,Texas,0,0,2,Midnight
Derailments,2006:05:BNSF:GC0506120,0,0,33650,2500,0,0,0,BRAZORIA,4:30,2006,2006,"T399,","BNSF,",1,"T3,","T,",SIDING,Texas,0,0,4,Midnight
Other impacts,2006:05:BNSF:KS0506106,0,0,0,18851,49,5,0,POTTER,22:30,2006,2006,"H306,","BNSF,",7,"H3,","H,",YARD,Texas,0,0,22,Evening
Derailments,2006:05:BNSF:TX0506109,0,0,22000,6530,8,0,0,DENTON,4:20,2006,2006,"T399,E64C,","BNSF,",1,"T3,E6,","T,E,",MAIN,Texas,0,0,4,Midnight
Derailments,2006:05:BNSF:TX0506111,0,0,25000,50640,0,0,0,HARDEMAN,17:00,2006,2006,"T311,","BNSF,",1,"T3,","T,",YARD,Texas,0,0,17,Evening
Other impacts,2006:05:CMC:MAY06004,0,0,0,17198,0,0,0,LIBERTY,21:30,2006,2006,"H302,","CMC,",7,"H3,","H,",YARD,Texas,0,0,21,Evening
Raking collision,2006:05:FWWR:06050801,0,0,0,12127,0,0,0,TARRANT,19:00,2006,2006,"H305,","FWWR,",7,"H3,","H,",YARD,Texas,0,0,19,Evening
Other events,2006:05:FWWR:06053101,0,0,0,8612,0,0,0,JOHNSON,1:15,2006,2006,"H018,","FWWR,",1,"H0,","H,",MAIN,Texas,0,0,1,Midnight
Derailments,2006:05:KCS:06051001,0,0,20410,51876,0,0,0,NUECES,2:10,2006,2006,"T103,","KCS,",1,"T1,","T,",YARD,Texas,0,0,2,Midnight
Derailments,2006:05:KCS:06052504,0,0,2974,16100,0,0,0,JIM WELLS,21:10,2006,2006,"M503,","KCS,",1,"M5,","M,",YARD,Texas,0,0,21,Evening
Side collision,2006:05:PTRA:20060510,0,0,0,12406,0,0,0,HARRIS,19:30,2006,2006,"H309,","PTRA,",61,"H3,","H,",YARD,Texas,0,0,19,Evening
Derailments,2006:05:RASX:FRAR255,0,0,800,54500,0,0,0,BRAZORIA,17:30,2006,2006,"H306,","RASX,",7,"H3,","H,",INDUSTRY,Texas,0,0,17,Evening
Derailments,2006:05:TIBR:D542506,0,0,15500,479000,0,0,0,SABINE,24:40:00,2006,2006,"H503,T199,","TIBR,",1,"H5,T1,","H,T,",MAIN,Texas,0,0,24,Midnight
Derailments,2006:05:TIBR:D542706,0,0,0,10060,0,0,0,HARDIN,1:00,2006,2006,"H018,","TIBR,",7,"H0,","H,",YARD,Texas,0,0,1,Midnight
Highway-rail impact,2006:05:UP:0506FW016,0,0,150,8255,0,0,0,MARTIN,21:19,2006,2006,"M304,","UP,",1,"M3,","M,",MAIN,Texas,0,0,21,Evening
Highway-rail impact,2006:05:UP:0506HO044,0,0,28000,100,0,0,0,HARRIS,22:41,2006,2006,"M308,","UP,",1,"M3,","M,",MAIN,Texas,0,0,22,Evening
Derailments,2006:05:UP:0506HO049,0,0,18465,2031,0,0,0,HOUSTON,23:40,2006,2006,"E4TC,","UP,",1,"E4,","E,",MAIN,Texas,0,0,23,Evening
Derailments,2006:05:UP:0506SA018,0,0,1759,17420,0,0,0,BEXAR,2:00,2006,2006,"E85C,","UP,",1,"E8,","E,",MAIN,Texas,0,0,2,Midnight
Head on collision,2006:05:UP:0506SA028,0,4,31040,337427,11,0,0,BEXAR,18:04,2006,2006,"H221,","UP,",1,"H2,","H,",MAIN,Texas,0,0,18,Evening
Derailments,2006:06:BNSF:GC0606108,0,0,17000,7717,65,0,0,MONTGOMERY,24:20:00,2006,2006,"H019,","BNSF,",1,"H0,","H,",MAIN,Texas,0,0,24,Midnight
Other impacts,2006:06:BNSF:KS0606117,0,0,0,32846,5,1,0,POTTER,20:10,2006,2006,"H210,H212,","BNSF,",17,"H2,","H,",YARD,Texas,0,0,20,Evening
Derailments,2006:06:BNSF:TX0606106,0,0,0,15035,0,0,0,TARRANT,3:45,2006,2006,"H020,","BNSF,",7,"H0,","H,",YARD,Texas,0,0,3,Midnight
Derailments,2006:06:CNCQ:INDUSTRY,0,0,5000,22127,11,2,0,LIBERTY,21:15,2006,2006,"T102,","UP,",7,"T1,","T,",YARD,Texas,0,0,21,Evening
Derailments,2006:06:DGNO:ID06359,0,0,22400,5000,0,0,0,GRAYSON,1:30,2006,2006,"T319,","DGNO,",1,"T3,","T,",INDUSTRY,Texas,0,0,1,Midnight
Derailments,2006:06:PTRA:2006000013,0,0,25000,13850,6,0,0,HARRIS,24:45:00,2006,2006,"T308,","PTRA,",6,"T3,","T,",YARD,Texas,0,0,24,Midnight
Highway-rail impact,2006:06:UP:0606FW002,0,1,13000,1799,0,0,0,MIDLAND,2:25,2006,2006,"M304,","UP,",1,"M3,","M,",MAIN,Texas,0,0,2,Midnight
Derailments,2006:06:UP:0606FW018,0,0,40884,9572,0,0,0,GRAYSON,20:45,2006,2006,"H702,","UP,",4,"H7,","H,",YARD,Texas,0,0,20,Evening
Derailments,2006:06:UP:0606HO007,0,0,89670,62120,49,3,0,HARRIS,24:45:00,2006,2006,"T101,","UP,",1,"T1,","T,",MAIN,Texas,0,0,24,Midnight
Derailments,2006:06:UP:0606HO019,0,0,2210,41437,15,0,0,VICTORIA,21:15,2006,2006,"T101,","UP,",78,"T1,","T,",YARD,Texas,0,0,21,Evening
Other impacts,2006:06:UP:0606HO048,0,0,300,39046,9,0,0,HARRIS,24:28:00,2006,2006,"H309,","UP,",7,"H3,","H,",YARD,Texas,0,0,24,Midnight
Derailments,2006:06:UP:0606HO062,0,0,22000,2936,11,0,0,HARRIS,3:55,2006,2006,"H503,","UP,",1,"H5,","H,",MAIN,Texas,0,0,3,Midnight
Derailments,2006:06:UP:0606HO085,0,0,431690,483996,19,7,1,HARRIS,24:27:00,2006,2006,"T199,","BNSF,UP,",7,"T1,","T,",MAIN,Texas,0,0,24,Midnight
Other events,2006:06:UP:0606SA007,0,0,890,7968,0,0,0,WEBB,23:00,2006,2006,"M507,","UP,",5,"M5,","M,",YARD,Texas,0,0,23,Evening
Other impacts,2006:06:UP:0606SA010,0,0,0,119722,0,0,0,WEBB,17:30,2006,2006,"H601,","UP,",81,"H6,","H,",MAIN,Texas,0,0,17,Evening
Derailments,2006:06:WRRC:ZZZZZZZZZZ,0,0,13700,2361,0,0,0,COMAL,18:00,2006,2006,"T102,","UP,",7,"T1,","T,",YARD,Texas,0,0,18,Evening
Derailments,2006:06:XGPR:INDUSTRY,0,0,4500,16487,0,0,0,HARRIS,17:00,2006,2006,"T110,","UP,",7,"T1,","T,",INDUSTRY,Texas,0,0,17,Evening
Derailments,2006:07:BNSF:GC0706108,0,0,63000,11878,0,0,0,LAMPASAS,1:30,2006,2006,"H599,","BNSF,",1,"H5,","H,",MAIN,Texas,0,0,1,Midnight
Derailments,2006:07:BNSF:GC0706116,0,0,1600,11520,0,0,0,FREESTONE,2:50,2006,2006,"H607,","BNSF,",1,"H6,","H,",MAIN,Texas,0,0,2,Midnight
Derailments,2006:07:BNSF:GC0706119,0,0,24571,24800,1,1,0,LAMPASAS,21:40,2006,2006,"T108,","BNSF,",1,"T1,","T,",MAIN,Texas,0,0,21,Evening
Other impacts,2006:07:BNSF:TX0706100,0,0,0,53139,0,0,0,TARRANT,2:45,2006,2006,"H318,","BNSF,",87,"H3,","H,",YARD,Texas,0,0,2,Midnight
Derailments,2006:07:BNSF:TX0706110,0,0,5500,11605,11,0,0,WICHITA,23:00,2006,2006,"H306,","BNSF,",1,"H3,","H,",YARD,Texas,0,0,23,Evening
Derailments,2006:07:CHMP:INDUSTRY,0,0,9468,339,0,0,0,ECTOR,18:05,2006,2006,"T110,T205,","UP,",7,"T1,T2,","T,",INDUSTRY,Texas,0,0,18,Evening
Derailments,2006:07:DGNO:ID06412,0,0,15970,9000,0,0,0,GRAYSON,24:35:00,2006,2006,"T110,","DGNO,",7,"T1,","T,",INDUSTRY,Texas,0,0,24,Midnight
Derailments,2006:07:DOWX:INDUSTRY,0,0,27500,43668,68,7,0,BRAZORIA,17:15,2006,2006,"T205,","UP,",7,"T2,","T,",INDUSTRY,Texas,0,0,17,Evening
Derailments,2006:07:DOWX:INDUSTRY1,0,0,990,6853,16,4,0,BRAZORIA,22:45,2006,2006,"T110,","UP,",7,"T1,","T,",INDUSTRY,Texas,0,0,22,Evening
Derailments,2006:07:TIBR:D544306,0,0,3000,42000,0,0,0,HARDIN,3:45,2006,2006,"M503,","TIBR,",1,"M5,","M,",YARD,Texas,0,0,3,Midnight
Highway-rail impact,2006:07:TRE:071206,1,0,0,14000,0,0,0,TARRANT,18:38,2006,2006,"M308,","TRE,",3,"M3,","M,",MAIN,Texas,0,0,18,Evening
Derailments,2006:07:UP:0706FW032,0,2,800,255765,0,0,0,WOOD,20:35,2006,2006,"H703,","ATK,UP,",26,"H7,","H,",YARD,Texas,0,0,20,Evening
Other impacts,2006:07:UP:0706HO018,0,0,35035,3842,67,4,0,GALVESTON,21:15,2006,2006,"H306,","TCT,UP,",77,"H3,","H,",YARD,Texas,0,0,21,Evening
Other impacts,2006:07:UP:0706HO030,0,0,172,16926,0,0,0,CAMERON,20:40,2006,2006,"H318,","UP,",75,"H3,","H,",YARD,Texas,0,0,20,Evening
Highway-rail impact,2006:07:UP:0706HO052,0,0,23000,500,0,0,0,HARRIS,17:25,2006,2006,"M308,M304,","BNSF,UP,",7,"M3,","M,",MAIN,Texas,0,0,17,Evening
Derailments,2006:07:UP:0706HO056,0,0,36550,1507,0,0,0,RUSK,1:27,2006,2006,"H312,","UP,",7,"H3,","H,",INDUSTRY,Texas,0,0,1,Midnight
Rear end collision,2006:07:UP:0706LK001,0,0,0,625689,0,0,0,HARRISON,24:53:00,2006,2006,"H605,","BNSF,UP,",1,"H6,","H,",MAIN,Texas,0,0,24,Midnight
Derailments,2006:07:UP:0706SA014,0,0,37751,4325,0,0,0,WILLIAMSON,23:57,2006,2006,"T314,","UP,",7,"T3,","T,",YARD,Texas,0,0,23,Evening
Derailments,2006:07:UP:0706SA016,0,0,6371,2463,0,0,0,WEBB,1:00,2006,2006,"H702,","UP,",7,"H7,","H,",YARD,Texas,0,0,1,Midnight
Derailments,2006:07:XPBE:INDUSTRY,0,0,8000,17068,0,0,0,JEFFERSON,22:30,2006,2006,"T314,","BNSF,",51,"T3,","T,",INDUSTRY,Texas,0,0,22,Evening
Derailments,2006:08:BNSF:GC0806119,0,0,5500,14816,0,0,0,HARRIS,22:50,2006,2006,"T207,","BNSF,",7,"T2,","T,",YARD,Texas,0,0,22,Evening
Derailments,2006:08:BNSF:KS0806100,0,0,19592,44199,0,0,0,LUBBOCK,4:33,2006,2006,"M409,","BNSF,",1,"M4,","M,",YARD,Texas,0,0,4,Midnight
Highway-rail impact,2006:08:BNSF:KS0806202,0,2,0,15815,2,0,0,LAMB,18:10,2006,2006,"M302,M304,","BNSF,",1,"M3,","M,",MAIN,Texas,0,0,18,Evening
Derailments,2006:08:BNSF:TX0806103,0,0,195557,63310,17,2,0,COOKE,20:13,2006,2006,"T222,","BNSF,",1,"T2,","T,",YARD,Texas,0,0,20,Evening
Derailments,2006:08:TIBR:D544606,0,0,3500,93000,0,0,0,HARDIN,23:55,2006,2006,"T205,","TIBR,",7,"T2,","T,",YARD,Texas,0,0,23,Evening
Obstruction impact,2006:08:UP:0806FW005,0,0,200,11939,0,0,0,MIDLAND,22:43,2006,2006,"M402,","UP,",1,"M4,","M,",MAIN,Texas,0,0,22,Evening
Derailments,2006:08:UP:0806FW014,0,0,11380,2196,0,0,0,TARRANT,1:10,2006,2006,"M405,","UP,",7,"M4,","M,",YARD,Texas,0,0,1,Midnight
Derailments,2006:08:UP:0806FW015,0,2,188815,425000,0,0,0,DALLAS,1:05,2006,2006,"T313,","UP,",1,"T3,","T,",MAIN,Texas,0,0,1,Midnight
Highway-rail impact,2006:08:UP:0806HO051,0,0,15000,0,18,0,0,NUECES,2:40,2006,2006,"M399,","UP,",1,"M3,","M,",MAIN,Texas,0,0,2,Midnight
Derailments,2006:08:UP:0806SA003,0,0,2480,28101,1,1,0,BEXAR,22:30,2006,2006,"H601,H602,","UP,",7,"H6,","H,",YARD,Texas,0,0,22,Evening
Derailments,2006:08:UP:0806SA026,0,1,48635,10733,0,0,0,COMAL,22:35,2006,2006,"E53C,","UP,",1,"E5,","E,",MAIN,Texas,0,0,22,Evening
Other impacts,2006:08:UP:0806SA041,0,0,0,35000,0,0,0,FAYETTE,17:45,2006,2006,"H402,","UP,",NA,"H4,","H,",MAIN,Texas,0,0,17,Evening
Derailments,2006:08:XGLT:INDUSTRY,0,0,8000,2845,0,0,0,HARRIS,17:20,2006,2006,"T314,","UP,",7,"T3,","T,",INDUSTRY,Texas,0,0,17,Evening
Derailments,2006:09:BNSF:GC0906108,0,0,2000,6200,1,1,0,HARRIS,18:10,2006,2006,"T314,","BNSF,",7,"T3,","T,",YARD,Texas,0,0,18,Evening
Derailments,2006:09:BNSF:KS0906131,0,0,8100,23695,15,0,0,POTTER,23:15,2006,2006,"H525,","BNSF,",1,"H5,","H,",YARD,Texas,0,0,23,Evening
Derailments,2006:09:BNSF:TX0906107,0,0,18000,20344,0,0,0,TARRANT,17:20,2006,2006,"T314,","BNSF,",1,"T3,","T,",INDUSTRY,Texas,0,0,17,Evening
Derailments,2006:09:BNSF:TX0906110,0,4,97000,1116246,13,7,1,MCLENNAN,18:15,2006,2006,"E46C,","BNSF,",1,"E4,","E,",MAIN,Texas,0,0,18,Evening
Other impacts,2006:09:BNSF:TX0906112,0,0,0,8447,1,1,0,COOKE,4:30,2006,2006,"H318,","BNSF,",15,"H3,","H,",YARD,Texas,0,0,4,Midnight
Derailments,2006:09:CMC:SEPT06007,0,0,1700,7900,0,0,0,LIBERTY,22:00,2006,2006,"H799,","CMC,",7,"H7,","H,",MAIN,Texas,0,0,22,Evening
Derailments,2006:09:PPRJ:INDUSTRY,0,0,24000,7510,0,0,0,NACOGDOCHES,21:30,2006,2006,"T111,","UP,",7,"T1,","T,",INDUSTRY,Texas,0,0,21,Evening
Derailments,2006:09:UP:0906EP008,0,0,65830,2906,0,0,0,EL PASO,4:07,2006,2006,"T311,","UP,",7,"T3,","T,",YARD,Texas,0,0,4,Midnight
Derailments,2006:09:UP:0906EP014,0,1,50,13987,7,0,0,EL PASO,3:00,2006,2006,"H018,","UP,",76,"H0,","H,",YARD,Texas,0,0,3,Midnight
Other impacts,2006:09:UP:0906FW008,0,0,0,14899,0,0,0,DALLAS,21:30,2006,2006,"H310,","UP,",75,"H3,","H,",YARD,Texas,0,0,21,Evening
Derailments,2006:09:UP:0906FW026,0,0,29,9218,0,0,0,TARRANT,18:35,2006,2006,"S006,","UP,",7,"S0,","S,",YARD,Texas,0,0,18,Evening
Derailments,2006:09:UP:0906HO020,0,0,20000,4900,0,0,0,LIBERTY,21:54,2006,2006,"M504,","UP,",7,"M5,","M,",MAIN,Texas,0,0,21,Evening
Derailments,2006:09:UP:0906HO021,0,0,7478,3100,25,0,0,HARRIS,18:30,2006,2006,"T102,E4BC,E42C,","BNSF,UP,",1,"T1,E4,","T,E,",MAIN,Texas,0,0,18,Evening
Fire/violent rupture,2006:09:UP:0906HO029,0,0,0,12669,0,0,0,BRAZOS,21:00,2006,2006,"M406,","UP,",1,"M4,","M,",MAIN,Texas,0,0,21,Evening
Derailments,2006:09:ZIOF:INDUSTRY,0,0,4215,8825,0,0,0,HARRIS,22:30,2006,2006,"T108,","LDLV,",85,"T1,","T,",INDUSTRY,Texas,0,0,22,Evening
Derailments,2006:10:AGCR:101206,0,0,0,10000,0,0,0,BEXAR,2:30,2006,2007,"H702,","AGCR,",6,"H7,","H,",INDUSTRY,Texas,0,0,2,Midnight
Derailments,2006:10:AGCR:101906,0,0,2000,20000,0,0,0,BEXAR,20:30,2006,2007,"E89C,","AGCR,",7,"E8,","E,",INDUSTRY,Texas,0,0,20,Evening
Side collision,2006:10:BNSF:GC1006107,0,0,0,19854,9,1,0,FREESTONE,19:00,2006,2007,"H020,","BNSF,",16,"H0,","H,",YARD,Texas,0,0,19,Evening
Derailments,2006:10:BNSF:GC1006112,0,0,250000,78930,13,1,0,BROWN,18:30,2006,2007,"T110,E46C,","BNSF,",1,"T1,E4,","T,E,",MAIN,Texas,0,0,18,Evening
Derailments,2006:10:BNSF:GC1006116,0,0,2900,42156,0,0,0,GALVESTON,23:45,2006,2007,"H607,","BNSF,",78,"H6,","H,",YARD,Texas,0,0,23,Evening
Derailments,2006:10:BNSF:KS1006100,0,0,0,9660,0,0,0,POTTER,23:45,2006,2007,"H099,","BNSF,",8,"H0,","H,",YARD,Texas,0,0,23,Evening
Other impacts,2006:10:BNSF:KS1006108,0,0,1500,72424,49,4,0,POTTER,3:40,2006,2007,"H307,","BNSF,",71,"H3,","H,",YARD,Texas,0,0,3,Midnight
Highway-rail impact,2006:10:BNSF:KS1006202,0,0,50,9361,0,0,0,LUBBOCK,18:00,2006,2007,"M302,","BNSF,",1,"M3,","M,",MAIN,Texas,0,0,18,Evening
Other impacts,2006:10:BNSF:PR1006100,0,2,133000,1980793,2,2,0,MOORE,19:30,2006,2007,"H702,","BNSF,",16,"H7,","H,",SIDING,Texas,0,0,19,Evening
Derailments,2006:10:BNSF:TX1006110,0,0,60000,267376,0,0,0,DONLEY,1:00,2006,2007,"T207,","BNSF,",1,"T2,","T,",MAIN,Texas,0,0,1,Midnight
Obstruction impact,2006:10:BNSF:TX1006112,0,0,0,14156,1,1,0,TARRANT,2:55,2006,2007,"H318,","BNSF,",75,"H3,","H,",YARD,Texas,0,0,2,Midnight
Derailments,2006:10:DGNO:ID06620,0,0,0,8000,0,0,0,DALLAS,22:50,2006,2007,"H303,","DGNO,",7,"H3,","H,",SIDING,Texas,0,0,22,Evening
Derailments,2006:10:UP:1006HO012,0,0,12042,1200,0,0,0,VICTORIA,17:26,2006,2007,"T102,T110,","KCS,UP,",1,"T1,","T,",INDUSTRY,Texas,0,0,17,Evening
Derailments,2006:10:UP:1006HO026,0,0,3404,15844,3,0,0,COLORADO,17:00,2006,2007,"T110,","UP,",7,"T1,","T,",YARD,Texas,0,0,17,Evening
Derailments,2006:10:XTAM:INDUSTRY,0,0,3160,7164,0,0,0,HARRIS,20:45,2006,2007,"T217,","UP,",7,"T2,","T,",INDUSTRY,Texas,0,0,20,Evening
Derailments,2006:11:BNSF:GC1106102,0,0,125000,188619,18,1,0,BELL,22:30,2006,2007,"T399,","BNSF,",1,"T3,","T,",MAIN,Texas,0,0,22,Evening
Derailments,2006:11:BNSF:KS1106122,0,0,176040,200075,0,0,0,POTTER,22:30,2006,2007,"T207,","BNSF,",1,"T2,","T,",SIDING,Texas,0,0,22,Evening
Other impacts,2006:11:BNSF:TX1106100,0,0,0,15000,0,0,0,TARRANT,18:00,2006,2007,"H307,H311,","BNSF,",67,"H3,","H,",INDUSTRY,Texas,0,0,18,Evening
Derailments,2006:11:KCS:06111701,0,0,33330,434099,0,0,0,DUVAL,2:00,2006,2007,"T210,","KCS,",1,"T2,","T,",MAIN,Texas,0,0,2,Midnight