AccidentType,inckey,Fatalities,Injuries,TrackDamage,EquipmentDamage,HazmatCars,HazmatCarsDerailed,HazmatCarsReleasing,County,DisplayTime,calendar,Fiscal,AccidentCause,RailroadCodes,RAILEQUIPMENT_TYPE,CauseGroup,CauseDiscipline,TYPE_OF_TRACK,StateName,latitude,longitude,hour,cat
Derailments,2006:11:MMZ:INDUSTRY,0,0,690,17000,0,0,0,UVALDE,3:00,2006,2007,"T110,","UP,",7,"T1,","T,",INDUSTRY,Texas,0,0,3,Midnight
Other impacts,2006:11:SIZZ:INDUSTRY,0,0,2400,31200,0,0,0,LIBERTY,3:00,2006,2007,"H302,","UP,",87,"H3,","H,",YARD,Texas,0,0,3,Midnight
Derailments,2006:11:UP:1106HO004,0,0,560,9867,7,0,0,HARRIS,17:43,2006,2007,"T101,T206,","UP,",7,"T1,T2,","T,",YARD,Texas,0,0,17,Evening
Other impacts,2006:11:UP:1106HO032,0,0,350,20245,0,0,0,HARRIS,23:40,2006,2007,"H307,","UP,",76,"H3,","H,",YARD,Texas,0,0,23,Evening
Derailments,2006:11:UP:1106HO035,0,0,15155,19136,12,5,0,HARRIS,4:20,2006,2007,"H503,","UP,",7,"H5,","H,",YARD,Texas,0,0,4,Midnight
Derailments,2006:11:UP:1106HO048,0,0,53400,13170,0,0,0,HARRIS,1:47,2006,2007,"M204,","UP,",1,"M2,","M,",MAIN,Texas,0,0,1,Midnight
Derailments,2006:11:UP:1106HO059,0,0,25000,75355,2,0,0,GALVESTON,2:15,2006,2007,"T207,","BNSF,UP,",1,"T2,","T,",YARD,Texas,0,0,2,Midnight
Derailments,2006:11:UP:1106LK020,0,0,69953,10517,31,7,0,GREGG,23:15,2006,2007,"T108,","UP,",7,"T1,","T,",INDUSTRY,Texas,0,0,23,Evening
Derailments,2006:11:UP:1106SA012,0,0,47842,48576,0,0,0,ROBERTSON,22:00,2006,2007,"H526,","UP,",1,"H5,","H,",MAIN,Texas,0,0,22,Evening
Derailments,2006:11:ZSDU:INDUSTRY,0,0,34285,0,0,0,0,GREGG,24:02:00,2006,2007,"T110,","UP,",8,"T1,","T,",INDUSTRY,Texas,0,0,24,Midnight
Derailments,2006:12:BNSF:GC1206112,0,0,17000,7086,0,0,0,BELL,17:40,2006,2007,"H399,","BNSF,",7,"H3,","H,",YARD,Texas,0,0,17,Evening
Derailments,2006:12:BNSF:KS1206115,0,0,3100,15025,7,0,0,POTTER,2:45,2006,2007,"H504,","BNSF,",7,"H5,","H,",YARD,Texas,0,0,2,Midnight
Obstruction impact,2006:12:BNSF:KS1206123,3,2,7200,800,16,0,0,POTTER,18:35,2006,2007,"M402,","BNSF,",1,"M4,","M,",MAIN,Texas,0,0,18,Evening
Other impacts,2006:12:BNSF:TX1206102,0,0,0,73148,9,0,0,TARRANT,19:45,2006,2007,"H306,","BNSF,",17,"H3,","H,",YARD,Texas,0,0,19,Evening
Derailments,2006:12:BNSF:TX1206105,0,0,2000,11418,0,0,0,TARRANT,18:30,2006,2007,"H307,","BNSF,",7,"H3,","H,",YARD,Texas,0,0,18,Evening
Derailments,2006:12:BNSF:TX1206115,0,0,98432,6614,12,0,0,COOKE,17:00,2006,2007,"T110,","BNSF,",1,"T1,","T,",YARD,Texas,0,0,17,Evening
Other impacts,2006:12:CMC:DEC06011,0,0,0,11500,0,0,0,LIBERTY,17:35,2006,2007,"H302,","CMC,",7,"H3,","H,",YARD,Texas,0,0,17,Evening
Derailments,2006:12:CNGZ:INDUSTRY1,0,0,21000,12384,0,0,0,GRAYSON,4:00,2006,2007,"M502,","BNSF,",6,"M5,","M,",INDUSTRY,Texas,0,0,4,Midnight
Derailments,2006:12:DEGU:INDUSTRY,0,0,4000,8000,3,3,0,HUTCHINSON,23:29,2006,2007,"T399,T110,","PNR,",7,"T3,T1,","T,",INDUSTRY,Texas,0,0,23,Evening
Derailments,2006:12:FWWR:06120801,0,0,0,12595,0,0,0,HOOD,17:30,2006,2007,"H210,H212,","FWWR,",1,"H2,","H,",INDUSTRY,Texas,0,0,17,Evening
Derailments,2006:12:FWWR:06122101,0,0,1099,9996,0,0,0,TARRANT,4:15,2006,2007,"T110,","FWWR,",1,"T1,","T,",YARD,Texas,0,0,4,Midnight
Derailments,2006:12:TXTX:F0362006,0,0,3590,6175,0,0,0,JEFFERSON,23:50,2006,2007,"T210,T221,","BNSF,TXTX,",1,"T2,","T,",INDUSTRY,Texas,0,0,23,Evening
Broken train collision,2006:12:UP:1206EP010,0,0,50,10862,0,0,0,EL PASO,20:45,2006,2007,"H307,","UP,",76,"H3,","H,",YARD,Texas,0,0,20,Evening
Derailments,2006:12:UP:1206FW003,0,0,3220,36893,0,0,0,DALLAS,24:00:00,2006,2007,"H306,","UP,",7,"H3,","H,",YARD,Texas,0,0,24,Midnight
Other impacts,2006:12:UP:1206FW007,0,0,230,13154,0,0,0,DALLAS,18:40,2006,2007,"H018,","UP,",76,"H0,","H,",YARD,Texas,0,0,18,Evening
Derailments,2006:12:UP:1206FW017,0,0,6500,18786,0,0,0,TARRANT,2:00,2006,2007,"E35C,","UP,",7,"E3,","E,",YARD,Texas,0,0,2,Midnight
Derailments,2006:12:UP:1206FW018,0,0,242360,1635455,0,0,0,FALLS,19:30,2006,2007,"T101,","UP,",1,"T1,","T,",MAIN,Texas,0,0,19,Evening
Highway-rail impact,2006:12:UP:1206HO009,1,0,30000,45057,0,0,0,COLORADO,24:53:00,2006,2007,"M399,","UP,",1,"M3,","M,",MAIN,Texas,0,0,24,Midnight
Derailments,2006:12:XYTI:INDUSTRY1,0,0,0,39593,0,0,0,HARRIS,2:30,2006,2007,"H702,","BNSF,",7,"H7,","H,",YARD,Texas,0,0,2,Midnight
Other impacts,2007:01:BNSF:GC0107103,0,0,0,9176,0,0,0,BURLESON,24:15:00,2007,2007,"H607,H302,","BNSF,",68,"H6,H3,H6,H3,","H,",SIDING,Texas,0,0,24,Midnight
Derailments,2007:01:BNSF:GC0107116,0,0,1750,21774,0,0,0,BELL,2:30,2007,2007,"H799,","BNSF,",8,"H7,","H,",YARD,Texas,0,0,2,Midnight
Derailments,2007:01:BNSF:TX0107101,0,0,3000,33706,0,0,0,TARRANT,4:20,2007,2007,"H307,H302,","BNSF,",75,"H3,","H,",YARD,Texas,0,0,4,Midnight
Other impacts,2007:01:CMC:JAN07002,0,0,0,96785,2,2,0,LIBERTY,23:00,2007,2007,"H702,H306,","CMC,",7,"H7,H3,","H,",YARD,Texas,0,0,23,Evening
Derailments,2007:01:KCS:07010603,0,0,2780,19334,15,0,0,COLLIN,19:00,2007,2007,"T307,","KCS,",1,"T3,","T,",YARD,Texas,0,0,19,Evening
Derailments,2007:01:KCS:07012801,0,0,40288,21700,0,0,0,JEFFERSON,24:30:00,2007,2007,"T220,","KCS,",1,"T2,","T,",MAIN,Texas,0,0,24,Midnight
Derailments,2007:01:TIBR:D540107,0,0,5000,12000,0,0,0,MONTGOMERY,19:03,2007,2007,"T102,","TIBR,",1,"T1,","T,",MAIN,Texas,0,0,19,Evening
Raking collision,2007:01:TXTX:F0042007,0,0,2232,7198,0,0,0,JEFFERSON,4:00,2007,2007,"H307,H302,","TXTX,",7,"H3,","H,",INDUSTRY,Texas,0,0,4,Midnight
Highway-rail impact,2007:01:UP:0107FW007,0,1,0,16597,0,0,0,WARD,17:00,2007,2007,"M304,","UP,",1,"M3,","M,",MAIN,Texas,0,0,17,Evening
Derailments,2007:01:UP:0107FW008,0,0,2200,8124,0,0,0,DALLAS,22:40,2007,2007,"H018,","UP,",7,"H0,","H,",YARD,Texas,0,0,22,Evening
Derailments,2007:01:UP:0107FW012,0,0,232896,60666,0,0,0,DALLAS,3:30,2007,2007,"H604,","BNSF,UP,",1,"H6,","H,",MAIN,Texas,0,0,3,Midnight
Derailments,2007:01:UP:0107HO045,0,0,20564,26613,18,0,0,HARRIS,20:30,2007,2007,"H602,","UP,",7,"H6,","H,",YARD,Texas,0,0,20,Evening
Derailments,2007:01:UP:0107LK030,0,0,4305,11104,24,5,0,GREGG,22:15,2007,2007,"T110,","UP,",7,"T1,","T,",INDUSTRY,Texas,0,0,22,Evening
Derailments,2007:01:UP:0107SA012,0,0,40800,0,0,0,0,ROBERTSON,17:42,2007,2007,"T110,","UP,",7,"T1,","T,",YARD,Texas,0,0,17,Evening
Derailments,2007:01:XDCB:INDUSTRY,0,0,2000,17584,0,0,0,CHAMBERS,23:30,2007,2007,"T220,","UP,",7,"T2,","T,",INDUSTRY,Texas,0,0,23,Evening
Derailments,2007:02:BNSF:GC0207106,0,0,22500,15000,43,2,0,MILAM,24:30:00,2007,2007,"T108,","BNSF,",1,"T1,","T,",MAIN,Texas,0,0,24,Midnight
Other impacts,2007:02:BNSF:KS0207111,0,0,0,47494,9,1,0,LUBBOCK,21:15,2007,2007,"H399,","BNSF,",1,"H3,","H,",YARD,Texas,0,0,21,Evening
Other impacts,2007:02:BNSF:TX0207103,0,0,0,49751,0,0,0,COOKE,24:15:00,2007,2007,"H307,","BNSF,",48,"H3,","H,",YARD,Texas,0,0,24,Midnight
Derailments,2007:02:BNSF:TX0207111,0,0,27133,12881,9,0,0,TARRANT,23:00,2007,2007,"H519,H503,","BNSF,",1,"H5,","H,",SIDING,Texas,0,0,23,Evening
Derailments,2007:02:CCPN:CCT407DR,0,0,7427,2280,0,0,0,NUECES,19:00,2007,2007,"T206,T299,","CCPN,",7,"T2,","T,",YARD,Texas,0,0,19,Evening
Derailments,2007:02:KCS:07021602,0,0,1895,11875,1,1,0,COLLIN,23:30,2007,2007,"H312,","KCS,",7,"H3,","H,",YARD,Texas,0,0,23,Evening
Side collision,2007:02:KCS:07021902,0,0,16566,25326,17,0,0,COLLIN,18:10,2007,2007,"H306,H401,","KCS,",71,"H3,H4,H3,H4,","H,",YARD,Texas,0,0,18,Evening
Derailments,2007:02:UP:0207HO032,0,0,145000,38650,3,3,0,VICTORIA,18:45,2007,2007,"H604,","BNSF,UP,",1,"H6,","H,",MAIN,Texas,0,0,18,Evening
Derailments,2007:02:UP:0207HO039,0,0,11954,7206,0,0,0,HARRIS,18:30,2007,2007,"H220,","UP,",7,"H2,","H,",YARD,Texas,0,0,18,Evening
Other impacts,2007:02:UP:0207SA010,0,0,345,20636,0,0,0,BEXAR,3:20,2007,2007,"H020,","UP,",7,"H0,","H,",YARD,Texas,0,0,3,Midnight
Other impacts,2007:02:XOVM:INDUSTRY,0,0,0,18500,6,2,0,HARRIS,19:30,2007,2007,"H302,","PTRA,",6,"H3,","H,",INDUSTRY,Texas,0,0,19,Evening
Derailments,2007:03:BNSF:GC0307102,0,0,450000,193168,0,0,0,LAMPASAS,2:10,2007,2007,"T102,","BNSF,",1,"T1,","T,",MAIN,Texas,0,0,2,Midnight
Derailments,2007:03:BNSF:KS0307118,0,0,17000,861009,5,4,0,ROBERTS,21:45,2007,2007,"M102,","BNSF,",1,"M1,","M,",MAIN,Texas,0,0,21,Evening
Other events,2007:03:BNSF:KS0307123,0,0,17500,8100,0,0,0,CARSON,17:00,2007,2007,"H997,","BNSF,",9,"H9,","H,",SIDING,Texas,0,0,17,Evening
Highway-rail impact,2007:03:BNSF:TX0307200,1,1,20000,2384,0,0,0,COOKE,19:00,2007,2007,"M399,M308,","BNSF,UP,",1,"M3,","M,",MAIN,Texas,0,0,19,Evening
Derailments,2007:03:KCS:07030105,0,0,2384,35000,0,0,0,JEFFERSON,20:15,2007,2007,"M405,","KCS,",7,"M4,","M,",MAIN,Texas,0,0,20,Evening
Derailments,2007:03:PTRA:2007000022,0,0,20000,16450,76,5,0,HARRIS,23:00,2007,2007,"M503,","PTRA,UP,",7,"M5,","M,",MAIN,Texas,0,0,23,Evening
Derailments,2007:03:UP:0307FW027,0,0,70000,100,0,0,0,ECTOR,17:00,2007,2007,"H702,","UP,",7,"H7,","H,",YARD,Texas,0,0,17,Evening
Other impacts,2007:03:UP:0307FW034,0,0,0,32009,3,3,0,TARRANT,20:30,2007,2007,"M407,","UP,",76,"M4,","M,",YARD,Texas,0,0,20,Evening
Other impacts,2007:03:UP:0307HO019,0,0,0,10247,2,2,0,HARRIS,17:00,2007,2007,"S006,","UP,",76,"S0,","S,",YARD,Texas,0,0,17,Evening
Derailments,2007:03:UP:0307HO033,0,0,20424,11139,36,2,0,HARRIS,17:30,2007,2007,"H702,","UP,",7,"H7,","H,",YARD,Texas,0,0,17,Evening
Highway-rail impact,2007:03:UP:0307HO036,0,1,0,30319,0,0,0,GRIMES,21:55,2007,2007,"M399,","UP,",1,"M3,","M,",MAIN,Texas,0,0,21,Evening
Derailments,2007:03:WTLC:232007,0,0,3300,6200,5,0,0,GAINES,24:15:00,2007,2007,"T110,","WTLC,",1,"T1,","T,",YARD,Texas,0,0,24,Midnight
Derailments,2007:03:WTLC:432007,0,0,8400,1200,0,0,0,GAINES,24:10:00,2007,2007,"T110,","WTLC,",1,"T1,","T,",MAIN,Texas,0,0,24,Midnight
Raking collision,2007:04:BNSF:KS0407105,0,0,0,12935,7,1,0,POTTER,22:15,2007,2007,"H020,","BNSF,",76,"H0,","H,",YARD,Texas,0,0,22,Evening
Derailments,2007:04:BNSF:KS0407119,0,0,500,33467,7,1,1,POTTER,4:50,2007,2007,"M501,T001,","BNSF,UP,",7,"M5,T0,","M,T,",MAIN,Texas,0,0,4,Midnight
Derailments,2007:04:BNSF:TX0407111,0,0,2500,12920,0,0,0,TARRANT,24:20:00,2007,2007,"H318,","BNSF,",7,"H3,","H,",YARD,Texas,0,0,24,Midnight
Derailments,2007:04:JINZ:INDUSTRY,0,0,2000,16222,0,0,0,CHAMBERS,18:15,2007,2007,"T110,","UP,",1,"T1,","T,",INDUSTRY,Texas,0,0,18,Evening
Derailments,2007:04:KCS:07042404,0,0,10623,1650,0,0,0,NUECES,20:00,2007,2007,"T110,H505,","BNSF,KCS,",1,"T1,H5,","T,H,",SIDING,Texas,0,0,20,Evening
Other events,2007:04:UP:0407FW009,0,0,0,24092,0,0,0,HOWARD,24:01:00,2007,2007,"M507,","UP,",8,"M5,","M,",YARD,Texas,0,0,24,Midnight
Other impacts,2007:04:UP:0407HO008,0,0,25517,50803,47,0,0,HARRIS,22:00,2007,2007,"H306,","UP,",7,"H3,","H,",INDUSTRY,Texas,0,0,22,Evening
Derailments,2007:04:XYBR:INDUSTRY,0,0,2970,12762,0,0,0,BRAZOS,21:45,2007,2007,"T102,","UP,",7,"T1,","T,",INDUSTRY,Texas,0,0,21,Evening
Other impacts,2007:05:BNSF:KS0507107,0,0,800,12648,1,1,0,POTTER,23:30,2007,2007,"H318,","BNSF,",75,"H3,","H,",YARD,Texas,0,0,23,Evening
Derailments,2007:05:BNSF:TX0507106,0,0,8000,16728,0,0,0,WICHITA,19:55,2007,2007,"T110,","BNSF,",1,"T1,","T,",YARD,Texas,0,0,19,Evening
Derailments,2007:05:KCS:07052202,0,0,7983,12700,0,0,0,WEBB,24:35:00,2007,2007,"M506,","KCS,",1,"M5,","M,",YARD,Texas,0,0,24,Midnight
Derailments,2007:05:TXTX:F0142007,0,0,972,41921,0,0,0,JASPER,22:00,2007,2007,"T102,","TXTX,",7,"T1,","T,",INDUSTRY,Texas,0,0,22,Evening
Derailments,2007:05:UP:0507EP004,0,0,500,18096,0,0,0,EL PASO,1:45,2007,2007,"H503,H504,","UP,",1,"H5,","H,",MAIN,Texas,0,0,1,Midnight
Derailments,2007:05:UP:0507FW010,0,0,2000,8109,0,0,0,TARRANT,2:00,2007,2007,"T102,","UP,",7,"T1,","T,",YARD,Texas,0,0,2,Midnight
Highway-rail impact,2007:05:UP:0507FW027,0,0,0,9418,29,0,0,PALO PINTO,17:50,2007,2007,"M304,","UP,",1,"M3,","M,",MAIN,Texas,0,0,17,Evening
Other impacts,2007:05:UP:0507HO052,0,0,4000,32178,0,0,0,HARRIS,22:45,2007,2007,"H306,","UP,",78,"H3,","H,",YARD,Texas,0,0,22,Evening
Other impacts,2007:05:UP:0507LK033,0,0,0,56924,0,0,0,GREGG,21:55,2007,2007,"H309,","UP,",756,"H3,","H,",YARD,Texas,0,0,21,Evening
Derailments,2007:05:UP:0507SA019,0,0,34130,11014,0,0,0,BEXAR,4:26,2007,2007,"E4TC,E4BC,","UP,",7,"E4,","E,",YARD,Texas,0,0,4,Midnight
Derailments,2007:05:WTLC:252007,0,0,12200,750,0,0,0,LUBBOCK,21:30,2007,2007,"H503,","WTLC,",1,"H5,","H,",INDUSTRY,Texas,0,0,21,Evening
Derailments,2007:06:AGCR:61007,0,0,3000,10000,0,0,0,BEXAR,19:25,2007,2007,"H607,H702,","AGCR,",1,"H6,H7,","H,",INDUSTRY,Texas,0,0,19,Evening
Derailments,2007:06:BNSF:GC0607108,0,0,81000,364618,77,8,1,COLEMAN,22:00,2007,2007,"T319,","BNSF,",1,"T3,","T,",MAIN,Texas,0,0,22,Evening
Derailments,2007:06:BNSF:KS0607103,0,0,900,8507,0,0,0,HALE,24:45:00,2007,2007,"H993,","BNSF,",1,"H9,","H,",MAIN,Texas,0,0,24,Midnight
Other impacts,2007:06:BNSF:TX0607110,0,0,0,37000,0,0,0,TARRANT,22:30,2007,2007,"H318,","BNSF,",67,"H3,","H,",YARD,Texas,0,0,22,Evening
Derailments,2007:06:CMC:JUNE07006,0,0,1000,40000,0,0,0,LIBERTY,22:30,2007,2007,"E64C,T314,","CMC,",7,"E6,T3,","E,T,",YARD,Texas,0,0,22,Evening
Derailments,2007:06:KCS:07060503,0,0,9734,600,0,0,0,JIM WELLS,19:07,2007,2007,"T201,","KCS,",1,"T2,","T,",MAIN,Texas,0,0,19,Evening
Derailments,2007:06:KCS:07060505,0,0,59210,136689,6,3,0,MARION,22:30,2007,2007,"T108,","KCS,",1,"T1,","T,",MAIN,Texas,0,0,22,Evening
Derailments,2007:06:KCS:07061401,0,0,39339,15400,0,0,0,JEFFERSON,1:45,2007,2007,"T110,","BNSF,KCS,",1,"T1,","T,",YARD,Texas,0,0,1,Midnight
Other impacts,2007:06:KCS:07062504,0,0,94,11664,2,1,0,COLLIN,19:00,2007,2007,"H302,","KCS,",1,"H3,","H,",YARD,Texas,0,0,19,Evening
Highway-rail impact,2007:06:UP:0607FW023,0,0,20000,2517,0,0,0,MIDLAND,2:12,2007,2007,"M304,","UP,",1,"M3,","M,",MAIN,Texas,0,0,2,Midnight
Derailments,2007:06:TIBR:D542207,0,0,1000,9000,0,0,0,JASPER,23:50,2007,2007,"T102,","TIBR,",1,"T1,","T,",MAIN,Texas,0,0,23,Evening
Derailments,2007:06:TIBR:D542307,0,0,16500,10000,0,0,0,NEWTON,21:00,2007,2007,"T110,","TIBR,",1,"T1,","T,",MAIN,Texas,0,0,21,Evening
Derailments,2007:06:TRE:06102007,0,0,3042,11000,0,0,0,DALLAS,20:15,2007,2007,"H702,","TRE,",2,"H7,","H,",YARD,Texas,0,0,20,Evening
Derailments,2007:06:UP:0607FW002,0,0,12512,750,0,0,0,DALLAS,19:35,2007,2007,"T110,","UP,",7,"T1,","T,",YARD,Texas,0,0,19,Evening
Derailments,2007:06:UP:0607FW008,0,0,7742,9195,0,0,0,DENTON,24:00:00,2007,2007,"M504,","UP,",5,"M5,","M,",INDUSTRY,Texas,0,0,24,Midnight
Derailments,2007:06:UP:0607FW012,0,0,134343,796783,1,0,0,LIMESTONE,4:14,2007,2007,"H504,","UP,",1,"H5,","H,",MAIN,Texas,0,0,4,Midnight
Obstruction impact,2007:06:UP:0607HO027,0,0,15748,12000,0,0,0,HARRIS,21:43,2007,2007,"M404,","UP,",8,"M4,","M,",YARD,Texas,0,0,21,Evening
Other impacts,2007:06:UP:0607HO052,0,0,0,29546,4,2,0,BRAZORIA,21:05,2007,2007,"H302,H399,","UP,",75,"H3,","H,",YARD,Texas,0,0,21,Evening
Derailments,2007:06:UP:0607HO053,0,0,0,9973,33,4,0,HARRIS,17:10,2007,2007,"H503,","UP,",7,"H5,","H,",YARD,Texas,0,0,17,Evening
Derailments,2007:06:UP:0607LV002,0,0,2413,12492,0,0,0,JEFFERSON,20:40,2007,2007,"M405,","UP,",7,"M4,","M,",YARD,Texas,0,0,20,Evening
Derailments,2007:06:UP:0607SA012,0,0,2000,55179,8,1,0,MAVERICK,22:20,2007,2007,"E27C,","BNSF,UP,",1,"E2,","E,",MAIN,Texas,0,0,22,Evening
Derailments,2007:06:UP:0607SA021,0,0,10419,37503,0,0,0,BEXAR,2:40,2007,2007,"M599,","UP,",7,"M5,","M,",YARD,Texas,0,0,2,Midnight
Derailments,2007:07:ATK:104850,0,0,3597,16382,0,0,0,BEXAR,22:25,2007,2007,"T314,E64L,","ATK,",2,"T3,E6,","T,E,",YARD,Texas,0,0,22,Evening
Derailments,2007:07:BNSF:GC0707103,0,0,125000,20492,1,1,0,HARRIS,3:00,2007,2007,"T001,T205,","BNSF,",7,"T0,T2,","T,",YARD,Texas,0,0,3,Midnight
Derailments,2007:07:BNSF:GC0707111,0,0,88080,1700,5,0,0,GREGG,24:10:00,2007,2007,"T102,","BNSF,",1,"T1,","T,",YARD,Texas,0,0,24,Midnight
Other impacts,2007:07:BNSF:GC0707117,0,0,250,11332,0,0,0,BURLESON,23:15,2007,2007,"H020,","BNSF,",86,"H0,","H,",YARD,Texas,0,0,23,Evening
Derailments,2007:07:BNSF:KS0707116,0,0,0,32042,0,0,0,LUBBOCK,22:05,2007,2007,"H399,","BNSF,",5,"H3,","H,",YARD,Texas,0,0,22,Evening
Side collision,2007:07:BNSF:KS0707122,0,0,25000,135921,27,1,0,POTTER,4:45,2007,2007,"H307,","BNSF,",7,"H3,","H,",YARD,Texas,0,0,4,Midnight
Other impacts,2007:07:BNSF:KS0707124,0,0,0,15427,0,0,0,POTTER,20:30,2007,2007,"H318,","BNSF,",7,"H3,","H,",YARD,Texas,0,0,20,Evening
Highway-rail impact,2007:07:BNSF:TX0707200,0,0,0,10000,0,0,0,WISE,17:27,2007,2007,"M303,","BNSF,",1,"M3,","M,",MAIN,Texas,0,0,17,Evening
Derailments,2007:07:DGNO:ID070447,0,0,200,34800,0,0,0,DALLAS,19:15,2007,2007,"M503,","DGNO,",1,"M5,","M,",YARD,Texas,0,0,19,Evening
Derailments,2007:07:TIBR:D542907,0,0,6000,27000,0,0,0,HARDIN,20:00,2007,2007,"H020,","TIBR,",1,"H0,","H,",YARD,Texas,0,0,20,Evening
Derailments,2007:07:UP:0707HO003,0,0,26036,69977,5,0,0,HARRIS,19:30,2007,2007,"T220,","UP,",1,"T2,","T,",MAIN,Texas,0,0,19,Evening
Other impacts,2007:07:UP:0707HO005,0,0,16105,945,4,3,0,HARRIS,1:10,2007,2007,"E41C,","UP,",76,"E4,","E,",YARD,Texas,0,0,1,Midnight
Derailments,2007:07:UP:0707HO012,0,0,54113,3679,15,6,0,HARRIS,4:15,2007,2007,"T001,","UP,",7,"T0,","T,",YARD,Texas,0,0,4,Midnight
Derailments,2007:07:UP:0707HO018,0,2,2708,6403,19,3,0,HARRIS,3:50,2007,2007,"H993,T399,","UP,",7,"H9,T3,","H,T,",YARD,Texas,0,0,3,Midnight
Derailments,2007:07:UP:0707HO040,0,0,9280,2881,0,0,0,HARRIS,22:00,2007,2007,"T110,","UP,",7,"T1,","T,",INDUSTRY,Texas,0,0,22,Evening
Derailments,2007:07:UP:0707HO050,0,0,40821,200,0,0,0,HARRIS,1:50,2007,2007,"T110,","UP,",7,"T1,","T,",INDUSTRY,Texas,0,0,1,Midnight
Derailments,2007:07:UP:0707HO056,0,0,1509,25000,0,0,0,HARRIS,23:00,2007,2007,"T313,T314,T311,","BNSF,UP,",7,"T3,","T,",YARD,Texas,0,0,23,Evening
Derailments,2007:07:UP:0707HO070,0,0,164662,27764,34,4,0,HARRIS,4:15,2007,2007,"T220,","UP,",7,"T2,","T,",YARD,Texas,0,0,4,Midnight
Other impacts,2007:07:UP:0707LK034,0,0,0,11350,0,0,0,GREGG,20:40,2007,2007,"H306,","UP,",68,"H3,","H,",YARD,Texas,0,0,20,Evening
Derailments,2007:07:UP:0707SA022,0,0,285713,481675,0,0,0,TRAVIS,19:50,2007,2007,"M103,","UP,",1,"M1,","M,",MAIN,Texas,0,0,19,Evening
Raking collision,2007:07:UP:0707SA023,0,0,200000,51850,0,0,0,FAYETTE,22:00,2007,2007,"M201,","UP,",1,"M2,","M,",MAIN,Texas,0,0,22,Evening
Derailments,2007:07:WTLC:JULY2307,0,0,20763,1000,0,0,0,TERRY,18:18,2007,2007,"T199,","WTLC,",1,"T1,","T,",SIDING,Texas,0,0,18,Evening
Derailments,2007:08:BNSF:GC0807103,0,0,950,9753,2,0,0,HARRIS,23:00,2007,2007,"H020,","BNSF,",7,"H0,","H,",YARD,Texas,0,0,23,Evening
Derailments,2007:08:BNSF:GC0807108,0,0,0,10179,0,0,0,HARRIS,1:30,2007,2007,"H309,","BNSF,",6,"H3,","H,",YARD,Texas,0,0,1,Midnight
Derailments,2007:08:BNSF:GC0807124,0,0,16630,3019,42,0,0,BELL,4:25,2007,2007,"H701,","BNSF,",1,"H7,","H,",MAIN,Texas,0,0,4,Midnight
Derailments,2007:08:BNSF:GC0807125,0,0,450,46751,0,0,0,MATAGORDA,21:50,2007,2007,"T110,","BNSF,",1,"T1,","T,",MAIN,Texas,0,0,21,Evening
Derailments,2007:08:BNSF:KS0807104,0,0,563729,56603,0,0,0,POTTER,22:50,2007,2007,"E45C,","BNSF,",1,"E4,","E,",MAIN,Texas,0,0,22,Evening
Obstruction impact,2007:08:BNSF:TX0807110,0,0,200,33000,8,0,0,GRAYSON,17:25,2007,2007,"T001,","BNSF,",1,"T0,","T,",MAIN,Texas,0,0,17,Evening
Derailments,2007:08:PNR:PNRCS07026,0,0,19000,139642,8,8,1,HUTCHINSON,3:15,2007,2007,"E64C,T314,","PNR,",7,"E6,T3,","E,T,",INDUSTRY,Texas,0,0,3,Midnight
Derailments,2007:08:RVSC:RV07073,0,0,75000,50000,0,0,0,HIDALGO,22:30,2007,2007,"H503,","RVSC,",1,"H5,","H,",MAIN,Texas,0,0,22,Evening
Derailments,2007:08:UP:0807HO010,0,0,241644,118993,0,0,0,BRAZORIA,1:20,2007,2007,"H701,H306,","RASX,UP,",7,"H7,H3,","H,",YARD,Texas,0,0,1,Midnight
Derailments,2007:08:UP:0807HO013,0,0,76042,1239,0,0,0,HARRIS,17:00,2007,2007,"E85C,","UP,",7,"E8,","E,",INDUSTRY,Texas,0,0,17,Evening
Derailments,2007:08:UP:0807HO022,0,0,49199,49499,0,0,0,HARRIS,17:20,2007,2007,"T313,","UP,",7,"T3,","T,",YARD,Texas,0,0,17,Evening
Derailments,2007:08:UP:0807HO026,0,0,35608,2737,0,0,0,HARRIS,20:54,2007,2007,"T313,","UP,",7,"T3,","T,",YARD,Texas,0,0,20,Evening
Derailments,2007:08:UP:0807HO043,0,0,44896,7915,22,0,0,LIBERTY,21:05,2007,2007,"T108,","BNSF,UP,",7,"T1,","T,",YARD,Texas,0,0,21,Evening
Highway-rail impact,2007:08:UP:0807HO053,3,0,0,19225,0,0,0,HARRIS,22:55,2007,2007,"M302,M308,","ATK,UP,",2,"M3,","M,",MAIN,Texas,0,0,22,Evening
Derailments,2007:08:UP:0807LV009,0,0,108078,45867,0,0,0,SHELBY,19:45,2007,2007,"H524,","BNSF,UP,",1,"H5,","H,",YARD,Texas,0,0,19,Evening
Highway-rail impact,2007:08:UP:0807SA009,0,0,30000,1000,0,0,0,MEDINA,4:59,2007,2007,"M302,","UP,",1,"M3,","M,",MAIN,Texas,0,0,4,Midnight
Derailments,2007:08:XTXU:INDUSTRY,0,0,0,58600,0,0,0,FREESTONE,1:00,2007,2007,"M101,","BNSF,",1,"M1,","M,",INDUSTRY,Texas,0,0,1,Midnight
Derailments,2007:09:BNSF:GC0907106,0,0,26676,199995,94,6,0,BROWN,19:46,2007,2007,"T202,","BNSF,",61,"T2,","T,",YARD,Texas,0,0,19,Evening
Derailments,2007:09:BNSF:GC0907115,0,0,7500,12602,18,6,0,BURLESON,22:20,2007,2007,"H503,","BNSF,",1,"H5,","H,",YARD,Texas,0,0,22,Evening
Side collision,2007:09:BNSF:KS0907103,0,0,100,17665,1,1,0,POTTER,24:25:00,2007,2007,"H607,","BNSF,",75,"H6,","H,",YARD,Texas,0,0,24,Midnight
Derailments,2007:09:BNSF:SW0907100,0,0,40000,61279,19,4,0,EL PASO,4:15,2007,2007,"T110,T111,","BNSF,",7,"T1,","T,",YARD,Texas,0,0,4,Midnight