AccidentType,inckey,Fatalities,Injuries,TrackDamage,EquipmentDamage,HazmatCars,HazmatCarsDerailed,HazmatCarsReleasing,County,DisplayTime,calendar,Fiscal,AccidentCause,RailroadCodes,RAILEQUIPMENT_TYPE,CauseGroup,CauseDiscipline,TYPE_OF_TRACK,StateName,latitude,longitude,hour,cat
Derailments,2007:09:BNSF:SW0907104,0,0,30000,0,0,0,0,EL PASO,1:20,2007,2007,"M103,M101,","BNSF,",NA,"M1,","M,",YARD,Texas,0,0,1,Midnight
Highway-rail impact,2007:09:CLSX:INDUSTRY,0,1,500,85957,0,0,0,ECTOR,2:30,2007,2007,"M304,","UP,",7,"M3,","M,",INDUSTRY,Texas,0,0,2,Midnight
Derailments,2007:09:KCS:07091902,0,0,11423,10600,0,0,0,JEFFERSON,1:33,2007,2007,"T221,","KCS,",7,"T2,","T,",YARD,Texas,0,0,1,Midnight
Derailments,2007:09:LDCZ:INDUSTRY,0,0,1770,20381,0,0,0,HARRIS,19:30,2007,2007,"T314,","UP,",7,"T3,","T,",INDUSTRY,Texas,0,0,19,Evening
Highway-rail impact,2007:09:UP:0907FW016,0,0,0,20798,0,0,0,ECTOR,17:30,2007,2007,"M399,","UP,",1,"M3,","M,",MAIN,Texas,0,0,17,Evening
Derailments,2007:09:UP:0907FW021,0,0,19651,5064,18,0,0,MCLENNAN,22:05,2007,2007,"E86C,","UP,",1,"E8,","E,",MAIN,Texas,0,0,22,Evening
Derailments,2007:09:UP:0907FW033,0,0,165000,7965,0,0,0,DALLAS,3:00,2007,2007,"M409,","UP,",7,"M4,","M,",YARD,Texas,0,0,3,Midnight
Derailments,2007:09:UP:0907HO004,0,0,28306,801,0,0,0,HARRIS,20:40,2007,2007,"T110,","UP,",7,"T1,","T,",YARD,Texas,0,0,20,Evening
Derailments,2007:09:UP:0907HO026,0,0,34569,166943,0,0,0,MATAGORDA,22:15,2007,2007,"T001,","BNSF,UP,",1,"T0,","T,",YARD,Texas,0,0,22,Evening
Other events,2007:09:UP:0907HO064,0,0,106000,550,47,0,0,HARRIS,20:00,2007,2007,"E79L,","UP,",7,"E7,","E,",YARD,Texas,0,0,20,Evening
Derailments,2007:09:UP:0907SA023,0,0,265828,123410,0,0,0,BURLESON,18:00,2007,2007,"H307,","UP,",7,"H3,","H,",SIDING,Texas,0,0,18,Evening
Derailments,2007:09:XHSP:INDUSTRY,0,0,3007,50430,0,0,0,WISE,19:37,2007,2007,"T313,","UP,",76,"T3,","T,",INDUSTRY,Texas,0,0,19,Evening
Derailments,2007:09:XPSO:INDUSTRY,0,0,29485,100,0,0,0,HARRIS,22:30,2007,2007,"H307,H210,","UP,",7,"H3,H2,","H,",INDUSTRY,Texas,0,0,22,Evening
Derailments,2007:10:BNSF:GC1007106,0,0,190000,306767,12,0,0,FORT BEND,4:30,2007,2008,"T314,","BNSF,",1,"T3,","T,",MAIN,Texas,0,0,4,Midnight
Raking collision,2007:10:BNSF:GC1007126,0,0,0,13952,38,0,0,FREESTONE,23:00,2007,2008,"H607,","BNSF,",1,"H6,","H,",MAIN,Texas,0,0,23,Evening
Derailments,2007:10:BNSF:KS1007100,0,0,38223,279497,0,0,0,POTTER,3:55,2007,2008,"T207,","BNSF,",1,"T2,","T,",MAIN,Texas,0,0,3,Midnight
Derailments,2007:10:BNSF:KS1007101,0,0,1500,183064,13,3,0,POTTER,20:10,2007,2008,"H306,","BNSF,",7,"H3,","H,",YARD,Texas,0,0,20,Evening
Side collision,2007:10:BNSF:KS1007132,0,0,0,15657,16,0,0,POTTER,2:00,2007,2008,"H306,","BNSF,",17,"H3,","H,",YARD,Texas,0,0,2,Midnight
Derailments,2007:10:BNSF:TX1007103,0,0,0,111227,9,0,0,TARRANT,1:45,2007,2008,"H601,","BNSF,",7,"H6,","H,",YARD,Texas,0,0,1,Midnight
Other impacts,2007:10:CMC:OCT07008,0,0,1000,12000,0,0,0,LIBERTY,19:30,2007,2008,"H021,","CMC,",7,"H0,","H,",YARD,Texas,0,0,19,Evening
Other impacts,2007:10:KCS:07101001,0,0,1052,19000,2,2,0,JEFFERSON,4:00,2007,2008,"H317,H318,","KCS,",7,"H3,","H,",YARD,Texas,0,0,4,Midnight
Derailments,2007:10:UP:1007EP009,0,0,107550,2207,5,0,0,EL PASO,21:00,2007,2008,"S011,","UP,",1,"S0,","S,",YARD,Texas,0,0,21,Evening
Highway-rail impact,2007:10:UP:1007FW013,0,0,2179,301900,0,0,0,ECTOR,18:15,2007,2008,"M304,","UP,",1,"M3,","M,",MAIN,Texas,0,0,18,Evening
Derailments,2007:10:UP:1007HO009,0,0,19216,790,5,0,0,HARRIS,24:15:00,2007,2008,"T110,","UP,",7,"T1,","T,",YARD,Texas,0,0,24,Midnight
Other impacts,2007:10:UP:1007HO061,0,0,0,21150,0,0,0,HARRIS,23:00,2007,2008,"M407,","UP,",75,"M4,","M,",YARD,Texas,0,0,23,Evening
Side collision,2007:10:UP:1007SA005,0,0,3400,15354,1,1,0,BEXAR,18:25,2007,2008,"H702,","UP,",7,"H7,","H,",YARD,Texas,0,0,18,Evening
Derailments,2007:10:XVTS:INDUSTRY,0,0,140000,5000,0,0,0,TRAVIS,24:30:00,2007,2008,"T311,","AWRR,",1,"T3,","T,",MAIN,Texas,0,0,24,Midnight
Derailments,2007:11:AGCR:11122007,0,0,2000,7000,0,0,0,BEXAR,21:40,2007,2008,"T311,","AGCR,",7,"T3,","T,",INDUSTRY,Texas,0,0,21,Evening
Derailments,2007:11:BNSF:GC1107100,0,0,12500,30000,0,0,0,HARRIS,19:00,2007,2008,"T113,","BNSF,",7,"T1,","T,",YARD,Texas,0,0,19,Evening
Derailments,2007:11:BNSF:GC1107102,0,0,3500,4889,0,0,0,BROWN,19:30,2007,2008,"H399,","BNSF,",1,"H3,","H,",YARD,Texas,0,0,19,Evening
Derailments,2007:11:BNSF:GC1107115,0,0,2700,8091,7,3,0,HARRIS,4:45,2007,2008,"H312,","BNSF,",7,"H3,","H,",YARD,Texas,0,0,4,Midnight
Derailments,2007:11:CMC:NOV07009,0,0,1500,9723,0,0,0,LIBERTY,2:15,2007,2008,"H504,E25C,","CMC,",7,"H5,E2,","H,E,",YARD,Texas,0,0,2,Midnight
Derailments,2007:11:EXMZ:INDUSTRY,0,0,2620,26947,0,0,0,HARRIS,21:30,2007,2008,"H702,","RCXM,",8,"H7,","H,",INDUSTRY,Texas,0,0,21,Evening
Derailments,2007:11:FWWR:07110901,0,0,23558,14472,0,0,0,JOHNSON,22:05,2007,2008,"T221,","FWWR,",1,"T2,","T,",MAIN,Texas,0,0,22,Evening
Derailments,2007:11:KCS:07112201,0,0,2540,14275,18,5,0,JEFFERSON,1:25,2007,2008,"T216,","KCS,",7,"T2,","T,",YARD,Texas,0,0,1,Midnight
Derailments,2007:11:PTRA:2007000088,0,0,71000,4537,0,0,0,HARRIS,22:00,2007,2008,"H503,T314,","PTRA,UP,",17,"H5,T3,","H,T,",MAIN,Texas,0,0,22,Evening
Other events,2007:11:SIZZ:INDUSTRY,0,0,0,11000,27,0,0,LIBERTY,4:50,2007,2008,"M404,","BNSF,",7,"M4,","M,",INDUSTRY,Texas,0,0,4,Midnight
Derailments,2007:11:TIBR:D544607,0,0,21600,5000,0,0,0,NEWTON,23:30,2007,2008,"T222,","TIBR,",1,"T2,","T,",MAIN,Texas,0,0,23,Evening
Highway-rail impact,2007:11:UP:1107FW028,0,0,15000,16343,0,0,0,KAUFMAN,23:37,2007,2008,"M399,","UP,",1,"M3,","M,",MAIN,Texas,0,0,23,Evening
Derailments,2007:11:UP:1107HO009,0,0,6228,2263,34,1,0,HARRIS,22:50,2007,2008,"E40C,","UP,",7,"E4,","E,",INDUSTRY,Texas,0,0,22,Evening
Other impacts,2007:11:UP:1107HO013,0,0,0,10168,0,0,0,HARRIS,2:30,2007,2008,"M411,","UP,",76,"M4,","M,",YARD,Texas,0,0,2,Midnight
Derailments,2007:11:UP:1107HO046,0,0,1541,7614,20,0,0,HARRIS,3:50,2007,2008,"H306,","UP,",765,"H3,","H,",YARD,Texas,0,0,3,Midnight
Other impacts,2007:11:UP:1107SA003,0,2,0,1705521,0,0,0,MILAM,24:24:00,2007,2008,"H402,","UP,",NA,"H4,","H,",MAIN,Texas,0,0,24,Midnight
Other events,2007:11:UP:1107SA004,0,0,51724,0,0,0,0,COLORADO,20:30,2007,2008,"H702,","UP,",8,"H7,","H,",SIDING,Texas,0,0,20,Evening
Other impacts,2007:11:WATX:D0291407,0,0,0,21000,4,2,0,HARRIS,24:30:00,2007,2008,"H312,","WATX,",6,"H3,","H,",INDUSTRY,Texas,0,0,24,Midnight
Other impacts,2007:12:BNSF:TX1207104,0,0,0,35163,0,0,0,TARRANT,19:35,2007,2008,"H307,","BNSF,",8,"H3,","H,",YARD,Texas,0,0,19,Evening
Derailments,2007:12:BNSF:TX1207107,0,0,10000,11400,0,0,0,TARRANT,20:00,2007,2008,"H607,","BNSF,",7,"H6,","H,",YARD,Texas,0,0,20,Evening
Derailments,2007:12:HOMJ:INDUSTRY,0,0,18300,27739,0,0,0,TARRANT,20:10,2007,2008,"T102,","BNSF,",7,"T1,","T,",INDUSTRY,Texas,0,0,20,Evening
Derailments,2007:12:KCS:07122902,0,0,34621,100,0,0,0,JEFFERSON,23:25,2007,2008,"T313,","KCS,UP,",8,"T3,","T,",MAIN,Texas,0,0,23,Evening
Derailments,2007:12:UP:1207EP009,0,0,27910,2416,10,0,0,EL PASO,22:30,2007,2008,"H599,","UP,",1,"H5,","H,",MAIN,Texas,0,0,22,Evening
Derailments,2007:12:UP:1207FW002,0,0,57762,2495,0,0,0,DALLAS,23:10,2007,2008,"T308,","UP,",7,"T3,","T,",YARD,Texas,0,0,23,Evening
Derailments,2007:12:UP:1207SA022,0,0,14015,401,0,0,0,BEXAR,3:47,2007,2008,"E67C,","UP,",7,"E6,","E,",YARD,Texas,0,0,3,Midnight
Derailments,2007:12:XMWH:INDUSTRY,0,0,979,39708,0,0,0,HARRIS,18:00,2007,2008,"T110,","UP,",8,"T1,","T,",INDUSTRY,Texas,0,0,18,Evening
Derailments,2007:12:XREI:INDUSTRY,0,0,250,25500,0,0,0,FORT BEND,24:30:00,2007,2008,"T113,","BNSF,",1,"T1,","T,",INDUSTRY,Texas,0,0,24,Midnight
Derailments,2007:12:XTXU:INDUSTRY,0,0,0,107366,0,0,0,FREESTONE,1:00,2007,2008,"E85C,","BNSF,",1,"E8,","E,",INDUSTRY,Texas,0,0,1,Midnight
Derailments,2007:12:ZALA:INDUSTRY,0,0,5043,8194,0,0,0,HOWARD,21:54,2007,2008,"H307,","UP,",7,"H3,","H,",YARD,Texas,0,0,21,Evening
Side collision,2008:01:BNSF:GC0108109,0,0,200,78665,68,0,0,FREESTONE,4:30,2008,2008,"H018,","BNSF,",16,"H0,","H,",YARD,Texas,0,0,4,Midnight
Other events,2008:01:BNSF:GC0108114,0,0,33500,0,0,0,0,BELL,3:00,2008,2008,"E08C,","BNSF,",58,"E0,","E,",MAIN,Texas,0,0,3,Midnight
Derailments,2008:01:BNSF:GC0108121,0,0,23140,26833,0,0,0,LIBERTY,1:00,2008,2008,"H303,","BNSF,UP,",7,"H3,","H,",MAIN,Texas,0,0,1,Midnight
Derailments,2008:01:BNSF:KS0108101,0,0,3000,34389,30,0,0,POTTER,17:45,2008,2008,"H307,","BNSF,",76,"H3,","H,",YARD,Texas,0,0,17,Evening
Derailments,2008:01:BNSF:TX0108106,0,0,31500,78092,3,3,0,TARRANT,19:00,2008,2008,"T221,","BNSF,",76,"T2,","T,",YARD,Texas,0,0,19,Evening
Derailments,2008:01:KCS:08011701,0,0,1155,10000,29,0,0,JEFFERSON,1:45,2008,2008,"M405,","KCS,",1,"M4,","M,",YARD,Texas,0,0,1,Midnight
Side collision,2008:01:PTRA:2008000005,0,0,0,28000,0,0,0,HARRIS,22:00,2008,2008,"H021,H018,","PTRA,",6,"H0,","H,",YARD,Texas,0,0,22,Evening
Other impacts,2008:01:TXNW:W80104D,0,0,0,24000,1,1,0,MOORE,20:00,2008,2008,"H302,H301,","TXNW,",7,"H3,","H,",YARD,Texas,0,0,20,Evening
Derailments,2008:01:TXTX:F0032008,0,0,22105,904,0,0,0,JASPER,23:00,2008,2008,"T314,","TXTX,",7,"T3,","T,",INDUSTRY,Texas,0,0,23,Evening
Derailments,2008:01:TXTX:F0042008,0,0,5825,3419,0,0,0,JEFFERSON,24:20:00,2008,2008,"T111,","TXTX,",7,"T1,","T,",INDUSTRY,Texas,0,0,24,Midnight
Derailments,2008:01:TXTX:F0052008,0,0,6106,11943,4,0,0,CHAMBERS,3:30,2008,2008,"T110,","TXTX,UP,",7,"T1,","T,",MAIN,Texas,0,0,3,Midnight
Derailments,2008:01:UP:0108FW007,0,0,25536,454,0,0,0,TARRANT,24:47:00,2008,2008,"H702,","UP,",7,"H7,","H,",YARD,Texas,0,0,24,Midnight
Highway-rail impact,2008:01:UP:0108FW014,0,0,27000,50580,0,0,0,MIDLAND,4:15,2008,2008,"M308,","UP,",1,"M3,","M,",MAIN,Texas,0,0,4,Midnight
Highway-rail impact,2008:01:UP:0108HO039,0,6,55507,1151054,0,0,0,HARRIS,23:40,2008,2008,"M302,","ATK,UP,",2,"M3,","M,",MAIN,Texas,0,0,23,Evening
Derailments,2008:02:BNSF:GC0208104,0,0,18000,4000,8,0,0,GALVESTON,3:50,2008,2008,"M409,","BNSF,",7,"M4,","M,",YARD,Texas,0,0,3,Midnight
Side collision,2008:02:BNSF:KS0208120,0,0,3800,56117,16,0,0,POTTER,21:35,2008,2008,"H306,","BNSF,",7,"H3,","H,",YARD,Texas,0,0,21,Evening
Obstruction impact,2008:02:BNSF:TX0208111,0,0,7000,3498,0,0,0,TARRANT,3:30,2008,2008,"M404,","BNSF,",7,"M4,","M,",YARD,Texas,0,0,3,Midnight
Derailments,2008:02:EXMZ:INDUSTRY,0,0,36925,43215,0,0,0,HARRIS,3:39,2008,2008,"T106,T105,","RCXM,",7,"T1,","T,",INDUSTRY,Texas,0,0,3,Midnight
Derailments,2008:02:UP:0208HO004,0,0,205428,108826,0,0,0,HARRIS,20:45,2008,2008,"E47C,","KCS,UP,",1,"E4,","E,",MAIN,Texas,0,0,20,Evening
Derailments,2008:02:UP:0208HO031,0,0,19217,11377,0,0,0,ANDERSON,17:00,2008,2008,"T110,","UP,",7,"T1,","T,",YARD,Texas,0,0,17,Evening
Derailments,2008:02:UP:0208HO045,0,0,18609,21158,0,0,0,HARRIS,2:00,2008,2008,"M504,","UP,",7,"M5,","M,",MAIN,Texas,0,0,2,Midnight
Derailments,2008:02:UP:0208SA015,0,0,6898,11593,0,0,0,BASTROP,4:44,2008,2008,"E35C,","UP,",1,"E3,","E,",MAIN,Texas,0,0,4,Midnight
Derailments,2008:02:UP:0208SA024,0,0,54680,666367,12,2,0,BREWSTER,23:50,2008,2008,"T207,","UP,",1,"T2,","T,",MAIN,Texas,0,0,23,Evening
Derailments,2008:02:XCAG:INDUSTRY,0,0,8000,500,0,0,0,LLANO,23:50,2008,2008,"T311,","AWRR,",7,"T3,","T,",INDUSTRY,Texas,0,0,23,Evening
Other impacts,2008:03:BNSF:GC0308106,0,0,0,28548,27,2,0,FREESTONE,4:00,2008,2008,"H021,","BNSF,",61,"H0,","H,",YARD,Texas,0,0,4,Midnight
Derailments,2008:03:TIBR:D540908,0,0,10000,20000,0,0,0,JASPER,19:50,2008,2008,"T109,T206,","TIBR,",1,"T1,T2,","T,",MAIN,Texas,0,0,19,Evening
Other impacts,2008:03:UP:0308FW012,0,0,380,8536,1,1,0,TARRANT,2:00,2008,2008,"S007,","UP,",76,"S0,","S,",YARD,Texas,0,0,2,Midnight
Other impacts,2008:03:UP:0308FW015,0,0,829,9431,0,0,0,TARRANT,3:30,2008,2008,"H018,","UP,",75,"H0,","H,",YARD,Texas,0,0,3,Midnight
Highway-rail impact,2008:03:UP:0308FW020,0,1,217209,105600,0,0,0,DALLAS,19:05,2008,2008,"M304,","UP,",1,"M3,","M,",MAIN,Texas,0,0,19,Evening
Other impacts,2008:03:UP:0308SA006,0,0,0,11579,0,0,0,BEXAR,20:20,2008,2008,"H306,H307,","UP,",76,"H3,","H,",YARD,Texas,0,0,20,Evening
Derailments,2008:03:ZSEM:INDUSTRY,0,0,7500,4927,12,5,0,TARRANT,2:45,2008,2008,"T001,T205,","BNSF,",7,"T0,T2,","T,",INDUSTRY,Texas,0,0,2,Midnight
Derailments,2008:04:BNSF:GC0408119,0,0,11000,80057,16,2,0,BELL,20:30,2008,2008,"T111,","BNSF,",1,"T1,","T,",YARD,Texas,0,0,20,Evening
Derailments,2008:04:BNSF:GC0408120,0,0,75000,4400,0,0,0,GALVESTON,21:30,2008,2008,"T210,T110,","BNSF,GVSR,",1,"T2,T1,","T,",MAIN,Texas,0,0,21,Evening
Side collision,2008:04:BNSF:TX0408103,0,0,0,27874,3,0,0,TARRANT,18:45,2008,2008,"H302,H607,","BNSF,",17,"H3,H6,H3,H6,","H,",YARD,Texas,0,0,18,Evening
Derailments,2008:04:BNSF:TX0408111,0,0,31000,1000,0,0,0,TARRANT,22:20,2008,2008,"H702,H307,","ATR,BNSF,",7,"H7,H3,H7,","H,",YARD,Texas,0,0,22,Evening
Derailments,2008:04:BNSF:TX0408117,0,0,4500,8400,0,0,0,DALLAS,24:01:00,2008,2008,"T111,","BNSF,",1,"T1,","T,",MAIN,Texas,0,0,24,Midnight
Derailments,2008:04:EXMZ:INDUSTRY,0,0,1000,11575,0,0,0,JEFFERSON,22:00,2008,2008,"H306,","UP,",7,"H3,","H,",INDUSTRY,Texas,0,0,22,Evening
Derailments,2008:04:EXMZ:INDUSTRY1,0,0,35900,322,0,0,0,HARRIS,22:15,2008,2008,"T205,","RCXM,",7,"T2,","T,",INDUSTRY,Texas,0,0,22,Evening
Derailments,2008:04:KCS:08041104,0,0,21196,1401,0,0,0,DUVAL,18:20,2008,2008,"T108,","KCS,",1,"T1,","T,",MAIN,Texas,0,0,18,Evening
Other impacts,2008:04:KCS:08042402,0,0,95,55000,0,0,0,WEBB,20:50,2008,2008,"H302,","KCS,",7,"H3,","H,",YARD,Texas,0,0,20,Evening
Derailments,2008:04:UP:0408HO011,0,0,2000,9550,0,0,0,HARRIS,21:00,2008,2008,"T113,","UP,",7,"T1,","T,",INDUSTRY,Texas,0,0,21,Evening
Other impacts,2008:04:UP:0408HO014,0,0,12500,6348,0,0,0,HARRIS,21:46,2008,2008,"H309,","UP,",856,"H3,","H,",YARD,Texas,0,0,21,Evening
Other impacts,2008:04:UP:0408HO026,0,0,7328,8928,0,0,0,HARRIS,4:15,2008,2008,"M411,","UP,",76,"M4,","M,",YARD,Texas,0,0,4,Midnight
Highway-rail impact,2008:04:UP:0408HO030,1,1,3755,102981,0,0,0,ROBERTSON,17:20,2008,2008,"M308,","UP,",1,"M3,","M,",MAIN,Texas,0,0,17,Evening
Other events,2008:04:UP:0408LK015,0,0,24550,40147,0,0,0,GREGG,3:40,2008,2008,"E29C,","UP,",1,"E2,","E,",MAIN,Texas,0,0,3,Midnight
Derailments,2008:04:UP:0408LV004,0,0,696,21205,0,0,0,JEFFERSON,1:35,2008,2008,"E46C,","UP,",7,"E4,","E,",INDUSTRY,Texas,0,0,1,Midnight
Derailments,2008:04:UP:0408SA008,0,0,95070,4855,0,0,0,FAYETTE,19:45,2008,2008,"E69C,","UP,",7,"E6,","E,",MAIN,Texas,0,0,19,Evening
Derailments,2008:04:XCAG:INDUSTRY,0,0,0,55000,0,0,0,BURNET,2:12,2008,2008,"H603,","AWRR,",8,"H6,","H,",MAIN,Texas,0,0,2,Midnight
Derailments,2008:05:BNSF:GC0508112,0,0,10000,4575,11,1,0,GRIMES,1:30,2008,2008,"E53C,","BNSF,",1,"E5,","E,",MAIN,Texas,0,0,1,Midnight
Other impacts,2008:05:BNSF:GC0508118,0,0,300,50567,0,0,0,BELL,2:33,2008,2008,"H099,","BNSF,",71,"H0,","H,",MAIN,Texas,0,0,2,Midnight
Derailments,2008:05:BNSF:GC0508120,0,0,15000,1300,0,0,0,BROWN,4:10,2008,2008,"E40C,","BNSF,",1,"E4,","E,",YARD,Texas,0,0,4,Midnight
Derailments,2008:05:BNSF:KS0508110,0,0,231308,47148,36,1,0,RANDALL,22:15,2008,2008,"E53C,","BNSF,",1,"E5,","E,",MAIN,Texas,0,0,22,Evening
Derailments,2008:05:BNSF:TX0508104,0,0,20000,65983,0,0,0,TARRANT,20:45,2008,2008,"H702,","BNSF,",7,"H7,","H,",INDUSTRY,Texas,0,0,20,Evening
Derailments,2008:05:BNSF:TX0508105,0,0,22600,11700,18,2,0,WICHITA,23:35,2008,2008,"M503,","BNSF,",1,"M5,","M,",YARD,Texas,0,0,23,Evening
Derailments,2008:05:BNSF:TX0508115,0,0,156000,140302,2,1,0,TARRANT,17:50,2008,2008,"H403,","BNSF,",7,"H4,","H,",YARD,Texas,0,0,17,Evening
Raking collision,2008:05:FWWR:08050802,0,0,0,13500,0,0,0,TARRANT,23:30,2008,2008,"H307,","FWWR,",1,"H3,","H,",YARD,Texas,0,0,23,Evening
Other impacts,2008:05:FWWR:08052601,0,0,0,44444,8,0,0,TARRANT,4:15,2008,2008,"H307,H302,","BNSF,FWWR,",7,"H3,","H,",YARD,Texas,0,0,4,Midnight
Other events,2008:05:KCS:08051801,0,0,13754,0,0,0,0,NUECES,20:10,2008,2008,"H706,","KCS,",1,"H7,","H,",MAIN,Texas,0,0,20,Evening
Other impacts,2008:05:UP:0508FW017,0,0,48449,68752,3,0,0,TARRANT,21:00,2008,2008,"E79L,","UP,",7,"E7,","E,",YARD,Texas,0,0,21,Evening
Derailments,2008:05:UP:0508FW029,0,0,27317,15300,0,0,0,TARRANT,24:45:00,2008,2008,"H703,","UP,",7,"H7,","H,",INDUSTRY,Texas,0,0,24,Midnight
Derailments,2008:05:UP:0508HO015,0,0,5773,4000,0,0,0,VICTORIA,2:45,2008,2008,"E24C,","KCS,UP,",1,"E2,","E,",MAIN,Texas,0,0,2,Midnight
Derailments,2008:05:UP:0508HO024,0,0,25689,9657,0,0,0,HARRIS,2:20,2008,2008,"T221,","UP,",1,"T2,","T,",MAIN,Texas,0,0,2,Midnight
Obstruction impact,2008:05:UP:0508HO049,0,0,12214,12000,0,0,0,SAN PATRICIO,18:06,2008,2008,"M503,","KCS,UP,",1,"M5,","M,",MAIN,Texas,0,0,18,Evening
Derailments,2008:05:UP:0508LK015,0,0,7270,1300,5,0,0,HARRISON,17:13,2008,2008,"T101,","UP,",1,"T1,","T,",MAIN,Texas,0,0,17,Evening
Derailments,2008:05:UP:0508SA007,0,0,16498,55583,1,0,0,HAYS,21:45,2008,2008,"H520,","UP,",1,"H5,","H,",MAIN,Texas,0,0,21,Evening
Derailments,2008:05:UP:0508SA017,0,0,15000,516,0,0,0,ATASCOSA,17:30,2008,2008,"T314,","UP,",7,"T3,","T,",SIDING,Texas,0,0,17,Evening
Derailments,2008:05:UP:0508SA019,0,0,0,49990,0,0,0,LIVE OAK,18:10,2008,2008,"M405,","UP,",16,"M4,","M,",MAIN,Texas,0,0,18,Evening
Derailments,2008:06:BNSF:GC0608110,0,0,312000,423839,0,0,0,HARRIS,17:45,2008,2008,"T001,T002,","BNSF,",1,"T0,","T,",YARD,Texas,0,0,17,Evening
Other impacts,2008:06:CMC:JUNE08008,0,0,0,20000,0,0,0,LIBERTY,1:00,2008,2008,"H306,","CMC,",7,"H3,","H,",YARD,Texas,0,0,1,Midnight
Other impacts,2008:06:CMC:JUNE08010,0,0,0,32500,0,0,0,LIBERTY,18:15,2008,2008,"H306,","CMC,",7,"H3,","H,",YARD,Texas,0,0,18,Evening
Derailments,2008:06:DGNO:ID080470,0,0,21665,6000,0,0,0,GRAYSON,22:30,2008,2008,"T222,","DGNO,",1,"T2,","T,",MAIN,Texas,0,0,22,Evening
Derailments,2008:06:UP:0608FW012,0,0,59517,2239,15,1,0,MCLENNAN,3:21,2008,2008,"E61C,","UP,",1,"E6,","E,",MAIN,Texas,0,0,3,Midnight
Derailments,2008:06:UP:0608FW016,0,0,65358,1225,0,0,0,SMITH,17:21,2008,2008,"T108,","UP,",7,"T1,","T,",YARD,Texas,0,0,17,Evening
Derailments,2008:06:UP:0608HO005,0,0,1000,7952,46,0,0,HARRIS,4:55,2008,2008,"T222,","UP,",7,"T2,","T,",YARD,Texas,0,0,4,Midnight
Derailments,2008:06:UP:0608HO015,0,0,156920,537701,10,0,0,BRAZORIA,24:45:00,2008,2008,"T207,E40C,","BNSF,UP,",1,"T2,E4,","T,E,",SIDING,Texas,0,0,24,Midnight
Derailments,2008:06:UP:0608HO020,0,0,114251,103320,0,0,0,REFUGIO,18:20,2008,2008,"E40C,","KCS,UP,",1,"E4,","E,",MAIN,Texas,0,0,18,Evening
Other impacts,2008:06:UP:0608HO039,0,0,76,21913,6,6,0,NUECES,19:40,2008,2008,"H021,","UP,",76,"H0,","H,",YARD,Texas,0,0,19,Evening
Derailments,2008:06:UP:0608HO042,0,0,2989,37005,0,0,0,HARRIS,24:30:00,2008,2008,"E40C,","UP,",1,"E4,","E,",MAIN,Texas,0,0,24,Midnight
Derailments,2008:06:UP:0608SA004,0,0,793641,1132087,0,0,0,BASTROP,18:10,2008,2008,"T299,","UP,",1,"T2,","T,",MAIN,Texas,0,0,18,Evening
Derailments,2008:07:BNSF:CO0708106,0,0,76290,4024,0,0,0,DALLAM,17:00,2008,2008,"T112,","BNSF,",1,"T1,","T,",INDUSTRY,Texas,0,0,17,Evening
Derailments,2008:07:BNSF:GC0708107,0,0,20000,0,0,0,0,LAMPASAS,2:30,2008,2008,"T211,","BNSF,",NA,"T2,","T,",YARD,Texas,0,0,2,Midnight
Derailments,2008:07:BNSF:GC0708112,0,0,2000,32006,1,0,0,BROWN,20:55,2008,2008,"T110,","BNSF,",1,"T1,","T,",YARD,Texas,0,0,20,Evening
Derailments,2008:07:BNSF:GC0708124,0,0,30000,3250,17,0,0,BRAZORIA,22:30,2008,2008,"T314,","BNSF,",7,"T3,","T,",SIDING,Texas,0,0,22,Evening
Derailments,2008:07:BNSF:GC0708126,0,0,87500,877022,4,4,0,WASHINGTON,18:00,2008,2008,"T199,","BNSF,",1,"T1,","T,",MAIN,Texas,0,0,18,Evening
Side collision,2008:07:BNSF:KS0708111,0,0,6000,32920,62,0,0,POTTER,21:05,2008,2008,"H607,","BNSF,",71,"H6,","H,",YARD,Texas,0,0,21,Evening
Derailments,2008:07:BNSF:KS0708116,0,0,1400,23972,8,0,0,POTTER,20:00,2008,2008,"H607,","BNSF,",7,"H6,","H,",YARD,Texas,0,0,20,Evening
Derailments,2008:07:BNSF:TX0708105,0,0,900,25015,0,0,0,TARRANT,17:50,2008,2008,"H504,","BNSF,",7,"H5,","H,",YARD,Texas,0,0,17,Evening
Other impacts,2008:07:CMC:JULY08012,0,2,0,99113,0,0,0,LIBERTY,20:30,2008,2008,"H607,","CMC,",7,"H6,","H,",YARD,Texas,0,0,20,Evening
Derailments,2008:07:FWWR:08070101,0,0,54000,3000,0,0,0,DALLAS,23:37,2008,2008,"H702,","FWWR,",1,"H7,","H,",MAIN,Texas,0,0,23,Evening
Other impacts,2008:07:HMAX:INDUSTRY,0,0,0,48760,11,3,0,MONTGOMERY,17:20,2008,2008,"H306,H302,","BNSF,",67,"H3,","H,",INDUSTRY,Texas,0,0,17,Evening
Derailments,2008:07:KCS:08071606,0,0,250000,414027,0,0,0,JIM WELLS,23:45,2008,2008,"T220,","KCS,",1,"T2,","T,",MAIN,Texas,0,0,23,Evening
Other impacts,2008:07:TXNW:W80712D,0,0,0,12023,15,0,0,MOORE,2:30,2008,2008,"H307,","BNSF,TXNW,",15,"H3,","H,",YARD,Texas,0,0,2,Midnight
Derailments,2008:07:TXTX:F0222008,0,0,9895,1626,0,0,0,JEFFERSON,17:00,2008,2008,"T314,","TXTX,",7,"T3,","T,",INDUSTRY,Texas,0,0,17,Evening
Other impacts,2008:07:UP:0708FW031,0,0,0,243320,0,0,0,DALLAS,21:45,2008,2008,"M504,","UP,",8,"M5,","M,",YARD,Texas,0,0,21,Evening
Derailments,2008:08:BNSF:CO0808111,0,0,5000,30000,0,0,0,POTTER,21:35,2008,2008,"H607,","BNSF,UP,",1,"H6,","H,",MAIN,Texas,0,0,21,Evening
Derailments,2008:08:BNSF:GC0808113,0,0,1215000,245778,37,3,0,GALVESTON,17:00,2008,2008,"M405,","BNSF,UP,",1,"M4,","M,",MAIN,Texas,0,0,17,Evening
Derailments,2008:08:BNSF:KS0808105,0,0,13500,902,2,2,0,POTTER,18:45,2008,2008,"H704,","BNSF,",7,"H7,","H,",YARD,Texas,0,0,18,Evening