AccidentType,inckey,Fatalities,Injuries,TrackDamage,EquipmentDamage,HazmatCars,HazmatCarsDerailed,HazmatCarsReleasing,County,DisplayTime,calendar,Fiscal,AccidentCause,RailroadCodes,RAILEQUIPMENT_TYPE,CauseGroup,CauseDiscipline,TYPE_OF_TRACK,StateName,latitude,longitude,hour,cat
Other impacts,2008:08:BNSF:SW0808115,0,0,0,12431,0,0,0,EL PASO,4:40,2008,2008,"H208,H302,","BNSF,",68,"H2,H3,H2,H3,","H,",YARD,Texas,0,0,4,Midnight
Derailments,2008:08:BNSF:TX0808109,0,0,50000,233854,0,0,0,JOHNSON,1:06,2008,2008,"H306,","BNSF,",15,"H3,","H,",YARD,Texas,0,0,1,Midnight
Derailments,2008:08:BNSF:TX0808115,0,0,28000,18300,0,0,0,TARRANT,23:10,2008,2008,"T314,","BNSF,",1,"T3,","T,",MAIN,Texas,0,0,23,Evening
Derailments,2008:08:DCC:INDUSTRY1,0,0,3260,32000,16,0,0,HARRIS,17:30,2008,2008,"T113,","UP,",7,"T1,","T,",INDUSTRY,Texas,0,0,17,Evening
Other impacts,2008:08:EXMZ:INDUSTRY,0,0,0,21000,1,1,0,HARRIS,1:00,2008,2008,"H302,","RCXM,",7,"H3,","H,",INDUSTRY,Texas,0,0,1,Midnight
Derailments,2008:08:UP:0808EP003,0,0,65652,12981,58,6,0,EL PASO,17:40,2008,2008,"T113,","UP,",7,"T1,","T,",YARD,Texas,0,0,17,Evening
Other impacts,2008:08:UP:0808FW002,0,0,1000,8483,0,0,0,TARRANT,20:55,2008,2008,"M407,","UP,",567,"M4,","M,",YARD,Texas,0,0,20,Evening
Derailments,2008:08:UP:0808FW022,0,0,2000,24150,0,0,0,TARRANT,23:00,2008,2008,"H703,","BNSF,UP,",1,"H7,","H,",MAIN,Texas,0,0,23,Evening
Derailments,2008:08:UP:0808HO010,0,0,10070,1066,0,0,0,HARRIS,17:30,2008,2008,"T202,","UP,",7,"T2,","T,",YARD,Texas,0,0,17,Evening
Derailments,2008:08:UP:0808HO042,0,0,1360,16000,5,0,0,HARRIS,22:30,2008,2008,"T311,","UP,",7,"T3,","T,",YARD,Texas,0,0,22,Evening
Derailments,2008:08:UP:0808HO051,0,0,4436,6237,0,0,0,HARRIS,24:20:00,2008,2008,"T205,","UP,",7,"T2,","T,",INDUSTRY,Texas,0,0,24,Midnight
Derailments,2008:08:UP:0808LK045,0,0,24125,1500,0,0,0,GREGG,4:45,2008,2008,"S099,","UP,",8,"S0,","S,",YARD,Texas,0,0,4,Midnight
Derailments,2008:09:BNSF:GC0908102,0,0,15000,20445,0,0,0,BROWN,18:15,2008,2008,"T110,","BNSF,",1,"T1,","T,",YARD,Texas,0,0,18,Evening
Derailments,2008:09:BNSF:GC0908104,0,0,69500,119897,30,2,0,BURLESON,3:30,2008,2008,"M507,","BNSF,",1,"M5,","M,",MAIN,Texas,0,0,3,Midnight
Highway-rail impact,2008:09:BNSF:KS0908200,0,1,26000,5000,0,0,0,PARMER,4:30,2008,2008,"M302,M304,","BNSF,",1,"M3,","M,",MAIN,Texas,0,0,4,Midnight
Derailments,2008:09:BNSF:TX0908101,0,0,250,30000,0,0,0,TARRANT,21:30,2008,2008,"H318,","BNSF,",7,"H3,","H,",YARD,Texas,0,0,21,Evening
Derailments,2008:09:UP:0908EP003,0,0,16014,12461,17,0,0,EL PASO,19:30,2008,2008,"T399,","UP,",1,"T3,","T,",MAIN,Texas,0,0,19,Evening
Highway-rail impact,2008:09:UP:0908FW006,0,1,500,16252,1,0,0,DALLAS,23:00,2008,2008,"M302,","UP,",1,"M3,","M,",MAIN,Texas,0,0,23,Evening
Derailments,2008:09:UP:0908FW015,0,0,307200,165444,3,0,0,WOOD,1:00,2008,2008,"E49C,E40C,","UP,",1,"E4,","E,",MAIN,Texas,0,0,1,Midnight
Other impacts,2008:09:UP:0908FW034,0,0,0,11040,1,0,0,WARD,21:35,2008,2008,"E32C,","UP,",1,"E3,","E,",MAIN,Texas,0,0,21,Evening
Highway-rail impact,2008:09:UP:0908HO005,0,0,2000,7500,0,0,0,HARRIS,24:43:00,2008,2008,"M304,","UP,",1,"M3,","M,",MAIN,Texas,0,0,24,Midnight
Derailments,2008:09:UP:0908HO019,0,0,4660,22425,0,0,0,VICTORIA,3:55,2008,2008,"T317,","KCS,UP,",1,"T3,","T,",MAIN,Texas,0,0,3,Midnight
Highway-rail impact,2008:10:BNSF:CO1008204,1,0,3500,36772,0,0,0,DALLAM,24:00:00,2008,2009,"M302,M303,","BNSF,",1,"M3,","M,",MAIN,Texas,0,0,24,Midnight
Other events,2008:10:BNSF:GC1008102,0,0,176000,2500,8,0,0,COLEMAN,19:08,2008,2009,"M204,","BNSF,",161,"M2,","M,",MAIN,Texas,0,0,19,Evening
Derailments,2008:10:BNSF:SW1008104,0,0,250,32428,7,0,0,EL PASO,4:10,2008,2009,"E46C,T110,","BNSF,",7,"E4,T1,","E,T,",YARD,Texas,0,0,4,Midnight
Derailments,2008:10:BNSF:TX1008109,0,0,4050,26500,0,0,0,TARRANT,2:00,2008,2009,"M404,","BNSF,",7,"M4,","M,",YARD,Texas,0,0,2,Midnight
Other impacts,2008:10:CMC:OCT08016,0,0,0,22000,0,0,0,LIBERTY,22:30,2008,2009,"H702,H302,","CMC,",7,"H7,H3,","H,",YARD,Texas,0,0,22,Evening
Derailments,2008:10:KCS:08100802,0,0,196318,286161,0,0,0,WEBB,2:35,2008,2009,"T220,","KCS,",1,"T2,","T,",MAIN,Texas,0,0,2,Midnight
Derailments,2008:10:TXPF:A100801,0,0,2920,6300,0,0,0,COLEMAN,24:45:00,2008,2009,"H306,H702,","TXPF,",7,"H3,H7,","H,",MAIN,Texas,0,0,24,Midnight
Derailments,2008:10:UP:1008HO049,0,0,3680,6688,0,0,0,NUECES,4:45,2008,2009,"H703,","UP,",8,"H7,","H,",YARD,Texas,0,0,4,Midnight
Side collision,2008:10:UP:1008HO054,0,0,0,18622,15,1,0,HARRIS,18:35,2008,2009,"H309,","UP,",7,"H3,","H,",YARD,Texas,0,0,18,Evening
Derailments,2008:10:UP:1008SA007,0,0,3477,13700,0,0,0,BEXAR,22:30,2008,2009,"S011,","UP,",7,"S0,","S,",YARD,Texas,0,0,22,Evening
Derailments,2008:10:UP:1008SA024,0,0,0,78264,0,0,0,WEBB,4:10,2008,2009,"E00C,","UP,",1,"E0,","E,",MAIN,Texas,0,0,4,Midnight
Obstruction impact,2008:10:UP:1008SA026,0,0,30000,500,0,0,0,BEXAR,23:45,2008,2009,"M402,","UP,",1,"M4,","M,",MAIN,Texas,0,0,23,Evening
Highway-rail impact,2008:10:UP:1008SA027,1,0,311285,3288,0,0,0,WILLIAMSON,19:00,2008,2009,"M308,","ATK,UP,",2,"M3,","M,",MAIN,Texas,0,0,19,Evening
Derailments,2008:11:ADMS:INDUSTRY,0,0,20000,0,0,0,0,NUECES,24:10:00,2008,2009,"T311,","CCPN,",7,"T3,","T,",INDUSTRY,Texas,0,0,24,Midnight
Derailments,2008:11:ADMS:INDUSTRY1,0,0,10000,0,0,0,0,NUECES,22:20,2008,2009,"T311,","CCPN,",7,"T3,","T,",INDUSTRY,Texas,0,0,22,Evening
Derailments,2008:11:BNSF:GC1108106,0,0,4500,13132,0,0,0,BROWN,2:00,2008,2009,"M299,","BNSF,",1,"M2,","M,",YARD,Texas,0,0,2,Midnight
Derailments,2008:11:BNSF:GC1108107,0,0,6000,4075,2,0,0,BROWN,23:20,2008,2009,"T212,","BNSF,",1,"T2,","T,",YARD,Texas,0,0,23,Evening
Other impacts,2008:11:BNSF:GC1108113,0,0,0,27293,1,1,0,FREESTONE,23:30,2008,2009,"H020,","BNSF,",51,"H0,","H,",YARD,Texas,0,0,23,Evening
Derailments,2008:11:BNSF:KS1108114,0,0,9200,300,23,0,0,GRAY,22:15,2008,2009,"H307,","BNSF,",1,"H3,","H,",YARD,Texas,0,0,22,Evening
Derailments,2008:11:UP:1108FW004,0,0,203721,2499,5,5,0,DALLAS,23:05,2008,2009,"H503,","UP,",7,"H5,","H,",YARD,Texas,0,0,23,Evening
Obstruction impact,2008:11:UP:1108FW025,0,0,38,28731,1,0,0,WOOD,2:41,2008,2009,"M402,","UP,",1,"M4,","M,",MAIN,Texas,0,0,2,Midnight
Obstruction impact,2008:11:UP:1108SA010,0,1,0,13739,0,0,0,TRAVIS,4:28,2008,2009,"M402,","UP,",1,"M4,","M,",MAIN,Texas,0,0,4,Midnight
Derailments,2008:11:WTJR:OP11178,0,0,60506,3500,2,0,0,WICHITA,1:00,2008,2009,"H702,H704,","UP,WTJR,",7,"H7,","H,",YARD,Texas,0,0,1,Midnight
Other impacts,2008:11:XREI:INDUSTRY,0,0,5000,130656,0,0,0,FORT BEND,3:39,2008,2009,"M504,","BNSF,",1,"M5,","M,",INDUSTRY,Texas,0,0,3,Midnight
Derailments,2008:12:BNSF:KS1208113,0,0,3000,97980,12,0,0,POTTER,20:30,2008,2009,"H307,","BNSF,",78,"H3,","H,",YARD,Texas,0,0,20,Evening
Other impacts,2008:12:UP:1208FW009,0,0,20285,12380,3,0,0,TARRANT,17:45,2008,2009,"E30C,","UP,",17,"E3,","E,",YARD,Texas,0,0,17,Evening
Obstruction impact,2008:12:UP:1208FW014,0,0,0,11034,19,0,0,TARRANT,22:00,2008,2009,"M402,","UP,",1,"M4,","M,",MAIN,Texas,0,0,22,Evening
Derailments,2008:12:UP:1208HO004,0,0,2000,26946,2,0,0,HARRIS,2:20,2008,2009,"H306,","UP,",7,"H3,","H,",SIDING,Texas,0,0,2,Midnight
Derailments,2008:12:UP:1208HO011,0,0,10450,1233,20,0,0,VICTORIA,2:30,2008,2009,"H306,","UP,",7,"H3,","H,",YARD,Texas,0,0,2,Midnight
Other impacts,2008:12:UP:1208HO030,0,1,5978,74962,26,0,0,HARRIS,20:40,2008,2009,"H307,","UP,",7,"H3,","H,",YARD,Texas,0,0,20,Evening
Derailments,2008:12:UP:1208HO037,0,0,40424,1374,19,0,0,HARRIS,1:45,2008,2009,"M405,","UP,",7,"M4,","M,",YARD,Texas,0,0,1,Midnight
Other impacts,2009:01:BNSF:GC0109107,0,0,165000,210958,52,14,1,FREESTONE,18:15,2009,2009,"H307,H399,","BNSF,",1,"H3,","H,",YARD,Texas,0,0,18,Evening
Derailments,2009:01:BNSF:KS0109113,0,0,8000,1020,7,2,0,POTTER,2:25,2009,2009,"E04C,","BNSF,",7,"E0,","E,",YARD,Texas,0,0,2,Midnight
Derailments,2009:01:BNSF:TX0109102,0,0,12000,7065,1,0,0,TARRANT,19:00,2009,2009,"H607,","BNSF,",1,"H6,","H,",YARD,Texas,0,0,19,Evening
Derailments,2009:01:GCSR:0112092,0,0,10000,10000,0,0,0,MCCULLOCH,17:30,2009,2009,"T102,H101,","GCSR,",1,"T1,H1,","T,H,",MAIN,Texas,0,0,17,Evening
Side collision,2009:01:UP:0109FW007,0,0,0,33970,0,0,0,TARRANT,21:30,2009,2009,"H306,","UP,",87,"H3,","H,",YARD,Texas,0,0,21,Evening
Other impacts,2009:01:UP:0109FW008,0,0,152,19720,3,0,0,TARRANT,19:30,2009,2009,"S007,","UP,",76,"S0,","S,",YARD,Texas,0,0,19,Evening
Highway-rail impact,2009:01:UP:0109HO007,0,0,25000,1100,15,0,0,HARRIS,17:50,2009,2009,"M304,","UP,",1,"M3,","M,",MAIN,Texas,0,0,17,Evening
Derailments,2009:01:UP:0109HO019,0,0,17597,113,0,0,0,BRAZORIA,17:30,2009,2009,"H303,","UP,",4,"H3,","H,",INDUSTRY,Texas,0,0,17,Evening
Highway-rail impact,2009:01:UP:0109HO028,0,2,20038,3000,21,0,0,HARRIS,19:25,2009,2009,"M304,","UP,",1,"M3,","M,",MAIN,Texas,0,0,19,Evening
Other events,2009:01:UP:0109HO029,0,0,12507,0,9,0,0,HARRIS,21:40,2009,2009,"H221,","BNSF,UP,",1,"H2,","H,",MAIN,Texas,0,0,21,Evening
Other events,2009:01:UP:0109SA002,0,0,17051,0,0,0,0,LAVACA,4:45,2009,2009,"H706,","KCS,UP,",1,"H7,","H,",MAIN,Texas,0,0,4,Midnight
Derailments,2009:02:BNSF:GC0209106,0,0,3000,30336,4,0,0,HARRIS,2:20,2009,2009,"H303,","BNSF,",1,"H3,","H,",INDUSTRY,Texas,0,0,2,Midnight
Derailments,2009:02:BNSF:GC0209110,0,0,100000,76000,16,0,0,AUSTIN,18:00,2009,2009,"H604,","BNSF,",1,"H6,","H,",MAIN,Texas,0,0,18,Evening
Raking collision,2009:02:PTRA:2009000006,0,0,12000,26640,6,0,0,HARRIS,24:00:00,2009,2009,"H996,H399,","PTRA,",76,"H9,H3,H9,H3,","H,",YARD,Texas,0,0,24,Midnight
Derailments,2009:02:UP:0209FW008,0,0,653216,38234,0,0,0,TARRANT,24:40:00,2009,2009,"H503,H504,","UP,",1,"H5,","H,",MAIN,Texas,0,0,24,Midnight
Derailments,2009:02:UP:0209HO021,0,0,66683,26815,3,1,0,HARRIS,1:15,2009,2009,"H505,","UP,",7,"H5,","H,",YARD,Texas,0,0,1,Midnight
Obstruction impact,2009:02:UP:0209LV014,0,0,0,11663,0,0,0,HARRIS,3:05,2009,2009,"M404,","UP,",1,"M4,","M,",MAIN,Texas,0,0,3,Midnight
Derailments,2009:03:BNSF:GC0309107,0,0,2000,12631,9,1,0,FREESTONE,1:35,2009,2009,"M503,","BNSF,",1,"M5,","M,",MAIN,Texas,0,0,1,Midnight
Derailments,2009:03:BNSF:GC0309113,0,0,10000,25485,0,0,0,GREGG,18:50,2009,2009,"E40C,","BNSF,",7,"E4,","E,",YARD,Texas,0,0,18,Evening
Other impacts,2009:03:CMC:MAR09001,0,0,2000,10500,0,0,0,LIBERTY,17:00,2009,2009,"H702,H212,","CMC,",7,"H7,H2,","H,",YARD,Texas,0,0,17,Evening
Derailments,2009:03:DCC:INDUSTRY,0,0,1460,30000,4,0,0,HARRIS,17:15,2009,2009,"T399,","UP,",7,"T3,","T,",INDUSTRY,Texas,0,0,17,Evening
Derailments,2009:03:TXTX:F0012009,0,0,8730,237,0,0,0,JEFFERSON,20:15,2009,2009,"T201,","TXTX,",7,"T2,","T,",INDUSTRY,Texas,0,0,20,Evening
Side collision,2009:03:UP:0309FW002,0,0,19,8900,0,0,0,GRAYSON,17:30,2009,2009,"H605,H702,","UP,",71,"H6,H7,H6,H7,","H,",YARD,Texas,0,0,17,Evening
Derailments,2009:03:UP:0309HO021,0,0,84507,16148,0,0,0,HARRIS,4:33,2009,2009,"T111,","UP,",7,"T1,","T,",YARD,Texas,0,0,4,Midnight
Derailments,2009:03:UP:0309SA001,0,0,17401,1000,0,0,0,FORT BEND,21:00,2009,2009,"T110,","UP,",7,"T1,","T,",SIDING,Texas,0,0,21,Evening
Derailments,2009:03:UP:0309SA013,0,0,13710,113,0,0,0,BEXAR,2:25,2009,2009,"E35C,","UP,",7,"E3,","E,",YARD,Texas,0,0,2,Midnight
Raking collision,2009:04:BNSF:GC0409108,0,0,9200,36000,59,4,0,HARRIS,24:17:00,2009,2009,"H307,","BNSF,",71,"H3,","H,",YARD,Texas,0,0,24,Midnight
Derailments,2009:04:BNSF:TX0409103,0,0,3500,6165,0,0,0,TARRANT,2:15,2009,2009,"T319,","BNSF,",7,"T3,","T,",YARD,Texas,0,0,2,Midnight
Derailments,2009:04:KCS:09040504,0,0,29630,34668,0,0,0,WEBB,18:55,2009,2009,"M503,","KCS,",1,"M5,","M,",YARD,Texas,0,0,18,Evening
Raking collision,2009:04:PTRA:2009000015,0,0,0,51750,5,5,0,HARRIS,4:00,2009,2009,"H318,H302,","PTRA,",51,"H3,","H,",YARD,Texas,0,0,4,Midnight
Derailments,2009:04:UP:0409FW013,0,0,58232,28616,1,1,0,TARRANT,23:05,2009,2009,"E99C,","UP,",7,"E9,","E,",YARD,Texas,0,0,23,Evening
Derailments,2009:04:UP:0409FW014,0,0,608,10000,0,0,0,SMITH,24:19:00,2009,2009,"T319,","UP,",8,"T3,","T,",YARD,Texas,0,0,24,Midnight
Derailments,2009:04:UP:0409HO016,0,0,7021,10556,7,0,0,HARRIS,17:55,2009,2009,"T108,","UP,",1,"T1,","T,",MAIN,Texas,0,0,17,Evening
Derailments,2009:04:UP:0409HO020,0,0,1012,7888,17,2,0,LIBERTY,19:45,2009,2009,"T207,","UP,",7,"T2,","T,",YARD,Texas,0,0,19,Evening
Derailments,2009:04:UP:0409HO033,0,0,642677,4017583,1,0,0,LEON,4:15,2009,2009,"M406,","UP,",1,"M4,","M,",MAIN,Texas,0,0,4,Midnight
Derailments,2009:05:BNSF:GC0509101,0,0,2200,7094,0,0,0,HARRIS,19:20,2009,2009,"H607,","BNSF,",7,"H6,","H,",YARD,Texas,0,0,19,Evening
Derailments,2009:05:BNSF:GC0509107,0,0,1500,13000,0,0,0,HARRIS,3:20,2009,2009,"T221,","BNSF,",8,"T2,","T,",YARD,Texas,0,0,3,Midnight
Derailments,2009:05:BNSF:GC0509112,0,0,65168,56300,0,0,0,LIBERTY,17:35,2009,2009,"T314,","BNSF,",1,"T3,","T,",SIDING,Texas,0,0,17,Evening
Derailments,2009:05:KCS:09051202,0,0,102,62250,0,0,0,WEBB,20:10,2009,2009,"H506,","KCS,",7,"H5,","H,",YARD,Texas,0,0,20,Evening
Derailments,2009:05:UP:0509HO040,0,0,52383,65461,22,0,0,MATAGORDA,22:30,2009,2009,"E09C,","UP,",61,"E0,","E,",MAIN,Texas,0,0,22,Evening
Other impacts,2009:05:XGCS:INDUSTRY,0,0,1078,25298,33,2,0,LIBERTY,19:00,2009,2009,"H306,H302,","UP,",67,"H3,","H,",YARD,Texas,0,0,19,Evening
Derailments,2009:06:BNSF:GC0609107,0,0,19000,10084,0,0,0,HARRIS,19:15,2009,2009,"T314,","BNSF,",7,"T3,","T,",YARD,Texas,0,0,19,Evening
Derailments,2009:06:BNSF:TX0609103,0,0,5200,9079,0,0,0,HALL,17:45,2009,2009,"E54C,","BNSF,",1,"E5,","E,",MAIN,Texas,0,0,17,Evening
Derailments,2009:06:BNSF:TX0609105,0,0,4000,11595,3,0,0,TARRANT,17:30,2009,2009,"T001,","BNSF,",7,"T0,","T,",YARD,Texas,0,0,17,Evening
Derailments,2009:06:BNSF:TX0609106,0,0,3000,61339,0,0,0,JOHNSON,1:10,2009,2009,"E65C,","BNSF,",1,"E6,","E,",YARD,Texas,0,0,1,Midnight
Derailments,2009:06:KCS:09062301,0,0,179329,70000,7,1,0,CASS,1:30,2009,2009,"T314,","KCS,",1,"T3,","T,",SIDING,Texas,0,0,1,Midnight
Side collision,2009:06:UP:0609FW019,0,0,475,9797,0,0,0,TARRANT,2:30,2009,2009,"H306,","UP,",87,"H3,","H,",YARD,Texas,0,0,2,Midnight
Derailments,2009:06:UP:0609HO006,0,0,14988,300,0,0,0,BRAZORIA,1:40,2009,2009,"T220,","UP,",7,"T2,","T,",YARD,Texas,0,0,1,Midnight
Other impacts,2009:06:UP:0609HO009,0,0,0,27250,1,0,0,HARRIS,22:10,2009,2009,"M411,","UP,",75,"M4,","M,",YARD,Texas,0,0,22,Evening
Derailments,2009:06:UP:0609HO010,0,0,40780,10622,8,2,0,HARRIS,18:05,2009,2009,"H703,","UP,",7,"H7,","H,",YARD,Texas,0,0,18,Evening
Derailments,2009:06:UP:0609HO023,0,0,82630,4787,0,0,0,LIBERTY,17:58,2009,2009,"T108,","UP,",1,"T1,","T,",SIDING,Texas,0,0,17,Evening
Derailments,2009:06:UP:0609SA007,0,0,0,28000,0,0,0,COLORADO,24:00:00,2009,2009,"H997,","UP,",NA,"H9,","H,",YARD,Texas,0,0,24,Midnight
Derailments,2009:06:UP:0609SA011,0,0,1099404,950197,25,12,1,FAYETTE,17:53,2009,2009,"T108,","UP,",1,"T1,","T,",MAIN,Texas,0,0,17,Evening
Derailments,2009:06:UP:0609SA018,0,0,45871,1516,2,0,0,BEXAR,2:50,2009,2009,"T110,","UP,",7,"T1,","T,",YARD,Texas,0,0,2,Midnight
Derailments,2009:07:BNSF:GC0709101,0,0,8000,2999,3,0,0,FREESTONE,22:45,2009,2009,"T317,","BNSF,",1,"T3,","T,",YARD,Texas,0,0,22,Evening
Derailments,2009:07:BNSF:GC0709111,0,0,2250,57499,6,0,0,BELL,2:15,2009,2009,"H307,","BNSF,",7,"H3,","H,",YARD,Texas,0,0,2,Midnight
Other impacts,2009:07:BNSF:GC0709115,0,0,1000,20979,46,0,0,BURLESON,23:00,2009,2009,"H020,","BNSF,",76,"H0,","H,",YARD,Texas,0,0,23,Evening
Derailments,2009:07:BNSF:TX0709110,0,0,4000,6900,0,0,0,ELLIS,24:15:00,2009,2009,"E4BC,","BNSF,",1,"E4,","E,",INDUSTRY,Texas,0,0,24,Midnight
Derailments,2009:07:BNSF:TX0709117,0,0,0,10500,0,0,0,CHILDRESS,4:30,2009,2009,"M105,","BNSF,",6,"M1,","M,",SIDING,Texas,0,0,4,Midnight
Highway-rail impact,2009:07:FWWR:09072002,0,0,10000,820,0,0,0,HOOD,17:36,2009,2009,"M302,","FWWR,",8,"M3,","M,",MAIN,Texas,0,0,17,Evening
Derailments,2009:07:PRSQ:INDUSTRY,0,0,3000,36847,0,0,0,BEXAR,21:09,2009,2009,"M504,","UP,",7,"M5,","M,",INDUSTRY,Texas,0,0,21,Evening
Derailments,2009:07:RASX:FRAR460,0,0,1000,14000,0,0,0,ORANGE,22:30,2009,2009,"H702,","RASX,",7,"H7,","H,",INDUSTRY,Texas,0,0,22,Evening
Derailments,2009:07:TIBR:D540309,0,0,8500,900,0,0,0,NEWTON,22:00,2009,2009,"T221,","TIBR,",1,"T2,","T,",MAIN,Texas,0,0,22,Evening
Highway-rail impact,2009:07:UP:0709FW024,0,0,15000,15732,0,0,0,KAUFMAN,1:50,2009,2009,"M302,","UP,",1,"M3,","M,",MAIN,Texas,0,0,1,Midnight
Derailments,2009:07:UP:0709HO032,0,0,6850,16355,2,0,0,NUECES,4:30,2009,2009,"T106,","KCS,UP,",1,"T1,","T,",YARD,Texas,0,0,4,Midnight
Derailments,2009:08:BNSF:GC0809102,0,0,2500,15435,9,0,0,FREESTONE,21:40,2009,2009,"T317,","BNSF,",7,"T3,","T,",YARD,Texas,0,0,21,Evening
Derailments,2009:08:BNSF:GC0809109,0,0,23713,6350,23,0,0,BELL,20:00,2009,2009,"H019,","BNSF,",7,"H0,","H,",YARD,Texas,0,0,20,Evening
Derailments,2009:08:BNSF:GC0809110,0,0,681922,882729,21,0,0,GALVESTON,3:40,2009,2009,"T102,","BNSF,UP,",1,"T1,","T,",MAIN,Texas,0,0,3,Midnight
Derailments,2009:08:BNSF:GC0809113,0,0,500,9000,0,0,0,SHELBY,2:00,2009,2009,"H303,","BNSF,TIBR,",1,"H3,","H,",YARD,Texas,0,0,2,Midnight
Other impacts,2009:08:CMC:AUG09004,0,0,0,69000,0,0,0,LIBERTY,23:40,2009,2009,"H602,","CMC,",7,"H6,","H,",YARD,Texas,0,0,23,Evening
Derailments,2009:08:DGNO:ID090429,0,0,24000,3500,0,0,0,GRAYSON,23:12,2009,2009,"E05L,T002,","DGNO,",1,"E0,T0,","E,T,",INDUSTRY,Texas,0,0,23,Evening
Derailments,2009:08:PTRA:2009000037,0,0,52000,5767,0,0,0,HARRIS,19:15,2009,2009,"M204,","PTRA,UP,",7,"M2,","M,",YARD,Texas,0,0,19,Evening
Derailments,2009:08:UP:0809HO003,0,0,9928,11530,3,3,0,GALVESTON,24:01:00,2009,2009,"T314,","UP,",7,"T3,","T,",YARD,Texas,0,0,24,Midnight
Derailments,2009:08:UP:0809HO008,0,0,121516,90382,5,4,0,HARRIS,3:20,2009,2009,"T110,","BNSF,UP,",7,"T1,","T,",YARD,Texas,0,0,3,Midnight
Derailments,2009:08:UP:0809SA012,0,0,218592,3259,0,0,0,COMAL,24:56:00,2009,2009,"E4TC,","UP,",1,"E4,","E,",MAIN,Texas,0,0,24,Midnight
Derailments,2009:09:EXMZ:INDUSTRY,0,0,10251,3000,0,0,0,JEFFERSON,21:30,2009,2009,"H602,H318,","RCIB,",7,"H6,H3,","H,",INDUSTRY,Texas,0,0,21,Evening
Derailments,2009:09:TIBR:D540909,0,0,32000,1414,0,0,0,JASPER,1:00,2009,2009,"T206,","TIBR,",1,"T2,","T,",SIDING,Texas,0,0,1,Midnight
Derailments,2009:09:TXNW:D304N,0,0,500,20000,4,0,0,MOORE,17:00,2009,2009,"H306,","TXNW,",7,"H3,","H,",YARD,Texas,0,0,17,Evening
Side collision,2009:09:UP:0909FW004,0,0,53614,123223,14,0,0,TARRANT,3:30,2009,2009,"H703,","UP,",7,"H7,","H,",YARD,Texas,0,0,3,Midnight
Other impacts,2009:09:UP:0909FW027,0,0,1298,8565,4,0,0,TARRANT,22:30,2009,2009,"T305,","UP,",7,"T3,","T,",YARD,Texas,0,0,22,Evening
Derailments,2009:09:UP:0909HO008,0,0,9360,7647,0,0,0,BRAZORIA,18:15,2009,2009,"T001,T110,","BNSF,UP,",1,"T0,T1,T0,","T,",YARD,Texas,0,0,18,Evening
Obstruction impact,2009:09:UP:0909HO012,0,0,1105,20150,0,0,0,HARRIS,3:00,2009,2009,"M101,","UP,",7,"M1,","M,",YARD,Texas,0,0,3,Midnight
Derailments,2009:09:UP:0909HO017,0,0,122350,49486,34,3,0,HARRIS,19:49,2009,2009,"T110,","UP,",7,"T1,","T,",YARD,Texas,0,0,19,Evening
Derailments,2009:09:UP:0909HO019,0,0,5689,29401,5,5,0,HARRIS,20:10,2009,2009,"H702,","UP,",7,"H7,","H,",YARD,Texas,0,0,20,Evening
Derailments,2009:09:UP:0909HO033,0,0,760,17159,0,0,0,FORT BEND,19:20,2009,2009,"T110,","UP,",7,"T1,","T,",INDUSTRY,Texas,0,0,19,Evening
Derailments,2009:09:XCAG:INDUSTRY,0,0,35000,17000,0,0,0,BURNET,1:45,2009,2009,"T311,","AWRR,",1,"T3,","T,",INDUSTRY,Texas,0,0,1,Midnight
Derailments,2009:09:XCEZ:INDUSTRY,0,0,250,60200,0,0,0,POTTER,21:30,2009,2009,"T113,","BNSF,",1,"T1,","T,",INDUSTRY,Texas,0,0,21,Evening
Derailments,2009:10:ADMS:INDUSTRY,0,0,10000,500,0,0,0,NUECES,23:30,2009,2010,"T309,T399,","CCPN,",1,"T3,","T,",INDUSTRY,Texas,0,0,23,Evening
Derailments,2009:10:BNSF:GC1009109,0,0,134000,75048,0,0,0,FREESTONE,17:35,2009,2010,"T215,","BNSF,",1,"T2,","T,",YARD,Texas,0,0,17,Evening
Derailments,2009:10:BNSF:GC1009118,0,0,1300,10400,0,0,0,AUSTIN,1:30,2009,2010,"E32C,E33C,","BNSF,UP,",1,"E3,","E,",MAIN,Texas,0,0,1,Midnight
Derailments,2009:10:BNSF:KS1009108,0,0,6200,2800,3,3,0,POTTER,20:00,2009,2010,"H312,","BNSF,",7,"H3,","H,",YARD,Texas,0,0,20,Evening
Derailments,2009:10:UP:1009FW001,0,0,56227,449,0,0,0,TARRANT,21:45,2009,2010,"E07C,","UP,",7,"E0,","E,",YARD,Texas,0,0,21,Evening
Derailments,2009:10:UP:1009FW014,0,0,12385,841,0,0,0,DALLAS,21:10,2009,2010,"M405,","UP,",7,"M4,","M,",YARD,Texas,0,0,21,Evening
Derailments,2009:11:BNSF:GC1109103,0,0,600,10184,4,1,0,MONTGOMERY,17:00,2009,2010,"T301,T311,","BNSF,",7,"T3,","T,",INDUSTRY,Texas,0,0,17,Evening
Derailments,2009:11:TXTX:F0092009,0,0,3764,28706,0,0,0,CHAMBERS,3:00,2009,2010,"T101,T110,","TXTX,UP,",7,"T1,","T,",INDUSTRY,Texas,0,0,3,Midnight
Derailments,2009:11:UP:1109FW009,0,0,23972,337,0,0,0,TARRANT,21:40,2009,2010,"E39C,","UP,",7,"E3,","E,",YARD,Texas,0,0,21,Evening
Derailments,2009:11:UP:1109HO025,0,0,20234,60664,0,0,0,BRAZORIA,3:15,2009,2010,"T202,","UP,",7,"T2,","T,",YARD,Texas,0,0,3,Midnight
Derailments,2009:12:BNSF:GC1209101,0,0,9250,13900,0,0,0,BELL,23:55,2009,2010,"H513,","BNSF,",7,"H5,","H,",YARD,Texas,0,0,23,Evening
Derailments,2009:12:BNSF:GC1209110,0,0,47000,45532,9,0,0,HARRIS,1:10,2009,2010,"H702,","BNSF,",1,"H7,","H,",YARD,Texas,0,0,1,Midnight