AccidentType,inckey,Fatalities,Injuries,TrackDamage,EquipmentDamage,HazmatCars,HazmatCarsDerailed,HazmatCarsReleasing,County,DisplayTime,calendar,Fiscal,AccidentCause,RailroadCodes,RAILEQUIPMENT_TYPE,CauseGroup,CauseDiscipline,TYPE_OF_TRACK,StateName,latitude,longitude,hour,cat
Derailments,2009:12:BNSF:KS1209102,0,0,31394,14800,4,0,0,POTTER,18:00,2009,2010,"H307,","BNSF,",7,"H3,","H,",YARD,Texas,0,0,18,Evening
Derailments,2009:12:BNSF:TX1209104,0,0,150,18203,0,0,0,TARRANT,3:35,2009,2010,"H318,","BNSF,",7,"H3,","H,",YARD,Texas,0,0,3,Midnight
Derailments,2009:12:BNSF:TX1209109,0,0,40000,57032,12,1,0,TARRANT,2:10,2009,2010,"H607,","BNSF,",7,"H6,","H,",YARD,Texas,0,0,2,Midnight
Derailments,2009:12:GSLQ:INDUSTRY,0,0,2820,37001,41,2,0,GALVESTON,19:01,2009,2010,"M501,","UP,",57,"M5,","M,",INDUSTRY,Texas,0,0,19,Evening
Derailments,2009:12:UP:1209EP002,0,0,26948,1200,0,0,0,EL PASO,20:30,2009,2010,"T207,","UP,",7,"T2,","T,",YARD,Texas,0,0,20,Evening
Other events,2009:12:UP:1209FW004,0,0,10392,16490,0,0,0,ELLIS,1:10,2009,2010,"E22C,","UP,",1,"E2,","E,",MAIN,Texas,0,0,1,Midnight
Other impacts,2009:12:UP:1209FW008,0,2,19,138692,0,0,0,TARRANT,22:26,2009,2010,"H605,H307,","UP,",81,"H6,H3,H6,H3,","H,",MAIN,Texas,0,0,22,Evening
Other impacts,2009:12:UP:1209HO024,0,0,1236,33475,0,0,0,HARRIS,18:25,2009,2010,"S007,","UP,",75,"S0,","S,",YARD,Texas,0,0,18,Evening
Derailments,2009:12:UP:1209HO027,0,0,34118,28235,0,0,0,HARRIS,2:20,2009,2010,"T220,","UP,",76,"T2,","T,",YARD,Texas,0,0,2,Midnight
Side collision,2009:12:UP:1209HO034,0,0,0,169937,8,2,0,HARRIS,17:45,2009,2010,"H307,","UP,",18,"H3,","H,",YARD,Texas,0,0,17,Evening
Derailments,2009:12:UP:1209HO036,0,0,2696,44575,34,0,0,HARRIS,4:30,2009,2010,"H307,","UP,",7,"H3,","H,",YARD,Texas,0,0,4,Midnight
Derailments,2010:01:BNSF:GC0110111,0,0,7000,14634,0,0,0,HARRIS,3:00,2010,2010,"T311,","BNSF,",7,"T3,","T,",INDUSTRY,Texas,0,0,3,Midnight
Derailments,2010:01:BNSF:TX0110103,0,0,8502,2662,1,0,0,TARRANT,19:00,2010,2010,"T199,","BNSF,",7,"T1,","T,",YARD,Texas,0,0,19,Evening
Derailments,2010:01:COMJ:INDUSTRY,0,0,1000,37207,0,0,0,COMAL,2:00,2010,2010,"M101,","UP,",76,"M1,","M,",INDUSTRY,Texas,0,0,2,Midnight
Derailments,2010:01:RASX:FRAR440,0,0,2000,8000,2,2,0,BRAZORIA,22:20,2010,2010,"T102,","RASX,",7,"T1,","T,",INDUSTRY,Texas,0,0,22,Evening
Raking collision,2010:01:TXTX:F0062010,0,0,214,22692,1,1,0,CHAMBERS,23:30,2010,2010,"H018,","TXTX,",6,"H0,","H,",INDUSTRY,Texas,0,0,23,Evening
Derailments,2010:01:UP:0110EP004,0,0,1790,129212,0,0,0,EL PASO,4:30,2010,2010,"M599,","UP,",57,"M5,","M,",YARD,Texas,0,0,4,Midnight
Other impacts,2010:01:UP:0110FW003,0,0,27933,554,0,0,0,TARRANT,4:00,2010,2010,"M411,","UP,",57,"M4,","M,",YARD,Texas,0,0,4,Midnight
Derailments,2010:01:UP:0110FW020,0,0,43795,7164,0,0,0,GRAYSON,22:12,2010,2010,"T222,","UP,",4,"T2,","T,",YARD,Texas,0,0,22,Evening
Derailments,2010:01:UP:0110HO006,0,0,2935,12913,28,2,0,HARRIS,19:30,2010,2010,"H307,","UP,",7,"H3,","H,",YARD,Texas,0,0,19,Evening
Derailments,2010:01:UP:0110HO009,0,0,2631,7551,0,0,0,FORT BEND,23:55,2010,2010,"T111,","UP,",7,"T1,","T,",YARD,Texas,0,0,23,Evening
Other impacts,2010:01:UP:0110HO020,0,0,9706,26284,8,0,0,HARRIS,17:40,2010,2010,"M411,","UP,",76,"M4,","M,",YARD,Texas,0,0,17,Evening
Derailments,2010:01:UP:0110HO033,0,0,4646,59343,20,5,0,HARRIS,24:10:00,2010,2010,"T207,","UP,",7,"T2,","T,",YARD,Texas,0,0,24,Midnight
Derailments,2010:01:UP:0110SA007,0,0,3963,6986,23,0,0,FAYETTE,1:24,2010,2010,"E33C,","BNSF,UP,",1,"E3,","E,",MAIN,Texas,0,0,1,Midnight
Side collision,2010:02:BNSF:GC0210115,0,0,0,17380,14,0,0,BELL,20:45,2010,2010,"H306,","BNSF,",71,"H3,","H,",YARD,Texas,0,0,20,Evening
Derailments,2010:02:BNSF:TX0210100,0,0,56000,3811,0,0,0,TARRANT,19:50,2010,2010,"T111,","BNSF,",7,"T1,","T,",INDUSTRY,Texas,0,0,19,Evening
Side collision,2010:02:CMC:FEB10001,0,0,615,134145,65,2,0,LIBERTY,3:00,2010,2010,"H307,","BNSF,CMC,",7,"H3,","H,",YARD,Texas,0,0,3,Midnight
Derailments,2010:02:TIBR:D541810,0,0,3000,11000,0,0,0,JASPER,23:00,2010,2010,"E4BC,","TIBR,",1,"E4,","E,",SIDING,Texas,0,0,23,Evening
Derailments,2010:02:TXNW:W00210D,0,0,20000,142729,0,0,0,MOORE,21:35,2010,2010,"T099,","BNSF,TXNW,",1,"T0,","T,",YARD,Texas,0,0,21,Evening
Raking collision,2010:02:TXNW:W0211D,0,0,0,76000,9,9,0,MOORE,18:30,2010,2010,"H021,","TXNW,",7,"H0,","H,",YARD,Texas,0,0,18,Evening
Highway-rail impact,2010:02:UP:0210FW007,0,1,0,12580,0,0,0,ELLIS,21:14,2010,2010,"M303,","UP,",1,"M3,","M,",MAIN,Texas,0,0,21,Evening
Derailments,2010:02:UP:0210FW016,0,0,41145,2712,0,0,0,MCLENNAN,22:15,2010,2010,"T308,T222,","UP,",7,"T3,T2,","T,",YARD,Texas,0,0,22,Evening
Derailments,2010:02:UP:0210FW017,0,0,30177,7783,0,0,0,TARRANT,19:20,2010,2010,"S006,","UP,",7,"S0,","S,",YARD,Texas,0,0,19,Evening
Derailments,2010:02:UP:0210HO030,0,0,249861,39792,0,0,0,CHAMBERS,23:00,2010,2010,"T102,","UP,",1,"T1,","T,",YARD,Texas,0,0,23,Evening
Other events,2010:02:UP:0210SA004,0,0,0,14600,0,0,0,CALDWELL,4:10,2010,2010,"E21C,","UP,",1,"E2,","E,",MAIN,Texas,0,0,4,Midnight
Derailments,2010:03:CMTY:D030110,0,0,8500,29291,0,0,0,BURNET,21:30,2010,2010,"T221,T210,","AWRR,CMTY,",1,"T2,","T,",MAIN,Texas,0,0,21,Evening
Derailments,2010:03:UP:0310FW010,0,0,186929,55246,18,4,0,TARRANT,1:45,2010,2010,"T403,","UP,",7,"T4,","T,",YARD,Texas,0,0,1,Midnight
Highway-rail impact,2010:03:UP:0310FW012,0,1,1301,42079,0,0,0,TARRANT,20:30,2010,2010,"M302,","UP,",1,"M3,","M,",MAIN,Texas,0,0,20,Evening
Derailments,2010:03:UP:0310LK028,0,0,63050,2433,2,1,0,GREGG,3:15,2010,2010,"T110,","UP,",1,"T1,","T,",YARD,Texas,0,0,3,Midnight
Derailments,2010:03:UP:0310SA009,0,0,9563,423,30,0,0,WILLIAMSON,17:12,2010,2010,"T205,T002,","UP,",7,"T2,T0,","T,",YARD,Texas,0,0,17,Evening
Derailments,2010:03:XSSC:INDUSTRY,0,0,10056,12726,0,0,0,MONTGOMERY,23:00,2010,2010,"T111,","UP,",1,"T1,","T,",INDUSTRY,Texas,0,0,23,Evening
Other impacts,2010:04:BNSF:GC0410103,0,0,0,12879,0,0,0,LIBERTY,18:45,2010,2010,"H318,","BNSF,",5,"H3,","H,",YARD,Texas,0,0,18,Evening
Other impacts,2010:04:BNSF:GC0410104,0,0,350,59753,44,1,0,BELL,18:30,2010,2010,"E39C,","BNSF,",17,"E3,","E,",MAIN,Texas,0,0,18,Evening
Derailments,2010:04:BNSF:GC0410105,0,0,25000,46288,1,0,0,GALVESTON,20:00,2010,2010,"H307,","BNSF,",7,"H3,","H,",YARD,Texas,0,0,20,Evening
Other impacts,2010:04:CMC:MAY10002,0,0,0,21010,0,0,0,LIBERTY,18:50,2010,2010,"H318,","BNSF,CMC,",7,"H3,","H,",YARD,Texas,0,0,18,Evening
Derailments,2010:04:UP:0410FW002,0,0,57388,13136,2,0,0,NAVARRO,19:35,2010,2010,"E35C,E39C,","UP,",16,"E3,","E,",MAIN,Texas,0,0,19,Evening
Obstruction impact,2010:04:UP:0410FW015,0,0,732,11454,0,0,0,ECTOR,24:25:00,2010,2010,"M402,","UP,",1,"M4,","M,",MAIN,Texas,0,0,24,Midnight
Derailments,2010:05:BNSF:GC0510101,0,0,45203,8000,33,0,0,AUSTIN,1:20,2010,2010,"T102,","BNSF,",1,"T1,","T,",MAIN,Texas,0,0,1,Midnight
Derailments,2010:05:BNSF:GC0510103,0,0,7500,26591,6,1,0,BRAZORIA,4:40,2010,2010,"T311,","BNSF,",7,"T3,","T,",YARD,Texas,0,0,4,Midnight
Other impacts,2010:05:BNSF:TX0510105,0,0,2000,36224,4,2,0,TARRANT,1:20,2010,2010,"H021,","BNSF,",75,"H0,","H,",YARD,Texas,0,0,1,Midnight
Raking collision,2010:05:FWWR:10051201,0,0,0,54229,0,0,0,TARRANT,18:00,2010,2010,"H310,","FWWR,",7,"H3,","H,",YARD,Texas,0,0,18,Evening
Derailments,2010:05:UP:0510FW009,0,0,38935,2888,5,0,0,EASTLAND,24:09:00,2010,2010,"T109,","UP,",1,"T1,","T,",MAIN,Texas,0,0,24,Midnight
Derailments,2010:05:UP:0510FW012,0,0,22283,9221,0,0,0,TARRANT,23:30,2010,2010,"T319,","FWWR,UP,",1,"T3,","T,",YARD,Texas,0,0,23,Evening
Obstruction impact,2010:05:UP:0510SA001,0,0,27300,200,0,0,0,CALDWELL,21:30,2010,2010,"M402,","UP,",1,"M4,","M,",MAIN,Texas,0,0,21,Evening
Derailments,2010:05:WTBQ:INDUSTRY,0,0,0,16897,17,0,0,LIBERTY,2:00,2010,2010,"H307,","BNSF,",1,"H3,","H,",INDUSTRY,Texas,0,0,2,Midnight
Other impacts,2010:06:BNSF:GC0610106,0,0,3800,80920,0,0,0,BELL,17:45,2010,2010,"H022,M504,","BNSF,",15,"H0,M5,H0,M5,","H,M,H,M,",MAIN,Texas,0,0,17,Evening
Derailments,2010:06:BNSF:TX0610100,0,0,155000,49193,0,0,0,TARRANT,17:15,2010,2010,"T207,","BNSF,",7,"T2,","T,",YARD,Texas,0,0,17,Evening
Side collision,2010:06:BNSF:TX0610104,0,1,26000,34253,44,0,0,TARRANT,3:15,2010,2010,"H306,","BNSF,",17,"H3,","H,",MAIN,Texas,0,0,3,Midnight
Derailments,2010:06:BNSF:TX0610108,0,0,875000,219013,14,0,0,WICHITA,1:00,2010,2010,"E53C,","BNSF,",1,"E5,","E,",MAIN,Texas,0,0,1,Midnight
Side collision,2010:06:CMC:JUNE10003,0,0,10000,64440,3,0,0,LIBERTY,22:15,2010,2010,"H602,","BNSF,CMC,",78,"H6,","H,",YARD,Texas,0,0,22,Evening
Other impacts,2010:06:CMC:JUNE10004,0,0,10600,455879,31,12,0,LIBERTY,4:30,2010,2010,"H020,","BNSF,CMC,",7,"H0,","H,",YARD,Texas,0,0,4,Midnight
Derailments,2010:06:MMZ:INDUSTRY,0,0,500,15014,0,0,0,COMAL,21:30,2010,2010,"T110,","UP,",1,"T1,","T,",INDUSTRY,Texas,0,0,21,Evening
Side collision,2010:06:PTRA:2010000028,0,0,0,18400,1,1,0,HARRIS,20:15,2010,2010,"H318,H399,","PTRA,",16,"H3,","H,",YARD,Texas,0,0,20,Evening
Derailments,2010:06:SHTQ:INDUSTRY,0,0,87,11064,0,0,0,BRAZORIA,2:50,2010,2010,"H307,H306,","UP,",7,"H3,","H,",INDUSTRY,Texas,0,0,2,Midnight
Side collision,2010:06:UP:0610FW003,0,0,0,12580,4,0,0,TARRANT,24:30:00,2010,2010,"S007,","UP,",7,"S0,","S,",YARD,Texas,0,0,24,Midnight
Highway-rail impact,2010:06:UP:0610FW014,0,0,15300,5429,0,0,0,KAUFMAN,17:55,2010,2010,"M302,","UP,",1,"M3,","M,",MAIN,Texas,0,0,17,Evening
Highway-rail impact,2010:06:UP:0610FW016,0,2,450,14335,0,0,0,KAUFMAN,17:50,2010,2010,"M304,","UP,",1,"M3,","M,",MAIN,Texas,0,0,17,Evening
Derailments,2010:06:UP:0610HO017,0,0,103971,36490,15,0,0,LIBERTY,18:53,2010,2010,"H607,","BNSF,CMC,UP,",7,"H6,","H,",MAIN,Texas,0,0,18,Evening
Derailments,2010:06:UP:0610HO030,0,0,75076,127037,49,3,1,HARRIS,19:30,2010,2010,"E07C,","UP,",76,"E0,","E,",YARD,Texas,0,0,19,Evening
Derailments,2010:06:UP:0610HO043,0,0,72627,1092,5,0,0,HARRIS,22:05,2010,2010,"E59C,","KCS,UP,",1,"E5,","E,",MAIN,Texas,0,0,22,Evening
Other impacts,2010:06:WTJR:OP62610,0,1,24001,30513,0,0,0,WICHITA,23:10,2010,2010,"H302,","UP,WTJR,",61,"H3,","H,",YARD,Texas,0,0,23,Evening
Derailments,2010:06:XMIL:INDUSTRY,0,0,13100,5653,0,0,0,TARRANT,23:55,2010,2010,"H307,H303,","BNSF,",7,"H3,","H,",INDUSTRY,Texas,0,0,23,Evening
Derailments,2010:07:BNSF:GC0710102,0,0,35636,3500,11,1,0,GALVESTON,18:30,2010,2010,"H310,H399,","BNSF,",7,"H3,","H,",YARD,Texas,0,0,18,Evening
Other events,2010:07:BNSF:GC0710119,0,0,0,10000,0,0,0,BELL,2:45,2010,2010,"H307,","BNSF,",8,"H3,","H,",YARD,Texas,0,0,2,Midnight
Derailments,2010:07:UP:0710HO019,0,0,20824,9251,1,1,0,HARRIS,24:10:00,2010,2010,"T110,","UP,",1,"T1,","T,",YARD,Texas,0,0,24,Midnight
Side collision,2010:07:UP:0710HO026,0,0,2688,76557,28,6,0,HARRIS,3:25,2010,2010,"H306,","UP,",7,"H3,","H,",YARD,Texas,0,0,3,Midnight
Highway-rail impact,2010:07:UP:0710HO039,1,0,884,18000,0,0,0,LIBERTY,18:51,2010,2010,"M302,","UP,",1,"M3,","M,",MAIN,Texas,0,0,18,Evening
Derailments,2010:07:UP:0710LK017,0,0,60051,16161,0,0,0,BOWIE,3:14,2010,2010,"E89C,","UP,",1,"E8,","E,",SIDING,Texas,0,0,3,Midnight
Other impacts,2010:08:BNSF:GC0810112,0,0,0,30775,4,1,0,HARRIS,4:15,2010,2010,"H318,H018,","BNSF,",7,"H3,H0,","H,",YARD,Texas,0,0,4,Midnight
Other impacts,2010:08:BNSF:KS0810112,0,0,8000,125670,0,0,0,LUBBOCK,1:15,2010,2010,"H702,","BNSF,",61,"H7,","H,",YARD,Texas,0,0,1,Midnight
Derailments,2010:08:BNSF:KS0810117,0,0,2900,9830,0,0,0,RANDALL,17:30,2010,2010,"T314,E64C,","BNSF,",1,"T3,E6,","T,E,",YARD,Texas,0,0,17,Evening
Derailments,2010:08:BNSF:TX0810101,0,0,143000,63469,0,0,0,TARRANT,24:31:00,2010,2010,"T308,T314,","BNSF,UP,",1,"T3,","T,",MAIN,Texas,0,0,24,Midnight
Derailments,2010:08:CMC:AUG10004,0,0,10000,6300,3,0,0,LIBERTY,4:30,2010,2010,"T319,","BNSF,CMC,",7,"T3,","T,",YARD,Texas,0,0,4,Midnight
Other impacts,2010:08:CMC:AUG10005,0,0,0,40000,0,0,0,LIBERTY,20:00,2010,2010,"T106,H601,","BNSF,CMC,",7,"T1,H6,","T,H,",YARD,Texas,0,0,20,Evening
Derailments,2010:08:GCSR:081810,0,0,10000,50000,0,0,0,MCCULLOCH,21:00,2010,2010,"H996,","GCSR,",1,"H9,","H,",MAIN,Texas,0,0,21,Evening
Obstruction impact,2010:08:TRE:2010009,0,0,0,40000,0,0,0,TARRANT,21:57,2010,2010,"M402,","TRE,",3,"M4,","M,",MAIN,Texas,0,0,21,Evening
Derailments,2010:08:TXTX:FO252010,0,0,24090,6728,0,0,0,JEFFERSON,20:15,2010,2010,"T110,T001,","TXTX,UP,",1,"T1,T0,T1,","T,",INDUSTRY,Texas,0,0,20,Evening
Derailments,2010:08:UP:0810EP002,0,0,309708,13438,0,0,0,EL PASO,21:00,2010,2010,"T110,","UP,",7,"T1,","T,",YARD,Texas,0,0,21,Evening
Derailments,2010:08:UP:0810FW003,0,0,60140,19885,0,0,0,ROBERTSON,20:22,2010,2010,"S011,","UP,",1,"S0,","S,",MAIN,Texas,0,0,20,Evening
Derailments,2010:08:UP:0810FW007,0,0,11568,336,0,0,0,GRAYSON,18:55,2010,2010,"T319,","UP,",7,"T3,","T,",INDUSTRY,Texas,0,0,18,Evening
Derailments,2010:08:UP:0810FW020,0,0,89277,26073,0,0,0,TARRANT,17:15,2010,2010,"S006,","UP,",7,"S0,","S,",YARD,Texas,0,0,17,Evening
Derailments,2010:08:UP:0810FW026,0,0,221723,297986,0,0,0,TARRANT,20:20,2010,2010,"T108,T110,","BNSF,TRE,UP,",1,"T1,","T,",MAIN,Texas,0,0,20,Evening
Highway-rail impact,2010:08:UP:0810SA001,0,2,0,15226,0,0,0,BEXAR,18:33,2010,2010,"M304,","UP,",1,"M3,","M,",MAIN,Texas,0,0,18,Evening
Derailments,2010:08:UP:0810SA007,0,0,104142,41290,1,0,0,BEXAR,1:15,2010,2010,"H306,","UP,",7,"H3,","H,",YARD,Texas,0,0,1,Midnight
Derailments,2010:08:XGAS:INDUSTRY,0,0,2800,9400,0,0,0,JOHNSON,3:30,2010,2010,"T319,T309,","BNSF,",1,"T3,","T,",INDUSTRY,Texas,0,0,3,Midnight
Other impacts,2010:09:BNSF:SW0910109,0,0,12000,8400,0,0,0,EL PASO,21:05,2010,2010,"H018,H017,","BNSF,",78,"H0,","H,",YARD,Texas,0,0,21,Evening
Derailments,2010:09:BNSF:TX0910104,0,0,200000,57766,8,2,0,JOHNSON,19:35,2010,2010,"T222,","BNSF,",1,"T2,","T,",YARD,Texas,0,0,19,Evening
Derailments,2010:09:FWWR:10091601,0,0,500,10030,0,0,0,HOOD,4:03,2010,2010,"T207,","FWWR,",7,"T2,","T,",YARD,Texas,0,0,4,Midnight
Derailments,2010:09:GRR:201001,0,0,50000,45000,0,0,0,WILLIAMSON,3:00,2010,2010,"M103,","GRR,",6,"M1,","M,",MAIN,Texas,0,0,3,Midnight
Derailments,2010:09:KCS:10092202,0,0,58496,7000,19,0,0,JEFFERSON,22:00,2010,2010,"T108,T304,","BNSF,KCS,UP,",1,"T1,T3,T1,","T,",YARD,Texas,0,0,22,Evening
Derailments,2010:09:TXTX:F0282010,0,0,15800,45740,0,0,0,JEFFERSON,18:15,2010,2010,"T110,","BNSF,TXTX,",1,"T1,","T,",INDUSTRY,Texas,0,0,18,Evening
Highway-rail impact,2010:09:UP:0910EP004,1,1,0,40291,0,0,0,EL PASO,17:43,2010,2010,"M302,","ATK,UP,",2,"M3,","M,",MAIN,Texas,0,0,17,Evening
Derailments,2010:09:UP:0910FW026,0,0,32846,336,0,0,0,GRAYSON,17:20,2010,2010,"M501,","UP,",1,"M5,","M,",YARD,Texas,0,0,17,Evening
Derailments,2010:09:UP:0910LV007,0,0,1245,75045,0,0,0,JEFFERSON,19:47,2010,2010,"T303,T110,","KCS,UP,",1,"T3,T1,","T,",YARD,Texas,0,0,19,Evening
Other events,2010:09:UP:0910LV011,0,0,0,12859,66,1,0,NACOGDOCHES,22:47,2010,2010,"E22C,","UP,",1,"E2,","E,",MAIN,Texas,0,0,22,Evening
Side collision,2010:09:UP:0910SA016,0,0,2304,7278,0,0,0,WEBB,17:30,2010,2010,"H306,","UP,",7,"H3,","H,",YARD,Texas,0,0,17,Evening
Derailments,2010:09:VTZ:INDUSTRY,0,0,0,31000,21,0,0,HARRIS,19:10,2010,2010,"T113,T303,","PTRA,",1,"T1,T3,","T,",INDUSTRY,Texas,0,0,19,Evening
Derailments,2010:10:BNSF:TX1010102,0,0,23400,30288,0,0,0,GRAYSON,18:40,2010,2011,"H307,","BNSF,",7,"H3,","H,",YARD,Texas,0,0,18,Evening
Raking collision,2010:10:PTRA:2010000049,0,0,0,25850,14,4,0,HARRIS,23:45,2010,2011,"H018,H599,","PTRA,",6,"H0,H5,","H,",YARD,Texas,0,0,23,Evening
Derailments,2010:10:TIBR:D542610,0,0,52550,4500,0,0,0,HARDIN,2:00,2010,2011,"H999,","TIBR,",1,"H9,","H,",YARD,Texas,0,0,2,Midnight
Derailments,2010:10:TXTX:F0312010,0,0,21400,8395,0,0,0,JEFFERSON,3:45,2010,2011,"T309,","TXTX,",7,"T3,","T,",INDUSTRY,Texas,0,0,3,Midnight
Derailments,2010:10:UP:1010FW008,0,0,48261,337,6,0,0,TARRANT,1:50,2010,2011,"H703,","UP,",7,"H7,","H,",YARD,Texas,0,0,1,Midnight
Derailments,2010:10:UP:1010FW022,0,0,60,90389,0,0,0,NAVARRO,18:00,2010,2011,"M102,","UP,",6,"M1,","M,",SIDING,Texas,0,0,18,Evening
Derailments,2010:10:UP:1010HO015,0,0,9534,10342,0,0,0,HARRIS,20:45,2010,2011,"H703,","UP,",7,"H7,","H,",YARD,Texas,0,0,20,Evening
Highway-rail impact,2010:10:UP:1010LV009,0,1,0,11750,0,0,0,JEFFERSON,19:07,2010,2011,"M302,M308,","ATK,UP,",2,"M3,","M,",MAIN,Texas,0,0,19,Evening
Highway-rail impact,2010:10:UP:1010SA002,0,2,0,18415,0,0,0,BEXAR,17:32,2010,2011,"M302,","UP,",1,"M3,","M,",MAIN,Texas,0,0,17,Evening
Other impacts,2010:11:BNSF:GC1110109,0,0,0,30521,2,2,0,FREESTONE,20:45,2010,2011,"H302,","BNSF,",76,"H3,","H,",YARD,Texas,0,0,20,Evening
Highway-rail impact,2010:11:BNSF:TX1110200,0,0,8000,2000,0,0,0,DENTON,21:00,2010,2011,"M305,","BNSF,",1,"M3,","M,",MAIN,Texas,0,0,21,Evening
Derailments,2010:11:KCS:10110504,0,0,8120,5168,0,0,0,WEBB,17:05,2010,2011,"T314,","KCS,",4,"T3,","T,",YARD,Texas,0,0,17,Evening
Derailments,2010:11:TXPF:A111001,0,0,10565,4000,0,0,0,PECOS,24:30:00,2010,2011,"T110,","TXPF,",7,"T1,","T,",YARD,Texas,0,0,24,Midnight
Derailments,2010:11:UP:1110FW027,0,0,203618,266050,20,3,0,DALLAS,19:25,2010,2011,"M405,","UP,",1,"M4,","M,",MAIN,Texas,0,0,19,Evening
Other events,2010:11:UP:1110SA007,0,0,12051,0,0,0,0,BEXAR,23:00,2010,2011,"H702,","UP,",1,"H7,","H,",MAIN,Texas,0,0,23,Evening
Derailments,2010:12:BNSF:GC1210120,0,0,22000,66607,0,0,0,BELL,19:25,2010,2011,"H507,H019,","BNSF,",7,"H5,H0,","H,",YARD,Texas,0,0,19,Evening
Highway-rail impact,2010:12:FWWR:10120701,0,0,0,17750,0,0,0,HOOD,2:35,2010,2011,"M302,","FWWR,",7,"M3,","M,",MAIN,Texas,0,0,2,Midnight
Derailments,2010:12:UP:1210HO006,0,0,28225,225,0,0,0,HARRIS,17:00,2010,2011,"S006,","UP,",7,"S0,","S,",YARD,Texas,0,0,17,Evening
Side collision,2010:12:UP:1210HO012,0,0,1110,10750,0,0,0,ANDERSON,22:45,2010,2011,"H306,H607,","UP,",81,"H3,H6,H3,H6,","H,",YARD,Texas,0,0,22,Evening
Raking collision,2010:12:UP:1210HO028,0,0,519,35938,6,0,0,HARRIS,21:00,2010,2011,"S007,","UP,",7,"S0,","S,",YARD,Texas,0,0,21,Evening
Derailments,2011:01:BNSF:GC0111106,0,0,119500,7300,9,0,0,FREESTONE,3:30,2011,2011,"T110,","BNSF,",1,"T1,","T,",YARD,Texas,0,0,3,Midnight
Derailments,2011:01:CHRZ:INDUSTRY,0,0,12593,300,0,0,0,JEFFERSON,24:30:00,2011,2011,"T110,T111,","RASX,",7,"T1,","T,",INDUSTRY,Texas,0,0,24,Midnight
Derailments,2011:01:DOWC:INDUSTRY,0,0,10400,30000,1,1,0,BRAZORIA,20:25,2011,2011,"T102,","RASX,",7,"T1,","T,",INDUSTRY,Texas,0,0,20,Evening
Derailments,2011:01:UP:0111FW012,0,0,20957,743,0,0,0,MCLENNAN,22:46,2011,2011,"T106,","UP,",1,"T1,","T,",YARD,Texas,0,0,22,Evening
Derailments,2011:01:UP:0111HO023,0,0,4406,60817,0,0,0,ANDERSON,20:45,2011,2011,"T202,","UP,",7,"T2,","T,",YARD,Texas,0,0,20,Evening
Derailments,2011:02:BNSF:GC0211110,0,0,20486,15000,0,0,0,HARRIS,3:50,2011,2011,"H607,H702,","BNSF,",7,"H6,H7,","H,",YARD,Texas,0,0,3,Midnight
Derailments,2011:02:BNSF:KS0211109,0,0,0,24540,13,2,0,POTTER,3:00,2011,2011,"H307,H702,","BNSF,",71,"H3,H7,H3,H7,","H,",YARD,Texas,0,0,3,Midnight
Derailments,2011:02:LBIJ:INDUSTRY,0,0,3500,11183,1,1,0,HARRIS,18:50,2011,2011,"T113,","UP,",7,"T1,","T,",INDUSTRY,Texas,0,0,18,Evening
Derailments,2011:02:PNR:PNRCS11003,0,0,0,22514,1,1,0,HUTCHINSON,18:29,2011,2011,"H025,","PNR,",5,"H0,","H,",YARD,Texas,0,0,18,Evening
Obstruction impact,2011:02:TRE:2011001,0,0,2161,11100,0,0,0,TARRANT,20:25,2011,2011,"M402,","TRE,",3,"M4,","M,",MAIN,Texas,0,0,20,Evening
Derailments,2011:02:TXTX:F0022011,0,0,15000,2792,0,0,0,JEFFERSON,3:00,2011,2011,"T110,","TXTX,",7,"T1,","T,",INDUSTRY,Texas,0,0,3,Midnight
Obstruction impact,2011:02:UP:0211ES007,0,0,12051,0,0,0,0,EL PASO,17:00,2011,2011,"M404,","UP,",NA,"M4,","M,",MAIN,Texas,0,0,17,Evening
Other impacts,2011:02:UP:0211HO038,0,0,3420,58853,2,2,0,HARRIS,18:31,2011,2011,"M411,","UP,",57,"M4,","M,",YARD,Texas,0,0,18,Evening
Other impacts,2011:02:UP:0211SA002,0,0,0,60547,0,0,0,BEXAR,18:45,2011,2011,"H601,H312,","UP,",57,"H6,H3,H6,H3,","H,",YARD,Texas,0,0,18,Evening
Raking collision,2011:02:UP:0211SA009,0,0,0,57288,3,1,0,WEBB,19:30,2011,2011,"H302,","UP,",7,"H3,","H,",YARD,Texas,0,0,19,Evening
Highway-rail impact,2011:02:UP:0211SA015,1,0,0,18910,0,0,0,BEXAR,1:05,2011,2011,"M308,","ATK,UP,",2,"M3,","M,",MAIN,Texas,0,0,1,Midnight
Derailments,2011:02:UP:0211SA022,0,0,0,9593,0,0,0,WILLIAMSON,21:30,2011,2011,"M405,","UP,",1,"M4,","M,",YARD,Texas,0,0,21,Evening
Derailments,2011:02:ZBLM:INDUSTRY,0,0,1200,35987,0,0,0,ELLIS,17:45,2011,2011,"T314,","BNSF,",1,"T3,","T,",INDUSTRY,Texas,0,0,17,Evening
Raking collision,2011:03:BNSF:GC0311106,0,0,0,19828,13,0,0,HARRIS,18:40,2011,2011,"H018,","BNSF,",7,"H0,","H,",YARD,Texas,0,0,18,Evening
Obstruction impact,2011:03:KCS:11032603,0,0,0,15000,0,0,0,MARION,17:30,2011,2011,"M404,","KCS,",1,"M4,","M,",MAIN,Texas,0,0,17,Evening
Highway-rail impact,2011:03:UP:0311FW007,0,1,54679,27036,0,0,0,HOWARD,24:19:00,2011,2011,"M304,","UP,",1,"M3,","M,",MAIN,Texas,0,0,24,Midnight
Raking collision,2011:03:UP:0311HO030,0,0,2498,87669,18,5,0,HARRIS,2:45,2011,2011,"H310,","UP,",76,"H3,","H,",YARD,Texas,0,0,2,Midnight
Derailments,2011:03:UP:0311LV015,0,0,200,16160,0,0,0,JEFFERSON,17:00,2011,2011,"T217,","UP,",1,"T2,","T,",MAIN,Texas,0,0,17,Evening
Other impacts,2011:04:BNSF:GC0411107,0,0,250,26135,1,1,0,BELL,4:00,2011,2011,"H306,","BNSF,",7,"H3,","H,",YARD,Texas,0,0,4,Midnight
Derailments,2011:04:BNSF:SW0411101,0,0,10000,12800,3,3,0,EL PASO,2:15,2011,2011,"T207,","BNSF,",7,"T2,","T,",YARD,Texas,0,0,2,Midnight