AccidentType,inckey,Fatalities,Injuries,TrackDamage,EquipmentDamage,HazmatCars,HazmatCarsDerailed,HazmatCarsReleasing,County,DisplayTime,calendar,Fiscal,AccidentCause,RailroadCodes,RAILEQUIPMENT_TYPE,CauseGroup,CauseDiscipline,TYPE_OF_TRACK,StateName,latitude,longitude,hour,cat
Derailments,2011:04:UP:0411FW001,0,0,1158,37627,0,0,0,HOWARD,4:00,2011,2011,"T202,","UP,",8,"T2,","T,",YARD,Texas,0,0,4,Midnight
Other impacts,2011:04:UP:0411FW009,0,0,56734,188632,0,0,0,VAN ZANDT,24:10:00,2011,2011,"M599,","UP,",16,"M5,","M,",MAIN,Texas,0,0,24,Midnight
Derailments,2011:04:UP:0411FW010,0,0,16467,0,0,0,0,TARRANT,4:55,2011,2011,"T110,","UP,",8,"T1,","T,",YARD,Texas,0,0,4,Midnight
Obstruction impact,2011:04:UP:0411FW021,1,0,17145,0,6,0,0,MIDLAND,23:53,2011,2011,"M402,","UP,",1,"M4,","M,",MAIN,Texas,0,0,23,Evening
Derailments,2011:04:UP:0411HO032,0,0,0,10348,0,0,0,FORT BEND,17:35,2011,2011,"M599,","UP,",7,"M5,","M,",YARD,Texas,0,0,17,Evening
Other events,2011:04:UP:0411SA001,0,0,24771,0,0,0,0,MILAM,23:25,2011,2011,"S011,H605,","UP,",1,"S0,H6,","S,H,",MAIN,Texas,0,0,23,Evening
Derailments,2011:04:UP:0411SA002,0,0,77959,17219,0,0,0,WILLIAMSON,3:00,2011,2011,"M503,","UP,",1,"M5,","M,",YARD,Texas,0,0,3,Midnight
Broken train collision,2011:04:UP:0411SA005,0,0,39116,0,0,0,0,MAVERICK,19:00,2011,2011,"H306,","UP,",NA,"H3,","H,",YARD,Texas,0,0,19,Evening
Derailments,2011:04:UP:0411SA019,0,0,0,18260,0,0,0,MAVERICK,22:10,2011,2011,"H706,","UP,",8,"H7,","H,",YARD,Texas,0,0,22,Evening
Derailments,2011:04:UP:0411ST008,0,0,20000,43547,21,0,0,JEFF DAVIS,22:05,2011,2011,"E61C,","UP,",1,"E6,","E,",MAIN,Texas,0,0,22,Evening
Derailments,2011:04:ZCVP:INDUSTRY,0,0,15500,4500,0,0,0,HARRIS,23:23,2011,2011,"H704,","SGSC,",7,"H7,","H,",INDUSTRY,Texas,0,0,23,Evening
Side collision,2011:05:BNSF:GC0511109,0,0,600,96000,9,0,0,GALVESTON,4:30,2011,2011,"H104,","BNSF,",78,"H1,","H,",YARD,Texas,0,0,4,Midnight
Side collision,2011:05:BNSF:GC0511117,0,0,0,37200,42,0,0,GREGG,21:30,2011,2011,"E04C,","BNSF,",16,"E0,","E,",YARD,Texas,0,0,21,Evening
Derailments,2011:05:BNSF:TX0511106,0,0,0,70014,0,0,0,DONLEY,17:00,2011,2011,"H995,","BNSF,",5,"H9,","H,",YARD,Texas,0,0,17,Evening
Derailments,2011:05:GVSR:GVS132111,0,0,17999,3534,0,0,0,GALVESTON,17:15,2011,2011,"T110,","GVSR,UP,",7,"T1,","T,",YARD,Texas,0,0,17,Evening
Derailments,2011:05:KCS:11050802,0,0,985,18120,0,0,0,WEBB,24:45:00,2011,2011,"T314,","KCS,",8,"T3,","T,",YARD,Texas,0,0,24,Midnight
Derailments,2011:05:UP:0511FW004,0,0,103171,31750,0,0,0,BELL,18:10,2011,2011,"H701,H702,","BNSF,UP,",1,"H7,","H,",MAIN,Texas,0,0,18,Evening
Derailments,2011:05:UP:0511HO030,0,0,33906,114316,60,6,0,HARRIS,18:46,2011,2011,"T199,","UP,",1,"T1,","T,",YARD,Texas,0,0,18,Evening
Other impacts,2011:05:UP:0511HO035,0,0,1520,13633,0,0,0,HARRIS,4:25,2011,2011,"M411,","UP,",75,"M4,","M,",YARD,Texas,0,0,4,Midnight
Derailments,2011:05:UP:0511SA010,0,0,68929,49639,0,0,0,BEXAR,18:40,2011,2011,"H524,","UP,",7,"H5,","H,",YARD,Texas,0,0,18,Evening
Derailments,2011:05:ZLDC:INDUSTRY,0,0,6000,26502,0,0,0,HARRIS,24:05:00,2011,2011,"T113,","UP,",7,"T1,","T,",INDUSTRY,Texas,0,0,24,Midnight
Derailments,2011:06:BNSF:GC0611100,0,0,47519,1700,0,0,0,BROWN,17:30,2011,2011,"E46C,","BNSF,",1,"E4,","E,",YARD,Texas,31.713108,-98.9904,17,Evening
Derailments,2011:06:BNSF:GC0611102,0,0,28000,0,0,0,0,BROWN,3:30,2011,2011,"H303,","BNSF,TXR,",1,"H3,","H,",YARD,Texas,31.713108,-98.9904,3,Midnight
Derailments,2011:06:BNSF:GC0611109,0,0,0,28212,4,0,0,JEFFERSON,4:04,2011,2011,"M503,","BNSF,",1,"M5,","M,",YARD,Texas,30.093403,-94.115296,4,Midnight
Other impacts,2011:06:BNSF:GC0611118,0,0,0,16008,1,1,0,LIBERTY,4:30,2011,2011,"H318,","BNSF,",76,"H3,","H,",YARD,Texas,29.99,-94.9,4,Midnight
Highway-rail impact,2011:06:BNSF:GC0611200,0,0,72900,18000,0,0,0,AUSTIN,1:20,2011,2011,"M303,","BNSF,",1,"M3,","M,",MAIN,Texas,29.948481,-96.2524,1,Midnight
Derailments,2011:06:BNSF:KS0611116,0,0,113483,15255,55,1,0,LUBBOCK,19:45,2011,2011,"E40C,","BNSF,",1,"E4,","E,",YARD,Texas,33.442608,-101.638024,19,Evening
Side collision,2011:06:BNSF:KS0611117,0,0,0,112150,0,0,0,POTTER,2:10,2011,2011,"H306,H702,","BNSF,",7,"H3,H7,","H,",YARD,Texas,35.195489,-101.832233,2,Midnight
Other impacts,2011:06:CMC:0611001,0,0,0,146663,0,0,0,LIBERTY,1:00,2011,2011,"H602,","BNSF,CMC,",7,"H6,","H,",YARD,Texas,29.594624,-94.542484,1,Midnight
Other impacts,2011:06:TIBR:M541211,0,0,0,58500,0,0,0,HARDIN,18:45,2011,2011,"H318,","TIBR,",6,"H3,","H,",YARD,Texas,30.352505,-94.185291,18,Evening
Derailments,2011:06:TXTX:F0232011,0,0,11116,1100,0,0,0,CHAMBERS,17:30,2011,2011,"T319,","TXTX,",7,"T3,","T,",INDUSTRY,Texas,29.695006,-94.892,17,Evening
Derailments,2011:06:UP:0611HO001,0,0,2332,15000,0,0,0,NUECES,18:15,2011,2011,"E4BC,H599,","CCPN,UP,",7,"E4,H5,","E,H,",YARD,Texas,27.881934,-97.622626,18,Evening
Derailments,2011:06:UP:0611HO002,0,0,3292,6448,0,0,0,HARRIS,21:50,2011,2011,"M404,","UP,",7,"M4,","M,",YARD,Texas,29.791867,-95.306094,21,Evening
Other impacts,2011:06:UP:0611HO005,0,0,1770,17789,2,0,0,HARRIS,17:30,2011,2011,"M411,","UP,",76,"M4,","M,",YARD,Texas,29.820789,-95.288351,17,Evening
Derailments,2011:06:UP:0611HO006,0,0,29398,8174,1,1,0,HARRIS,21:00,2011,2011,"T212,","UP,",7,"T2,","T,",YARD,Texas,29.797797,-95.292138,21,Evening
Derailments,2011:06:XPCP:INDUSTRY,0,0,0,25000,0,0,0,NUECES,24:30:00,2011,2011,"T319,","CCPN,",1,"T3,","T,",INDUSTRY,Texas,27.822982,-97.272395,24,Midnight
Derailments,1980:05:SP:F7500,0,0,100,17600,0,0,0,JEFFERSON,4:40,1980,1980,"T101,","SP,",7,"T1,","T,",YARD,Texas,31.827233,-99.423022,4,Midnight
Derailments,2011:07:BNSF:GC0711100,0,0,219971,366550,0,0,0,GALVESTON,1:00,2011,2011,"T315,","BNSF,",1,"T3,","T,",MAIN,Texas,29.347477,-95.017712,1,Midnight
Obstruction impact,2011:07:BNSF:KS0711121,0,0,0,21719,0,0,0,LIPSCOMB,3:30,2011,2011,"M402,","BNSF,",1,"M4,","M,",MAIN,Texas,36.133698,-99.980519,3,Midnight
Derailments,2011:07:BNSF:KS0711125,0,0,250,16421,0,0,0,POTTER,2:30,2011,2011,"H017,","BNSF,",8,"H0,","H,",YARD,Texas,35.195189,-101.829151,2,Midnight
Derailments,2011:07:FWWR:11072101,0,0,8300,25535,0,0,0,ERATH,21:00,2011,2011,"T199,","FWWR,",1,"T1,","T,",MAIN,Texas,32.309487,-98.149216,21,Evening
Highway-rail impact,2011:07:KCS:11072804,0,0,10107,7580,0,0,0,ORANGE,17:52,2011,2011,"M304,","KCS,UP,",1,"M3,","M,",MAIN,Texas,30.10344,-94.05218,17,Evening
Derailments,2011:07:MMZ:INDUSTRY,0,0,15673,35600,0,0,0,BEXAR,2:24,2011,2011,"T221,T110,","AGCR,UP,",11,"T2,T1,","T,",INDUSTRY,Texas,29.5945,-98.5884,2,Midnight
Derailments,2011:07:UP:0711FW004,0,0,328121,1246273,6,0,0,WOOD,3:30,2011,2011,"T221,","UP,",1,"T2,","T,",MAIN,Texas,32.633347,-95.369345,3,Midnight
Other impacts,2011:07:UP:0711HO032,0,0,2416,18040,4,2,0,HARRIS,2:10,2011,2011,"M411,","UP,",75,"M4,","M,",YARD,Texas,29.794897,-95.297772,2,Midnight
Derailments,2011:07:XKNR:INDUSTRY,0,0,780,31152,0,0,0,ROBERTSON,18:32,2011,2011,"T402,","UP,",7,"T4,","T,",INDUSTRY,Texas,30.889578,-96.673754,18,Evening
Other impacts,2011:08:BNSF:TX0811105,0,0,0,12126,0,0,0,TARRANT,23:55,2011,2011,"H307,","BNSF,",7,"H3,","H,",INDUSTRY,Texas,32.836394,-97.3421,23,Evening
Derailments,2011:08:CMC:0811003,0,0,10680,3000,0,0,0,LIBERTY,18:45,2011,2011,"T199,","BNSF,CMC,",7,"T1,","T,",YARD,Texas,30.039591,-94.898691,18,Evening
Raking collision,2011:08:TIBR:M541611,0,0,0,22500,0,0,0,HARDIN,20:30,2011,2011,"H307,","TIBR,",8,"H3,","H,",YARD,Texas,30.352105,-94.18483,20,Evening
Highway-rail impact,2011:08:TXGN:G10824V,0,0,0,22895,0,0,0,GONZALES,21:00,2011,2011,"M402,","TXGN,",7,"M4,","M,",YARD,Texas,29.606,-97.464,21,Evening
Derailments,2011:08:UP:0811FW005,0,0,154909,131332,2,2,0,TARRANT,4:45,2011,2011,"M405,","UP,",7,"M4,","M,",YARD,Texas,32.732365,-97.359603,4,Midnight
Derailments,2011:08:UP:0811FW007,0,0,6846,13000,7,0,0,DALLAS,24:15:00,2011,2011,"T109,","BNSF,UP,",1,"T1,","T,",YARD,Texas,32.780392,-96.779381,24,Midnight
Raking collision,2011:08:UP:0811FW015,0,0,3075,12894,0,0,0,JOHNSON,22:30,2011,2011,"E04C,","UP,",75,"E0,","E,",MAIN,Texas,32.395357,-97.215407,22,Evening
Derailments,2011:08:UP:0811FW026,0,0,9002,712,0,0,0,TARRANT,3:40,2011,2011,"T223,","UP,",7,"T2,","T,",YARD,Texas,32.746713,-97.07924,3,Midnight
Derailments,2011:08:UP:0811HO015,0,0,1116,11504,1,0,0,HARRIS,2:30,2011,2011,"T319,","UP,",7,"T3,","T,",YARD,Texas,29.810324,-95.288833,2,Midnight
Derailments,2011:08:UP:0811SA001,0,0,28180,15130,0,0,0,KINNEY,20:00,2011,2011,"T108,","UP,",1,"T1,","T,",MAIN,Texas,29.287503,-100.597648,20,Evening
Derailments,2011:08:UP:0811SA018,0,0,177208,705782,0,0,0,FAYETTE,18:00,2011,2011,"T109,","UP,",1,"T1,","T,",MAIN,Texas,29.955091,-97.041348,18,Evening
Derailments,2011:08:WTLC:WTLC080911,0,0,16750,40000,0,0,0,TERRY,17:50,2011,2011,"T221,","WTLC,",1,"T2,","T,",MAIN,Texas,23.456,-123.456,17,Evening
Derailments,2011:09:BNSF:GC0911103,0,0,62500,7100,96,8,2,GALVESTON,20:00,2011,2011,"T110,","BNSF,",1,"T1,","T,",YARD,Texas,29.331448,-94.971438,20,Evening
Other impacts,2011:09:BNSF:GC0911104,0,0,12517,14184,0,0,0,BELL,20:00,2011,2011,"H020,","BNSF,",67,"H0,","H,",YARD,Texas,31.093688,-97.342501,20,Evening
Derailments,2011:09:BNSF:GC0911111,0,0,28000,17000,30,0,0,FORT BEND,19:38,2011,2011,"T102,","BNSF,",1,"T1,","T,",MAIN,Texas,29.560642,-95.813129,19,Evening
Derailments,2011:09:KCS:11091504,0,0,20875,13356,0,0,0,BOWIE,24:40:00,2011,2011,"T314,","KCS,UP,",7,"T3,","T,",MAIN,Texas,33.421022,-94.05247,24,Midnight
Derailments,2011:09:PTRA:2011000057,0,0,10000,150000,108,0,0,HARRIS,24:20:00,2011,2011,"M405,","PTRA,",1,"M4,","M,",YARD,Texas,29.7375,-95.291667,24,Midnight
Derailments,2011:09:UP:0911FW003,0,0,179699,10152,6,0,0,ELLIS,22:00,2011,2011,"H607,","UP,",7,"H6,","H,",YARD,Texas,32.273794,-96.521386,22,Evening
Highway-rail impact,2011:09:UP:0911FW015,0,0,40670,0,20,0,0,KAUFMAN,18:07,2011,2011,"M304,M308,","UP,",1,"M3,","M,",MAIN,Texas,32.740977,-96.447384,18,Evening
Side collision,2011:09:UP:0911FW023,0,0,38,53575,1,1,0,TARRANT,21:20,2011,2011,"H602,","UP,",76,"H6,","H,",YARD,Texas,32.718123,-97.389063,21,Evening
Derailments,2011:09:UP:0911FW032,0,0,10604,3535,0,0,0,TARRANT,21:15,2011,2011,"H306,","UP,",7,"H3,","H,",YARD,Texas,32.717515,-97.324699,21,Evening
Derailments,2011:09:UP:0911HO014,0,0,17146,8281,9,0,0,HARRIS,22:55,2011,2011,"T217,","UP,",7,"T2,","T,",YARD,Texas,29.690931,-95.050496,22,Evening
Derailments,2011:09:UP:0911HO021,0,0,18533,58361,0,0,0,HARRIS,2:48,2011,2011,"T108,","UP,",7,"T1,","T,",YARD,Texas,30.068904,-95.414413,2,Midnight
Derailments,2011:09:UP:0911HO030,0,0,1440,28015,1,1,0,HARRIS,4:00,2011,2011,"T110,","UP,",7,"T1,","T,",YARD,Texas,29.802556,-95.288622,4,Midnight
Other impacts,2011:10:BNSF:GC1011100,0,0,6410,59895,0,0,0,BELL,18:30,2011,2012,"H306,","BNSF,",7,"H3,","H,",YARD,Texas,31.1,-97.35,18,Evening
Derailments,2011:10:BNSF:GC1011102,0,0,63700,18000,0,0,0,FORT BEND,18:35,2011,2012,"E4TC,","BNSF,",1,"E4,","E,",MAIN,Texas,29.497462,-95.58984,18,Evening
Derailments,2011:10:BNSF:GC1011105,0,0,103000,95000,38,1,0,BURLESON,20:30,2011,2012,"E67C,","BNSF,",1,"E6,","E,",MAIN,Texas,30.520182,-96.684848,20,Evening
Fire/violent rupture,2011:10:TRE:2011006,0,0,0,25000,0,0,0,TARRANT,17:19,2011,2012,"E71L,","TRE,",NA,"E7,","E,",MAIN,Texas,32.816132,-97.008075,17,Evening
Rear end collision,2011:10:UP:1011FW001,0,1,150406,432840,0,0,0,TARRANT,21:35,2011,2012,"H221,","UP,",1,"H2,","H,",MAIN,Texas,32.731453,-97.173418,21,Evening
Side collision,2011:10:UP:1011FW015,0,0,0,22917,0,0,0,TARRANT,1:45,2011,2012,"H302,","UP,",87,"H3,","H,",YARD,Texas,32.711427,-97.408185,1,Midnight
Derailments,2011:10:UP:1011SA016,0,0,143694,14203,0,0,0,WEBB,19:00,2011,2012,"M503,","UP,",1,"M5,","M,",YARD,Texas,27.514561,-99.517077,19,Evening
Raking collision,2011:10:UP:1011SA020,0,0,7353,160545,0,0,0,BEXAR,22:45,2011,2012,"H699,","UP,",17,"H6,","H,",YARD,Texas,29.408486,-98.513517,22,Evening
Derailments,2011:11:BNSF:GC1111119,0,0,6000,5500,0,0,0,BRAZORIA,3:45,2011,2012,"H307,H702,","BNSF,",7,"H3,H7,","H,",YARD,Texas,29.631454,-95.307581,3,Midnight
Derailments,2011:11:BNSF:KS1111111,0,0,34850,40670,0,0,0,POTTER,4:45,2011,2012,"H099,","BNSF,",7,"H0,","H,",YARD,Texas,35.181675,-101.835992,4,Midnight
Highway-rail impact,2011:11:DCTA:DCTA11005,0,0,0,20258,0,0,0,DENTON,17:53,2011,2012,"M303,","DCTA,",NA,"M3,","M,",MAIN,Texas,33.1226,-97.032505,17,Evening
Derailments,2011:11:FWWR:11110101,0,0,4840,4800,0,0,0,TARRANT,23:15,2011,2012,"T110,","FWWR,",7,"T1,","T,",INDUSTRY,Texas,32.641792,-97.317062,23,Evening
Highway-rail impact,2011:11:UP:1111FW005,0,0,16192,20673,2,0,0,DENTON,20:15,2011,2012,"M303,","UP,",1,"M3,","M,",MAIN,Texas,32.992983,-97.234336,20,Evening
Derailments,2011:11:UP:1111HO002,0,0,3656,16150,1,1,0,HARRIS,19:30,2011,2012,"T111,","UP,",7,"T1,","T,",YARD,Texas,29.823931,-95.231208,19,Evening
Derailments,2011:11:UP:1111LV006,0,0,2036,29000,0,0,0,JEFFERSON,17:45,2011,2012,"T102,","BNSF,UP,",1,"T1,","T,",MAIN,Texas,30.076086,-94.108019,17,Evening
Highway-rail impact,2011:11:UP:1111SA006,0,0,1572,58007,0,0,0,LA SALLE,18:37,2011,2012,"M302,","UP,",1,"M3,","M,",MAIN,Texas,28.046292,-99.353666,18,Evening
Derailments,2011:11:UP:1111SA008,0,0,21378,3654,0,0,0,WILLIAMSON,4:40,2011,2012,"E60C,","BNSF,UP,",1,"E6,","E,",MAIN,Texas,30.57,-97.41,4,Midnight
Other impacts,2011:12:FWWR:11120701,0,0,0,155774,0,0,0,HOOD,20:00,2011,2012,"H601,","FWWR,",7,"H6,","H,",YARD,Texas,32.535254,-97.622,20,Evening
Derailments,2011:12:KCS:11121501,0,0,133,40000,0,0,0,DALLAS,23:35,2011,2012,"H303,","KCS,",8,"H3,","H,",YARD,Texas,32.856636,-96.675665,23,Evening
Derailments,2011:12:KCS:11121902,0,0,56021,10500,1,1,0,DALLAS,22:50,2011,2012,"T310,","KCS,",1,"T3,","T,",YARD,Texas,32.858448,-96.673521,22,Evening
Derailments,2011:12:PMSW:D01,0,0,50000,4000,0,0,0,LUBBOCK,3:30,2011,2012,"T221,","PMSW,",7,"T2,","T,",INDUSTRY,Texas,33.566917,-101.824084,3,Midnight
Derailments,2011:12:UP:1211HO020,0,0,3482,6638,0,0,0,HARRIS,22:15,2011,2012,"T102,","UP,",7,"T1,","T,",INDUSTRY,Texas,30.012972,-95.400113,22,Evening
Derailments,2011:12:UP:1211LV010,0,0,4416,27929,0,0,0,JEFFERSON,4:45,2011,2012,"T299,","UP,",7,"T2,","T,",YARD,Texas,30.072668,-94.154163,4,Midnight
Derailments,2011:12:ZKDM:INDUSTRY,0,0,500,22462,0,0,0,HARRIS,4:20,2011,2012,"M501,","UP,",67,"M5,","M,",INDUSTRY,Texas,29.730254,-95.242092,4,Midnight
Derailments,2012:01:GVSR:GVS194412,0,0,11300,1500,0,0,0,GALVESTON,24:20:00,2012,2012,"T108,T101,","GVSR,",1,"T1,","T,",YARD,Texas,29.303889,-94.7875,24,Midnight
Derailments,2012:01:TIBR:D540212,0,0,12400,189000,0,0,0,JASPER,22:15,2012,2012,"T299,","TIBR,",1,"T2,","T,",MAIN,Texas,30.705697,-93.774769,22,Evening
Derailments,2012:01:TNMR:TN01212012,0,0,22859,57512,0,0,0,TERRY,4:20,2012,2012,"S013,","TNMR,",1,"S0,","S,",INDUSTRY,Texas,31.629,-102.97,4,Midnight
Other events,2012:01:UP:0112FW017,0,0,13441,0,0,0,0,DALLAS,23:15,2012,2012,"H607,","UP,",4,"H6,","H,",SIDING,Texas,32.776391,-96.733497,23,Evening
Derailments,2012:01:UP:0112FW027,0,0,371445,123789,0,0,0,TARRANT,4:25,2012,2012,"T110,","UP,",7,"T1,","T,",YARD,Texas,32.737469,-97.349621,4,Midnight
Highway-rail impact,2012:01:UP:0112HO032,0,0,15000,0,0,0,0,BRAZOS,24:30:00,2012,2012,"M302,","UP,",1,"M3,","M,",MAIN,Texas,30.595141,-96.333646,24,Midnight
Derailments,2012:01:UP:0112LV008,0,0,5440,9023,0,0,0,JEFFERSON,19:20,2012,2012,"T110,","UP,",7,"T1,","T,",YARD,Texas,30.072154,-94.157384,19,Evening
Raking collision,2012:01:UP:0112SA009,0,0,99,12869,0,0,0,BEXAR,18:45,2012,2012,"H306,","UP,",7,"H3,","H,",YARD,Texas,29.435763,-98.454862,18,Evening
Highway-rail impact,2012:01:UP:0112SA011,0,0,0,11229,0,0,0,BEXAR,2:35,2012,2012,"M308,","UP,",1,"M3,","M,",MAIN,Texas,29.408111,-98.513514,2,Midnight
Derailments,2012:02:BNSF:GC0212106,0,0,8323,22100,73,6,0,GALVESTON,19:00,2012,2012,"T110,","BNSF,",7,"T1,","T,",YARD,Texas,29.294277,-94.840435,19,Evening
Derailments,2012:02:BNSF:GC0212115,0,0,26050,3655,9,0,0,BURLESON,22:50,2012,2012,"H019,","BNSF,",7,"H0,","H,",YARD,Texas,30.347163,-96.528373,22,Evening
Derailments,2012:02:BNSF:GC0212117,0,0,34320,15140,3,2,0,GALVESTON,2:00,2012,2012,"E46C,","BNSF,",7,"E4,","E,",YARD,Texas,29.296221,-94.832127,2,Midnight
Derailments,2012:02:BNSF:GC0212128,0,0,418983,11500,12,0,0,FREESTONE,22:00,2012,2012,"E34C,","BNSF,",1,"E3,","E,",MAIN,Texas,31.528237,-96.24117,22,Evening
Derailments,2012:02:KCS:12022102,0,0,0,59876,2,1,0,DALLAS,19:40,2012,2012,"H021,","KCS,",75,"H0,","H,",INDUSTRY,Texas,32.847816,-96.681931,19,Evening
Highway-rail impact,2012:02:UP:0212FW012,0,0,19791,25232,0,0,0,MARTIN,20:15,2012,2012,"M302,","UP,",1,"M3,","M,",MAIN,Texas,32.124381,-101.801205,20,Evening
Derailments,2012:02:UP:0212FW014,0,0,260056,123695,12,0,0,TARRANT,24:50:00,2012,2012,"E00C,","UP,",1,"E0,","E,",MAIN,Texas,32.736992,-97.100023,24,Midnight
Derailments,2012:02:UP:0212FW018,0,0,81100,4606,0,0,0,TARRANT,1:15,2012,2012,"H702,H704,","UP,",7,"H7,","H,",YARD,Texas,32.742917,-97.067503,1,Midnight
Other impacts,2012:02:UP:0212HO016,0,0,2375,18226,3,3,0,HARRIS,20:48,2012,2012,"M411,","UP,",75,"M4,","M,",YARD,Texas,29.807715,-95.292209,20,Evening
Raking collision,2012:02:UP:0212HO019,0,0,0,20899,7,3,0,COLORADO,18:30,2012,2012,"H018,","UP,",57,"H0,","H,",YARD,Texas,29.597312,-96.342059,18,Evening
Other impacts,2012:02:UP:0212HO032,0,0,0,9817,0,0,0,HARRIS,17:00,2012,2012,"M411,","UP,",76,"M4,","M,",YARD,Texas,29.795229,-95.295268,17,Evening
Derailments,2012:02:UP:0212LK008,0,0,0,51985,0,0,0,GREGG,22:35,2012,2012,"M404,","UP,",8,"M4,","M,",YARD,Texas,32.495564,-94.722343,22,Evening
Derailments,2012:02:UP:0212SA017,0,0,41896,67239,0,0,0,BEXAR,2:45,2012,2012,"H519,","UP,",1,"H5,","H,",MAIN,Texas,29.408111,-98.513514,2,Midnight
Derailments,2012:03:BNSF:GC0312114,0,0,12500,44600,1,1,0,FREESTONE,17:50,2012,2012,"M409,","BNSF,",1,"M4,","M,",YARD,Texas,31.645405,-96.294587,17,Evening
Derailments,2012:03:KCS:12031206,0,0,6380,8700,0,0,0,JEFFERSON,24:30:00,2012,2012,"H307,H702,","KCS,",6,"H3,H7,","H,",INDUSTRY,Texas,29.898933,-93.934201,24,Midnight
Derailments,2012:03:KCS:12031901,0,0,14836,250,0,0,0,JEFFERSON,18:30,2012,2012,"M501,","KCS,",6,"M5,","M,",INDUSTRY,Texas,29.840122,-93.958538,18,Evening
Derailments,2012:03:UP:0312FW003,0,0,90907,54552,0,0,0,GRAYSON,1:20,2012,2012,"T207,","UP,",4,"T2,","T,",YARD,Texas,33.772199,-96.585375,1,Midnight
Side collision,2012:03:UP:0312FW004,0,0,285,18166,0,0,0,TARRANT,18:53,2012,2012,"M599,","UP,",7,"M5,","M,",YARD,Texas,32.717104,-97.388821,18,Evening
Derailments,2012:03:UP:0312FW013,0,0,14751,3881,1,0,0,KAUFMAN,1:20,2012,2012,"E53C,","UP,",1,"E5,","E,",MAIN,Texas,32.726637,-96.203965,1,Midnight
Derailments,2012:03:UP:0312LK031,0,0,8215,5525,0,0,0,CAMP,3:53,2012,2012,"T314,","UP,",1,"T3,","T,",MAIN,Texas,32.989394,-94.968235,3,Midnight
Highway-rail impact,2012:03:UP:0312SA015,1,0,0,9973,0,0,0,LA SALLE,24:03:00,2012,2012,"M302,","UP,",1,"M3,","M,",MAIN,Texas,28.240441,-99.296936,24,Midnight
Derailments,2012:04:BNSF:TX0412109,0,0,27000,1000,0,0,0,TARRANT,20:50,2012,2012,"T205,","BNSF,",8,"T2,","T,",YARD,Texas,32.814947,-97.323326,20,Evening
Derailments,2012:04:UP:0412HO007,0,0,9609,24067,21,2,0,HARRIS,17:00,2012,2012,"T103,","UP,",7,"T1,","T,",YARD,Texas,29.791317,-95.297754,17,Evening
Highway-rail impact,2012:04:UP:0412HO008,0,1,16000,0,0,0,0,GRIMES,18:13,2012,2012,"M308,","UP,",4,"M3,","M,",MAIN,Texas,30.297882,-96.068049,18,Evening
Derailments,2012:04:UP:0412SA002,0,0,48754,1192409,1,0,0,KINNEY,21:34,2012,2012,"M105,","UP,",1,"M1,","M,",MAIN,Texas,29.253507,-100.542568,21,Evening
Other events,2012:05:BNSF:KS0512107,0,0,0,12000,1,1,0,POTTER,2:20,2012,2012,"H601,","BNSF,",7,"H6,","H,",INDUSTRY,Texas,35.327896,-101.408405,2,Midnight
Highway-rail impact,2012:05:BNSF:KS0512201,0,0,0,27078,2,0,0,LUBBOCK,21:15,2012,2012,"M303,","BNSF,",1,"M3,","M,",MAIN,Texas,33.522449,-101.777144,21,Evening
Derailments,2012:05:GRD:12005,0,0,11834,14574,0,0,0,LA SALLE,23:00,2012,2012,"T314,","GRD,UP,",1,"T3,","T,",YARD,Texas,28.51693,-99.216144,23,Evening
Derailments,2012:05:UP:0512HO007,0,0,380,16101,0,0,0,GALVESTON,21:30,2012,2012,"T108,","GVSR,UP,",1,"T1,","T,",YARD,Texas,29.303889,-94.799167,21,Evening
Highway-rail impact,2012:05:UP:0512HO016,0,3,12732,55,0,0,0,LIBERTY,20:34,2012,2012,"M304,","UP,",1,"M3,","M,",MAIN,Texas,30.057747,-94.793882,20,Evening
Derailments,2012:05:UP:0512HO021,0,0,1227,15377,1,1,0,HARRIS,1:45,2012,2012,"T212,","UP,",75,"T2,","T,",YARD,Texas,29.792146,-95.304691,1,Midnight
Derailments,2012:05:UP:0512HO029,0,0,58984,4038,13,1,0,HARRIS,18:20,2012,2012,"T314,","UP,",1,"T3,","T,",MAIN,Texas,29.821817,-95.352659,18,Evening
Derailments,2012:05:UP:0512HO042,0,0,4664,7000,14,0,0,HARRIS,3:36,2012,2012,"T314,E40C,","BNSF,UP,",1,"T3,E4,","T,E,",YARD,Texas,29.772155,-95.384013,3,Midnight
Derailments,2012:05:UP:0512HO043,0,0,1646,13276,56,2,0,HARRIS,24:00:00,2012,2012,"T110,","UP,",1,"T1,","T,",YARD,Texas,29.709209,-95.231156,24,Midnight
Derailments,2012:05:UP:0512LK026,0,0,1358,8202,0,0,0,CAMP,23:42,2012,2012,"E41C,T102,","UP,",7,"E4,T1,","E,T,",MAIN,Texas,32.989412,-94.968243,23,Evening
Derailments,2012:05:UP:0512SA007,0,0,0,96386,0,0,0,COLORADO,17:40,2012,2012,"M102,","UP,",1,"M1,","M,",MAIN,Texas,29.701462,-96.788009,17,Evening