AccidentType,inckey,Fatalities,Injuries,TrackDamage,EquipmentDamage,HazmatCars,HazmatCarsDerailed,HazmatCarsReleasing,County,DisplayTime,calendar,Fiscal,AccidentCause,RailroadCodes,RAILEQUIPMENT_TYPE,CauseGroup,CauseDiscipline,TYPE_OF_TRACK,StateName,latitude,longitude,hour,cat
Derailments,2012:05:UP:0512SA012,0,0,264,21930,1,0,0,WEBB,18:30,2012,2012,"M599,","UP,",1,"M5,","M,",YARD,Texas,27.674073,-99.467691,18,Evening
Highway-rail impact,2012:05:UP:0512ST009,0,1,15000,5000,0,0,0,EL PASO,24:38:00,2012,2012,"M305,M399,","ATK,UP,",2,"M3,","M,",MAIN,Texas,31.705081,-106.332088,24,Midnight
Derailments,2012:05:XMCD:INDUSTRY,0,0,9060,2777,0,0,0,HARRISON,24:24:00,2012,2012,"T110,","UP,",1,"T1,","T,",INDUSTRY,Texas,32.550582,-94.294837,24,Midnight
Derailments,2012:05:ZNRP:INDUSTRY,0,0,500,10440,0,0,0,FORT BEND,2:25,2012,2012,"T111,","BNSF,",1,"T1,","T,",INDUSTRY,Texas,29.500571,-95.597089,2,Midnight
Other impacts,2012:06:BNSF:GC0612110,0,0,0,10112,2,2,0,LIBERTY,24:00:00,2012,2012,"H318,","BNSF,",75,"H3,","H,",YARD,Texas,30.033874,-94.900933,24,Midnight
Derailments,2012:06:BNSF:KS0612113,0,0,15500,88848,0,0,0,POTTER,22:30,2012,2012,"T311,","BNSF,",7,"T3,","T,",YARD,Texas,35.202285,-101.828008,22,Evening
Derailments,2012:06:BNSF:SW0612103,0,0,150000,66904,22,0,0,EL PASO,4:30,2012,2012,"T303,","BNSF,",165,"T3,","T,",YARD,Texas,31.753984,-106.494212,4,Midnight
Derailments,2012:06:CMTY:D06052012,0,0,40000,6000,0,0,0,BURNET,17:25,2012,2012,"T109,","AWRR,CMTY,",1,"T1,","T,",MAIN,Texas,30.4504,-98.1415,17,Evening
Derailments,2012:06:CMTY:D06212012,0,0,10080,6800,0,0,0,BURNET,2:45,2012,2012,"T110,T210,","AWRR,CMTY,",1,"T1,T2,","T,",INDUSTRY,Texas,30.747294,-98.20923,2,Midnight
Derailments,2012:06:KCS:12061803,0,0,1525,64170,0,0,0,JEFFERSON,22:30,2012,2012,"T207,","KCS,",8,"T2,","T,",YARD,Texas,29.942133,-93.94966,22,Evening
Side collision,2012:06:PTRA:2012000030,0,0,5856,54902,33,0,0,HARRIS,4:25,2012,2012,"H306,","PTRA,UP,",71,"H3,","H,",YARD,Texas,29.686674,-95.036394,4,Midnight
Derailments,2012:06:UP:0612FW001,0,0,20888,0,0,0,0,WOOD,19:15,2012,2012,"T101,E4TL,","UP,",1,"T1,E4,","T,E,",MAIN,Texas,32.66171,-95.486904,19,Evening
Derailments,2012:06:UP:0612FW020,0,0,1049986,1525413,29,12,1,EASTLAND,22:30,2012,2012,"T499,","UP,",1,"T4,","T,",MAIN,Texas,32.389938,-99.024383,22,Evening
Derailments,2012:06:UP:0612FW028,0,0,8665,60451,0,0,0,TARRANT,23:45,2012,2012,"H993,","UP,",4,"H9,","H,",MAIN,Texas,32.763486,-97.323805,23,Evening
Highway-rail impact,2012:06:UP:0612FW031,1,7,3000,150000,0,0,0,TARRANT,17:01,2012,2012,"M302,M399,","ATK,UP,",2,"M3,","M,",MAIN,Texas,32.731492,-97.173004,17,Evening
Other events,2012:06:UP:0612HO002,0,0,0,13632,0,0,0,HARRIS,2:00,2012,2012,"M201,","UP,",6,"M2,","M,",YARD,Texas,29.807284,-95.291077,2,Midnight
Raking collision,2012:06:UP:0612HO010,0,0,29004,458689,3,0,0,HARRIS,4:55,2012,2012,"H018,","UP,",16,"H0,","H,",MAIN,Texas,29.796014,-95.296298,4,Midnight
Other events,2012:06:UP:0612HO016,0,0,26150,0,0,0,0,BRAZORIA,1:25,2012,2012,"H605,","UP,",1,"H6,","H,",YARD,Texas,29.158668,-95.431676,1,Midnight
Derailments,2012:06:UP:0612HO024,0,0,2896,8609,0,0,0,HARRIS,24:37:00,2012,2012,"M404,","UP,",7,"M4,","M,",YARD,Texas,30.057693,-95.396762,24,Midnight
Derailments,2012:06:UP:0612ST001,0,0,416585,164888,0,0,0,HUDSPETH,24:44:00,2012,2012,"M410,","UP,",1,"M4,","M,",MAIN,Texas,31.363896,-105.918165,24,Midnight
Derailments,2012:07:BNSF:GC0712101,0,0,303000,27612,35,4,0,JEFFERSON,22:45,2012,2012,"H506,","BNSF,",1,"H5,","H,",YARD,Texas,30.089225,-94.112545,22,Evening
Derailments,2012:07:BNSF:GC0712103,0,0,27000,23199,0,0,0,BELL,3:15,2012,2012,"T001,","BNSF,",7,"T0,","T,",YARD,Texas,31.119951,-97.348393,3,Midnight
Other events,2012:07:BNSF:GC0712110,0,0,24850,0,0,0,0,BELL,2:25,2012,2012,"H221,H307,","BNSF,",7,"H2,H3,","H,",MAIN,Texas,31.09531,-97.345347,2,Midnight
Derailments,2012:07:BNSF:TX0712100,0,0,651000,2778964,0,0,0,BELL,17:30,2012,2012,"T109,","BNSF,",1,"T1,","T,",MAIN,Texas,31.195337,-97.351451,17,Evening
Rear end collision,2012:07:BNSF:TX0712114,0,0,0,23500,0,0,0,DENTON,17:00,2012,2012,"H997,","BNSF,",9,"H9,","H,",MAIN,Texas,33.045098,-96.859712,17,Evening
Derailments,2012:07:CMTY:D07292012,0,0,30000,396598,0,0,0,TRAVIS,18:10,2012,2012,"T222,","AWRR,CMTY,",1,"T2,","T,",MAIN,Texas,30.1651,-97.392,18,Evening
Highway-rail impact,2012:07:KCS:12071802,1,0,11200,500,1,0,0,HOPKINS,19:32,2012,2012,"M302,","KCS,",1,"M3,","M,",MAIN,Texas,33.13108,-95.77939,19,Evening
Derailments,2012:07:PRSQ:INDUSTRY,0,0,10000,250,0,0,0,MEDINA,24:40:00,2012,2012,"H704,","UP,",8,"H7,","H,",INDUSTRY,Texas,29.342564,-99.329518,24,Midnight
Derailments,1975:01:MKT:AX2S,0,0,1860,475,0,0,0,BASTROP,3:08,1975,1975,"E52C,","MKT,",1,"E5,","E,",MAIN,Texas,31.827233,-99.423022,3,Midnight
Side collision,2012:07:UP:0712FW016,0,0,600,9824,0,0,0,DALLAS,1:20,2012,2012,"H301,","UP,",78,"H3,","H,",YARD,Texas,32.715778,-96.750995,1,Midnight
Highway-rail impact,2012:07:UP:0712HO006,0,1,50000,9635,0,0,0,HARRIS,19:18,2012,2012,"M304,M308,","UP,",4,"M3,","M,",MAIN,Texas,29.994807,-95.39589,19,Evening
Derailments,2012:07:UP:0712HO042,0,0,27275,11821,0,0,0,HARRIS,22:50,2012,2012,"T111,","UP,",7,"T1,","T,",YARD,Texas,29.780721,-95.328637,22,Evening
Derailments,2012:07:UP:0712LK010,0,0,7707,25895,0,0,0,CAMP,17:30,2012,2012,"E40C,T106,","UP,",1,"E4,T1,","E,T,",MAIN,Texas,32.990308,-94.968508,17,Evening
Highway-rail impact,2012:07:UP:0712SA021,0,1,16500,0,0,0,0,WEBB,24:00:00,2012,2012,"M304,","UP,",1,"M3,","M,",MAIN,Texas,27.669198,-99.469127,24,Midnight
Derailments,2012:07:UP:0712ST005,0,0,4616,10092,0,0,0,EL PASO,1:00,2012,2012,"T202,","UP,",7,"T2,","T,",YARD,Texas,31.748957,-106.48255,1,Midnight
Raking collision,2012:07:XTGS:F0242012,0,0,0,87050,0,0,0,CHAMBERS,18:13,2012,2012,"H021,H399,","XTGS,",7,"H0,H3,","H,",INDUSTRY,Texas,29.695006,-94.891963,18,Evening
Derailments,2012:08:BNSF:GC0812106,0,0,24500,54430,22,0,0,HARRIS,22:45,2012,2012,"H514,H524,","BNSF,",7,"H5,","H,",YARD,Texas,29,-95,22,Evening
Highway-rail impact,2012:08:BNSF:GC0812200,1,0,18033,12500,0,0,0,COLEMAN,19:00,2012,2012,"M303,","BNSF,",1,"M3,","M,",MAIN,Texas,31.834257,-99.426171,19,Evening
Derailments,2012:08:BNSF:KS0812108,0,0,4500,13883,8,1,0,POTTER,3:40,2012,2012,"H307,H303,","BNSF,",7,"H3,","H,",YARD,Texas,35.21075,-101.822156,3,Midnight
Derailments,2012:08:BPEQ:INDUSTRY,0,0,0,10347,20,4,0,HARRIS,20:33,2012,2012,"T217,","UP,",7,"T2,","T,",INDUSTRY,Texas,29.645107,-95.058248,20,Evening
Side collision,2012:08:KCS:12083005,0,0,1713,9000,2,2,0,JEFFERSON,4:45,2012,2012,"H020,","KCS,",76,"H0,","H,",YARD,Texas,30.075066,-94.101045,4,Midnight
Broken train collision,2012:08:PTRA:2012000039,0,0,15000,50000,4,0,0,HARRIS,20:30,2012,2012,"E30C,","PTRA,",1,"E3,","E,",YARD,Texas,29.746631,-95.225691,20,Evening
Highway-rail impact,2012:08:UP:0812FW002,0,2,330,66920,10,0,0,WARD,19:10,2012,2012,"M304,M303,","UP,",1,"M3,","M,",MAIN,Texas,31.475131,-103.330482,19,Evening
Side collision,2012:08:UP:0812FW016,0,0,0,31886,0,0,0,DALLAS,1:50,2012,2012,"H999,","UP,",7,"H9,","H,",YARD,Texas,32.723232,-96.754085,1,Midnight
Highway-rail impact,2012:08:UP:0812FW023,0,1,271694,219728,0,0,0,VAN ZANDT,1:20,2012,2012,"M303,","UP,",1,"M3,","M,",MAIN,Texas,32.707304,-96.000061,1,Midnight
Derailments,2012:08:UP:0812FW029,0,0,18993,5864,0,0,0,MCLENNAN,1:50,2012,2012,"T304,","UP,",7,"T3,","T,",YARD,Texas,31.593823,-97.092873,1,Midnight
Derailments,2012:08:UP:0812HO009,0,0,4205,103790,23,1,0,LIBERTY,18:20,2012,2012,"H503,T207,","UP,",1,"H5,T2,","H,T,",MAIN,Texas,29.921771,-94.914145,18,Evening
Derailments,2012:08:UP:0812HO017,0,0,62920,103387,0,0,0,HARRIS,23:50,2012,2012,"T308,T314,","UP,",7,"T3,","T,",YARD,Texas,29.80808,-95.29301,23,Evening
Derailments,2012:08:UP:0812LK004,0,0,320,22775,0,0,0,UPSHUR,2:05,2012,2012,"E79L,","UP,",1,"E7,","E,",MAIN,Texas,32.860121,-94.971081,2,Midnight
Highway-rail impact,2012:08:UP:0812SA005,0,0,0,18961,0,0,0,LA SALLE,24:22:00,2012,2012,"M302,M303,","UP,",1,"M3,","M,",MAIN,Texas,28.602223,-99.189668,24,Midnight
Obstruction impact,2012:08:UP:0812ST011,0,1,0,10000,0,0,0,EL PASO,19:37,2012,2012,"M404,","UP,",9,"M4,","M,",MAIN,Texas,31.420889,-106.032467,19,Evening
Derailments,2012:09:BNSF:GC0912104,0,0,26000,18319,3,1,0,BELL,19:15,2012,2012,"H018,","BNSF,",685,"H0,","H,",YARD,Texas,31.09531,-97.345347,19,Evening
Derailments,2012:09:BNSF:TX0912101,0,0,7000,10500,0,0,0,TARRANT,19:15,2012,2012,"H607,H702,","BNSF,",8,"H6,H7,","H,",INDUSTRY,Texas,32.860469,-97.3631,19,Evening
Derailments,2012:09:BSR:20121,0,0,10428,32795,0,0,0,HOWARD,3:00,2012,2012,"E0HL,","BSR,",8,"E0,","E,",YARD,Texas,32.14474,-101.31018,3,Midnight
Other impacts,2012:09:RLAX:RALX201201,0,0,0,75000,10,2,0,CHAMBERS,17:55,2012,2012,"H312,H318,","RLAX,",67,"H3,","H,",INDUSTRY,Texas,29.771821,-94.895828,17,Evening
Side collision,2012:09:UP:0912FW017,0,0,1926,36581,52,4,0,HOWARD,1:50,2012,2012,"H306,","UP,",81,"H3,","H,",YARD,Texas,32.253513,-101.481229,1,Midnight
Raking collision,2012:09:UP:0912HO008,0,0,150,18807,12,12,0,HARRIS,2:25,2012,2012,"M599,","UP,",67,"M5,","M,",YARD,Texas,29.796457,-95.28856,2,Midnight
Derailments,2012:09:UP:0912SA001,0,0,1000,12687,15,0,0,BEXAR,17:30,2012,2012,"H524,H019,","UP,",7,"H5,H0,","H,",YARD,Texas,29.436531,-98.471722,17,Evening
Derailments,2012:09:UP:0912SA004,0,0,20199,68000,0,0,0,MEDINA,17:30,2012,2012,"T201,T108,","BNSF,UP,",1,"T2,T1,","T,",SIDING,Texas,29.341996,-98.987663,17,Evening
Derailments,2012:09:UP:0912ST017,0,0,3581,8191,0,0,0,EL PASO,20:20,2012,2012,"M405,","UP,",1,"M4,","M,",YARD,Texas,31.76731,-106.482443,20,Evening
Raking collision,2012:10:BNSF:GC1012103,0,0,0,20000,2,2,0,LIBERTY,24:15:00,2012,2013,"H018,","BNSF,",765,"H0,","H,",YARD,Texas,30.04,-94.91,24,Midnight
Derailments,2012:10:BNSF:GC1012112,0,0,0,20641,0,0,0,BELL,18:20,2012,2013,"M201,","BNSF,",1,"M2,","M,",MAIN,Texas,31.02994,-97.310077,18,Evening
Derailments,2012:10:BNSF:KS1012103,0,0,16000,37730,30,3,0,POTTER,3:00,2012,2013,"E67C,","BNSF,",7,"E6,","E,",YARD,Texas,35.205088,-101.82712,3,Midnight
Derailments,2012:10:TCT:580236,0,0,5000,10000,8,3,0,GALVESTON,21:00,2012,2013,"T319,","TCT,",7,"T3,","T,",YARD,Texas,29.358632,-94.926875,21,Evening
Derailments,2012:10:UP:1012FW002,0,0,9880,23958,0,0,0,DALLAS,18:09,2012,2013,"T222,","UP,",7,"T2,","T,",YARD,Texas,32.702216,-96.742866,18,Evening
Derailments,2012:10:UP:1012HO028,0,0,12587,6828,40,1,0,HARRIS,3:30,2012,2013,"T308,E41C,","UP,",7,"T3,E4,","T,E,",YARD,Texas,29.689947,-95.047097,3,Midnight
Derailments,2012:10:UP:1012SA002,0,0,29934,32550,3,0,0,BEXAR,18:35,2012,2013,"H524,","UP,",7,"H5,","H,",YARD,Texas,29.472836,-98.385208,18,Evening
Derailments,2012:10:WTJR:OP102012WT,0,0,121925,250,0,0,0,WICHITA,23:00,2012,2013,"H702,","UP,WTJR,",8,"H7,","H,",INDUSTRY,Texas,33.925903,-98.50364,23,Evening
Derailments,2012:10:XCSW:INDUSTRY,0,0,500,15800,0,0,0,DALLAM,23:25,2012,2013,"H607,H702,","BNSF,",1,"H6,H7,","H,",INDUSTRY,Texas,36.07451,-102.536218,23,Evening
Derailments,2012:11:BNSF:GC1112109,0,0,0,11724,0,0,0,LIBERTY,4:40,2012,2013,"H307,","BNSF,",7,"H3,","H,",YARD,Texas,30.00514,-94.90734,4,Midnight
Derailments,2012:11:BNSF:GC1112118,0,0,23000,8000,4,4,0,GALVESTON,20:55,2012,2013,"H607,H702,","BNSF,",7,"H6,H7,","H,",YARD,Texas,29.294961,-94.837196,20,Evening
Derailments,2012:11:CROP:INDUSTRY,0,0,10000,725,4,3,0,SAN PATRICIO,1:00,2012,2013,"T110,","UP,",7,"T1,","T,",INDUSTRY,Texas,27.980012,-97.401692,1,Midnight
Highway-rail impact,2012:11:UP:1112FW024,0,1,0,14879,8,0,0,WARD,24:50:00,2012,2013,"M304,M308,","UP,",1,"M3,","M,",MAIN,Texas,31.502508,-103.231225,24,Midnight
Raking collision,2012:11:UP:1112HO039,0,0,33,25753,3,2,0,HARRIS,17:50,2012,2013,"S016,","UP,",76,"S0,","S,",YARD,Texas,29.796455,-95.29092,17,Evening
Derailments,2012:11:UP:1112HO047,0,0,1425,11326,0,0,0,HARRIS,24:34:00,2012,2013,"T222,","UP,",7,"T2,","T,",INDUSTRY,Texas,29.973666,-95.390555,24,Midnight
Derailments,2012:12:BNSF:GC1212103,0,0,6000,6050,0,0,0,BELL,19:30,2012,2013,"E86C,","BNSF,",7,"E8,","E,",YARD,Texas,31.098234,-97.342782,19,Evening
Derailments,2012:12:BNSF:GC1212109,0,0,36800,46700,0,0,0,PANOLA,22:00,2012,2013,"H020,","BNSF,",6,"H0,","H,",SIDING,Texas,32.1471,-94.33612,22,Evening
Derailments,2012:12:BNSF:TX1212101,0,0,125000,700377,0,0,0,BOSQUE,20:00,2012,2013,"T207,","BNSF,",1,"T2,","T,",SIDING,Texas,32.070488,-97.509675,20,Evening
Highway-rail impact,2012:12:BNSF:TX1212202,0,0,15000,500,1,0,0,MONTAGUE,18:55,2012,2013,"M303,","BNSF,",1,"M3,","M,",MAIN,Texas,33.50578,-97.798038,18,Evening
Other events,2012:12:PTRA:2012000062,0,0,20000,0,1,0,0,HARRIS,4:28,2012,2013,"H607,H702,","BNSF,PTRA,",1,"H6,H7,H6,H7,","H,",MAIN,Texas,29.716024,-95.227049,4,Midnight
Side collision,2012:12:UP:1212FW018,0,0,5640,306903,2,0,0,TARRANT,20:00,2012,2013,"H703,","UP,",7,"H7,","H,",YARD,Texas,32.723632,-97.379291,20,Evening
Derailments,2012:12:UP:1212HO028,0,0,56015,31110,69,0,0,HARRIS,17:05,2012,2013,"H503,H514,","UP,",1,"H5,","H,",MAIN,Texas,29.663726,-95.235665,17,Evening
Derailments,2012:12:UP:1212HO038,0,0,13223,15586,71,0,0,TRINITY,18:40,2012,2013,"E06C,","UP,",1,"E0,","E,",MAIN,Texas,31.069443,-95.408145,18,Evening
Derailments,2012:12:XPBE:INDUSTRY,0,0,1000,8550,0,0,0,JEFFERSON,3:55,2012,2013,"T110,","BNSF,",1,"T1,","T,",INDUSTRY,Texas,30.093887,-94.115658,3,Midnight
Derailments,2013:01:BNSF:TX0113113,0,0,13000,11100,14,0,0,TARRANT,1:31,2013,2013,"E48C,","BNSF,",1,"E4,","E,",YARD,Texas,32.827658,-97.356457,1,Midnight
Other impacts,2013:01:BNSF:TX0113118,0,0,0,27333,0,0,0,TARRANT,21:45,2013,2013,"M105,","BNSF,",76,"M1,","M,",YARD,Texas,32.979948,-97.340806,21,Evening
Side collision,2013:01:TCT:580239,0,0,0,20000,97,2,0,GALVESTON,18:20,2013,2013,"H607,","TCT,",76,"H6,","H,",YARD,Texas,29.356743,-94.927368,18,Evening
Highway-rail impact,2013:01:UP:0113FW002,0,1,15351,8200,0,0,0,MIDLAND,17:37,2013,2013,"M304,M308,","UP,",1,"M3,","M,",MAIN,Texas,32.064057,-101.941178,17,Evening
Other impacts,2013:01:UP:0113HO035,0,0,0,15166,2,1,0,HARRIS,21:45,2013,2013,"S016,","UP,",57,"S0,","S,",YARD,Texas,29.793139,-95.301639,21,Evening
Other impacts,2013:02:BNSF:GC0213108,0,0,0,110472,3,3,0,LIBERTY,22:30,2013,2013,"M105,","BNSF,",57,"M1,","M,",YARD,Texas,29.99764,-94.90728,22,Evening
Derailments,2013:02:BNSF:KS0213106,0,0,5700,16446,0,0,0,LUBBOCK,1:25,2013,2013,"H307,H702,","BNSF,",7,"H3,H7,","H,",YARD,Texas,33.581161,-101.83538,1,Midnight
Raking collision,2013:02:GCSC:ZZZZZZZZZZ,0,0,0,122953,60,3,0,LIBERTY,1:55,2013,2013,"E39C,","UP,",67,"E3,","E,",YARD,Texas,29.99809,-94.905802,1,Midnight
Derailments,2013:02:PTRA:2013000006,0,0,5820,216189,0,0,0,HARRIS,3:05,2013,2013,"H706,H702,","PTRA,UP,",8,"H7,","H,",MAIN,Texas,29.736698,-95.2636,3,Midnight
Derailments,2013:02:UP:0213FW003,0,0,37884,870,0,0,0,MCLENNAN,19:45,2013,2013,"T211,","UP,",1,"T2,","T,",YARD,Texas,31.587968,-97.095555,19,Evening
Highway-rail impact,2013:02:UP:0213HO010,0,0,81950,248,0,0,0,CHEROKEE,24:03:00,2013,2013,"M303,","UP,",1,"M3,","M,",MAIN,Texas,31.93228,-95.356984,24,Midnight
Derailments,2013:02:UP:0213HO033,0,0,1348,10713,7,2,0,HARRIS,20:45,2013,2013,"T111,","UP,",7,"T1,","T,",YARD,Texas,29.789271,-95.327,20,Evening
Highway-rail impact,2013:03:BNSF:GC0313201,0,1,397650,256311,30,3,0,MADISON,18:30,2013,2013,"M302,","BNSF,",1,"M3,","M,",MAIN,Texas,30.931958,-96.109873,18,Evening
Other impacts,2013:03:BNSF:KS0313122,0,0,0,10000,0,0,0,GRAY,24:30:00,2013,2013,"H318,H021,","BNSF,",7,"H3,H0,","H,",YARD,Texas,35.528818,-100.972707,24,Midnight
Derailments,2013:03:CMC:0313001,0,0,21000,2938,15,0,0,LIBERTY,4:00,2013,2013,"T308,","BNSF,CMC,",1,"T3,","T,",YARD,Texas,30.027869,-94.904446,4,Midnight
Derailments,2013:03:UP:0313FW008,0,0,193701,23302,2,0,0,SMITH,21:00,2013,2013,"H307,","UP,",7,"H3,","H,",YARD,Texas,32.359832,-95.289153,21,Evening
Derailments,2013:03:UP:0313SA007,0,0,2000,36044,0,0,0,BEXAR,1:45,2013,2013,"H306,","UP,",7,"H3,","H,",YARD,Texas,29.36132,-98.569665,1,Midnight
Raking collision,2013:03:WTLC:WT030213,0,0,0,10600,0,0,0,LUBBOCK,3:35,2013,2013,"H020,","WTLC,",8,"H0,","H,",YARD,Texas,33.556999,-101.964837,3,Midnight
Derailments,2013:03:XHSA:INDUSTRY,0,0,3990,15727,0,0,0,COMAL,22:45,2013,2013,"H524,H019,","UP,",1,"H5,H0,","H,",INDUSTRY,Texas,29.640282,-98.248901,22,Evening
Other impacts,2013:04:BNSF:GC0413117,0,0,0,20788,11,1,0,HARRIS,24:30:00,2013,2013,"H318,","BNSF,",76,"H3,","H,",YARD,Texas,29.706143,-95.330223,24,Midnight
Derailments,2013:04:CMTY:D04032013,0,0,130000,13000,0,0,0,TRAVIS,4:07,2013,2013,"T221,","AWRR,CMTY,",1,"T2,","T,",MAIN,Texas,30.152912,-97.425512,4,Midnight
Derailments,2013:04:DGNO:TNE367113O,0,0,110000,26461,1,1,0,BOWIE,4:30,2013,2013,"T110,","BNSF,DGNO,",1,"T1,","T,",MAIN,Texas,33.421286,-94.053194,4,Midnight
Derailments,2013:04:UP:0413FW011,0,0,118135,3945,13,0,0,DALLAS,20:15,2013,2013,"T102,","UP,",1,"T1,","T,",MAIN,Texas,32.738622,-96.759834,20,Evening
Derailments,2013:04:UP:0413FW014,0,0,974532,673029,0,0,0,TARRANT,2:20,2013,2013,"T102,","UP,",1,"T1,","T,",MAIN,Texas,32.856769,-97.360692,2,Midnight
Derailments,2013:04:UP:0413HO007,0,0,126,17157,0,0,0,HARRIS,20:59,2013,2013,"H306,H702,","UP,",8,"H3,H7,","H,",YARD,Texas,29.807765,-95.292365,20,Evening
Derailments,2013:04:UP:0413HO014,0,0,1070,126115,47,1,0,HARRIS,23:30,2013,2013,"T202,","UP,",7,"T2,","T,",YARD,Texas,29.801402,-95.283698,23,Evening
Derailments,2013:04:UP:0413HO029,0,0,6640,12355,7,0,0,HARRIS,1:55,2013,2013,"T108,","UP,",1,"T1,","T,",YARD,Texas,29.690912,-95.050439,1,Midnight
Derailments,2013:04:UP:0413LK017,0,0,32232,5104,20,0,0,GREGG,3:40,2013,2013,"T220,","UP,",7,"T2,","T,",YARD,Texas,32.496365,-94.71876,3,Midnight
Derailments,2013:04:XTXC:INDUSTRY,0,0,18440,7475,0,0,0,HARRIS,22:05,2013,2013,"T211,","UP,",1,"T2,","T,",INDUSTRY,Texas,29.786061,-95.824417,22,Evening
Derailments,2013:04:ZJXN:INDUSTRY,0,0,0,35882,40,1,0,HARRIS,19:58,2013,2013,"H306,","UP,",7,"H3,","H,",INDUSTRY,Texas,29.606909,-95.046751,19,Evening
Other impacts,2013:05:BNSF:GC0513118,0,0,0,30330,9,2,0,JEFFERSON,23:00,2013,2013,"H318,","BNSF,",75,"H3,","H,",YARD,Texas,30.102884,-94.122573,23,Evening
Other impacts,2013:05:BNSF:TX0513100,0,0,0,63279,0,0,0,TARRANT,2:30,2013,2013,"H318,","BNSF,",7,"H3,","H,",YARD,Texas,32.820988,-97.328104,2,Midnight
Derailments,2013:05:TNMR:TN050513,0,0,52429,11972,27,2,0,WARD,22:37,2013,2013,"T199,","TNMR,",1,"T1,","T,",SIDING,Texas,31.648956,-103.000948,22,Evening
Highway-rail impact,2013:05:TRE:TRE13001,1,0,0,25000,0,0,0,DALLAS,24:50:00,2013,2013,"M308,","TRE,",NA,"M3,","M,",MAIN,Texas,32.815307,-96.967845,24,Midnight
Derailments,2013:05:UP:0513HO013,0,0,11082,10435,17,2,0,VICTORIA,2:42,2013,2013,"H607,","UP,",7,"H6,","H,",YARD,Texas,28.656236,-96.879319,2,Midnight
Fire/violent rupture,2013:05:UP:0513HO042,0,0,0,64553,0,0,0,HARRIS,21:00,2013,2013,"M406,","UP,",8,"M4,","M,",YARD,Texas,29.631557,-95.040139,21,Evening
Other impacts,2013:06:BNSF:GC0613113,0,0,0,18845,2,2,0,GALVESTON,22:45,2013,2013,"H318,","BNSF,",7,"H3,","H,",YARD,Texas,29.294961,-94.837196,22,Evening
Derailments,2013:06:BNSF:KS0613104,0,0,10000,330929,9,9,0,LUBBOCK,2:00,2013,2013,"M105,","BNSF,",6,"M1,","M,",MAIN,Texas,33.442661,-101.638103,2,Midnight
Derailments,2013:06:BNSF:KS0613112,0,0,563538,687073,1,1,0,CARSON,23:49,2013,2013,"M105,","BNSF,",1,"M1,","M,",MAIN,Texas,35.333741,-101.393282,23,Evening
Derailments,2013:06:BNSF:KS0613116,0,0,0,12866,0,0,0,POTTER,24:00:00,2013,2013,"H312,H301,","BNSF,",71,"H3,","H,",YARD,Texas,35.21529,-101.82658,24,Midnight
Side collision,2013:06:BNSF:TX0613101,0,0,0,10653,0,0,0,WICHITA,24:30:00,2013,2013,"M105,","BNSF,",76,"M1,","M,",MAIN,Texas,33.949291,-98.658679,24,Midnight
Derailments,2013:06:CCPN:CCP373313,0,0,20000,14210,0,0,0,NUECES,17:15,2013,2013,"H099,","CCPN,UP,",1,"H0,","H,",INDUSTRY,Texas,27.846139,-97.522373,17,Evening
Side collision,2013:06:TIBR:M540613,0,0,0,26000,2,2,0,HARDIN,1:30,2013,2013,"H302,","TIBR,",76,"H3,","H,",INDUSTRY,Texas,30.2215,-94.1016,1,Midnight
Derailments,2013:06:UP:0613FW019,0,0,8813,5407,0,0,0,DALLAS,23:30,2013,2013,"E23C,","UP,",1,"E2,","E,",MAIN,Texas,32.771768,-96.80405,23,Evening
Derailments,2013:06:UP:0613HO010,0,0,62215,57518,0,0,0,HARRIS,21:40,2013,2013,"H306,","UP,",1,"H3,","H,",YARD,Texas,30.058111,-95.411717,21,Evening
Derailments,2013:06:UP:0613HO024,0,0,53734,16514,0,0,0,LIBERTY,2:40,2013,2013,"H607,H704,","UP,",1,"H6,H7,","H,",YARD,Texas,30.00496,-94.90428,2,Midnight
Derailments,2013:06:UP:0613HO026,0,0,14314,6146,0,0,0,MONTGOMERY,22:45,2013,2013,"E67C,","UP,",1,"E6,","E,",MAIN,Texas,30.340737,-95.457516,22,Evening
Derailments,2013:06:UP:0613HO034,0,0,448,12897,3,3,0,HARRIS,1:37,2013,2013,"E40C,","UP,",75,"E4,","E,",YARD,Texas,29.660597,-95.446453,1,Midnight
Derailments,2013:06:UP:0613HO038,0,0,16658,1200,6,6,0,GALVESTON,20:05,2013,2013,"T205,E64C,E79L,","BNSF,UP,",7,"T2,E6,E7,","T,E,",YARD,Texas,29.298372,-94.8258,20,Evening
Derailments,2013:06:UP:0613HO047,0,0,8100,2174,4,1,0,HARRIS,24:30:00,2013,2013,"H607,","UP,",1,"H6,","H,",YARD,Texas,29.675098,-95.03908,24,Midnight
Derailments,2013:06:UP:0613HO054,0,0,50944,9535,42,4,0,HARRIS,19:59,2013,2013,"T199,T108,","UP,",1,"T1,","T,",MAIN,Texas,29.739474,-95.31171,19,Evening