AccidentType,inckey,Fatalities,Injuries,TrackDamage,EquipmentDamage,HazmatCars,HazmatCarsDerailed,HazmatCarsReleasing,County,DisplayTime,calendar,Fiscal,AccidentCause,RailroadCodes,RAILEQUIPMENT_TYPE,CauseGroup,CauseDiscipline,TYPE_OF_TRACK,StateName,latitude,longitude,hour,cat
Derailments,2013:06:XTBS:INDUSTRY,0,0,250,59410,0,0,0,WISE,21:45,2013,2013,"T222,","UP,",1,"T2,","T,",INDUSTRY,Texas,33.168391,-97.850395,21,Evening
Derailments,2013:06:XTGS:F0132013,0,0,147726,72267,0,0,0,JEFFERSON,4:45,2013,2013,"T311,","UP,XTGS,",61,"T3,","T,",INDUSTRY,Texas,30.086805,-94.095963,4,Midnight
Derailments,2013:07:UP:0713FW005,0,0,36036,13811,0,0,0,MARTIN,18:40,2013,2013,"H702,","UP,",1,"H7,","H,",MAIN,Texas,32.142198,-101.753284,18,Evening
Derailments,2013:07:UP:0713FW023,0,0,6360,9252,0,0,0,TARRANT,22:15,2013,2013,"M411,","UP,",75,"M4,","M,",YARD,Texas,32.72602,-97.368947,22,Evening
Derailments,2013:07:UP:0713HO007,0,0,599,18839,0,0,0,LIBERTY,4:30,2013,2013,"T102,","BNSF,UP,",7,"T1,","T,",MAIN,Texas,29.994875,-94.906996,4,Midnight
Derailments,2013:07:UP:0713LV022,0,0,594,9571,17,0,0,ORANGE,24:00:00,2013,2013,"T217,","UP,",1,"T2,","T,",YARD,Texas,30.083419,-93.770342,24,Midnight
Derailments,2013:07:UP:0713SA020,0,0,4055,70894,0,0,0,UVALDE,2:30,2013,2013,"H704,","UP,",1,"H7,","H,",INDUSTRY,Texas,29.170756,-100.035362,2,Midnight
Derailments,2013:07:XPHY:INDUSTRY,0,0,1000,10463,0,0,0,JEFFERSON,22:00,2013,2013,"T110,","BNSF,",1,"T1,","T,",INDUSTRY,Texas,30.093887,-94.115658,22,Evening
Derailments,2013:07:ZBLU:INDUSTRY,0,0,12475,7700,0,0,0,HARRIS,17:50,2013,2013,"T110,","UP,",1,"T1,","T,",INDUSTRY,Texas,29.646775,-95.038728,17,Evening
Other events,2013:08:BNSF:GC0813120,0,0,12500,0,0,0,0,FREESTONE,17:30,2013,2013,"H522,","BNSF,",7,"H5,","H,",YARD,Texas,31.614969,-96.282148,17,Evening
Derailments,2013:08:BNSF:TX0813105,0,0,258015,1130,0,0,0,TARRANT,20:30,2013,2013,"M101,","BNSF,",7,"M1,","M,",YARD,Texas,32.820988,-97.328104,20,Evening
Derailments,2013:08:FWWR:13081801,0,0,8000,54306,0,0,0,TARRANT,3:45,2013,2013,"T212,","FWWR,",7,"T2,","T,",MAIN,Texas,32.797438,-97.337657,3,Midnight
Derailments,2013:08:KCS:13080703,0,0,20250,2388,0,0,0,DALLAS,24:45:00,2013,2013,"T402,","KCS,",7,"T4,","T,",INDUSTRY,Texas,32.933594,-96.713526,24,Midnight
Other events,2013:08:UP:0813FW006,0,0,25798,0,13,0,0,DALLAS,23:57,2013,2013,"H403,H799,","UP,",1,"H4,H7,","H,",MAIN,Texas,32.750772,-96.747443,23,Evening
Derailments,2013:08:UP:0813SA020,0,0,0,20000,0,0,0,BEXAR,20:43,2013,2013,"T102,T108,","ATK,UP,",2,"T1,","T,",INDUSTRY,Texas,29.41287,-98.505798,20,Evening
Highway-rail impact,2013:08:UP:0813SA022,0,0,60500,50,0,0,0,BEXAR,24:45:00,2013,2013,"M302,","UP,",1,"M3,","M,",MAIN,Texas,29.510284,-98.398447,24,Midnight
Derailments,2013:09:BNSF:GC0913122,0,0,0,21255,2,2,0,GALVESTON,2:00,2013,2013,"H318,","BNSF,",67,"H3,","H,",YARD,Texas,29.293292,-94.845271,2,Midnight
Rear end collision,2013:09:BNSF:KS0913107,0,6,167257,3577497,6,0,0,POTTER,4:17,2013,2013,"H222,H605,","BNSF,",1,"H2,H6,","H,",MAIN,Texas,35.256143,-101.640841,4,Midnight
Derailments,2013:09:KCS:13090103,0,0,59466,0,8,0,0,HARDIN,17:51,2013,2013,"T111,","KCS,",1,"T1,","T,",INDUSTRY,Texas,30.120927,-94.41275,17,Evening
Other impacts,2013:09:PTRA:2013000040,0,0,4150,17000,9,1,0,HARRIS,4:30,2013,2013,"H021,","PTRA,",7,"H0,","H,",YARD,Texas,29.726318,-95.191987,4,Midnight
Rear end collision,2013:09:UP:0913ES010,0,0,0,16000,0,0,0,HENDERSON,4:15,2013,2013,"H699,","UP,",NA,"H6,","H,",MAIN,Texas,32.133833,-96.214138,4,Midnight
Other impacts,2013:09:UP:0913FW004,0,0,35008,4125,0,0,0,TARRANT,24:40:00,2013,2013,"M411,","UP,",75,"M4,","M,",YARD,Texas,32.711429,-97.4082,24,Midnight
Raking collision,2013:09:UP:0913HO014,0,0,216,11855,2,2,0,HARRIS,2:30,2013,2013,"H318,","UP,",57,"H3,","H,",MAIN,Texas,29.736166,-95.251131,2,Midnight
Other impacts,2013:09:UP:0913HO018,0,0,216,11137,0,0,0,HARRIS,2:30,2013,2013,"E04C,","UP,",75,"E0,","E,",YARD,Texas,29.797052,-95.290469,2,Midnight
Other events,2013:09:UP:0913HO026,0,0,0,11676,1,1,0,HARRIS,20:00,2013,2013,"M201,","UP,",6,"M2,","M,",YARD,Texas,29.826134,-95.289069,20,Evening
Other events,2013:09:UP:0913SA001,0,0,18249,0,0,0,0,MAVERICK,20:45,2013,2013,"H607,","UP,",NA,"H6,","H,",YARD,Texas,28.70159,-100.498382,20,Evening
Highway-rail impact,2013:09:UP:0913SA005,0,0,0,10006,0,0,0,BEXAR,3:15,2013,2013,"M303,M399,","ATK,UP,",2,"M3,","M,",MAIN,Texas,29.327441,-98.719844,3,Midnight
Derailments,2013:09:UP:0913ST014,0,0,2800,22566,0,0,0,EL PASO,19:40,2013,2013,"T220,","UP,",7,"T2,","T,",YARD,Texas,31.752509,-106.387756,19,Evening
Derailments,2013:09:XBEC:INDUSTRY,0,0,0,46630,0,0,0,LIVE OAK,3:31,2013,2013,"M404,","UP,",1,"M4,","M,",INDUSTRY,Texas,28.584432,-98.213294,3,Midnight
Derailments,2013:10:BNSF:GC1013111,0,0,4500,225787,0,0,0,HARRIS,24:00:00,2013,2014,"H607,H702,","BNSF,",7,"H6,H7,","H,",YARD,Texas,29.69561,-95.32675,24,Midnight
Derailments,2013:10:PTRA:2013000053,0,0,3000,33000,0,0,0,HARRIS,18:15,2013,2014,"H018,","PTRA,",6,"H0,","H,",YARD,Texas,29.713931,-95.258519,18,Evening
Highway-rail impact,2013:10:UP:1013FW005,0,0,18662,15878,0,0,0,DENTON,18:05,2013,2014,"M303,","UP,",1,"M3,","M,",MAIN,Texas,33.126297,-97.183257,18,Evening
Rear end collision,2013:10:UP:1013FW009,0,0,0,26000,0,0,0,TARRANT,19:00,2013,2014,"H997,","UP,",NA,"H9,","H,",MAIN,Texas,32.580064,-97.325645,19,Evening
Derailments,2013:10:UP:1013FW014,0,0,250,34388,0,0,0,TARRANT,20:30,2013,2014,"H307,","UP,",8,"H3,","H,",YARD,Texas,32.727346,-97.368951,20,Evening
Derailments,2013:10:UP:1013FW015,0,0,63367,61766,0,0,0,TARRANT,18:15,2013,2014,"E70L,","UP,",1,"E7,","E,",MAIN,Texas,32.732309,-97.359709,18,Evening
Derailments,2013:10:UP:1013ST007,0,0,9450,133516,44,0,0,EL PASO,20:21,2013,2014,"H599,","UP,",1,"H5,","H,",MAIN,Texas,31.773687,-106.471855,20,Evening
Highway-rail impact,2013:11:BNSF:TX1113201,0,0,48500,200,29,0,0,WICHITA,18:40,2013,2014,"M302,","BNSF,",1,"M3,","M,",MAIN,Texas,33.940682,-98.603192,18,Evening
Side collision,2013:11:PTRA:2013000058,0,0,0,38500,30,0,0,HARRIS,21:35,2013,2014,"H607,H305,H404,","BNSF,PTRA,",11,"H6,H3,H6,H4,","H,",YARD,Texas,29.753366,-95.287846,21,Evening
Raking collision,2013:11:PTRA:2013000061,0,0,6000,20000,3,3,0,HARRIS,3:00,2013,2014,"H018,","PTRA,",6,"H0,","H,",YARD,Texas,29.713485,-95.257953,3,Midnight
Highway-rail impact,2013:11:UP:1113FW027,0,0,344,27245,5,0,0,NOLAN,19:16,2013,2014,"M303,","UP,",1,"M3,","M,",MAIN,Texas,32.515046,-100.217264,19,Evening
Side collision,2013:11:UP:1113HO007,0,0,4100,28000,0,0,0,HARRIS,23:45,2013,2014,"M507,M501,","RCXM,UP,",57,"M5,","M,",MAIN,Texas,29.7623,-95.0184,23,Evening
Derailments,2013:11:UP:1113HO010,0,0,6250,17546,0,0,0,COLORADO,22:26,2013,2014,"T099,","UP,",1,"T0,","T,",YARD,Texas,29.502224,-96.444438,22,Evening
Derailments,2013:11:UP:1113SA021,0,0,1320,13736,0,0,0,BEXAR,20:05,2013,2014,"H399,","UP,",8,"H3,","H,",YARD,Texas,29.373212,-98.559785,20,Evening
Derailments,2013:12:BNSF:GC1213100,0,0,8000,2000,0,0,0,HARRIS,19:00,2013,2014,"T110,T111,","BNSF,",7,"T1,","T,",YARD,Texas,29.724853,-95.33619,19,Evening
Derailments,2013:12:BNSF:GC1213110,0,0,8500,6200,0,0,0,HARRIS,3:45,2013,2014,"E64C,","BNSF,",7,"E6,","E,",YARD,Texas,29.913293,-95.508591,3,Midnight
Derailments,2013:12:BNSF:GC1213119,0,0,140000,4200,1,1,0,FREESTONE,2:50,2013,2014,"H607,H702,","BNSF,",7,"H6,H7,","H,",YARD,Texas,31.375,-96.1652,2,Midnight
Side collision,2013:12:BNSF:KS1213122,0,0,10100,119590,0,0,0,POTTER,19:30,2013,2014,"H601,","BNSF,",7,"H6,","H,",YARD,Texas,35.194142,-101.831511,19,Evening
Derailments,2013:12:KCS:13121101,0,0,29792,0,0,0,0,DALLAS,18:15,2013,2014,"T110,","KCS,",8,"T1,","T,",YARD,Texas,32.856188,-96.732837,18,Evening
Derailments,2013:12:TXNW:W21204D,0,0,0,10000,1,1,0,MOORE,18:45,2013,2014,"H307,","TXNW,",7,"H3,","H,",YARD,Texas,36.016702,-101.824616,18,Evening
Derailments,2013:12:UP:1213ES001,0,2,0,70000,0,0,0,FRIO,19:00,2013,2014,"H993,","UP,",NA,"H9,","H,",MAIN,Texas,29.080577,-98.967611,19,Evening
Derailments,2013:12:UP:1213FW023,0,0,1910,13793,0,0,0,TARRANT,3:00,2013,2014,"T202,","UP,",7,"T2,","T,",YARD,Texas,32.726867,-97.373463,3,Midnight
Derailments,2013:12:UP:1213FW029,0,0,4000,6247,0,0,0,DALLAS,20:00,2013,2014,"T311,","UP,",8,"T3,","T,",YARD,Texas,32.708686,-96.746693,20,Evening
Derailments,2013:12:UP:1213HO013,0,0,9506,14219,9,0,0,HARRIS,2:45,2013,2014,"S102,","UP,",7,"S1,","S,",YARD,Texas,29.803403,-95.300398,2,Midnight
Derailments,2014:01:BNSF:GC0114110,0,0,140000,170646,0,0,0,HARRIS,22:15,2014,2014,"T205,T001,","BNSF,",7,"T2,T0,","T,",YARD,Texas,29.613286,-95.302141,22,Evening
Derailments,2014:01:CMC:0114001,0,0,1663,12146,0,0,0,LIBERTY,1:45,2014,2014,"H306,","BNSF,CMC,",7,"H3,","H,",YARD,Texas,30.399,-94.89828,1,Midnight
Side collision,2014:01:PTRA:2014000001,0,0,5000,75000,80,4,0,HARRIS,1:30,2014,2014,"H702,H318,","PTRA,",16,"H7,H3,H7,H3,","H,",YARD,Texas,29.713088,-95.25629,1,Midnight
Highway-rail impact,2014:01:UP:0114FW007,0,0,11500,0,1,0,0,MIDLAND,17:21,2014,2014,"M304,","UP,",1,"M3,","M,",MAIN,Texas,31.94462,-102.172947,17,Evening
Obstruction impact,2014:01:UP:0114FW008,0,0,0,19187,4,0,0,ECTOR,21:22,2014,2014,"M402,","UP,",1,"M4,","M,",MAIN,Texas,31.874748,-102.308156,21,Evening
Derailments,2014:01:UP:0114FW017,0,0,13748,3416,2,0,0,HOWARD,3:17,2014,2014,"T314,E64C,","UP,",7,"T3,E6,","T,E,",YARD,Texas,32.251333,-101.486524,3,Midnight
Derailments,2014:01:UP:0114SA012,0,0,87016,11656,1,0,0,FRIO,18:00,2014,2014,"E53C,","UP,",1,"E5,","E,",MAIN,Texas,28.680084,-99.166231,18,Evening
Derailments,2014:01:XCAP:INDUSTRY,0,0,8718,126714,0,0,0,BEXAR,4:00,2014,2014,"T314,T319,","UP,",1,"T3,","T,",INDUSTRY,Texas,29.549917,-98.431109,4,Midnight
Derailments,2014:01:XSTD:INDUSTRY,0,0,27572,22892,0,0,0,BURLESON,3:30,2014,2014,"T202,","UP,",1,"T2,","T,",INDUSTRY,Texas,30.506256,-96.702552,3,Midnight
Derailments,2014:02:BNSF:GC0214101,0,0,82340,5624,1,1,0,JEFFERSON,24:00:00,2014,2014,"T110,","BNSF,",1,"T1,","T,",YARD,Texas,30.093887,-94.115658,24,Midnight
Derailments,2014:02:BNSF:TX0214104,0,0,15300,200,0,0,0,TARRANT,22:27,2014,2014,"H306,","BNSF,",7,"H3,","H,",INDUSTRY,Texas,32.837131,-97.342678,22,Evening
Derailments,2014:02:TXGN:G140226,0,0,1000,198947,2,2,0,GONZALES,2:40,2014,2014,"H020,","TXGN,",7,"H0,","H,",YARD,Texas,29.665786,-97.505272,2,Midnight
Derailments,2014:02:TXIQ:INDUSTRY,0,0,13780,6840,0,0,0,HARRIS,18:00,2014,2014,"H306,","UP,",1,"H3,","H,",INDUSTRY,Texas,29.786019,-95.817695,18,Evening
Derailments,2014:02:UP:0214FW016,0,0,29830,1040,0,0,0,TARRANT,17:30,2014,2014,"T110,","UP,",7,"T1,","T,",YARD,Texas,32.712763,-97.402519,17,Evening
Derailments,2014:02:UP:0214HO028,0,0,13846,11015,0,0,0,GREGG,18:37,2014,2014,"T314,","UP,",1,"T3,","T,",MAIN,Texas,32.400683,-94.856592,18,Evening
Highway-rail impact,2014:02:UP:0214SA003,0,0,60500,756,0,0,0,BEXAR,2:03,2014,2014,"M302,","UP,",1,"M3,","M,",MAIN,Texas,29.4045,-98.479252,2,Midnight
Derailments,2014:02:UP:0214SA011,0,0,661841,3752433,0,0,0,BEXAR,1:12,2014,2014,"T207,","UP,",1,"T2,","T,",MAIN,Texas,29.31036,-98.515228,1,Midnight
Raking collision,2014:03:BNSF:GC0314104,0,0,52000,17393,0,0,0,BELL,17:01,2014,2014,"S011,","BNSF,",1,"S0,","S,",YARD,Texas,31.09531,-97.345347,17,Evening
Side collision,2014:03:UP:0314FW003,0,0,250,10765,0,0,0,TARRANT,1:45,2014,2014,"M407,","UP,",75,"M4,","M,",YARD,Texas,32.718231,-97.389156,1,Midnight
Fire/violent rupture,2014:03:UP:0314FW030,0,0,0,50000,0,0,0,NAVARRO,22:24,2014,2014,"E72L,","UP,",1,"E7,","E,",MAIN,Texas,32.132381,-96.224059,22,Evening
Derailments,2014:03:UP:0314HO031,0,0,15969,25000,63,3,0,GALVESTON,19:04,2014,2014,"H704,","TCT,UP,",7,"H7,","H,",YARD,Texas,29.348587,-94.94155,19,Evening
Derailments,2014:04:BNSF:GC0414103,0,0,1300,25000,0,0,0,ELLIS,17:00,2014,2014,"H601,","BNSF,",4,"H6,","H,",SIDING,Texas,32.267693,-96.696741,17,Evening
Other impacts,2014:04:BNSF:GC0414109,0,0,0,67324,1,1,0,JEFFERSON,20:00,2014,2014,"H318,","BNSF,",7,"H3,","H,",YARD,Texas,30.09518,-94.11,20,Evening
Derailments,2014:04:BNSF:PR0414107,0,0,500,49504,0,0,0,POTTER,3:50,2014,2014,"H306,H702,","BNSF,UP,",7,"H3,H7,H3,","H,",YARD,Texas,35.213142,-101.834155,3,Midnight
Derailments,1975:01:KCS:304705,0,0,225,6200,0,0,0,JEFFERSON,21:30,1975,1975,"T110,","KCS,",7,"T1,","T,",YARD,Texas,31.827233,-99.423022,21,Evening
Derailments,2014:04:BNSF:TX0414108,0,0,750,18686,0,0,0,TARRANT,4:50,2014,2014,"H312,","BNSF,",6,"H3,","H,",YARD,Texas,33.001969,-97.354832,4,Midnight
Raking collision,2014:04:PTRA:2014000016,0,0,500,95000,2,0,0,HARRIS,18:30,2014,2014,"H302,","PTRA,",1,"H3,","H,",YARD,Texas,29.716443,-95.265964,18,Evening
Rear end collision,2014:04:UP:0414FW006,0,2,6243,2295261,0,0,0,LIMESTONE,21:30,2014,2014,"H605,","UP,",1,"H6,","H,",MAIN,Texas,31.280408,-96.636898,21,Evening
Derailments,2014:04:UP:0414HO005,0,0,29486,139,0,0,0,HARRIS,2:55,2014,2014,"S006,","UP,",7,"S0,","S,",YARD,Texas,29.690912,-95.050439,2,Midnight
Derailments,2014:04:UP:0414HO008,0,0,71766,2214,23,1,0,KENEDY,1:31,2014,2014,"E53C,","UP,",1,"E5,","E,",MAIN,Texas,26.844484,-97.784465,1,Midnight
Fire/violent rupture,2014:04:UP:0414HO019,0,0,0,18116,0,0,0,HARRIS,23:10,2014,2014,"E73L,","UP,",1,"E7,","E,",MAIN,Texas,29.990712,-95.394866,23,Evening
Fire/violent rupture,2014:04:UP:0414HO036,0,0,0,27091,0,0,0,GRIMES,2:43,2014,2014,"E99L,","UP,",4,"E9,","E,",MAIN,Texas,30.352141,-96.010505,2,Midnight
Highway-rail impact,2014:04:UP:0414HO040,0,0,100132,137,0,0,0,HARRIS,17:03,2014,2014,"M304,","UP,",1,"M3,","M,",MAIN,Texas,29.927921,-95.044718,17,Evening
Other events,2014:04:UP:0414HO044,0,0,42635,0,0,0,0,REFUGIO,20:48,2014,2014,"H706,","UP,",1,"H7,","H,",SIDING,Texas,28.239867,-97.331316,20,Evening
Other events,2014:04:UP:0414SA015,0,0,18215,0,0,0,0,BEXAR,21:15,2014,2014,"H307,","UP,",1,"H3,","H,",MAIN,Texas,29.393264,-98.539231,21,Evening
Derailments,2014:04:XMMM:INDUSTRY,0,0,250,28760,0,0,0,FORT BEND,23:00,2014,2014,"T402,","UP,",1,"T4,","T,",INDUSTRY,Texas,29.558854,-95.828309,23,Evening
Other impacts,2014:05:BNSF:KS0514101,0,0,0,10700,2,2,0,LUBBOCK,1:20,2014,2014,"H318,","BNSF,",7,"H3,","H,",YARD,Texas,33.442661,-101.638103,1,Midnight
Derailments,2014:05:BNSF:TX0514105,0,0,2250000,242748,0,0,0,COOKE,20:30,2014,2014,"T099,","BNSF,",1,"T0,","T,",MAIN,Texas,33.599738,-97.139992,20,Evening
Derailments,2014:05:CMEX:INDUSTRY,0,0,10371,17071,0,0,0,HARRIS,21:30,2014,2014,"T110,","UP,",1,"T1,","T,",INDUSTRY,Texas,30.09494,-95.496683,21,Evening
Derailments,2014:05:GVSR:GVS549514,0,0,30013,20000,0,0,0,GALVESTON,20:45,2014,2014,"E46C,","GVSR,",1,"E4,","E,",YARD,Texas,29.304053,-94.810223,20,Evening
Derailments,2014:05:UP:0514HO004,0,0,4025,8075,0,0,0,HARRIS,2:40,2014,2014,"T314,","UP,",8,"T3,","T,",YARD,Texas,29.788912,-95.304676,2,Midnight
Derailments,2014:05:UP:0514KC025,0,0,0,12121,0,0,0,DALLAM,17:30,2014,2014,"E27C,","UP,",1,"E2,","E,",YARD,Texas,36.088659,-102.484785,17,Evening
Derailments,2014:05:UP:0514SA001,0,1,55709,1000,0,0,0,BEXAR,3:00,2014,2014,"M501,M506,","BNSF,UP,",8,"M5,","M,",MAIN,Texas,29.319388,-98.51682,3,Midnight
Other impacts,2014:05:UP:0514ST012,0,0,700,37564,2,2,0,EL PASO,19:25,2014,2014,"H307,","UP,",7,"H3,","H,",YARD,Texas,31.752509,-106.387756,19,Evening
Raking collision,2014:06:BNSF:GC0614100,0,0,0,17008,0,0,0,GALVESTON,1:30,2014,2014,"H702,","BNSF,",17,"H7,","H,",YARD,Texas,29.294961,-94.837196,1,Midnight
Derailments,2014:06:BNSF:GC0614101,0,0,0,22155,2,2,0,LIBERTY,24:40:00,2014,2014,"H312,","BNSF,",7,"H3,","H,",YARD,Texas,30.0053,-94.5411,24,Midnight
Derailments,2014:06:BNSF:GC0614102,0,0,41944,58822,4,4,0,FREESTONE,20:42,2014,2014,"T319,","BNSF,",1,"T3,","T,",YARD,Texas,31.637087,-96.289066,20,Evening
Derailments,2014:06:BNSF:GC0614104,0,0,55500,13441,0,0,0,BELL,1:57,2014,2014,"E47C,","BNSF,",1,"E4,","E,",MAIN,Texas,31.093569,-97.342443,1,Midnight
Side collision,2014:06:BNSF:TX0614111,0,0,0,33625,0,0,0,TARRANT,2:58,2014,2014,"H307,","BNSF,",67,"H3,","H,",YARD,Texas,32.831288,-97.337587,2,Midnight
Derailments,2014:06:DGNO:DGN585414D,0,0,24428,37540,0,0,0,GRAYSON,3:50,2014,2014,"T109,","DGNO,",1,"T1,","T,",YARD,Texas,33.507612,-96.619095,3,Midnight
Derailments,2014:06:PTRA:2014000031,0,0,5000,8000,98,2,0,HARRIS,21:00,2014,2014,"S012,","PTRA,",1,"S0,","S,",SIDING,Texas,29.752975,-95.185796,21,Evening
Derailments,2014:06:UP:0614FW017,0,0,62359,2494,0,0,0,TARRANT,17:45,2014,2014,"M405,T101,","UP,",7,"M4,T1,","M,T,",YARD,Texas,32.721224,-97.379203,17,Evening
Other impacts,2014:06:UP:0614HO022,0,0,0,10993,0,0,0,HARRIS,21:11,2014,2014,"M411,","UP,",57,"M4,","M,",YARD,Texas,29.797833,-95.292136,21,Evening
Other events,2014:06:UP:0614SA014,0,0,752,18442,15,0,0,UVALDE,21:59,2014,2014,"M105,","UP,",1,"M1,","M,",MAIN,Texas,29.236694,-99.811692,21,Evening
Derailments,2014:06:ZCVP:INDUSTRY,0,0,10000,30000,0,0,0,HARRIS,23:40,2014,2014,"H704,H702,","SGSC,",7,"H7,","H,",YARD,Texas,29.4329,-95.105147,23,Evening
Derailments,2014:07:GCSC:ZZZZZZZZZZ,0,0,0,49167,16,0,0,LIBERTY,4:00,2014,2014,"T199,","UP,",756,"T1,","T,",YARD,Texas,30.014973,-94.901433,4,Midnight
Derailments,2014:07:TNMR:072714D,0,0,27541,31564,0,0,0,WINKLER,21:56,2014,2014,"T221,","TNMR,",1,"T2,","T,",MAIN,Texas,31.765881,-103.1102,21,Evening
Derailments,2014:07:TNMR:TN071714D,0,0,235,23451,0,0,0,WARD,22:01,2014,2014,"H995,","TNMR,",1,"H9,","H,",SIDING,Texas,31.594575,-102.919131,22,Evening
Derailments,2014:07:UP:0714FW004,0,0,200386,971381,0,0,0,ELLIS,17:58,2014,2014,"T111,","UP,",1,"T1,","T,",MAIN,Texas,32.45445,-96.938934,17,Evening
Obstruction impact,2014:07:UP:0714FW010,0,0,30250,0,0,0,0,DALLAS,1:50,2014,2014,"M404,","UP,",1,"M4,","M,",MAIN,Texas,32.745667,-96.983672,1,Midnight
Derailments,2014:07:UP:0714FW011,0,0,19320,56248,0,0,0,TARRANT,21:10,2014,2014,"T313,","UP,",1,"T3,","T,",YARD,Texas,32.739304,-97.046222,21,Evening
Derailments,2014:07:UP:0714FW012,0,0,224072,116608,0,0,0,ELLIS,18:38,2014,2014,"T109,","UP,",1,"T1,","T,",MAIN,Texas,32.511719,-97.008886,18,Evening
Derailments,2014:07:UP:0714FW021,0,0,0,58534,0,0,0,MCLENNAN,1:30,2014,2014,"M405,","UP,",76,"M4,","M,",YARD,Texas,31.573179,-97.107476,1,Midnight
Derailments,2014:07:UP:0714FW035,0,0,84823,5640,0,0,0,DALLAS,20:45,2014,2014,"T110,","UP,",1,"T1,","T,",YARD,Texas,32.776494,-96.664986,20,Evening
Derailments,2014:08:BNSF:KS0814101,0,0,4000,27104,0,0,0,POTTER,19:50,2014,2014,"H503,","BNSF,",1,"H5,","H,",YARD,Texas,35.173411,-101.839186,19,Evening
Derailments,2014:08:TXPF:08062014,0,0,10000,4500,0,0,0,IRION,1:00,2014,2014,"T319,H703,","TXPF,",1,"T3,H7,","T,H,",INDUSTRY,Texas,31.119966,-101.174787,1,Midnight
Highway-rail impact,2014:08:TXPF:08292014,0,1,30000,20000,0,0,0,IRION,23:07,2014,2014,"M308,M302,","TXPF,",1,"M3,","M,",MAIN,Texas,31.127048,-101.171011,23,Evening
Derailments,2014:08:UP:0814FW015,0,0,216,18478,0,0,0,DALLAS,23:00,2014,2014,"H307,","UP,",8,"H3,","H,",YARD,Texas,32.776494,-96.664986,23,Evening
Highway-rail impact,2014:08:UP:0814FW032,0,1,30450,3294,0,0,0,DALLAS,4:00,2014,2014,"M301,M304,","UP,",1,"M3,","M,",MAIN,Texas,32.776471,-96.866706,4,Midnight
Derailments,2014:08:UP:0814HO026,0,0,22078,13839,3,0,0,HARRIS,22:40,2014,2014,"M507,","UP,",7,"M5,","M,",YARD,Texas,29.80306,-95.288628,22,Evening
Derailments,2014:08:UP:0814LV005,0,0,2736,52000,39,1,0,JEFFERSON,1:15,2014,2014,"H307,","UP,",7,"H3,","H,",YARD,Texas,30.069337,-94.145295,1,Midnight
Derailments,2014:08:UP:0814SA013,0,0,63531,615,14,0,0,WEBB,2:30,2014,2014,"T314,","UP,",1,"T3,","T,",YARD,Texas,27.671264,-99.46855,2,Midnight
Derailments,2014:08:UP:0814ST019,0,0,550000,592208,16,9,0,EL PASO,22:15,2014,2014,"H704,","UP,",7,"H7,","H,",YARD,Texas,31.742139,-106.37556,22,Evening
Derailments,2014:09:BNSF:GC0914107,0,0,8000,36594,0,0,0,HARRIS,18:45,2014,2014,"H607,H702,","BNSF,",7,"H6,H7,","H,",YARD,Texas,29.70082,-95.327777,18,Evening
Side collision,2014:09:BNSF:KS0914103,0,0,5500,44370,0,0,0,POTTER,20:00,2014,2014,"H318,","BNSF,",7,"H3,","H,",YARD,Texas,35.173184,-101.839169,20,Evening
Derailments,2014:09:KCS:14090502,0,0,27723,76772,0,0,0,WEBB,24:20:00,2014,2014,"T001,","KCS,",1,"T0,","T,",YARD,Texas,27.502604,-99.418471,24,Midnight
Derailments,2014:09:UP:0914HO005,0,0,745,18170,9,0,0,HARRIS,21:15,2014,2014,"H503,","UP,",1,"H5,","H,",YARD,Texas,29.771822,-95.312568,21,Evening
Derailments,2014:09:UP:0914HO013,0,0,61647,47315,12,3,0,HARRIS,2:45,2014,2014,"M409,","UP,",7,"M4,","M,",YARD,Texas,29.790342,-95.305342,2,Midnight
Obstruction impact,2014:09:UP:0914HO037,0,0,25700,0,0,0,0,CHEROKEE,23:55,2014,2014,"M404,","UP,",1,"M4,","M,",MAIN,Texas,31.966378,-95.261217,23,Evening
Derailments,2014:09:UP:0914LK003,0,0,72936,702738,0,0,0,BOWIE,1:18,2014,2014,"M402,T110,","UP,",1,"M4,T1,","M,T,",MAIN,Texas,33.402518,-94.0977,1,Midnight
Derailments,2014:09:UP:0914LV007,0,0,49567,2043,6,3,0,JEFFERSON,19:40,2014,2014,"T110,","UP,",7,"T1,","T,",YARD,Texas,30.07284,-94.149269,19,Evening
Derailments,2014:10:BNSF:GC1014101,0,0,2000,27433,0,0,0,HARRIS,3:25,2014,2015,"H307,H303,","BNSF,",7,"H3,","H,",YARD,Texas,29.710805,-95.330901,3,Midnight
Other events,2014:10:BNSF:TX1014105,0,0,0,32882,0,0,0,TARRANT,19:00,2014,2015,"H601,","BNSF,",6,"H6,","H,",INDUSTRY,Texas,32.806479,-97.325281,19,Evening