AccidentType,inckey,Fatalities,Injuries,TrackDamage,EquipmentDamage,HazmatCars,HazmatCarsDerailed,HazmatCarsReleasing,County,DisplayTime,calendar,Fiscal,AccidentCause,RailroadCodes,RAILEQUIPMENT_TYPE,CauseGroup,CauseDiscipline,TYPE_OF_TRACK,StateName,latitude,longitude,hour,cat
Derailments,2014:10:KCS:14100904,0,0,8187,10700,18,0,0,JEFFERSON,20:15,2014,2015,"T210,","KCS,",1,"T2,","T,",YARD,Texas,29.936257,-93.944646,20,Evening
Derailments,2014:10:UP:1014HO017,0,0,31481,8147,0,0,0,HARRIS,24:44:00,2014,2015,"H605,","UP,",7,"H6,","H,",MAIN,Texas,29.824245,-95.257139,24,Midnight
Derailments,2014:10:UP:1014LK038,0,0,1228,19409,0,0,0,CAMP,3:06,2014,2015,"H303,","UP,",1,"H3,","H,",SIDING,Texas,32.99818,-94.96836,3,Midnight
Derailments,2014:10:XCER:INDUSTRY,0,0,20189,682,0,0,0,ELLIS,2:20,2014,2015,"T113,","UP,",7,"T1,","T,",INDUSTRY,Texas,32.335949,-96.632236,2,Midnight
Derailments,2014:11:BNSF:GC1114102,0,0,16000,4178,0,0,0,BELL,17:45,2014,2015,"E09C,","BNSF,",7,"E0,","E,",YARD,Texas,31.119,-97.3483,17,Evening
Derailments,2014:11:BNSF:TX1114102,0,0,13500,3500,1,0,0,WISE,18:50,2014,2015,"H205,H704,","BNSF,",1,"H2,H7,","H,",MAIN,Texas,33.174533,-97.541363,18,Evening
Highway-rail impact,2014:11:UP:1114FW034,1,1,800,200000,0,0,0,WILLIAMSON,24:48:00,2014,2015,"M302,","ATK,UP,",2,"M3,","M,",MAIN,Texas,30.771091,-97.435783,24,Midnight
Derailments,2014:11:UP:1114FW036,0,0,3628,12939,0,0,0,ECTOR,17:25,2014,2015,"H702,","UP,",8,"H7,","H,",YARD,Texas,31.870087,-102.317165,17,Evening
Rear end collision,2014:11:UP:1114HO007,0,0,3073,56321,6,1,0,HARRIS,18:30,2014,2015,"E30C,","UP,",765,"E3,","E,",YARD,Texas,29.794834,-95.290539,18,Evening
Highway-rail impact,2014:11:UP:1114LV002,0,0,0,22139,0,0,0,SHELBY,24:47:00,2014,2015,"M308,","UP,",1,"M3,","M,",MAIN,Texas,31.968568,-94.063403,24,Midnight
Highway-rail impact,2014:11:UP:1114SA017,0,1,25000,73,0,0,0,COLORADO,18:40,2014,2015,"M308,","UP,",1,"M3,","M,",MAIN,Texas,29.701789,-96.776255,18,Evening
Derailments,2014:12:BNSF:GC1214101,0,0,800,14583,0,0,0,BROWN,23:45,2014,2015,"H318,","BNSF,",7,"H3,","H,",YARD,Texas,31.716852,-98.973476,23,Evening
Raking collision,2014:12:BNSF:GC1214105,0,0,0,25879,3,0,0,BELL,2:32,2014,2015,"H307,H401,","BNSF,",71,"H3,H4,H3,H4,","H,",YARD,Texas,31.09531,-97.345347,2,Midnight
Derailments,2014:12:BNSF:KS1214108,0,0,97011,15139,4,4,0,RANDALL,4:40,2014,2015,"H702,H306,","BNSF,UP,",1,"H7,H3,","H,",INDUSTRY,Texas,35.135793,-101.852921,4,Midnight
Derailments,2014:12:BNSF:PR1214117,0,0,0,50000,0,0,0,FORT BEND,4:42,2014,2015,"M101,","BNSF,",1,"M1,","M,",MAIN,Texas,36.214959,-102.762732,4,Midnight
Side collision,2014:12:UP:1214FW033,0,0,0,17671,2,0,0,DALLAS,20:37,2014,2015,"H991,","UP,",1,"H9,","H,",YARD,Texas,32.695677,-96.739146,20,Evening
Derailments,2014:12:UP:1214HO008,0,0,59981,8000,6,0,0,HARRIS,19:15,2014,2015,"T102,E40C,","BNSF,UP,",1,"T1,E4,","T,E,",MAIN,Texas,29.76187,-95.34685,19,Evening
Derailments,2014:12:UP:1214LK016,0,0,10800,10485,0,0,0,GREGG,17:50,2014,2015,"T110,","UP,",7,"T1,","T,",INDUSTRY,Texas,32.43563,-94.717194,17,Evening
Highway-rail impact,2014:12:UP:1214SA014,1,0,264,21475,0,0,0,LA SALLE,23:20,2014,2015,"M308,","UP,",1,"M3,","M,",MAIN,Texas,28.602179,-99.189637,23,Evening
Derailments,2015:01:BNSF:GC0115110,0,0,5000,47091,0,0,0,COLEMAN,22:55,2015,2015,"T202,","BNSF,FWWR,",1,"T2,","T,",YARD,Texas,31.775404,-99.367126,22,Evening
Derailments,2015:01:BNSF:GC0115111,0,0,7200,8601,4,4,0,FREESTONE,21:55,2015,2015,"H307,H702,","BNSF,",1,"H3,H7,","H,",YARD,Texas,31.6294,-96.286581,21,Evening
Derailments,2015:01:BNSF:PR0115123,0,0,28500,1500,0,0,0,HARTLEY,23:15,2015,2015,"H702,","BNSF,",1,"H7,","H,",MAIN,Texas,35.685771,-102.330961,23,Evening
Derailments,2015:01:PNR:PNR150970,0,0,16000,360,0,0,0,HUTCHINSON,17:30,2015,2015,"M502,","PNR,",5,"M5,","M,",MAIN,Texas,35.653715,-101.393782,17,Evening
Derailments,2015:01:UP:0115FW014,0,0,10990,4060,0,0,0,DALLAS,18:25,2015,2015,"T199,","UP,",7,"T1,","T,",INDUSTRY,Texas,32.776206,-96.698754,18,Evening
Derailments,2015:01:UP:0115FW018,0,0,6485,9554,0,0,0,GRAYSON,24:00:00,2015,2015,"T108,","UP,",4,"T1,","T,",YARD,Texas,33.772216,-96.586244,24,Midnight
Derailments,2015:01:UP:0115FW023,0,0,2184,19680,0,0,0,DALLAS,22:15,2015,2015,"T204,","UP,",7,"T2,","T,",YARD,Texas,32.708686,-96.746695,22,Evening
Derailments,2015:01:UP:0115HO009,0,0,1729,9798,0,0,0,HARRIS,20:15,2015,2015,"M404,E39C,","UP,",7,"M4,E3,","M,E,",YARD,Texas,29.826693,-95.288404,20,Evening
Derailments,2015:01:UP:0115HO015,0,0,10328,3094,0,0,0,WALKER,24:21:00,2015,2015,"M501,","UP,",7,"M5,","M,",INDUSTRY,Texas,30.705411,-95.494823,24,Midnight
Raking collision,2015:01:UP:0115HO032,0,0,1412,77942,0,0,0,HARRIS,17:30,2015,2015,"M404,","UP,",7,"M4,","M,",YARD,Texas,29.815709,-95.287997,17,Evening
Derailments,2015:01:UP:0115SA001,0,0,66787,1348,0,0,0,BASTROP,23:30,2015,2015,"T215,","UP,",4,"T2,","T,",YARD,Texas,30.0018,-97.150144,23,Evening
Derailments,2015:01:UP:0115SA006,0,0,73711,3760,0,0,0,BASTROP,17:55,2015,2015,"T110,","UP,",1,"T1,","T,",YARD,Texas,30.000898,-97.148032,17,Evening
Derailments,2015:01:XHSA:INDUSTRY,0,0,2150,31899,0,0,0,COMAL,21:50,2015,2015,"T211,","UP,",1,"T2,","T,",INDUSTRY,Texas,29.626244,-98.268881,21,Evening
Derailments,2015:02:BNSF:GC0215104,0,0,2500,12500,1,1,0,HARRIS,23:55,2015,2015,"H703,","BNSF,",7,"H7,","H,",YARD,Texas,29.719116,-95.333915,23,Evening
Derailments,2015:02:BNSF:KS0215106,0,0,11000,11684,0,0,0,POTTER,21:30,2015,2015,"H312,","BNSF,",7,"H3,","H,",YARD,Texas,35.195517,-101.831005,21,Evening
Derailments,2015:02:BNSF:TX0215107,0,0,156398,21135,0,0,0,TARRANT,2:15,2015,2015,"T110,","BNSF,",7,"T1,","T,",INDUSTRY,Texas,32.866305,-97.368205,2,Midnight
Derailments,2015:02:KCS:15022406,0,0,8468,3700,0,0,0,JEFFERSON,24:00:00,2015,2015,"T210,","KCS,",7,"T2,","T,",YARD,Texas,29.930908,-93.939819,24,Midnight
Derailments,2015:02:TCT:580253,0,0,22500,15000,35,4,0,GALVESTON,17:30,2015,2015,"T309,","TCT,",7,"T3,","T,",YARD,Texas,29.210236,-94.562016,17,Evening
Derailments,2015:02:UP:0215FW001,0,0,59321,11435,1,0,0,NAVARRO,1:59,2015,2015,"T220,","UP,",1,"T2,","T,",SIDING,Texas,32.073221,-96.463132,1,Midnight
Derailments,2015:02:UP:0215FW019,0,0,10028,6638,0,0,0,TARRANT,2:30,2015,2015,"H701,","UP,",7,"H7,","H,",YARD,Texas,32.717515,-97.324699,2,Midnight
Derailments,2015:02:UP:0215HO027,0,0,5814,70101,0,0,0,LIBERTY,19:14,2015,2015,"H607,H702,","BNSF,UP,",7,"H6,H7,H6,H7,","H,",MAIN,Texas,29.99093,-94.908058,19,Evening
Other events,2015:02:UP:0215LK022,0,0,20,24352,0,0,0,GREGG,4:00,2015,2015,"E29C,","UP,",7,"E2,","E,",YARD,Texas,32.496069,-94.723085,4,Midnight
Derailments,2015:02:UP:0215SA013,0,0,3600,15895,0,0,0,BEXAR,3:00,2015,2015,"H524,","UP,",7,"H5,","H,",YARD,Texas,29.435864,-98.456548,3,Midnight
Side collision,2015:02:XBEN:INDUSTRY,0,0,0,70525,0,0,0,POTTER,3:50,2015,2015,"H307,H702,","BNSF,",7,"H3,H7,","H,",INDUSTRY,Texas,35.226439,-101.740386,3,Midnight
Derailments,2015:03:AWRR:D690615,0,0,56000,13000,0,0,0,BURNET,1:45,2015,2015,"M101,","AWRR,",1,"M1,","M,",MAIN,Texas,30.716389,-98.232778,1,Midnight
Side collision,2015:03:BNSF:GC0315103,0,0,1200,27500,0,0,0,BELL,4:05,2015,2015,"H607,","BNSF,",71,"H6,","H,",YARD,Texas,31.107842,-97.348787,4,Midnight
Derailments,2015:03:BNSF:GC0315105,0,0,44500,20301,0,0,0,HARRIS,18:30,2015,2015,"H704,","BNSF,",7,"H7,","H,",YARD,Texas,29.635712,-95.308725,18,Evening
Derailments,2015:03:BNSF:GC0315110,0,0,0,30000,0,0,0,BELL,18:05,2015,2015,"H306,H303,","BNSF,",8,"H3,","H,",YARD,Texas,31.102633,-97.34918,18,Evening
Derailments,2015:03:BNSF:TX0315107,0,0,3561534,745992,33,5,1,BOSQUE,17:04,2015,2015,"M201,","BNSF,",1,"M2,","M,",MAIN,Texas,31.654779,-97.474668,17,Evening
Derailments,2015:03:FWWR:15031701,0,0,50000,85574,0,0,0,TARRANT,2:10,2015,2015,"T210,","FWWR,",1,"T2,","T,",MAIN,Texas,32.461422,-97.203778,2,Midnight
Highway-rail impact,2015:03:TRE:TRE15001,0,0,0,20000,0,0,0,DALLAS,22:15,2015,2015,"M302,","TRE,",NA,"M3,","M,",MAIN,Texas,32.815205,-96.968149,22,Evening
Derailments,2015:03:TXI:INDUSTRY,0,0,10550,55895,0,0,0,DALLAS,18:25,2015,2015,"T108,","UP,",1,"T1,","T,",INDUSTRY,Texas,32.708686,-96.746695,18,Evening
Derailments,2015:03:UP:0315HO015,0,0,3540,37219,2,2,0,HARRIS,2:30,2015,2015,"H607,H702,","UP,",1,"H6,H7,","H,",SIDING,Texas,29.725253,-95.068881,2,Midnight
Derailments,2015:03:UP:0315HO020,0,0,111063,30513,7,6,0,GALVESTON,23:13,2015,2015,"H509,","UP,",15,"H5,","H,",INDUSTRY,Texas,29.303529,-94.898546,23,Evening
Fire/violent rupture,2015:03:UP:0315HO057,0,0,0,32830,0,0,0,CHEROKEE,18:51,2015,2015,"E73L,","UP,",1,"E7,","E,",MAIN,Texas,32.019546,-95.208305,18,Evening
Highway-rail impact,2015:03:UP:0315SA002,0,1,685,67248,3,0,0,LA SALLE,21:43,2015,2015,"M302,","UP,",1,"M3,","M,",MAIN,Texas,28.556288,-99.203446,21,Evening
Derailments,2015:03:UP:0315SA005,0,0,11038,3257,0,0,0,BEXAR,17:55,2015,2015,"M409,","UP,",7,"M4,","M,",YARD,Texas,29.367778,-98.564788,17,Evening
Derailments,2015:03:XTCB:INDUSTRY,0,0,23206,250,0,0,0,ELLIS,20:30,2015,2015,"T113,","UP,",1,"T1,","T,",INDUSTRY,Texas,32.484172,-96.98414,20,Evening
Other events,2015:04:BNSF:GC0415105,0,0,0,18000,0,0,0,LIBERTY,18:05,2015,2015,"H318,","BNSF,",1,"H3,","H,",YARD,Texas,30.004875,-94.905555,18,Evening
Derailments,2015:04:BNSF:GC0415107,0,0,526144,131835,47,8,0,GREGG,22:40,2015,2015,"H307,H702,","BNSF,",1,"H3,H7,","H,",YARD,Texas,32.492811,-94.716266,22,Evening
Other events,2015:04:BNSF:KS0415107,0,0,0,102235,0,0,0,POTTER,24:30:00,2015,2015,"H318,","BNSF,",87,"H3,","H,",YARD,Texas,35.196907,-101.829516,24,Midnight
Derailments,2015:04:GCSC:ZZZZZZZZZZ,0,0,0,750,0,0,0,LIBERTY,18:05,2015,2015,"T110,","UP,",8,"T1,","T,",YARD,Texas,30.004933,-94.904222,18,Evening
Derailments,1975:03:MKT:AX35S,0,0,2350,1000,0,0,0,BASTROP,18:30,1975,1975,"T110,","MKT,",1,"T1,","T,",SIDING,Texas,31.827233,-99.423022,18,Evening
Derailments,2015:04:TXPF:04022015,0,0,13150,2000,0,0,0,TOM GREEN,20:00,2015,2015,"H702,H399,","TXPF,",7,"H7,H3,","H,",YARD,Texas,31.492615,-100.413586,20,Evening
Derailments,2015:04:UP:0415FW021,0,0,152,20576,0,0,0,TARRANT,3:45,2015,2015,"H303,","UP,",8,"H3,","H,",YARD,Texas,32.727491,-97.365984,3,Midnight
Derailments,2015:04:UP:0415HO021,0,0,48530,42140,0,0,0,HARRIS,23:30,2015,2015,"T210,","UP,",1,"T2,","T,",INDUSTRY,Texas,29.751436,-95.311683,23,Evening
Derailments,2015:04:UP:0415HO052,0,0,18189,19335,2,2,0,HARRIS,17:45,2015,2015,"S007,","UP,",7,"S0,","S,",YARD,Texas,29.80306,-95.288628,17,Evening
Derailments,2015:04:UP:0415HO053,0,0,238,30663,13,0,0,HARRIS,21:15,2015,2015,"M404,E30C,","UP,",867,"M4,E3,M4,E3,M4,E3,","M,E,M,E,M,E,",YARD,Texas,29.790758,-95.295465,21,Evening
Highway-rail impact,2015:04:UP:0415SA007,1,0,0,14452,0,0,0,MILAM,21:50,2015,2015,"M302,","UP,",1,"M3,","M,",MAIN,Texas,30.635276,-97.080884,21,Evening
Derailments,2015:04:WWTQ:INDUSTRY,0,0,2500,25000,0,0,0,HARRIS,17:30,2015,2015,"T113,","PTRA,",1,"T1,","T,",INDUSTRY,Texas,29.721676,-95.265957,17,Evening
Derailments,2015:04:XTLC:INDUSTRY,0,0,2470,40271,0,0,0,DENTON,24:15:00,2015,2015,"T206,","UP,",1,"T2,","T,",INDUSTRY,Texas,33.002017,-97.229067,24,Midnight
Derailments,2015:05:AGCR:05162015,0,0,20000,8000,0,0,0,BEXAR,17:35,2015,2015,"T109,T001,","AGCR,",1,"T1,T0,","T,",YARD,Texas,29.603736,-98.594534,17,Evening
Derailments,2015:05:BNSF:GC0515113,0,0,45000,1900,0,0,0,MONTGOMERY,21:35,2015,2015,"T001,","BNSF,",1,"T0,","T,",YARD,Texas,30.310268,-95.453639,21,Evening
Other impacts,2015:05:BNSF:GC0515114,0,0,0,27430,2,2,0,LIBERTY,24:35:00,2015,2015,"H318,","BNSF,",7,"H3,","H,",YARD,Texas,29.997197,-94.907396,24,Midnight
Derailments,2015:05:BNSF:KS0515107,0,0,1650,110724,23,0,0,LUBBOCK,20:00,2015,2015,"H307,","BNSF,",1,"H3,","H,",YARD,Texas,33.567285,-101.821343,20,Evening
Highway-rail impact,2015:05:BNSF:KS0515202,0,0,16865,250,0,0,0,HOCKLEY,3:16,2015,2015,"M303,","BNSF,",1,"M3,","M,",MAIN,Texas,33.80744,-102.165607,3,Midnight
Derailments,2015:05:BNSF:TX0515100,0,4,2176946,5592849,5,0,0,COOKE,1:15,2015,2015,"M103,","BNSF,",1,"M1,","M,",MAIN,Texas,33.456774,-97.154731,1,Midnight
Derailments,2015:05:BNSF:TX0515108,0,0,3000,219034,0,0,0,TARRANT,3:45,2015,2015,"T202,","BNSF,",7,"T2,","T,",YARD,Texas,32.819819,-97.327087,3,Midnight
Derailments,2015:05:UP:0515FW002,0,0,3690,26860,0,0,0,DALLAS,4:18,2015,2015,"T199,","UP,",1,"T1,","T,",MAIN,Texas,32.781033,-96.809927,4,Midnight
Derailments,2015:05:UP:0515HO034,0,0,72504,1759,0,0,0,HARRIS,23:00,2015,2015,"T211,","UP,",1,"T2,","T,",YARD,Texas,29.810558,-95.262275,23,Evening
Derailments,2015:05:UP:0515LV001,0,0,40997,74862,2,2,0,JEFFERSON,18:45,2015,2015,"H607,H702,","BNSF,UP,",1,"H6,H7,H6,H7,","H,",YARD,Texas,30.076043,-94.107324,18,Evening
Derailments,2015:05:UP:0515SA004,0,0,8176,3169,0,0,0,BEXAR,19:25,2015,2015,"E39C,","UP,",7,"E3,","E,",YARD,Texas,29.464833,-98.397651,19,Evening
Derailments,2015:05:UP:0515SA008,0,0,38460,1437445,0,0,0,ATASCOSA,2:18,2015,2015,"T102,","UP,",1,"T1,","T,",MAIN,Texas,28.999669,-98.478719,2,Midnight
Derailments,2015:05:VMQ:INDUSTRY,0,0,4000,20250,0,0,0,COLLIN,18:29,2015,2015,"T110,","BNSF,",1,"T1,","T,",INDUSTRY,Texas,33.139953,-96.834725,18,Evening
Derailments,2015:06:BNSF:GC0615105,0,0,5500,5800,0,0,0,BURLESON,21:55,2015,2015,"H310,","BNSF,",7,"H3,","H,",YARD,Texas,30.348026,-96.528834,21,Evening
Other events,2015:06:BNSF:TX0615103,0,0,6800,466408,0,0,0,TARRANT,17:00,2015,2015,"E33C,","BNSF,",7,"E3,","E,",YARD,Texas,32.973846,-97.348162,17,Evening
Obstruction impact,2015:06:KCS:15061904,0,0,0,15000,0,0,0,COLLIN,17:00,2015,2015,"H999,","KCS,",NA,"H9,","H,",YARD,Texas,33.031589,-96.500792,17,Evening
Raking collision,2015:06:PTRA:2015000021,0,0,300,41000,1,0,0,HARRIS,3:00,2015,2015,"M599,","PTRA,",5,"M5,","M,",YARD,Texas,29.761548,-95.292909,3,Midnight
Highway-rail impact,2015:06:TRE:TRE15003,0,0,0,15000,0,0,0,DALLAS,23:20,2015,2015,"M302,","TRE,",3,"M3,","M,",MAIN,Texas,32.814706,-96.934342,23,Evening
Derailments,2015:06:UP:0615FW016,0,0,139535,445606,0,0,0,LIMESTONE,18:15,2015,2015,"T108,","UP,",1,"T1,","T,",SIDING,Texas,31.303864,-96.630266,18,Evening
Derailments,2015:06:UP:0615FW019,0,0,407071,290121,0,0,0,MIDLAND,3:30,2015,2015,"E51C,E59C,","UP,",1,"E5,","E,",MAIN,Texas,31.90799,-102.243862,3,Midnight
Derailments,2015:06:UP:0615FW022,0,0,4465,8867,0,0,0,SMITH,20:50,2015,2015,"T110,","UP,",1,"T1,","T,",INDUSTRY,Texas,32.340988,-95.327713,20,Evening
Derailments,2015:06:UP:0615FW038,0,0,83621,817083,0,0,0,ROBERTSON,4:54,2015,2015,"T207,","UP,",1,"T2,","T,",MAIN,Texas,31.157642,-96.680867,4,Midnight
Derailments,2015:06:UP:0615HO001,0,0,464,15000,0,0,0,HARRIS,23:20,2015,2015,"T210,","UP,",8,"T2,","T,",YARD,Texas,29.826924,-95.290394,23,Evening
Derailments,2015:06:UP:0615HO030,0,0,71839,1750,2,1,0,HARRIS,24:50:00,2015,2015,"T205,","UP,",1,"T2,","T,",YARD,Texas,29.821251,-95.352376,24,Midnight
Derailments,2015:06:UP:0615HO045,0,0,93230,7650,51,0,0,HARRIS,21:15,2015,2015,"T102,","UP,",1,"T1,","T,",MAIN,Texas,29.716033,-95.223395,21,Evening
Derailments,2015:06:UP:0615HO049,0,0,20483,14128,8,1,0,HARRIS,24:01:00,2015,2015,"T108,","UP,",1,"T1,","T,",YARD,Texas,29.821035,-95.352254,24,Midnight
Derailments,2015:06:WTLC:WT060115D,0,0,2575,250403,0,0,0,HOCKLEY,22:17,2015,2015,"T110,","WTLC,",1,"T1,","T,",MAIN,Texas,33.588203,-102.216105,22,Evening
Derailments,2015:06:ZNXE:INDUSTRY,0,0,18280,1068,8,3,0,MIDLAND,21:50,2015,2015,"T111,","UP,",1,"T1,","T,",INDUSTRY,Texas,31.911597,-102.236817,21,Evening
Derailments,2015:07:BNSF:GC0715103,0,0,5800,12718,0,0,0,HARRIS,20:20,2015,2015,"H525,","BNSF,UP,",1,"H5,","H,",SIDING,Texas,29.7378,-95.336262,20,Evening
Derailments,2015:07:BNSF:TX0715109,0,0,461274,85000,0,0,0,JOHNSON,19:55,2015,2015,"H503,","BNSF,",1,"H5,","H,",YARD,Texas,32.354011,-97.38265,19,Evening
Raking collision,2015:07:TCT:580254,0,0,0,25000,21,2,0,GALVESTON,24:55:00,2015,2015,"H309,H310,","TCT,",7,"H3,","H,",INDUSTRY,Texas,29.222968,-94.540016,24,Midnight
Derailments,2015:07:UP:0715FW016,0,0,25991,111218,0,0,0,TARRANT,2:50,2015,2015,"M411,","UP,",87,"M4,","M,",YARD,Texas,32.722494,-97.375433,2,Midnight
Highway-rail impact,2015:07:UP:0715FW018,1,2,14291,0,0,0,0,MIDLAND,17:20,2015,2015,"M302,","UP,",1,"M3,","M,",MAIN,Texas,32.002497,-102.060784,17,Evening
Derailments,2015:07:UP:0715SA001,0,0,267143,371506,0,0,0,CALDWELL,23:15,2015,2015,"T220,","UP,",1,"T2,","T,",MAIN,Texas,29.88117,-97.789063,23,Evening
Highway-rail impact,2015:07:UP:0715SA004,3,1,0,27454,0,0,0,GONZALES,22:15,2015,2015,"M308,M301,","ATK,UP,",2,"M3,","M,",MAIN,Texas,29.665719,-97.505224,22,Evening
Other impacts,2015:07:WRRC:2015002,0,0,36000,381000,0,0,0,COMAL,22:30,2015,2015,"E06L,","WRRC,",7,"E0,","E,",YARD,Texas,20.403,-98.1032,22,Evening
Derailments,2015:07:XBIM:INDUSTRY,0,0,0,32037,0,0,0,HARRIS,18:15,2015,2015,"H307,","BNSF,",7,"H3,","H,",INDUSTRY,Texas,29.863343,-95.480638,18,Evening
Derailments,2015:07:ZVAO:INDUSTRY,0,0,30000,18500,0,0,0,HARRIS,20:00,2015,2015,"H702,","PTRA,",7,"H7,","H,",INDUSTRY,Texas,29.746218,-95.267188,20,Evening
Derailments,2015:08:BNSF:GC0815116,0,0,0,24000,0,0,0,JEFFERSON,24:30:00,2015,2015,"H505,","BNSF,",1,"H5,","H,",YARD,Texas,30.090894,-94.100171,24,Midnight
Derailments,2015:08:BNSF:GC0815117,0,0,5500,6196,0,0,0,BRAZORIA,4:45,2015,2015,"E46C,","BNSF,",7,"E4,","E,",YARD,Texas,29.629969,-95.306984,4,Midnight
Derailments,2015:08:BNSF:KS0815112,0,0,148000,0,0,0,0,PARMER,17:59,2015,2015,"H022,","BNSF,",NA,"H0,","H,",MAIN,Texas,34.506834,-102.898588,17,Evening
Derailments,2015:08:TXN:D470715,0,1,92000,350000,0,0,0,WARD,4:14,2015,2015,"H018,H008,","TXN,",6,"H0,","H,",MAIN,Texas,31.355866,-102.892174,4,Midnight
Derailments,2015:08:UP:0815FW019,0,0,197244,286654,5,0,0,ROBERTSON,18:45,2015,2015,"E21C,","UP,",1,"E2,","E,",MAIN,Texas,31.074688,-96.701861,18,Evening
Derailments,2015:08:UP:0815HO014,0,0,456455,457090,0,0,0,HARRIS,18:10,2015,2015,"T318,","UP,",1,"T3,","T,",MAIN,Texas,30.076415,-95.416291,18,Evening
Derailments,2015:08:UP:0815SA003,0,0,0,34238,0,0,0,BEXAR,2:50,2015,2015,"E22C,","UP,",7,"E2,","E,",YARD,Texas,29.435763,-98.454862,2,Midnight
Derailments,2015:08:UP:0815SA023,0,0,1158,18969,0,0,0,MAVERICK,19:38,2015,2015,"H303,","UP,",4,"H3,","H,",YARD,Texas,28.839007,-100.434043,19,Evening
Derailments,2015:08:XMMM:INDUSTRY,0,0,82113,75777,0,0,0,NUECES,18:00,2015,2015,"T110,","UP,",1,"T1,","T,",INDUSTRY,Texas,27.760921,-97.683743,18,Evening
Derailments,2015:09:BNSF:GC0915103,0,0,139803,79762,0,0,0,LIBERTY,22:15,2015,2015,"T309,","BNSF,UP,",17,"T3,","T,",YARD,Texas,30.013855,-94.902519,22,Evening
Derailments,2015:09:BNSF:TX0915101,0,0,500,24000,0,0,0,TARRANT,20:45,2015,2015,"H307,H303,","BNSF,",8,"H3,","H,",YARD,Texas,32.989779,-97.354327,20,Evening
Derailments,2015:09:DGNO:DGN803215D,0,0,61500,45000,0,0,0,GRAYSON,3:15,2015,2015,"T221,","DGNO,",1,"T2,","T,",YARD,Texas,33.441814,-96.583678,3,Midnight
Derailments,2015:09:UP:0915FW013,0,0,796094,2329,0,0,0,NAVARRO,23:40,2015,2015,"E69C,","UP,",1,"E6,","E,",MAIN,Texas,31.986199,-96.425488,23,Evening
Highway-rail impact,2015:09:UP:0915FW019,0,1,441,11179,0,0,0,MARTIN,20:10,2015,2015,"M304,","UP,",1,"M3,","M,",MAIN,Texas,32.121154,-101.810865,20,Evening
Derailments,2015:09:UP:0915SA006,0,0,9715,30083,0,0,0,BEXAR,21:30,2015,2015,"H318,","UP,",7,"H3,","H,",YARD,Texas,29.37402,-98.559161,21,Evening
Derailments,2015:10:UP:1015FW009,0,0,101510,176556,19,3,0,UPSHUR,4:12,2015,2016,"T220,","UP,",1,"T2,","T,",YARD,Texas,32.581328,-95.1091,4,Midnight
Derailments,2015:10:UP:1015FW016,0,0,486124,3625400,0,0,0,NAVARRO,3:05,2015,2016,"M103,","UP,",1,"M1,","M,",MAIN,Texas,32.150404,-96.477455,3,Midnight
Other events,2015:10:UP:1015HO003,0,0,0,14135,0,0,0,HARRIS,24:00:00,2015,2016,"M507,","UP,",5,"M5,","M,",YARD,Texas,29.78759,-95.31027,24,Midnight
Highway-rail impact,2015:10:UP:1015HO014,1,1,11000,489,15,0,0,FORT BEND,24:40:00,2015,2016,"M308,","UP,",1,"M3,","M,",MAIN,Texas,29.623813,-95.526284,24,Midnight
Derailments,2015:10:UP:1015SA018,0,0,267143,813266,0,0,0,CALDWELL,4:20,2015,2016,"M103,","UP,",1,"M1,","M,",MAIN,Texas,29.891615,-97.646648,4,Midnight
Derailments,2015:11:BLR:11092015,0,0,5000,0,0,0,0,HOPKINS,21:30,2015,2016,"E08C,","BLR,",NA,"E0,","E,",YARD,Texas,33.145904,-95.514688,21,Evening
Derailments,2015:11:BNSF:GC1115105,0,0,40000,11753,22,0,0,NOLAN,2:20,2015,2016,"H607,H702,","BNSF,",1,"H6,H7,","H,",MAIN,Texas,32.506035,-100.392986,2,Midnight
Derailments,2015:11:BNSF:GC1115110,0,0,170000,65711,0,0,0,BROWN,20:00,2015,2016,"T110,","BNSF,",1,"T1,","T,",MAIN,Texas,31.713162,-98.990199,20,Evening
Derailments,2015:11:BNSF:KS1115104,0,0,10300,40547,0,0,0,GRAY,19:20,2015,2016,"M102,","BNSF,",1,"M1,","M,",MAIN,Texas,35.620366,-100.796725,19,Evening
Other events,2015:11:BNSF:KS1115114,0,0,0,11461,1,1,0,LUBBOCK,4:45,2015,2016,"H525,","BNSF,",8,"H5,","H,",YARD,Texas,33.442661,-101.638103,4,Midnight
Derailments,2015:11:BNSF:TX1115108,0,0,3000,18000,1,1,0,TARRANT,24:10:00,2015,2016,"H607,H702,","BNSF,",7,"H6,H7,","H,",YARD,Texas,32.812467,-97.321205,24,Midnight
Highway-rail impact,2015:11:BNSF:TX1115201,0,0,50000,200,32,0,0,TARRANT,17:15,2015,2016,"M302,","BNSF,",1,"M3,","M,",MAIN,Texas,32.552953,-97.364686,17,Evening