AccidentType,inckey,Fatalities,Injuries,TrackDamage,EquipmentDamage,HazmatCars,HazmatCarsDerailed,HazmatCarsReleasing,County,DisplayTime,calendar,Fiscal,AccidentCause,RailroadCodes,RAILEQUIPMENT_TYPE,CauseGroup,CauseDiscipline,TYPE_OF_TRACK,StateName,latitude,longitude,hour,cat
Derailments,2015:11:FWWR:15111601,0,0,27770,18000,0,0,0,COMANCHE,24:20:00,2015,2016,"T215,","FWWR,",1,"T2,","T,",MAIN,Texas,32.089849,-98.49309,24,Midnight
Raking collision,2015:11:SRN:1501,0,0,0,45000,4,2,0,JASPER,3:00,2015,2016,"H702,H704,","XTGS,",7,"H7,","H,",INDUSTRY,Texas,30.355697,-94.045876,3,Midnight
Derailments,2015:11:UP:1115FW013,0,0,87,20953,0,0,0,GRAYSON,20:00,2015,2016,"M507,","UP,",7,"M5,","M,",YARD,Texas,33.771191,-96.596763,20,Evening
Derailments,2015:11:UP:1115SA010,0,0,2135,11732,0,0,0,BEXAR,18:35,2015,2016,"H306,","UP,",67,"H3,","H,",INDUSTRY,Texas,29.470909,-98.39277,18,Evening
Derailments,2015:11:XMMM:INDUSTRY,0,0,264,292300,0,0,0,HARRIS,17:00,2015,2016,"T205,","UP,",1,"T2,","T,",INDUSTRY,Texas,29.787896,-95.807093,17,Evening
Derailments,2015:12:BAZ:INDUSTRY,0,0,22019,2249,20,4,0,CHAMBERS,4:00,2015,2016,"T110,","UP,",7,"T1,","T,",INDUSTRY,Texas,29.772376,-94.896814,4,Midnight
Derailments,2015:12:BNSF:GC1215102,0,0,5000,0,0,0,0,BROWN,22:45,2015,2016,"T110,","BNSF,TXR,",1,"T1,","T,",YARD,Texas,31.71687,-98.972502,22,Evening
Other impacts,2015:12:BNSF:GC1215103,0,0,0,19225,0,0,0,GREGG,3:31,2015,2016,"H018,","BNSF,",1,"H0,","H,",MAIN,Texas,32.445204,-94.677196,3,Midnight
Raking collision,2015:12:FWWR:15121502,0,0,0,95640,0,0,0,TARRANT,24:00:00,2015,2016,"H301,","FWWR,",1,"H3,","H,",YARD,Texas,32.738881,-97.33379,24,Midnight
Obstruction impact,2015:12:KCS:15121401,0,0,0,45230,0,0,0,MARION,3:55,2015,2016,"M404,","KCS,",1,"M4,","M,",MAIN,Texas,32.716124,-94.252449,3,Midnight
Derailments,2015:12:KCS:15122001,0,0,6272,6100,19,1,0,JEFFERSON,3:00,2015,2016,"T314,","KCS,",1,"T3,","T,",YARD,Texas,29.85732,-93.945591,3,Midnight
Derailments,2015:12:KCS:15123001,0,0,50000,18200,0,0,0,VICTORIA,4:00,2015,2016,"H703,","KCS,",1,"H7,","H,",SIDING,Texas,28.826481,-96.937453,4,Midnight
Derailments,2015:12:MMAZ:INDUSTRY,0,0,8234,3740,0,0,0,SAN PATRICIO,3:00,2015,2016,"T314,","UP,",1,"T3,","T,",INDUSTRY,Texas,27.909207,-97.294141,3,Midnight
Derailments,2015:12:MMAZ:INDUSTRY1,0,0,8570,11403,0,0,0,COLORADO,21:00,2015,2016,"T110,","UP,",1,"T1,","T,",INDUSTRY,Texas,29.534618,-96.426704,21,Evening
Derailments,2015:12:PNR:PNR151337,0,0,8612,128607,0,0,0,HUTCHINSON,23:48,2015,2016,"H020,","PNR,",1,"H0,","H,",MAIN,Texas,35.661369,-101.388232,23,Evening
Derailments,2015:12:UP:1215HO003,0,0,208626,22546,4,0,0,HARRIS,4:00,2015,2016,"T207,","UP,",1,"T2,","T,",YARD,Texas,29.765546,-95.278258,4,Midnight
Derailments,2015:12:UP:1215SA021,0,0,118443,1016345,0,0,0,FAYETTE,23:40,2015,2016,"T207,","UP,",1,"T2,","T,",MAIN,Texas,29.904443,-96.816942,23,Evening
Derailments,2016:01:BNSF:GC0116106,0,0,16000,33473,0,0,0,BELL,19:00,2016,2016,"H318,","BNSF,",7,"H3,","H,",YARD,Texas,31.107762,-97.34866,19,Evening
Other impacts,2016:01:PNR:PNR161373,0,0,0,61796,0,0,0,HUTCHINSON,1:30,2016,2016,"M501,H307,","PNR,",1,"M5,H3,","M,H,",INDUSTRY,Texas,35.665674,-101.434269,1,Midnight
Side collision,2016:01:TIBR:IN20160111,0,0,0,28004,0,0,0,HARDIN,21:00,2016,2016,"H020,","TIBR,",76,"H0,","H,",YARD,Texas,30.210572,-94.110229,21,Evening
Other events,2016:01:TRE:TRE16002,1,0,0,20000,0,0,0,TARRANT,18:30,2016,2016,"M501,","TRE,",NA,"M5,","M,",MAIN,Texas,32.765026,-97.297417,18,Evening
Derailments,2016:01:UP:0116FW003,0,0,32340,15548,60,10,0,UPSHUR,22:20,2016,2016,"T110,","UP,",1,"T1,","T,",YARD,Texas,32.581794,-95.113851,22,Evening
Highway-rail impact,2016:01:UP:0116FW023,0,0,576,15188,97,0,0,DENTON,24:40:00,2016,2016,"M304,","UP,",1,"M3,","M,",MAIN,Texas,33.138878,-97.175228,24,Midnight
Derailments,2016:01:UP:0116HO007,0,0,424905,177752,12,0,0,LIBERTY,22:00,2016,2016,"T108,","BNSF,UP,",1,"T1,","T,",MAIN,Texas,30.047391,-94.888271,22,Evening
Highway-rail impact,2016:01:UP:0116HO032,0,2,100000,573,14,0,0,HARRIS,1:21,2016,2016,"M308,","UP,",1,"M3,","M,",MAIN,Texas,29.891116,-95.306633,1,Midnight
Derailments,2016:01:UP:0116SA012,0,0,45755,145608,0,0,0,BEXAR,19:58,2016,2016,"M405,","UP,",7,"M4,","M,",YARD,Texas,29.436527,-98.466656,19,Evening
Derailments,2016:01:XCAI:INDUSTRY,0,0,50000,200000,0,0,0,HARRIS,24:40:00,2016,2016,"T110,","PTRA,",1,"T1,","T,",INDUSTRY,Texas,29.747215,-95.116625,24,Midnight
Highway-rail impact,2016:02:BNSF:TX0216200,1,1,0,11000,0,0,0,DENTON,24:35:00,2016,2016,"M302,","BNSF,",1,"M3,","M,",MAIN,Texas,33.112652,-97.291431,24,Midnight
Fire/violent rupture,2016:02:UP:0216FW008,0,0,0,122532,0,0,0,TARRANT,23:20,2016,2016,"E74L,","UP,",8,"E7,","E,",YARD,Texas,32.742339,-97.061687,23,Evening
Derailments,2016:02:UP:0216FW013,0,0,4873,8434,0,0,0,TARRANT,3:00,2016,2016,"T403,","UP,",7,"T4,","T,",YARD,Texas,32.725585,-97.369627,3,Midnight
Raking collision,2016:02:UP:0216HO029,0,0,66,15066,1,0,0,HARRIS,17:52,2016,2016,"H318,H310,","UP,",57,"H3,","H,",INDUSTRY,Texas,29.732035,-95.25649,17,Evening
Derailments,2016:02:UP:0216LK016,0,0,303679,35171,0,0,0,UPSHUR,18:51,2016,2016,"E51L,","UP,",1,"E5,","E,",MAIN,Texas,32.676424,-94.994302,18,Evening
Side collision,2016:02:UP:0216ST007,0,0,99,67660,21,8,0,EL PASO,17:31,2016,2016,"H306,","UP,",7,"H3,","H,",YARD,Texas,31.747857,-106.381681,17,Evening
Derailments,2016:02:XMMM:INDUSTRY,0,0,0,36979,0,0,0,UVALDE,4:44,2016,2016,"H303,","UP,",1,"H3,","H,",INDUSTRY,Texas,29.169668,-100.035862,4,Midnight
Derailments,2016:03:BNSF:GC0316110,0,0,8580,26050,3,3,0,BELL,3:05,2016,2016,"T403,","BNSF,",1,"T4,","T,",YARD,Texas,31.095553,-97.348153,3,Midnight
Derailments,2016:03:BNSF:GC0316115,0,0,56408,3000,0,0,0,LIBERTY,19:30,2016,2016,"T314,","BNSF,",7,"T3,","T,",YARD,Texas,30.00691,-94.9063,19,Evening
Side collision,2016:03:BNSF:KS0316106,0,0,0,24038,0,0,0,POTTER,1:15,2016,2016,"H607,H702,","BNSF,",8,"H6,H7,","H,",YARD,Texas,35.191656,-101.831324,1,Midnight
Derailments,2016:03:KCS:16032601,0,0,12600,109581,22,0,0,COLLIN,21:55,2016,2016,"H503,","KCS,",7,"H5,","H,",YARD,Texas,33.028852,-96.504754,21,Evening
Derailments,2016:03:RLGX:RLGX372016,0,0,0,21541,0,0,0,HARRIS,17:25,2016,2016,"H306,","RLGX,",7,"H3,","H,",YARD,Texas,29.642967,-95.038083,17,Evening
Obstruction impact,2016:03:TXPF:03112016,0,0,0,24079,0,0,0,BREWSTER,24:20:00,2016,2016,"H997,H699,","TXPF,",NA,"H9,H6,H9,H6,","H,",YARD,Texas,30.566882,-103.487505,24,Midnight
Highway-rail impact,2016:03:UP:0316HO010,0,2,18920,271,18,0,0,LIBERTY,21:00,2016,2016,"M308,","UP,",1,"M3,","M,",MAIN,Texas,30.040348,-94.897718,21,Evening
Derailments,2016:03:UP:0316HO030,0,0,4575,25730,34,0,0,HARRIS,20:00,2016,2016,"M101,","UP,",7,"M1,","M,",YARD,Texas,29.809747,-95.297744,20,Evening
Derailments,2016:03:UP:0316HO031,0,0,118015,308,0,0,0,HARRIS,17:22,2016,2016,"M405,T403,","UP,",7,"M4,T4,","M,T,",INDUSTRY,Texas,29.792351,-95.448088,17,Evening
Derailments,2016:03:UP:0316SA004,0,0,130215,12106,6,0,0,MAVERICK,17:30,2016,2016,"H523,","UP,",1,"H5,","H,",YARD,Texas,28.697253,-100.501557,17,Evening
Derailments,2016:04:BNSF:KS0416101,0,0,0,122313,1,1,0,POTTER,22:00,2016,2016,"H020,M105,","BNSF,",61,"H0,M1,H0,M1,","H,M,H,M,",YARD,Texas,35.199377,-101.82907,22,Evening
Derailments,2016:04:FWWR:16040601,0,0,0,200000,0,0,0,HOOD,20:00,2016,2016,"H525,","FWWR,",1,"H5,","H,",MAIN,Texas,32.532636,-97.617802,20,Evening
Derailments,2016:04:KCS:16040105,0,0,4560,11682,11,0,0,JEFFERSON,17:05,2016,2016,"T314,","KCS,",7,"T3,","T,",YARD,Texas,30.088307,-94.088708,17,Evening
Derailments,2016:04:KCS:16040602,0,0,469,16104,0,0,0,JEFFERSON,23:20,2016,2016,"H518,","BNSF,KCS,",1,"H5,","H,",MAIN,Texas,30.081228,-94.093184,23,Evening
Derailments,2016:04:PTRA:2016000014,0,0,25000,10199,20,2,0,HARRIS,20:32,2016,2016,"H523,","PTRA,",1,"H5,","H,",YARD,Texas,29.716624,-95.267183,20,Evening
Other impacts,2016:04:TXPF:04262016,0,0,0,260000,0,0,0,COLEMAN,23:20,2016,2016,"H099,H017,","TXPF,",18,"H0,","H,",YARD,Texas,31.771928,-99.400045,23,Evening
Derailments,2016:04:UP:0416HO005,0,0,632,11430,0,0,0,HARRIS,1:40,2016,2016,"T314,","UP,",8,"T3,","T,",YARD,Texas,29.78974,-95.299125,1,Midnight
Derailments,2016:04:UP:0416HO008,0,0,201370,333367,17,0,0,HARRIS,3:30,2016,2016,"E24C,","UP,",7,"E2,","E,",YARD,Texas,29.809155,-95.296045,3,Midnight
Derailments,2016:04:UP:0416HO014,0,0,6146,9981,0,0,0,HARRIS,2:45,2016,2016,"T299,","UP,",7,"T2,","T,",YARD,Texas,29.807291,-95.290875,2,Midnight
Derailments,2016:04:UP:0416HO048,0,0,691200,34771,0,0,0,ANDERSON,2:50,2016,2016,"M103,","UP,",1,"M1,","M,",MAIN,Texas,31.707207,-95.69291,2,Midnight
Derailments,2016:05:BNSF:TX0516103,0,0,266000,40133,1,1,0,TARRANT,3:00,2016,2016,"H607,H702,","BNSF,",7,"H6,H7,","H,",YARD,Texas,32.819819,-97.327087,3,Midnight
Derailments,2016:05:DGNO:TNE980616D,0,0,62800,18000,0,0,0,BOWIE,24:05:00,2016,2016,"T103,","DGNO,",1,"T1,","T,",YARD,Texas,33.463195,-94.239251,24,Midnight
Derailments,2016:05:PTRA:2016000017,0,0,0,20000,5,2,0,HARRIS,3:00,2016,2016,"H318,","PTRA,",1,"H3,","H,",YARD,Texas,29.711586,-95.250205,3,Midnight
Derailments,2016:05:TXN:160522001,0,0,2000,126402,0,0,0,WARD,1:35,2016,2016,"H702,H307,","TXN,",7,"H7,H3,","H,",INDUSTRY,Texas,31.638864,-102.984739,1,Midnight
Derailments,2016:05:UP:0516FW014,0,0,279180,335021,18,0,0,CALLAHAN,21:15,2016,2016,"T102,","UP,",1,"T1,","T,",MAIN,Texas,32.387855,-99.340197,21,Evening
Side collision,2016:05:UP:0516HO005,0,0,22480,294735,15,2,0,HARRIS,21:00,2016,2016,"M409,","UP,",1,"M4,","M,",YARD,Texas,29.685855,-95.039827,21,Evening
Derailments,2016:05:UP:0516HO009,0,0,3222,11081,0,0,0,HARRIS,24:05:00,2016,2016,"H021,","UP,",76,"H0,","H,",YARD,Texas,29.78974,-95.299125,24,Midnight
Derailments,2016:05:UP:0516HO029,0,0,2650,11030,0,0,0,HARRIS,17:30,2016,2016,"E40C,","UP,",1,"E4,","E,",YARD,Texas,29.803412,-95.300268,17,Evening
Derailments,2016:05:UP:0516HO033,0,0,19749,1129,0,0,0,HARRIS,21:15,2016,2016,"S007,","UP,",1,"S0,","S,",YARD,Texas,29.68319,-95.039148,21,Evening
Derailments,2016:05:UP:0516LV010,0,0,2779,67130,0,0,0,ANGELINA,1:45,2016,2016,"T309,","UP,",1,"T3,","T,",YARD,Texas,31.341446,-94.729313,1,Midnight
Derailments,2016:06:AWRR:160629001,0,0,114500,227000,0,0,0,TRAVIS,3:15,2016,2016,"T222,T202,","AWRR,",1,"T2,","T,",MAIN,Texas,30.326667,-97.594722,3,Midnight
Derailments,2016:06:UP:0616FW010,0,0,12516,1584,1,0,0,DALLAS,2:25,2016,2016,"M103,","UP,",1,"M1,","M,",SIDING,Texas,32.771638,-96.622748,2,Midnight
Derailments,2016:06:UP:0616HO019,0,0,35276,216716,15,5,0,HARRIS,1:48,2016,2016,"H702,","UP,",17,"H7,","H,",YARD,Texas,29.789974,-95.298225,1,Midnight
Other events,2016:06:UP:0616SA006,0,0,14196,0,0,0,0,BEXAR,22:00,2016,2016,"H706,","UP,",7,"H7,","H,",YARD,Texas,29.359279,-98.571291,22,Evening
Derailments,2016:06:UP:0616SA012,0,0,321796,20058,0,0,0,WILLIAMSON,4:00,2016,2016,"M405,","UP,",1,"M4,","M,",MAIN,Texas,30.567672,-97.404366,4,Midnight
Highway-rail impact,2016:06:UP:0616SA013,0,0,18000,121,5,0,0,WILLIAMSON,23:56,2016,2016,"M303,","UP,",1,"M3,","M,",MAIN,Texas,30.55765,-97.452299,23,Evening
Highway-rail impact,2016:06:UP:0616SA016,0,0,238810,545934,0,0,0,BURLESON,20:45,2016,2016,"M302,","UP,",1,"M3,","M,",MAIN,Texas,30.577731,-96.61377,20,Evening
Derailments,2016:07:BNSF:GC0716106,0,0,25450,27903,1,1,0,BELL,18:50,2016,2016,"T403,","BNSF,",1,"T4,","T,",YARD,Texas,31.120397,-97.349754,18,Evening
Derailments,2016:07:BNSF:GC0716116,0,0,8000,143272,7,0,0,GREGG,1:45,2016,2016,"T111,","BNSF,",1,"T1,","T,",SIDING,Texas,32.489432,-94.710512,1,Midnight
Derailments,2016:07:BNSF:GC0716117,0,0,7500,33298,0,0,0,HARRIS,3:50,2016,2016,"H601,","BNSF,",1,"H6,","H,",YARD,Texas,29.702145,-95.328226,3,Midnight
Derailments,2016:07:KCS:16071801,0,0,474,18305,0,0,0,JEFFERSON,4:30,2016,2016,"T314,","KCS,",8,"T3,","T,",YARD,Texas,29.860843,-93.946861,4,Midnight
Derailments,2016:07:PTRA:2016000022,0,0,6000,23260,19,2,0,HARRIS,23:00,2016,2016,"H702,H306,","PTRA,",7,"H7,H3,","H,",YARD,Texas,29.4313,-95.129,23,Evening
Derailments,2016:07:TIBR:160727001,0,0,0,22000,2,2,0,HARDIN,2:00,2016,2016,"H306,H307,","TIBR,",7,"H3,","H,",YARD,Texas,30.211442,-94.112633,2,Midnight
Derailments,2016:08:AWRR:160802001,0,0,21000,157000,0,0,0,WILLIAMSON,2:00,2016,2016,"T220,","AWRR,",1,"T2,","T,",MAIN,Texas,30.700555,-97.958611,2,Midnight
Other impacts,2016:08:BNSF:TX0816101,0,0,2500,85950,0,0,0,TARRANT,3:20,2016,2016,"H318,H020,","BNSF,",7,"H3,H0,","H,",YARD,Texas,32.818937,-97.327103,3,Midnight
Derailments,2016:08:TXNW:TXNW160805,0,0,0,64800,0,0,0,MOORE,4:00,2016,2016,"H307,H702,","BNSF,TXNW,",1,"H3,H7,H3,H7,","H,",YARD,Texas,36.023551,-101.975659,4,Midnight
Derailments,2016:08:TXPF:08102016,0,0,450000,250000,0,0,0,COLEMAN,17:00,2016,2016,"T204,T222,","TXPF,",1,"T2,","T,",MAIN,Texas,31.754246,-99.495094,17,Evening
Derailments,2016:08:UP:0816FW020,0,0,4600000,1612749,0,0,0,DENTON,18:00,2016,2016,"T108,","UP,",1,"T1,","T,",MAIN,Texas,33.042568,-97.208309,18,Evening
Side collision,2016:08:UP:0816FW028,0,0,2035,38084,0,0,0,TARRANT,4:30,2016,2016,"M407,","UP,",75,"M4,","M,",YARD,Texas,32.723973,-97.37663,4,Midnight
Highway-rail impact,2016:08:UP:0816HO032,0,1,870,10609,0,0,0,COLORADO,3:35,2016,2016,"M308,","UP,",1,"M3,","M,",INDUSTRY,Texas,29.59991,-96.344887,3,Midnight
Other events,2016:08:UP:0816HO038,0,0,3664,23100,0,0,0,HARRIS,17:45,2016,2016,"T108,E79L,","BNSF,UP,",1,"T1,E7,","T,E,",MAIN,Texas,29.737146,-95.313252,17,Evening
Other impacts,2016:08:UP:0816LK033,0,0,0,31115,1,0,0,GREGG,4:00,2016,2016,"H318,","UP,",57,"H3,","H,",YARD,Texas,32.495954,-94.722309,4,Midnight
Derailments,2016:08:UP:0816SA023,0,0,0,19123,0,0,0,VICTORIA,21:41,2016,2016,"H305,","UP,",NA,"H3,","H,",INDUSTRY,Texas,28.825374,-97.0052,21,Evening
Side collision,1980:05:SP:S4450,0,0,250,4500,6,1,0,EL PASO,20:45,1980,1980,"H210,","SP,",7,"H2,","H,",YARD,Texas,31.827233,-99.423022,20,Evening
Derailments,1975:01:KCS:304502,0,0,425,23500,0,0,0,JEFFERSON,1:35,1975,1975,"T101,T111,","KCS,",1,"T1,","T,",MAIN,Texas,31.827233,-99.423022,1,Midnight
Derailments,1980:05:SP:U3920,0,0,9900,40500,0,0,0,BEXAR,24:20:00,1980,1980,"E79L,","SP,",1,"E7,","E,",MAIN,Texas,31.827233,-99.423022,24,Midnight
Derailments,1980:06:ATSF:230680103,0,0,9500,62600,0,0,0,LIBERTY,4:15,1980,1980,"T220,","ATSF,",1,"T2,","T,",MAIN,Texas,31.827233,-99.423022,4,Midnight
Derailments,1980:06:MKT:AX37S,0,0,7650,4130,0,0,0,TARRANT,18:40,1980,1980,"T220,","MKT,",1,"T2,","T,",MAIN,Texas,31.827233,-99.423022,18,Evening
Derailments,1980:05:SP:S5420,0,0,190,23000,0,0,0,EL PASO,2:30,1980,1980,"M501,","SP,",56,"M5,","M,",YARD,Texas,31.827233,-99.423022,2,Midnight
Derailments,1975:02:MKT:AX21S,0,0,6250,47500,0,0,0,TARRANT,1:58,1975,1975,"H307,","MKT,",1,"H3,","H,",MAIN,Texas,31.827233,-99.423022,1,Midnight
Raking collision,1980:06:ATSF:220680106,0,0,0,6000,0,0,0,JOHNSON,3:45,1980,1980,"M599,","ATSF,",7,"M5,","M,",YARD,Texas,31.827233,-99.423022,3,Midnight
Derailments,1980:06:ATSF:200680103,0,0,12500,41400,0,0,0,PRESIDIO,17:00,1980,1980,"T099,","ATSF,",1,"T0,","T,",MAIN,Texas,31.827233,-99.423022,17,Evening
Derailments,1980:06:ATSF:220680103,0,0,12000,76000,12,3,2,DALLAS,2:25,1980,1980,"E26C,E23C,T309,T314,","ATSF,LA,",1,"E2,T3,","E,T,",MAIN,Texas,31.827233,-99.423022,2,Midnight
Side collision,1980:06:ATSF:220680108,0,0,0,44945,0,0,0,JOHNSON,1:20,1980,1980,"H702,","ATSF,",8,"H7,","H,",YARD,Texas,31.827233,-99.423022,1,Midnight
Side collision,1980:06:ATSF:230680105,0,0,1000,9250,0,0,0,GREGG,2:45,1980,1980,"H306,","ATSF,",86,"H3,","H,",YARD,Texas,31.827233,-99.423022,2,Midnight
Derailments,1975:01:LA:300828,0,0,20000,90000,0,0,0,FRANKLIN,2:15,1975,1975,"T101,","LA,",1,"T1,","T,",MAIN,Texas,31.827233,-99.423022,2,Midnight
Derailments,1980:05:SP:F7090,0,0,5000,2750,0,0,0,JEFFERSON,23:40,1980,1980,"T101,","SP,",7,"T1,","T,",YARD,Texas,31.827233,-99.423022,23,Evening
Derailments,1980:05:SP:X2500,0,0,2000,1600,0,0,0,HARRIS,21:30,1980,1980,"T110,","SP,",7,"T1,","T,",YARD,Texas,31.827233,-99.423022,21,Evening
Side collision,1975:01:ATSF:26015116,0,0,0,5750,0,0,0,TARRANT,1:15,1975,1975,"H602,","ATSF,",7,"H6,","H,",YARD,Texas,31.827233,-99.423022,1,Midnight
Derailments,1975:01:KCS:304701,0,0,200,2800,0,0,0,JEFFERSON,2:55,1975,1975,"T101,","KCS,",7,"T1,","T,",YARD,Texas,31.827233,-99.423022,2,Midnight
Derailments,1980:05:SP:X1290,0,0,9000,500,0,0,0,HARRIS,19:45,1980,1980,"T314,T001,","SP,",8,"T3,T0,","T,",MAIN,Texas,31.827233,-99.423022,19,Evening
Fire/violent rupture,1980:06:ATSF:230680107,0,0,0,13500,0,0,0,JASPER,24:35:00,1980,1980,"E49L,","ATSF,",1,"E4,","E,",SIDING,Texas,31.827233,-99.423022,24,Midnight
Derailments,1980:05:SP:X2720,0,0,2700,750,0,0,0,HARRIS,1:00,1980,1980,"T318,","SP,",7,"T3,","T,",YARD,Texas,31.827233,-99.423022,1,Midnight
Derailments,1975:01:ATSF:15015106,0,0,150,2500,0,0,0,POTTER,21:20,1975,1975,"T311,","ATSF,",7,"T3,","T,",YARD,Texas,31.827233,-99.423022,21,Evening
Derailments,1975:01:HBT:AX3A75,0,0,485,1500,0,0,0,HARRIS,22:15,1975,1975,"H312,","HBT,",7,"H3,","H,",YARD,Texas,31.827233,-99.423022,22,Evening
Derailments,1980:06:ATSF:220680102,0,0,10000,400,0,0,0,NOLAN,18:40,1980,1980,"T399,","ATSF,",1,"T3,","T,",YARD,Texas,31.827233,-99.423022,18,Evening
Derailments,1980:06:ATSF:230680108,0,0,17000,15700,0,0,0,AUSTIN,1:50,1980,1980,"H603,T101,","ATSF,",1,"H6,T1,","H,T,",YARD,Texas,31.827233,-99.423022,1,Midnight
Side collision,1975:01:HBT:AX2A75,0,0,388,1650,0,0,0,HARRIS,17:10,1975,1975,"H301,","HBT,",7,"H3,","H,",YARD,Texas,31.827233,-99.423022,17,Evening
Fire/violent rupture,1975:01:ATSF:27015113,0,0,0,3000,0,0,0,MILAM,23:05,1975,1975,"E62L,","ATSF,",1,"E6,","E,",MAIN,Texas,31.827233,-99.423022,23,Evening
Derailments,1980:06:MKT:AX36S,0,0,1650,3440,0,0,0,MCLENNAN,1:40,1980,1980,"H503,","MKT,",1,"H5,","H,",YARD,Texas,31.827233,-99.423022,1,Midnight
Derailments,1980:06:ATSF:200680102,0,0,10000,5500,0,0,0,PRESIDIO,2:15,1980,1980,"E64C,","ATSF,",1,"E6,","E,",MAIN,Texas,31.827233,-99.423022,2,Midnight
Derailments,1980:05:SP:U3900,0,0,2200,750,0,0,0,LIMESTONE,4:30,1980,1980,"E32C,","SP,",1,"E3,","E,",MAIN,Texas,31.827233,-99.423022,4,Midnight
Derailments,1980:05:SP:U4690,0,0,16000,10000,4,0,0,GRAYSON,20:50,1980,1980,"H505,","SLSF,SP,",1,"H5,","H,",MAIN,Texas,31.827233,-99.423022,20,Evening
Side collision,1980:05:SP:X1460,0,2,0,8500,2,1,0,HARRIS,18:30,1980,1980,"H307,","SP,",7,"H3,","H,",YARD,Texas,31.827233,-99.423022,18,Evening
Derailments,1980:06:FWD:FW158,0,0,0,20000,0,0,0,POTTER,2:45,1980,1980,"T001,","FWD,",7,"T0,","T,",YARD,Texas,31.827233,-99.423022,2,Midnight
Derailments,1975:01:ATSF:26015127,0,0,4500,96100,0,0,0,COLLIN,1:25,1975,1975,"H604,H699,","ATSF,LA,",11,"H6,","H,",MAIN,Texas,31.827233,-99.423022,1,Midnight
Derailments,1975:02:MP:8927,0,1,0,2500,0,0,0,MILAM,17:30,1975,1975,"T113,","ATK,MP,",22,"T1,","T,",SIDING,Texas,31.827233,-99.423022,17,Evening
Derailments,1975:03:RI:SRWF248,0,0,1001,3505,0,0,0,DALLAS,21:15,1975,1975,"T110,","RI,",1,"T1,","T,",SIDING,Texas,31.827233,-99.423022,21,Evening
Derailments,1975:01:TP:9730,0,0,3143,0,0,0,0,TARRANT,24:25:00,1975,1975,"E49C,","MKT,TP,",11,"E4,","E,",MAIN,Texas,31.827233,-99.423022,24,Midnight
Derailments,1975:03:RI:SRWT221,0,0,27029,25610,0,0,0,DALLAS,3:40,1975,1975,"T101,","RI,",1,"T1,","T,",MAIN,Texas,31.827233,-99.423022,3,Midnight
Derailments,1975:02:TP:P5002,0,0,19250,300,2,0,0,DENTON,24:15:00,1975,1975,"E05C,T399,","MKT,TP,",11,"E0,T3,","E,T,",SIDING,Texas,31.827233,-99.423022,24,Midnight
Derailments,1975:02:ATSF:15025103,0,0,8673,350,0,0,0,LIPSCOMB,1:00,1975,1975,"E52C,","ATSF,",1,"E5,","E,",SIDING,Texas,31.827233,-99.423022,1,Midnight
Derailments,1975:03:ATSF:27035104,0,0,1040,2300,0,0,0,BELL,17:20,1975,1975,"H503,T101,","ATSF,",1,"H5,T1,","H,T,",YARD,Texas,31.827233,-99.423022,17,Evening
Derailments,1975:02:RI:WF105,0,0,9930,34100,0,0,0,,3:50,1975,1975,"T213,","RI,",1,"T2,","T,",MAIN,Texas,31.827233,-99.423022,3,Midnight
Derailments,1975:03:MP:6,0,0,3358,4100,0,0,0,WILLIAMSON,20:30,1975,1975,"H503,","MP,",1,"H5,","H,",YARD,Texas,31.827233,-99.423022,20,Evening
Derailments,1975:03:ATSF:27035128,0,0,16000,56950,21,1,0,BRAZORIA,20:25,1975,1975,"E52C,","ATSF,",1,"E5,","E,",MAIN,Texas,31.827233,-99.423022,20,Evening
Derailments,1975:01:SLSF:T3A7,0,0,500,2535,35,3,0,DALLAS,1:30,1975,1975,"T002,","SLSF,",1,"T0,","T,",MAIN,Texas,31.827233,-99.423022,1,Midnight
Derailments,1975:02:TP:P5005,0,0,850,3000,16,1,0,DALLAS,23:35,1975,1975,"H702,","TP,",7,"H7,","H,",YARD,Texas,31.827233,-99.423022,23,Evening
Derailments,1975:02:MKT:AX19S,0,0,1850,8250,0,0,0,FAYETTE,19:35,1975,1975,"T102,","MKT,",1,"T1,","T,",MAIN,Texas,31.827233,-99.423022,19,Evening
Derailments,1975:01:SP:J0675,0,0,0,7400,1,1,0,ANGELINA,3:55,1975,1975,"T103,","SP,",1,"T1,","T,",MAIN,Texas,31.827233,-99.423022,3,Midnight
Derailments,1975:02:SP:H1955,0,0,300,1000,0,0,0,HARRIS,1:40,1975,1975,"T314,","HBT,SP,",7,"T3,","T,",YARD,Texas,31.827233,-99.423022,1,Midnight
Derailments,1975:02:TP:P5000,0,0,100,2500,0,0,0,GREGG,19:35,1975,1975,"H699,","TP,",1,"H6,","H,",SIDING,Texas,31.827233,-99.423022,19,Evening
Derailments,1975:03:MP:2,0,0,1235,4500,0,0,0,ANDERSON,22:55,1975,1975,"T309,","MP,",1,"T3,","T,",YARD,Texas,31.827233,-99.423022,22,Evening