AccidentType,inckey,Fatalities,Injuries,TrackDamage,EquipmentDamage,HazmatCars,HazmatCarsDerailed,HazmatCarsReleasing,County,DisplayTime,calendar,Fiscal,AccidentCause,RailroadCodes,RAILEQUIPMENT_TYPE,CauseGroup,CauseDiscipline,TYPE_OF_TRACK,StateName,latitude,longitude,hour,cat
Side collision,1975:02:KCS:304886,0,0,9200,29800,37,6,0,ORANGE,3:10,1975,1975,"H303,","KCS,MP,",11,"H3,","H,",SIDING,Texas,31.827233,-99.423022,3,Midnight
Derailments,1975:02:SLSF:T3A5,0,0,4100,1000,0,0,0,GRAYSON,17:40,1975,1975,"T314,","SLSF,",1,"T3,","T,",MAIN,Texas,31.827233,-99.423022,17,Evening
Derailments,1975:02:RI:SRWF140,0,0,14735,4034,0,0,0,MONTAGUE,18:05,1975,1975,"T220,","RI,",1,"T2,","T,",MAIN,Texas,31.827233,-99.423022,18,Evening
Fire/violent rupture,1975:03:SP:G1885,0,0,14000,0,0,0,0,BURLESON,22:35,1975,1975,"E04C,","SP,",1,"E0,","E,",MAIN,Texas,31.827233,-99.423022,22,Evening
Derailments,1975:04:RI:SRWF304,0,0,4759,5965,0,0,0,DALLAS,18:30,1975,1975,"E23C,","RI,",1,"E2,","E,",MAIN,Texas,31.827233,-99.423022,18,Evening
Derailments,1975:01:RI:WF54,0,0,1693,9300,0,0,0,,4:10,1975,1975,"T201,","RI,",1,"T2,","T,",MAIN,Texas,31.827233,-99.423022,4,Midnight
Derailments,1975:01:PTRA:D1,0,0,6160,3300,0,0,0,HARRIS,17:13,1975,1975,"T314,","PTRA,RI,",1,"T3,","T,",MAIN,Texas,31.827233,-99.423022,17,Evening
Side collision,1975:01:TP:9724,0,0,600,4700,0,0,0,TARRANT,19:00,1975,1975,"H017,","TP,",7,"H0,","H,",YARD,Texas,31.827233,-99.423022,19,Evening
Derailments,1975:03:ATSF:26035106,0,0,7000,224006,0,0,0,TOM GREEN,24:45:00,1975,1975,"T211,","ATSF,",1,"T2,","T,",MAIN,Texas,31.827233,-99.423022,24,Midnight
Derailments,1975:02:SP:H1965,0,0,1350,1000,0,0,0,HARRIS,4:30,1975,1975,"T314,","HBT,SP,",7,"T3,","T,",YARD,Texas,31.827233,-99.423022,4,Midnight
Derailments,1975:02:LA:300829,0,0,8000,34200,13,4,0,FRANKLIN,17:15,1975,1975,"T101,","LA,",1,"T1,","T,",MAIN,Texas,31.827233,-99.423022,17,Evening
Derailments,1975:02:RI:SRWF121,0,0,14730,23088,0,0,0,DALLAS,23:45,1975,1975,"T102,","RI,",1,"T1,","T,",MAIN,Texas,31.827233,-99.423022,23,Evening
Broken train collision,1975:03:ATSF:26035132,0,0,239,3100,0,0,0,DALLAS,17:00,1975,1975,"E32C,","ATSF,LA,",11,"E3,","E,",MAIN,Texas,31.827233,-99.423022,17,Evening
Derailments,1975:02:RI:JTDWF7,0,0,9807,1500,0,0,0,GRIMES,22:00,1975,1975,"E32C,","RI,",1,"E3,","E,",MAIN,Texas,31.827233,-99.423022,22,Evening
Derailments,1975:01:TP:9691,0,0,967,5900,3,3,0,ECTOR,20:20,1975,1975,"T311,T001,","TP,",7,"T3,T0,","T,",YARD,Texas,31.827233,-99.423022,20,Evening
Other impacts,1975:02:ATSF:26025107,0,0,1200,1680,0,0,0,COOKE,22:30,1975,1975,"M501,M204,","ATSF,",1,"M5,M2,","M,",MAIN,Texas,31.827233,-99.423022,22,Evening
Derailments,1975:01:TP:9715,0,0,500,12400,0,0,0,DENTON,21:30,1975,1975,"H503,","MKT,TP,",11,"H5,","H,",SIDING,Texas,31.827233,-99.423022,21,Evening
Raking collision,1975:02:SP:H1155,0,0,0,6300,0,0,0,JIM WELLS,23:50,1975,1975,"M201,","SP,",15,"M2,","M,",YARD,Texas,31.827233,-99.423022,23,Evening
Derailments,1975:02:SP:H2015,0,0,89771,250,0,0,0,BRAZOS,20:50,1975,1975,"E49C,","MP,SP,",1,"E4,","E,",MAIN,Texas,31.827233,-99.423022,20,Evening
Highway-rail impact,1975:02:SP:H1845,1,0,500,14750,0,0,0,BEE,22:10,1975,1975,"M399,","SP,",1,"M3,","M,",MAIN,Texas,31.827233,-99.423022,22,Evening
Derailments,1975:01:SP:G1085,0,0,20000,66800,0,0,0,ANGELINA,22:20,1975,1975,"T220,","SP,SSW,",1,"T2,","T,",MAIN,Texas,31.827233,-99.423022,22,Evening
Side collision,1975:02:PTRA:C1,0,0,0,3150,0,0,0,HARRIS,23:15,1975,1975,"H301,H017,","PTRA,",7,"H3,H0,","H,",YARD,Texas,31.827233,-99.423022,23,Evening
Derailments,1975:03:TN:TA2,0,0,0,1841,0,0,0,MORRIS,23:45,1975,1975,"T399,","TN,",6,"T3,","T,",INDUSTRY,Texas,31.827233,-99.423022,23,Evening
Derailments,1975:01:SLSF:T3A6,0,0,5050,1400,41,6,0,GRAYSON,19:20,1975,1975,"T108,T001,","SLSF,",1,"T1,T0,","T,",MAIN,Texas,31.827233,-99.423022,19,Evening
Derailments,1975:05:ATSF:31055113,0,0,1300,3200,1,1,0,PANOLA,20:55,1975,1975,"E64C,","ATSF,",1,"E6,","E,",SIDING,Texas,31.827233,-99.423022,20,Evening
Derailments,1975:03:SP:G1415,0,0,8000,125,0,0,0,BEXAR,22:20,1975,1975,"E66C,","SP,",1,"E6,","E,",MAIN,Texas,31.827233,-99.423022,22,Evening
Derailments,1975:03:SP:H2645,0,0,700,6250,0,0,0,COLORADO,4:00,1975,1975,"T221,","SP,",7,"T2,","T,",YARD,Texas,31.827233,-99.423022,4,Midnight
Derailments,1975:03:RI:JTDWF10,0,0,3102,1500,0,0,0,ELLIS,3:40,1975,1975,"H503,","RI,",1,"H5,","H,",MAIN,Texas,31.827233,-99.423022,3,Midnight
Derailments,1975:04:MKT:AX60S,0,0,1700,2350,0,0,0,WILLIAMSON,4:00,1975,1975,"T110,","MKT,",1,"T1,","T,",YARD,Texas,31.827233,-99.423022,4,Midnight
Derailments,1975:03:MP:4,0,0,100,3210,0,0,0,COMAL,4:00,1975,1975,"T002,","MP,",1,"T0,","T,",YARD,Texas,31.827233,-99.423022,4,Midnight
Derailments,1975:03:MP:1,0,0,1251,3300,0,0,0,WILLIAMSON,18:15,1975,1975,"M201,","MP,",1,"M2,","M,",YARD,Texas,31.827233,-99.423022,18,Evening
Derailments,1975:03:GHH:30,0,0,4420,1300,0,0,0,HARRIS,21:00,1975,1975,"T102,","GHH,MKT,",11,"T1,","T,",MAIN,Texas,31.827233,-99.423022,21,Evening
Side collision,1975:05:ATSF:31055115,0,0,0,5835,0,0,0,HARDIN,1:05,1975,1975,"H018,","ATSF,",67,"H0,","H,",YARD,Texas,31.827233,-99.423022,1,Midnight
Derailments,1975:03:RI:SRWF201,0,0,4404,4856,0,0,0,GRAY,23:50,1975,1975,"T215,","RI,",1,"T2,","T,",MAIN,Texas,31.827233,-99.423022,23,Evening
Explosion/detonation,1975:04:KCS:306826,0,0,205,59500,0,0,0,JEFFERSON,4:00,1975,1975,"M203,","KCS,",7,"M2,","M,",YARD,Texas,31.827233,-99.423022,4,Midnight
Head on collision,1975:04:HBT:AX4D75,0,0,400,2100,22,4,0,HARRIS,3:45,1975,1975,"H403,","HBT,",7,"H4,","H,",YARD,Texas,31.827233,-99.423022,3,Midnight
Derailments,1975:03:GWF:2424,0,0,6000,0,0,0,0,,20:00,1975,1975,"T314,","GWF,",7,"T3,","T,",YARD,Texas,31.827233,-99.423022,20,Evening
Rear end collision,1975:04:ATSF:27045117,0,0,0,5000,0,0,0,PANOLA,23:45,1975,1975,"H403,H601,","ATSF,",1,"H4,H6,","H,",MAIN,Texas,31.827233,-99.423022,23,Evening
Derailments,1975:03:LA:303909,0,0,350,2000,0,0,0,MARION,23:10,1975,1975,"T314,","LA,",1,"T3,","T,",SIDING,Texas,31.827233,-99.423022,23,Evening
Derailments,1975:03:SP:H2845,0,0,2500,5000,0,0,0,BEE,1:00,1975,1975,"E05C,","MP,SP,",11,"E0,","E,",MAIN,Texas,31.827233,-99.423022,1,Midnight
Derailments,1975:04:MKT:AX72S,0,0,400,7750,0,0,0,DALLAS,17:05,1975,1975,"E33C,","MKT,RI,",11,"E3,","E,",MAIN,Texas,31.827233,-99.423022,17,Evening
Derailments,1975:03:RI:SRWF209,0,0,1525,4650,0,0,0,TARRANT,24:15:00,1975,1975,"T110,","RI,",NA,"T1,","T,",YARD,Texas,31.827233,-99.423022,24,Midnight
Fire/violent rupture,1975:03:SP:G1875,0,0,0,6500,0,0,0,KINNEY,1:00,1975,1975,"M599,","SP,",5,"M5,","M,",YARD,Texas,31.827233,-99.423022,1,Midnight
Derailments,1975:05:MKT:AX83S,0,0,650,1500,0,0,0,TARRANT,18:00,1975,1975,"E52C,","MKT,",1,"E5,","E,",MAIN,Texas,31.827233,-99.423022,18,Evening
Derailments,1975:03:SP:G1455,0,0,6500,0,0,0,0,COLLIN,21:20,1975,1975,"E34C,","SP,",1,"E3,","E,",MAIN,Texas,31.827233,-99.423022,21,Evening
Side collision,1975:04:MP:8515,0,0,270,3450,0,0,0,BEXAR,23:55,1975,1975,"H301,","MP,",6,"H3,","H,",YARD,Texas,31.827233,-99.423022,23,Evening
Derailments,1975:04:MKT:AX55S,0,0,2700,17600,0,0,0,GRAYSON,18:53,1975,1975,"E24C,","MKT,",1,"E2,","E,",MAIN,Texas,31.827233,-99.423022,18,Evening
Derailments,1975:04:SLSF:T3A30,0,0,3310,810,3,0,0,GRAYSON,24:39:00,1975,1975,"E64C,T314,","SLSF,",1,"E6,T3,","E,T,",MAIN,Texas,31.827233,-99.423022,24,Midnight
Derailments,1975:03:MKT:AX36S,0,0,6700,7625,2,2,0,WILLIAMSON,24:50:00,1975,1975,"T102,","MKT,",1,"T1,","T,",MAIN,Texas,31.827233,-99.423022,24,Midnight
Derailments,1975:03:TP:8519,0,0,34200,7500,0,0,0,DALLAS,3:30,1975,1975,"T220,T203,","TP,",7,"T2,","T,",YARD,Texas,31.827233,-99.423022,3,Midnight
Derailments,1975:04:FWD:FW46,0,0,0,5000,0,0,0,TARRANT,3:00,1975,1975,"T099,","FWD,",7,"T0,","T,",YARD,Texas,31.827233,-99.423022,3,Midnight
Derailments,1975:03:MKT:AX28S,0,0,1750,150,0,0,0,DALLAS,4:25,1975,1975,"M503,","MKT,",7,"M5,","M,",YARD,Texas,31.827233,-99.423022,4,Midnight
Derailments,1975:05:RI:SRWF429,0,0,650,1501,0,0,0,TARRANT,4:00,1975,1975,"M203,","RI,",7,"M2,","M,",YARD,Texas,31.827233,-99.423022,4,Midnight
Derailments,1975:04:ATSF:26045121,0,0,762,1260,0,0,0,DALLAS,2:30,1975,1975,"H602,","ATSF,SSW,",77,"H6,","H,",YARD,Texas,31.827233,-99.423022,2,Midnight
Side collision,1975:04:MKT:AX58S,0,0,0,9300,0,0,0,GRAYSON,18:00,1975,1975,"H303,","MKT,",8,"H3,","H,",YARD,Texas,31.827233,-99.423022,18,Evening
Derailments,1975:04:RI:SRWF290,0,0,675,9550,0,0,0,DALLAS,17:45,1975,1975,"T001,","RI,",1,"T0,","T,",MAIN,Texas,31.827233,-99.423022,17,Evening
Derailments,1975:03:MKT:AX46S,0,0,5000,600,0,0,0,WILLIAMSON,22:15,1975,1975,"E23C,","MKT,",1,"E2,","E,",MAIN,Texas,31.827233,-99.423022,22,Evening
Derailments,1975:05:ATSF:30055123,0,0,506,1875,0,0,0,TARRANT,23:00,1975,1975,"M203,","ATSF,",1,"M2,","M,",YARD,Texas,31.827233,-99.423022,23,Evening
Derailments,1975:04:MP:8516,0,0,4380,35975,0,0,0,TRAVIS,22:45,1975,1975,"E05C,","MP,",1,"E0,","E,",MAIN,Texas,31.827233,-99.423022,22,Evening
Raking collision,1975:03:SP:H2315,0,0,300,4000,1,1,0,HARRIS,24:10:00,1975,1975,"H702,","SP,",1,"H7,","H,",YARD,Texas,31.827233,-99.423022,24,Midnight
Raking collision,1975:05:HBT:AX1E75,0,0,100,1900,0,0,0,HARRIS,1:05,1975,1975,"H301,","HBT,",6,"H3,","H,",YARD,Texas,31.827233,-99.423022,1,Midnight
Side collision,1975:03:TN:TA3,0,0,0,1783,0,0,0,MORRIS,3:05,1975,1975,"H301,","TN,",1,"H3,","H,",MAIN,Texas,31.827233,-99.423022,3,Midnight
Derailments,1975:03:TP:P5009,0,0,600,3150,0,0,0,GREGG,23:50,1975,1975,"H503,","TP,",1,"H5,","H,",MAIN,Texas,31.827233,-99.423022,23,Evening
Derailments,1975:03:RI:SRWF247,0,0,745,1550,0,0,0,WISE,22:10,1975,1975,"T314,","RI,",1,"T3,","T,",MAIN,Texas,31.827233,-99.423022,22,Evening
Derailments,1975:04:MKT:AX69S,0,0,6000,29900,0,0,0,TARRANT,4:00,1975,1975,"T220,","MKT,",1,"T2,","T,",MAIN,Texas,31.827233,-99.423022,4,Midnight
Derailments,1975:06:GHH:33,0,0,1248,5000,0,0,0,HARRIS,17:45,1975,1975,"H302,","GHH,MKT,",41,"H3,","H,",INDUSTRY,Texas,31.827233,-99.423022,17,Evening
Derailments,1975:08:ATSF:31085101,0,0,200,6800,0,0,0,LIBERTY,1:40,1975,1975,"E52C,","ATSF,",1,"E5,","E,",MAIN,Texas,31.827233,-99.423022,1,Midnight
Derailments,1975:04:SP:G2545,0,0,3000,0,0,0,0,ROBERTSON,21:40,1975,1975,"T210,","SP,",1,"T2,","T,",YARD,Texas,31.827233,-99.423022,21,Evening
Derailments,1975:06:ATSF:31065100,0,0,700,5150,0,0,0,JEFFERSON,18:10,1975,1975,"T399,","ATSF,",1,"T3,","T,",YARD,Texas,31.827233,-99.423022,18,Evening
Derailments,1975:05:HBT:AX3E75,0,0,665,1800,0,0,0,HARRIS,21:10,1975,1975,"H702,","HBT,",7,"H7,","H,",YARD,Texas,31.827233,-99.423022,21,Evening
Highway-rail impact,1975:06:ATSF:32065126,2,1,460,1550,0,0,0,LUBBOCK,24:15:00,1975,1975,"M399,","ATSF,",1,"M3,","M,",MAIN,Texas,31.827233,-99.423022,24,Midnight
Derailments,1975:05:ATSF:31055114,0,0,20500,26600,0,0,0,HARRIS,24:25:00,1975,1975,"E52C,","ATSF,MP,",11,"E5,","E,",MAIN,Texas,31.827233,-99.423022,24,Midnight
Derailments,1975:08:ATSF:31085115,0,0,50,3200,0,0,0,BELL,19:45,1975,1975,"H601,H999,","ATSF,",1,"H6,H9,","H,",SIDING,Texas,31.827233,-99.423022,19,Evening
Derailments,1975:06:ATSF:30065118A,0,0,0,1500,0,0,0,BROWN,4:05,1975,1975,"H403,","ATSF,",7,"H4,","H,",YARD,Texas,31.827233,-99.423022,4,Midnight
Derailments,1975:06:ATSF:30065118B,0,0,0,800,0,0,0,BROWN,4:05,1975,1975,"H403,","ATSF,",6,"H4,","H,",YARD,Texas,31.827233,-99.423022,4,Midnight
Side collision,1975:06:ATSF:30065127,0,0,138,3100,0,0,0,TARRANT,20:00,1975,1975,"H403,","ATSF,",7,"H4,","H,",YARD,Texas,31.827233,-99.423022,20,Evening
Derailments,1975:06:ATSF:32065117,0,0,150,10000,0,0,0,GRAY,4:15,1975,1975,"T001,T102,","ATSF,",1,"T0,T1,","T,",MAIN,Texas,31.827233,-99.423022,4,Midnight
Derailments,1975:05:HBT:AX4E75,0,0,1800,0,0,0,0,HARRIS,2:25,1975,1975,"T108,","HBT,",NA,"T1,","T,",MAIN,Texas,31.827233,-99.423022,2,Midnight
Derailments,1975:04:SP:G2585,0,0,7500,50,0,0,0,ROBERTSON,19:10,1975,1975,"M503,","SP,",1,"M5,","M,",YARD,Texas,31.827233,-99.423022,19,Evening
Derailments,1975:05:MKT:AX75S,0,0,5000,5875,0,0,0,AUSTIN,22:00,1975,1975,"T220,","MKT,",1,"T2,","T,",MAIN,Texas,31.827233,-99.423022,22,Evening
Raking collision,1975:06:ATSF:31065104,0,0,11000,700,0,0,0,LAMPASAS,2:45,1975,1975,"M501,","ATSF,",1,"M5,","M,",MAIN,Texas,31.827233,-99.423022,2,Midnight
Derailments,1975:05:SP:G3375,0,0,20100,54100,0,0,0,VAL VERDE,1:25,1975,1975,"M201,","SP,",1,"M2,","M,",MAIN,Texas,31.827233,-99.423022,1,Midnight
Derailments,1975:05:MKT:AX84S,0,0,1018,750,0,0,0,TARRANT,22:55,1975,1975,"M503,","MKT,",1,"M5,","M,",MAIN,Texas,31.827233,-99.423022,22,Evening
Derailments,1975:05:RI:SRWF384,0,0,0,2650,0,0,0,DALLAS,21:00,1975,1975,"T101,","RI,",7,"T1,","T,",YARD,Texas,31.827233,-99.423022,21,Evening
Derailments,1975:05:SP:G2955,0,0,3000,2500,0,0,0,BURLESON,20:30,1975,1975,"H521,","SP,",1,"H5,","H,",MAIN,Texas,31.827233,-99.423022,20,Evening
Side collision,1975:06:ATSF:32065113,0,2,0,10088,0,0,0,POTTER,18:10,1975,1975,"H702,","ATSF,",68,"H7,","H,",YARD,Texas,31.827233,-99.423022,18,Evening
Derailments,1975:04:TP:8413,0,0,2500,3350,0,0,0,DALLAS,2:20,1975,1975,"E34C,","TP,",7,"E3,","E,",YARD,Texas,31.827233,-99.423022,2,Midnight
Derailments,1975:06:LA:302759,0,0,2000,300,0,0,0,CAMP,1:00,1975,1975,"T110,","LA,",1,"T1,","T,",YARD,Texas,31.827233,-99.423022,1,Midnight
Highway-rail impact,1975:04:TP:P5012,0,0,3250,1500,3,0,0,ECTOR,17:40,1975,1975,"M399,","TP,",1,"M3,","M,",MAIN,Texas,31.827233,-99.423022,17,Evening
Derailments,1975:06:HBT:AX2F75,0,0,1850,1175,44,0,0,HARRIS,4:15,1975,1975,"H601,","HBT,",6,"H6,","H,",MAIN,Texas,31.827233,-99.423022,4,Midnight
Derailments,1975:05:TP:8449,0,0,1833,30,0,0,0,HUDSPETH,23:35,1975,1975,"T311,","TP,",1,"T3,","T,",INDUSTRY,Texas,31.827233,-99.423022,23,Evening
Derailments,1975:05:MP:8471,0,0,2000,3300,0,0,0,GREGG,24:01:00,1975,1975,"T199,","MP,",1,"T1,","T,",SIDING,Texas,31.827233,-99.423022,24,Midnight
Other impacts,1975:04:TP:8518,0,0,6926,10600,1,1,0,TARRANT,19:15,1975,1975,"M503,T305,","TP,",67,"M5,T3,","M,T,",YARD,Texas,31.827233,-99.423022,19,Evening
Rear end collision,1975:06:MKT:AX89S,0,1,0,2000,0,0,0,FAYETTE,4:37,1975,1975,"H305,","MKT,",4,"H3,","H,",MAIN,Texas,31.827233,-99.423022,4,Midnight
Side collision,1975:06:FWD:FW82,0,0,0,8400,0,0,0,POTTER,17:45,1975,1975,"E06C,","FWD,",7,"E0,","E,",YARD,Texas,31.827233,-99.423022,17,Evening
Derailments,1975:05:SP:G2895,0,0,19000,109050,0,0,0,KINNEY,1:05,1975,1975,"E01C,","SP,",1,"E0,","E,",MAIN,Texas,31.827233,-99.423022,1,Midnight
Other impacts,1975:04:TP:P5016,0,0,100,2000,1,0,0,MARTIN,2:05,1975,1975,"M599,","TP,",1,"M5,","M,",MAIN,Texas,31.827233,-99.423022,2,Midnight
Derailments,1975:05:SP:H4195,0,0,2942,0,0,0,0,HARRIS,20:05,1975,1975,"H313,","SP,",7,"H3,","H,",YARD,Texas,31.827233,-99.423022,20,Evening
Derailments,1975:05:MP:8468,0,0,0,12700,0,0,0,SMITH,20:50,1975,1975,"E30C,","MP,",1,"E3,","E,",MAIN,Texas,31.827233,-99.423022,20,Evening
Derailments,1975:04:TSE:5,0,0,8800,18000,0,0,0,ANGELINA,18:30,1975,1975,"T202,","TSE,",1,"T2,","T,",MAIN,Texas,31.827233,-99.423022,18,Evening
Derailments,1975:05:ATSF:30055105,0,0,1600,1903,25,3,0,DALLAS,17:00,1975,1975,"E64C,","ATSF,",1,"E6,","E,",YARD,Texas,31.827233,-99.423022,17,Evening
Derailments,1975:05:TP:8517,0,0,150,2500,0,0,0,TARRANT,22:20,1975,1975,"T101,","TP,",7,"T1,","T,",YARD,Texas,31.827233,-99.423022,22,Evening
Derailments,1975:05:MP:8469,0,0,2200,2900,0,0,0,MCLENNAN,18:10,1975,1975,"H503,H505,","MP,",7,"H5,","H,",YARD,Texas,31.827233,-99.423022,18,Evening
Highway-rail impact,1975:06:ATSF:32065119,0,0,16670,41200,0,0,0,SHERMAN,19:05,1975,1975,"M399,","ATSF,",1,"M3,","M,",MAIN,Texas,31.827233,-99.423022,19,Evening
Derailments,1975:07:MKT:AX115S,0,0,6000,31600,0,0,0,FAYETTE,4:35,1975,1975,"H604,","MKT,",1,"H6,","H,",MAIN,Texas,31.827233,-99.423022,4,Midnight
Derailments,1975:07:TP:8545,0,0,250,2400,0,0,0,TARRANT,1:01,1975,1975,"E34C,","TP,",7,"E3,","E,",YARD,Texas,31.827233,-99.423022,1,Midnight
Derailments,1975:06:TCT:580.061475,0,0,0,1800,1,0,0,GALVESTON,1:00,1975,1975,"T311,","TCT,",6,"T3,","T,",MAIN,Texas,31.827233,-99.423022,1,Midnight
Derailments,1975:06:RI:SRWF469,0,0,779,1892,0,0,0,TARRANT,17:34,1975,1975,"T311,","RI,",7,"T3,","T,",YARD,Texas,31.827233,-99.423022,17,Evening
Derailments,1975:07:SP:J4635,0,0,9500,0,0,0,0,JEFFERSON,2:30,1975,1975,"T001,","SP,",7,"T0,","T,",YARD,Texas,31.827233,-99.423022,2,Midnight
Derailments,1975:07:RI:SRWF617,0,0,350,1450,0,0,0,DALLAS,3:00,1975,1975,"T102,","RI,",1,"T1,","T,",SIDING,Texas,31.827233,-99.423022,3,Midnight
Derailments,1975:06:SP:G3515,0,0,17400,0,0,0,0,BEE,23:00,1975,1975,"M599,","SP,",1,"M5,","M,",MAIN,Texas,31.827233,-99.423022,23,Evening
Derailments,1975:07:ATSF:32075119,0,0,0,13700,0,0,0,SWISHER,4:45,1975,1975,"H601,H206,","ATSF,",1,"H6,H2,","H,",INDUSTRY,Texas,31.827233,-99.423022,4,Midnight
Derailments,1975:06:MP:8488,0,0,4230,1250,0,0,0,HARRIS,4:00,1975,1975,"E32C,","MP,",1,"E3,","E,",MAIN,Texas,31.827233,-99.423022,4,Midnight
Side collision,1975:06:PTRA:C1,0,0,90,6500,0,0,0,HARRIS,23:45,1975,1975,"H017,","PTRA,",7,"H0,","H,",MAIN,Texas,31.827233,-99.423022,23,Evening
Derailments,1975:07:HBT:AX1G75,0,0,200,2600,0,0,0,HARRIS,23:00,1975,1975,"H505,","HBT,",NA,"H5,","H,",INDUSTRY,Texas,31.827233,-99.423022,23,Evening
Derailments,1975:06:MKT:AX91S,0,1,2000,200,0,0,0,FAYETTE,18:45,1975,1975,"M599,","MKT,",1,"M5,","M,",SIDING,Texas,31.827233,-99.423022,18,Evening
Derailments,1975:06:TP:8486,0,0,1000,1250,0,0,0,NOLAN,3:30,1975,1975,"H702,","TP,",7,"H7,","H,",YARD,Texas,31.827233,-99.423022,3,Midnight
Derailments,1975:07:SP:G4865,0,0,3000,5450,0,0,0,COLORADO,20:10,1975,1975,"E30C,","SP,",1,"E3,","E,",MAIN,Texas,31.827233,-99.423022,20,Evening
Derailments,1975:07:RI:SRWF632,0,0,350,1455,0,0,0,DALLAS,17:45,1975,1975,"T314,","RI,",1,"T3,","T,",MAIN,Texas,31.827233,-99.423022,17,Evening
Derailments,1975:06:TP:8482,0,0,4366,32500,3,0,0,PARKER,24:55:00,1975,1975,"T002,","TP,",1,"T0,","T,",MAIN,Texas,31.827233,-99.423022,24,Midnight
Derailments,1975:06:MKT:AX100S,0,0,1850,3650,0,0,0,MCLENNAN,21:00,1975,1975,"E29C,","MKT,MP,",11,"E2,","E,",SIDING,Texas,31.827233,-99.423022,21,Evening
Derailments,1975:07:MKT:AX113S,0,0,3548,63700,26,6,0,MCLENNAN,2:25,1975,1975,"T210,","MKT,MP,",11,"T2,","T,",MAIN,Texas,31.827233,-99.423022,2,Midnight
Derailments,1975:07:LA:303578,0,2,9000,15000,0,0,0,MARION,17:20,1975,1975,"T101,","LA,",1,"T1,","T,",MAIN,Texas,31.827233,-99.423022,17,Evening
Raking collision,1975:07:HBT:AX2G75,0,0,125,4250,0,0,0,HARRIS,22:00,1975,1975,"H301,","HBT,",7,"H3,","H,",YARD,Texas,31.827233,-99.423022,22,Evening
Derailments,1975:07:LA:312752,0,0,2247,8000,0,0,0,HOPKINS,23:45,1975,1975,"E21C,","LA,",1,"E2,","E,",MAIN,Texas,31.827233,-99.423022,23,Evening
Derailments,1975:07:SP:H5855,0,0,5630,0,0,0,0,HARRIS,22:20,1975,1975,"E02C,","SP,",1,"E0,","E,",YARD,Texas,31.827233,-99.423022,22,Evening
Derailments,1975:07:TP:8535,0,0,700,1650,0,0,0,HARRISON,19:00,1975,1975,"H702,","TP,",1,"H7,","H,",SIDING,Texas,31.827233,-99.423022,19,Evening
Derailments,1975:07:MKT:AX109S,0,0,3000,4000,0,0,0,DALLAS,24:15:00,1975,1975,"T110,","MKT,",7,"T1,","T,",INDUSTRY,Texas,31.827233,-99.423022,24,Midnight
Derailments,1975:06:SLSF:T3A48,0,0,2200,8400,0,0,0,TARRANT,2:00,1975,1975,"T111,","SLSF,",7,"T1,","T,",YARD,Texas,31.827233,-99.423022,2,Midnight
Derailments,1975:07:SP:H6255,0,0,50,3250,0,0,0,HARRIS,22:00,1975,1975,"H601,","SP,",76,"H6,","H,",YARD,Texas,31.827233,-99.423022,22,Evening
Side collision,1975:07:TP:8543,0,0,500,1700,0,0,0,TARRANT,1:01,1975,1975,"H602,","TP,",6,"H6,","H,",YARD,Texas,31.827233,-99.423022,1,Midnight
Derailments,1975:07:LA:312754,0,0,3000,18000,0,0,0,MARION,22:05,1975,1975,"T314,E64C,","LA,",1,"T3,E6,","T,E,",SIDING,Texas,31.827233,-99.423022,22,Evening
Derailments,1975:07:RI:MK75735,0,0,3229,525,0,0,0,DALLAM,3:00,1975,1975,"E39C,","RI,",1,"E3,","E,",MAIN,Texas,31.827233,-99.423022,3,Midnight
Derailments,1975:07:MKT:AX111N,0,0,5377,350,0,0,0,DALLAS,19:30,1975,1975,"T102,","MKT,RI,",11,"T1,","T,",MAIN,Texas,31.827233,-99.423022,19,Evening
Derailments,1975:06:TP:8484,0,0,1000,10225,0,0,0,GREGG,23:15,1975,1975,"H403,","TP,",1,"H4,","H,",YARD,Texas,31.827233,-99.423022,23,Evening
Other impacts,1975:06:TP:8500,0,0,7000,2000,0,0,0,DALLAS,23:00,1975,1975,"H602,M503,","TP,",6,"H6,M5,","H,M,",YARD,Texas,31.827233,-99.423022,23,Evening
Derailments,1975:07:SP:G4705,0,0,8800,19750,0,0,0,UVALDE,4:55,1975,1975,"E30C,","SP,",1,"E3,","E,",MAIN,Texas,31.827233,-99.423022,4,Midnight
Derailments,1975:06:SP:G3535,0,0,800,8000,0,0,0,BEXAR,20:10,1975,1975,"H513,","SP,",1,"H5,","H,",MAIN,Texas,31.827233,-99.423022,20,Evening
Derailments,1975:06:MKT:AX97S,0,0,6380,141700,0,0,0,JOHNSON,17:00,1975,1975,"E29C,","MKT,TP,",11,"E2,","E,",MAIN,Texas,31.827233,-99.423022,17,Evening
Derailments,1975:07:ATSF:30075114,0,0,2095,10425,0,0,0,JOHNSON,22:00,1975,1975,"E49C,","ATSF,",1,"E4,","E,",MAIN,Texas,31.827233,-99.423022,22,Evening
Derailments,1975:06:MKT:AX94S,0,0,661,2750,0,0,0,GRAYSON,21:20,1975,1975,"T221,","MKT,",1,"T2,","T,",YARD,Texas,31.827233,-99.423022,21,Evening