AccidentType,inckey,Fatalities,Injuries,TrackDamage,EquipmentDamage,HazmatCars,HazmatCarsDerailed,HazmatCarsReleasing,County,DisplayTime,calendar,Fiscal,AccidentCause,RailroadCodes,RAILEQUIPMENT_TYPE,CauseGroup,CauseDiscipline,TYPE_OF_TRACK,StateName,latitude,longitude,hour,cat
Derailments,1975:07:HBT:AX6G75,0,0,550,1275,0,0,0,HARRIS,21:55,1975,1975,"T202,","HBT,",6,"T2,","T,",MAIN,Texas,31.827233,-99.423022,21,Evening
Side collision,1975:07:TP:8551,0,0,627,2250,0,0,0,GREGG,1:40,1975,1975,"H017,","TP,",67,"H0,","H,",YARD,Texas,31.827233,-99.423022,1,Midnight
Derailments,1975:06:MP:8485,0,0,2800,9975,0,0,0,GREGG,17:40,1975,1975,"T001,","MP,",1,"T0,","T,",SIDING,Texas,31.827233,-99.423022,17,Evening
Derailments,1975:07:RI:MK75727,0,0,2202,5875,0,0,0,MOORE,19:50,1975,1975,"T102,","RI,",7,"T1,","T,",YARD,Texas,31.827233,-99.423022,19,Evening
Side collision,1975:07:SP:H6515,0,0,0,2280,0,0,0,HARRIS,17:00,1975,1975,"H403,","SP,",67,"H4,","H,",YARD,Texas,31.827233,-99.423022,17,Evening
Side collision,1975:07:SP:H6485,0,0,200,3467,0,0,0,HARRIS,23:40,1975,1975,"H403,","SP,",7,"H4,","H,",YARD,Texas,31.827233,-99.423022,23,Evening
Derailments,1975:06:SP:G3975,0,0,3500,125,0,0,0,FAYETTE,20:25,1975,1975,"H513,","SP,",1,"H5,","H,",MAIN,Texas,31.827233,-99.423022,20,Evening
Derailments,1975:06:SP:G3925,0,0,4500,3475,0,0,0,MAVERICK,19:35,1975,1975,"T002,","SP,",1,"T0,","T,",MAIN,Texas,31.827233,-99.423022,19,Evening
Derailments,1975:07:RI:SRWF602,0,0,5975,400,0,0,0,TARRANT,20:24,1975,1975,"H403,","RI,",1,"H4,","H,",YARD,Texas,31.827233,-99.423022,20,Evening
Other impacts,1975:07:TP:8538,0,0,2000,0,0,0,0,TARRANT,23:55,1975,1975,"H602,","TP,",6,"H6,","H,",INDUSTRY,Texas,31.827233,-99.423022,23,Evening
Derailments,1975:08:TP:8571,0,0,1600,250,0,0,0,DALLAS,17:45,1975,1975,"T314,E64C,","TP,",7,"T3,E6,","T,E,",YARD,Texas,31.827233,-99.423022,17,Evening
Highway-rail impact,1975:07:FWD:FW84,0,0,9000,36725,0,0,0,WICHITA,1:10,1975,1975,"M399,","FWD,",1,"M3,","M,",MAIN,Texas,31.827233,-99.423022,1,Midnight
Raking collision,1975:07:HBT:AX4G75,0,0,0,2400,0,0,0,HARRIS,2:30,1975,1975,"H403,","HBT,",7,"H4,","H,",YARD,Texas,31.827233,-99.423022,2,Midnight
Derailments,1975:06:RI:WF561,0,0,1401,1008,0,0,0,WISE,19:50,1975,1975,"E52C,","RI,",1,"E5,","E,",MAIN,Texas,31.827233,-99.423022,19,Evening
Derailments,1975:07:ATSF:32075127,0,0,300,4400,0,0,0,POTTER,18:30,1975,1975,"T314,","ATSF,",7,"T3,","T,",YARD,Texas,31.827233,-99.423022,18,Evening
Derailments,1975:07:SP:H6155,0,0,9500,350,0,0,0,FORT BEND,20:05,1975,1975,"E52C,","SP,",1,"E5,","E,",MAIN,Texas,31.827233,-99.423022,20,Evening
Side collision,1975:07:ATSF:31075117,0,0,600,4700,0,0,0,HARDIN,23:10,1975,1975,"H303,","ATSF,",7,"H3,","H,",YARD,Texas,31.827233,-99.423022,23,Evening
Fire/violent rupture,1975:07:TP:8542,0,0,0,7000,0,0,0,TARRANT,21:00,1975,1975,"M599,","TP,",5,"M5,","M,",YARD,Texas,31.827233,-99.423022,21,Evening
Derailments,1975:06:TP:8499,0,0,500,9050,0,0,0,GREGG,17:40,1975,1975,"H017,","TP,",7,"H0,","H,",YARD,Texas,31.827233,-99.423022,17,Evening
Side collision,1975:07:TP:8537,0,0,0,1800,0,0,0,ECTOR,2:15,1975,1975,"H017,","TP,",7,"H0,","H,",YARD,Texas,31.827233,-99.423022,2,Midnight
Derailments,1975:07:SP:G5115,0,0,50,3850,0,0,0,PRESIDIO,3:00,1975,1975,"H503,","SP,",1,"H5,","H,",MAIN,Texas,31.827233,-99.423022,3,Midnight
Derailments,1975:08:HBT:AX1H75,0,0,67,3600,0,0,0,HARRIS,22:55,1975,1975,"H505,","HBT,",7,"H5,","H,",YARD,Texas,31.827233,-99.423022,22,Evening
Derailments,1975:08:SLSF:T3A67,0,0,1200,2700,1,0,0,GRAYSON,24:15:00,1975,1975,"T314,","SLSF,SP,",1,"T3,","T,",YARD,Texas,31.827233,-99.423022,24,Midnight
Highway-rail impact,1975:09:ATSF:31095133,1,0,0,2350,0,0,0,BELL,23:35,1975,1975,"M399,","ATK,ATSF,",22,"M3,","M,",MAIN,Texas,31.827233,-99.423022,23,Evening
Side collision,1975:08:TP:8564,0,0,1600,9800,0,0,0,TARRANT,4:40,1975,1975,"H017,","TP,",1,"H0,","H,",YARD,Texas,31.827233,-99.423022,4,Midnight
Derailments,1975:08:TP:8560,0,0,300,1650,0,0,0,TARRANT,21:40,1975,1975,"T220,","TP,",6,"T2,","T,",YARD,Texas,31.827233,-99.423022,21,Evening
Derailments,1975:08:LA:303682,0,0,7000,89200,0,0,0,HUNT,4:10,1975,1975,"T101,","LA,",1,"T1,","T,",MAIN,Texas,31.827233,-99.423022,4,Midnight
Derailments,1975:09:ATSF:30095110,0,0,0,3266,0,0,0,JOHNSON,17:30,1975,1975,"H403,","ATSF,",7,"H4,","H,",YARD,Texas,31.827233,-99.423022,17,Evening
Derailments,1975:08:RI:SRKTDWF17,0,0,13650,0,0,0,0,MONTGOMERY,18:45,1975,1975,"E23C,","RI,",1,"E2,","E,",MAIN,Texas,31.827233,-99.423022,18,Evening
Raking collision,1975:09:HBT:AX2I75,0,0,200,13800,0,0,0,HARRIS,1:30,1975,1975,"H301,","HBT,",7,"H3,","H,",YARD,Texas,31.827233,-99.423022,1,Midnight
Derailments,1975:08:LA:303684,0,0,1000,15550,0,0,0,CAMP,2:45,1975,1975,"T210,","LA,",1,"T2,","T,",MAIN,Texas,31.827233,-99.423022,2,Midnight
Derailments,1975:08:SP:J5455,0,0,1000,7500,0,0,0,JEFFERSON,17:40,1975,1975,"H701,","SP,",7,"H7,","H,",YARD,Texas,31.827233,-99.423022,17,Evening
Derailments,1975:08:ATSF:30085109,0,0,200,5900,0,0,0,TARRANT,22:05,1975,1975,"T102,","ATSF,",7,"T1,","T,",MAIN,Texas,31.827233,-99.423022,22,Evening
Derailments,1975:08:ATSF:31085119,0,0,6500,28100,0,0,0,GRIMES,1:45,1975,1975,"E52C,","ATSF,",1,"E5,","E,",MAIN,Texas,31.827233,-99.423022,1,Midnight
Derailments,1975:08:TP:8575,0,0,0,6000,0,0,0,DENTON,23:55,1975,1975,"E22C,","TP,",1,"E2,","E,",MAIN,Texas,31.827233,-99.423022,23,Evening
Raking collision,1975:09:ATSF:30095100,0,0,100,21825,79,6,0,BROWN,23:45,1975,1975,"H403,","ATSF,",67,"H4,","H,",YARD,Texas,31.827233,-99.423022,23,Evening
Derailments,1975:08:SP:H7345,0,0,2943,0,0,0,0,HARRIS,17:20,1975,1975,"T305,","SP,",7,"T3,","T,",YARD,Texas,31.827233,-99.423022,17,Evening
Derailments,1975:08:RI:SRWF18KTD,0,0,831,5675,0,0,0,ELLIS,24:05:00,1975,1975,"T102,","RI,",1,"T1,","T,",MAIN,Texas,31.827233,-99.423022,24,Midnight
Raking collision,1975:08:ATSF:31085120,0,0,1200,4990,0,0,0,BURLESON,4:00,1975,1975,"H312,H403,","ATSF,",756,"H3,H4,H3,H4,H3,H4,","H,",YARD,Texas,31.827233,-99.423022,4,Midnight
Derailments,1975:08:MP:8601,0,0,19965,16050,0,0,0,WILLIAMSON,1:20,1975,1975,"E54C,","MKT,MP,",1,"E5,","E,",MAIN,Texas,31.827233,-99.423022,1,Midnight
Derailments,1975:10:ATSF:31105101,0,0,300,1810,0,0,0,MILAM,21:20,1975,1976,"T314,","ATSF,",1,"T3,","T,",MAIN,Texas,31.827233,-99.423022,21,Evening
Derailments,1975:08:LA:303692,0,0,84,2125,0,0,0,MORRIS,21:20,1975,1975,"H302,","LA,",1,"H3,","H,",SIDING,Texas,31.827233,-99.423022,21,Evening
Derailments,1975:08:SP:H7355,0,0,0,3500,0,0,0,HARRIS,20:45,1975,1975,"H310,","SP,",7,"H3,","H,",INDUSTRY,Texas,31.827233,-99.423022,20,Evening
Derailments,1975:08:LA:303695,0,0,965,36000,1,1,0,MORRIS,24:55:00,1975,1975,"T101,","LA,",1,"T1,","T,",MAIN,Texas,31.827233,-99.423022,24,Midnight
Derailments,1975:08:ATSF:32085129,0,0,350,2200,0,0,0,SHERMAN,21:45,1975,1975,"T314,","ATSF,",1,"T3,","T,",YARD,Texas,31.827233,-99.423022,21,Evening
Derailments,1975:08:MKT:AX134S,0,0,8400,57000,0,0,0,BRISCOE,17:35,1975,1975,"E66C,","MKT,",1,"E6,","E,",MAIN,Texas,31.827233,-99.423022,17,Evening
Rear end collision,1975:08:SP:H7255,0,3,0,70000,0,0,0,HARRIS,24:05:00,1975,1975,"H102,","SP,",575,"H1,","H,",MAIN,Texas,31.827233,-99.423022,24,Midnight
Derailments,1975:08:SP:G5505,0,0,24000,53400,0,0,0,FAYETTE,23:45,1975,1975,"T106,T108,","SP,",1,"T1,","T,",MAIN,Texas,31.827233,-99.423022,23,Evening
Side collision,1975:08:GSW:750811,0,0,150,3500,0,0,0,TARRANT,3:25,1975,1975,"H017,","GSW,",7,"H0,","H,",YARD,Texas,31.827233,-99.423022,3,Midnight
Derailments,1975:10:SP:G7645,0,0,2500,0,0,0,0,MAVERICK,18:40,1975,1976,"T101,","SP,",1,"T1,","T,",MAIN,Texas,31.827233,-99.423022,18,Evening
Derailments,1975:10:HBT:JAX3J75,0,0,2470,2940,0,0,0,HARRIS,2:35,1975,1976,"T308,","HBT,MP,",11,"T3,","T,",YARD,Texas,31.827233,-99.423022,2,Midnight
Derailments,1975:10:SP:H9365,0,0,2400,2600,0,0,0,HARRIS,19:42,1975,1976,"E40C,","HBT,SP,",7,"E4,","E,",YARD,Texas,31.827233,-99.423022,19,Evening
Raking collision,1975:10:SP:H9155,0,0,150,8650,0,0,0,HARRIS,3:45,1975,1976,"H702,","SP,",87,"H7,","H,",YARD,Texas,31.827233,-99.423022,3,Midnight
Derailments,1975:10:SP:77645,0,0,384,2950,2,0,0,EL PASO,22:05,1975,1976,"H602,","SP,",567,"H6,","H,",YARD,Texas,31.827233,-99.423022,22,Evening
Raking collision,1975:09:RI:SRWF839,0,0,0,4000,0,0,0,TARRANT,2:00,1975,1975,"H017,","RI,",76,"H0,","H,",YARD,Texas,31.827233,-99.423022,2,Midnight
Derailments,1975:09:RI:MK75930,0,0,5200,104500,0,0,0,DALLAM,2:50,1975,1975,"E30C,E34C,","RI,",1,"E3,","E,",MAIN,Texas,31.827233,-99.423022,2,Midnight
Derailments,1975:10:MKT:AX161S,0,0,11300,0,0,0,0,DALLAS,24:30:00,1975,1976,"E40C,","MKT,",1,"E4,","E,",MAIN,Texas,31.827233,-99.423022,24,Midnight
Derailments,1975:09:SP:G7055,0,0,0,4647,0,0,0,TRAVIS,20:30,1975,1975,"E40C,","SP,SSW,",7,"E4,","E,",YARD,Texas,31.827233,-99.423022,20,Evening
Derailments,1975:10:MP:8598,0,0,8200,0,0,0,0,WILLIAMSON,23:50,1975,1976,"M503,","MP,",7,"M5,","M,",YARD,Texas,31.827233,-99.423022,23,Evening
Side collision,1975:10:ATSF:30105102,0,0,0,4453,0,0,0,FLOYD,17:45,1975,1976,"M203,H403,","ATSF,",67,"M2,H4,M2,H4,","M,H,M,H,",YARD,Texas,31.827233,-99.423022,17,Evening
Derailments,1975:09:RI:WF807,0,0,2446,390,0,0,0,TARRANT,2:53,1975,1975,"T110,","RI,",1,"T1,","T,",SIDING,Texas,31.827233,-99.423022,2,Midnight
Derailments,1975:10:KCS:308954,0,0,3360,32000,0,0,0,JEFFERSON,17:40,1975,1976,"T101,","KCS,",1,"T1,","T,",MAIN,Texas,31.827233,-99.423022,17,Evening
Derailments,1975:09:TP:8622,0,0,696,3000,0,0,0,GREGG,18:00,1975,1975,"H503,","TP,",1,"H5,","H,",YARD,Texas,31.827233,-99.423022,18,Evening
Derailments,1975:09:TP:8579,0,0,1900,1200,0,0,0,DENTON,22:50,1975,1975,"H601,","TP,",1,"H6,","H,",MAIN,Texas,31.827233,-99.423022,22,Evening
Derailments,1975:11:ATSF:31115123,0,0,300,2950,0,0,0,MILLS,21:35,1975,1976,"E21C,","ATSF,",1,"E2,","E,",MAIN,Texas,31.827233,-99.423022,21,Evening
Derailments,1975:10:MKT:AX158S,0,0,200,10500,0,0,0,HARRIS,3:40,1975,1976,"T110,","MKT,",7,"T1,","T,",YARD,Texas,31.827233,-99.423022,3,Midnight
Side collision,1975:09:TCT:580092675,0,0,3375,7350,4,2,0,GALVESTON,4:05,1975,1975,"H403,","MP,TCT,",66,"H4,","H,",MAIN,Texas,31.827233,-99.423022,4,Midnight
Raking collision,1975:10:PTRA:C1,0,0,0,2800,0,0,0,HARRIS,2:45,1975,1976,"H301,H403,","PTRA,",7,"H3,H4,","H,",YARD,Texas,31.827233,-99.423022,2,Midnight
Derailments,1975:10:SP:H9475,0,0,150,3500,2,0,0,COLORADO,4:45,1975,1976,"H503,E31C,","SP,",1,"H5,E3,","H,E,",MAIN,Texas,31.827233,-99.423022,4,Midnight
Derailments,1975:09:RI:MK75937,0,0,484,4620,0,0,0,HANSFORD,24:40:00,1975,1975,"T102,","RI,",1,"T1,","T,",MAIN,Texas,31.827233,-99.423022,24,Midnight
Derailments,1975:09:SOU:96304,0,0,478,1875,0,0,0,TARRANT,3:10,1975,1975,"H702,","ATSF,",1,"H7,","H,",YARD,Texas,31.827233,-99.423022,3,Midnight
Derailments,1975:10:ATSF:32105103,0,0,375,14400,1,1,0,HUTCHINSON,22:30,1975,1976,"H403,","ATSF,",7,"H4,","H,",YARD,Texas,31.827233,-99.423022,22,Evening
Derailments,1975:10:ATSF:32105106,0,0,0,2800,1,1,0,HUTCHINSON,22:45,1975,1976,"E06C,","ATSF,",7,"E0,","E,",YARD,Texas,31.827233,-99.423022,22,Evening
Side collision,1975:10:HBT:JAX1J75,0,0,0,9360,0,0,0,HARRIS,22:20,1975,1976,"H403,","HBT,MP,",61,"H4,","H,",YARD,Texas,31.827233,-99.423022,22,Evening
Derailments,1975:09:SP:H8305,0,0,1000,2350,0,0,0,HARRIS,24:15:00,1975,1975,"E00C,H503,","SP,",1,"E0,H5,","E,H,",MAIN,Texas,31.827233,-99.423022,24,Midnight
Derailments,1975:10:TP:8595,0,0,4400,11900,0,0,0,TARRANT,24:15:00,1975,1976,"T201,","TP,",1,"T2,","T,",MAIN,Texas,31.827233,-99.423022,24,Midnight
Derailments,1975:10:ATSF:31105128,0,1,8500,88640,0,0,0,AUSTIN,4:20,1975,1976,"M501,","ATSF,",1,"M5,","M,",MAIN,Texas,31.827233,-99.423022,4,Midnight
Derailments,1975:10:MKT:AX162S,0,0,56460,500,0,0,0,DALLAS,1:20,1975,1976,"E40C,","MKT,RI,",11,"E4,","E,",MAIN,Texas,31.827233,-99.423022,1,Midnight
Derailments,1975:10:ATSF:32105109,0,0,13000,113850,1,0,0,SWISHER,19:45,1975,1976,"T399,","ATSF,",1,"T3,","T,",MAIN,Texas,31.827233,-99.423022,19,Evening
Derailments,1975:09:SP:G6355,0,0,20000,200,0,0,0,GRAYSON,18:39,1975,1975,"T101,T106,","SLSF,SP,",1,"T1,","T,",MAIN,Texas,31.827233,-99.423022,18,Evening
Derailments,1975:10:SP:H9325,0,0,4000,9200,0,0,0,HARRIS,21:00,1975,1976,"T199,","PTRA,SP,",7,"T1,","T,",MAIN,Texas,31.827233,-99.423022,21,Evening
Derailments,1975:10:MP:8596,0,0,36287,280,0,0,0,WILLIAMSON,1:15,1975,1976,"E54C,","MKT,MP,",1,"E5,","E,",MAIN,Texas,31.827233,-99.423022,1,Midnight
Side collision,1975:10:SP:H9265,0,0,3000,97000,0,0,0,HARRIS,2:10,1975,1976,"E30C,","SP,",7,"E3,","E,",YARD,Texas,31.827233,-99.423022,2,Midnight
Derailments,1975:10:TP:8593,0,0,5785,14000,0,0,0,TARRANT,2:05,1975,1976,"H312,","TP,",6,"H3,","H,",YARD,Texas,31.827233,-99.423022,2,Midnight
Derailments,1975:10:ATSF:31105104,0,0,1000,11070,0,0,0,,17:25,1975,1976,"E40C,T101,","ATSF,",1,"E4,T1,","E,T,",MAIN,Texas,31.827233,-99.423022,17,Evening
Derailments,1975:09:MKT:AX146S,0,0,4750,7000,0,0,0,WILLIAMSON,2:45,1975,1975,"T102,","MKT,",1,"T1,","T,",MAIN,Texas,31.827233,-99.423022,2,Midnight
Derailments,1975:09:TP:8619,0,0,1900,500,0,0,0,DALLAS,4:01,1975,1975,"H703,","TP,",7,"H7,","H,",YARD,Texas,31.827233,-99.423022,4,Midnight
Other impacts,1975:10:ATSF:31105123,0,0,320000,450,0,0,0,BELL,4:00,1975,1976,"E61C,","ATSF,",1,"E6,","E,",MAIN,Texas,31.827233,-99.423022,4,Midnight
Derailments,1975:09:SP:H8295,0,0,18000,53500,0,0,0,NACOGDOCHES,18:25,1975,1975,"M599,","SP,",1,"M5,","M,",MAIN,Texas,31.827233,-99.423022,18,Evening
Derailments,1975:11:ATSF:31115101,0,0,12500,27290,0,0,0,WASHINGTON,24:04:00,1975,1976,"H604,H505,","ATSF,",1,"H6,H5,","H,",MAIN,Texas,31.827233,-99.423022,24,Midnight
Derailments,1975:09:MP:8618,0,0,0,2100,4,1,0,BRAZORIA,17:40,1975,1975,"T101,","MP,",7,"T1,","T,",INDUSTRY,Texas,31.827233,-99.423022,17,Evening
Side collision,1975:10:ATSF:32105108,0,0,200,13150,0,0,0,POTTER,1:30,1975,1976,"H403,","ATSF,",76,"H4,","H,",YARD,Texas,31.827233,-99.423022,1,Midnight
Derailments,1975:09:TP:8621,0,0,700,1500,0,0,0,TARRANT,23:00,1975,1975,"T399,","TP,",7,"T3,","T,",YARD,Texas,31.827233,-99.423022,23,Evening
Side collision,1975:10:HBT:AX7J75,0,0,0,2100,0,0,0,HARRIS,21:00,1975,1976,"M599,","HBT,",7,"M5,","M,",YARD,Texas,31.827233,-99.423022,21,Evening
Derailments,1975:11:MP:8827,0,0,6000,15650,0,0,0,HAYS,4:20,1975,1976,"H503,","MP,",1,"H5,","H,",MAIN,Texas,31.827233,-99.423022,4,Midnight
Derailments,1975:09:MKT:AX141S,0,0,6500,600,2,0,0,ELLIS,18:30,1975,1975,"H505,","MKT,",1,"H5,","H,",MAIN,Texas,31.827233,-99.423022,18,Evening
Derailments,1975:09:SP:J6245,0,0,8000,0,0,0,0,JEFFERSON,24:30:00,1975,1975,"T106,","SP,",1,"T1,","T,",MAIN,Texas,31.827233,-99.423022,24,Midnight
Side collision,1975:10:SP:77455,0,0,742,2750,1,0,0,EL PASO,19:30,1975,1976,"H602,","SP,",7,"H6,","H,",YARD,Texas,31.827233,-99.423022,19,Evening
Side collision,1975:09:MKT:AX136S,0,0,200,9550,0,0,0,HARRIS,2:30,1975,1975,"H403,","MKT,",7,"H4,","H,",YARD,Texas,31.827233,-99.423022,2,Midnight
Side collision,1975:09:TP:8626,0,0,0,7600,0,0,0,WOOD,23:15,1975,1975,"H301,H307,","TP,",76,"H3,","H,",YARD,Texas,31.827233,-99.423022,23,Evening
Derailments,1975:09:RI:WF833,0,0,1585,3350,0,0,0,TARRANT,24:50:00,1975,1975,"T217,","RI,SP,",11,"T2,","T,",YARD,Texas,31.827233,-99.423022,24,Midnight
Highway-rail impact,1975:09:PTRA:D3,0,0,0,2500,0,0,0,HARRIS,3:35,1975,1975,"M399,","PTRA,SP,",11,"M3,","M,",MAIN,Texas,31.827233,-99.423022,3,Midnight
Derailments,1975:12:MKT:AX192S,0,0,484003,0,1,0,0,DALLAS,23:15,1975,1976,"E05C,","MKT,",1,"E0,","E,",MAIN,Texas,31.827233,-99.423022,23,Evening
Side collision,1975:11:HBT:AX1K75,0,0,0,2550,0,0,0,HARRIS,24:01:00,1975,1976,"H017,","HBT,",7,"H0,","H,",YARD,Texas,31.827233,-99.423022,24,Midnight
Derailments,1975:11:SP:N0435,0,0,367500,276500,1,1,1,HARRIS,17:58,1975,1976,"M501,","SP,",1,"M5,","M,",MAIN,Texas,31.827233,-99.423022,17,Evening
Derailments,1975:11:RI:WF998,0,0,2016,800,0,0,0,DALLAS,17:15,1975,1976,"E69C,T108,","RI,",6,"E6,T1,","E,T,",MAIN,Texas,31.827233,-99.423022,17,Evening
Highway-rail impact,1975:11:SP:N0005,0,0,0,10000,0,0,0,SHELBY,24:45:00,1975,1976,"M399,","SP,",1,"M3,","M,",MAIN,Texas,31.827233,-99.423022,24,Midnight
Derailments,1975:12:ATSF:31125118,0,0,2500,500,0,0,0,BELL,3:20,1975,1976,"H503,T101,","ATSF,",1,"H5,T1,","H,T,",MAIN,Texas,31.827233,-99.423022,3,Midnight
Derailments,1975:11:HBT:JAX7K75,0,0,9033,800,0,0,0,HARRIS,2:20,1975,1976,"T314,","ATSF,HBT,",11,"T3,","T,",MAIN,Texas,31.827233,-99.423022,2,Midnight
Derailments,1975:11:KCS:310505,0,0,1311,11000,0,0,0,JEFFERSON,19:00,1975,1976,"T210,","KCS,",7,"T2,","T,",YARD,Texas,31.827233,-99.423022,19,Evening
Derailments,1975:11:MKT:AX186S,0,0,5222,2825,3,0,0,GRAYSON,2:10,1975,1976,"H503,","MKT,TP,",11,"H5,","H,",YARD,Texas,31.827233,-99.423022,2,Midnight
Derailments,1975:11:MP:8811,0,0,8970,106480,0,0,0,SMITH,20:45,1975,1976,"E32C,","MP,",1,"E3,","E,",MAIN,Texas,31.827233,-99.423022,20,Evening
Derailments,1975:12:ATSF:30125106,0,0,3000,4850,0,0,0,JOHNSON,18:45,1975,1976,"T311,","ATSF,",1,"T3,","T,",YARD,Texas,31.827233,-99.423022,18,Evening
Derailments,1975:11:SP:78295,0,0,11800,1150,0,0,0,EL PASO,19:30,1975,1976,"H701,","SP,",7,"H7,","H,",YARD,Texas,31.827233,-99.423022,19,Evening
Derailments,1975:12:ATSF:30125130,0,0,4200,21350,0,0,0,DENTON,4:05,1975,1976,"E32C,","ATSF,",1,"E3,","E,",MAIN,Texas,31.827233,-99.423022,4,Midnight
Fire/violent rupture,1975:11:SP:N0465,0,1,0,3500,0,0,0,SHELBY,2:10,1975,1976,"E72L,","SP,",1,"E7,","E,",MAIN,Texas,31.827233,-99.423022,2,Midnight
Derailments,1975:11:MKT:AX182S,0,0,2825,0,2,2,0,JOHNSON,24:25:00,1975,1976,"T101,","MKT,MP,",11,"T1,","T,",SIDING,Texas,31.827233,-99.423022,24,Midnight
Rear end collision,1975:11:FWD:FW148,0,0,0,13000,12,0,0,WICHITA,19:45,1975,1976,"E31C,","FWD,",67,"E3,","E,",YARD,Texas,31.827233,-99.423022,19,Evening
Derailments,1975:12:RI:SRWF1061,0,0,1104,1390,0,0,0,TARRANT,24:15:00,1975,1976,"T109,","FWD,RI,",11,"T1,","T,",SIDING,Texas,31.827233,-99.423022,24,Midnight
Derailments,1975:12:SP:09535,0,0,2000,0,0,0,0,HARRIS,1:00,1975,1976,"H702,E64C,","SP,",1,"H7,E6,","H,E,",MAIN,Texas,31.827233,-99.423022,1,Midnight
Side collision,1975:12:SP:J9015,0,0,3000,2900,0,0,0,HARRIS,22:35,1975,1976,"H602,","SP,",77,"H6,","H,",INDUSTRY,Texas,31.827233,-99.423022,22,Evening
Derailments,1975:12:RI:SRWF1134,0,0,1850,200,0,0,0,TARRANT,18:35,1975,1976,"T311,T399,","RI,",7,"T3,","T,",YARD,Texas,31.827233,-99.423022,18,Evening
Derailments,1975:12:SP:G8965,0,0,10000,49600,0,0,0,ROBERTSON,3:10,1975,1976,"E30C,","SP,",11,"E3,","E,",SIDING,Texas,31.827233,-99.423022,3,Midnight
Derailments,1975:12:SSW:V2105,0,0,7412,150,24,0,0,UPSHUR,23:00,1975,1976,"E05C,","SSW,",1,"E0,","E,",MAIN,Texas,31.827233,-99.423022,23,Evening
Derailments,1975:12:SP:G8575,0,0,32000,49600,0,0,0,BREWSTER,2:15,1975,1976,"E60C,","SP,",1,"E6,","E,",MAIN,Texas,31.827233,-99.423022,2,Midnight
Derailments,1975:12:MKT:AX195S,0,0,5058,15200,0,0,0,ELLIS,2:35,1975,1976,"T102,","MKT,",1,"T1,","T,",MAIN,Texas,31.827233,-99.423022,2,Midnight
Derailments,1976:01:KCS:308928,0,0,500,12140,0,0,0,JEFFERSON,1:30,1976,1976,"T210,","KCS,",7,"T2,","T,",YARD,Texas,31.827233,-99.423022,1,Midnight
Side collision,1975:12:SSW:V1875,0,0,1500,800,0,0,0,DALLAS,2:25,1975,1976,"H303,","SSW,",14,"H3,","H,",MAIN,Texas,31.827233,-99.423022,2,Midnight
Derailments,1976:01:LA:303468,0,0,5000,72000,0,0,0,CAMP,2:40,1976,1976,"T220,","LA,",1,"T2,","T,",MAIN,Texas,31.827233,-99.423022,2,Midnight
Side collision,1975:12:TP:8863,0,0,50,2300,0,0,0,DALLAS,18:15,1975,1976,"H403,","TP,",6,"H4,","H,",YARD,Texas,31.827233,-99.423022,18,Evening
Derailments,1975:12:SP:G9305,0,0,750,6000,0,0,0,VAL VERDE,4:55,1975,1976,"E32C,","SP,",1,"E3,","E,",MAIN,Texas,31.827233,-99.423022,4,Midnight
Derailments,1975:12:PTRA:D1,0,0,4369,11000,0,0,0,HARRIS,19:15,1975,1976,"T311,","PTRA,",7,"T3,","T,",MAIN,Texas,31.827233,-99.423022,19,Evening
Derailments,1975:12:KCS:310519,0,0,1200,7000,0,0,0,JEFFERSON,22:20,1975,1976,"T110,","KCS,",7,"T1,","T,",YARD,Texas,31.827233,-99.423022,22,Evening
Side collision,1976:01:SP:G0416,0,0,2690,7800,0,0,0,GRAYSON,17:20,1976,1976,"H303,","SLSF,SP,",77,"H3,","H,",YARD,Texas,31.827233,-99.423022,17,Evening
Derailments,1975:12:MKT:AX194S,0,0,6153,850,0,0,0,GRAYSON,19:40,1975,1976,"H503,","MKT,",1,"H5,","H,",MAIN,Texas,31.827233,-99.423022,19,Evening
Derailments,1976:01:LA:311582,0,0,18500,6800,0,0,0,MORRIS,22:40,1976,1976,"H703,H702,","LA,TN,",76,"H7,","H,",YARD,Texas,31.827233,-99.423022,22,Evening
Derailments,1976:01:TP:8903,0,0,350,5525,0,0,0,GREGG,2:30,1976,1976,"E23C,","TP,",1,"E2,","E,",MAIN,Texas,31.827233,-99.423022,2,Midnight
Head on collision,1975:12:TP:8869,0,0,0,4938,0,0,0,ECTOR,18:00,1975,1976,"H602,","TP,",7,"H6,","H,",YARD,Texas,31.827233,-99.423022,18,Evening
Derailments,1976:01:ATSF:31016110,0,0,300,2600,0,0,0,JEFFERSON,17:25,1976,1976,"E69C,","ATSF,",1,"E6,","E,",YARD,Texas,31.827233,-99.423022,17,Evening
Side collision,1976:01:LA:310806,0,0,100,7500,0,0,0,HUNT,24:35:00,1976,1976,"H017,","LA,",7,"H0,","H,",YARD,Texas,31.827233,-99.423022,24,Midnight
Derailments,1976:02:ATSF:32026112B,0,0,0,12500,0,0,0,HUTCHINSON,22:45,1976,1976,"H702,","ATSF,",6,"H7,","H,",SIDING,Texas,31.827233,-99.423022,22,Evening