AccidentType,inckey,Fatalities,Injuries,TrackDamage,EquipmentDamage,HazmatCars,HazmatCarsDerailed,HazmatCarsReleasing,County,DisplayTime,calendar,Fiscal,AccidentCause,RailroadCodes,RAILEQUIPMENT_TYPE,CauseGroup,CauseDiscipline,TYPE_OF_TRACK,StateName,latitude,longitude,hour,cat
Derailments,1976:03:SP:H1816,0,0,25,6000,0,0,0,HARRIS,20:55,1976,1976,"H701,","SP,",1,"H7,","H,",YARD,Texas,31.827233,-99.423022,20,Evening
Derailments,1976:03:SP:G1966,0,0,11630,1400,0,0,0,BEXAR,18:00,1976,1976,"H505,","SP,",1,"H5,","H,",MAIN,Texas,31.827233,-99.423022,18,Evening
Derailments,1976:02:MKT:AX15S,0,0,7500,42650,0,0,0,TARRANT,18:20,1976,1976,"T211,","MKT,",1,"T2,","T,",MAIN,Texas,31.827233,-99.423022,18,Evening
Derailments,1976:01:TP:8907,0,0,7375,96500,7,0,0,,3:30,1976,1976,"E22C,","TP,",1,"E2,","E,",MAIN,Texas,31.827233,-99.423022,3,Midnight
Derailments,1976:01:MP:8900,0,0,766,8850,0,0,0,WILLIAMSON,21:05,1976,1976,"H503,","MP,",1,"H5,","H,",YARD,Texas,31.827233,-99.423022,21,Evening
Derailments,1976:03:SP:H2656,0,0,3600,0,0,0,0,HARRIS,3:45,1976,1976,"T314,","SP,",7,"T3,","T,",YARD,Texas,31.827233,-99.423022,3,Midnight
Side collision,1976:02:MKT:AX11S,0,0,1245,7100,0,0,0,COMAL,24:50:00,1976,1976,"H303,","MKT,",61,"H3,","H,",SIDING,Texas,31.827233,-99.423022,24,Midnight
Derailments,1976:02:SP:G0726,0,0,225000,175975,0,0,0,KARNES,20:25,1976,1976,"H404,","SP,",1,"H4,","H,",MAIN,Texas,31.827233,-99.423022,20,Evening
Derailments,1976:02:FWD:FW34,0,0,708,2600,0,0,0,WICHITA,20:00,1976,1976,"E64C,T314,","FWD,",7,"E6,T3,","E,T,",YARD,Texas,31.827233,-99.423022,20,Evening
Derailments,1976:01:MKT:AX6S,0,0,6260,3000,0,0,0,DALLAS,20:15,1976,1976,"T399,","FWD,MKT,",11,"T3,","T,",MAIN,Texas,31.827233,-99.423022,20,Evening
Derailments,1976:01:SP:J0206,0,0,10000,84600,0,0,0,LIBERTY,20:50,1976,1976,"M501,","SP,",1,"M5,","M,",MAIN,Texas,31.827233,-99.423022,20,Evening
Derailments,1976:04:ATSF:31046116,0,1,400,8500,0,0,0,MCCULLOCH,17:30,1976,1976,"T102,H503,","ATSF,",1,"T1,H5,","T,H,",MAIN,Texas,31.827233,-99.423022,17,Evening
Derailments,1976:01:SLSF:T3A5,0,0,2390,6550,1,1,0,TARRANT,18:45,1976,1976,"E04C,","SLSF,",1,"E0,","E,",MAIN,Texas,31.827233,-99.423022,18,Evening
Derailments,1976:01:SP:G0236,0,0,6200,1300,0,0,0,PRESIDIO,21:50,1976,1976,"E32C,","SP,",1,"E3,","E,",MAIN,Texas,31.827233,-99.423022,21,Evening
Derailments,1976:02:KCS:310579,0,0,2500,200,3,3,0,JEFFERSON,24:30:00,1976,1976,"T210,","KCS,",7,"T2,","T,",YARD,Texas,31.827233,-99.423022,24,Midnight
Derailments,1976:02:ATSF:32026112A,0,0,100,1000,0,0,0,HUTCHINSON,22:45,1976,1976,"H702,","ATSF,",8,"H7,","H,",MAIN,Texas,31.827233,-99.423022,22,Evening
Derailments,1976:01:MKT:AX2S,0,0,320,1900,0,0,0,DALLAS,2:30,1976,1976,"T101,","MKT,",7,"T1,","T,",INDUSTRY,Texas,31.827233,-99.423022,2,Midnight
Fire/violent rupture,1976:02:ATSF:31026127,0,0,750000,0,0,0,0,LIBERTY,20:10,1976,1976,"E0HC,","ATSF,",1,"E0,","E,",MAIN,Texas,31.827233,-99.423022,20,Evening
Derailments,1976:01:TP:8902,0,0,7875,60650,0,0,0,GRAYSON,23:00,1976,1976,"T221,","TP,",1,"T2,","T,",MAIN,Texas,31.827233,-99.423022,23,Evening
Derailments,1976:01:MP:8897,0,0,4370,19550,0,0,0,SMITH,19:30,1976,1976,"H513,","MP,",1,"H5,","H,",MAIN,Texas,31.827233,-99.423022,19,Evening
Side collision,1976:01:TP:8904,0,0,150,2600,1,1,0,TARRANT,19:05,1976,1976,"H602,H702,","TP,",7,"H6,H7,","H,",YARD,Texas,31.827233,-99.423022,19,Evening
Derailments,1976:01:RI:SRWF34,0,0,9100,8779,1,0,0,GRAY,2:00,1976,1976,"T108,","RI,",1,"T1,","T,",MAIN,Texas,31.827233,-99.423022,2,Midnight
Other impacts,1976:01:SP:H0296,0,0,0,8000,0,0,0,FORT BEND,4:20,1976,1976,"E00C,","SP,",1,"E0,","E,",MAIN,Texas,31.827233,-99.423022,4,Midnight
Derailments,1976:02:MP:8918,0,0,1300,1950,0,0,0,JEFFERSON,24:30:00,1976,1976,"T102,H602,","MP,",1,"T1,H6,","T,H,",YARD,Texas,31.827233,-99.423022,24,Midnight
Derailments,1976:03:SP:G1316,0,0,50,7000,0,0,0,BRISCOE,2:55,1976,1976,"E30C,","SP,",1,"E3,","E,",MAIN,Texas,31.827233,-99.423022,2,Midnight
Derailments,1976:03:ATSF:32036102,0,0,2800,7300,0,0,0,DAWSON,17:00,1976,1976,"T199,","ATSF,",1,"T1,","T,",MAIN,Texas,31.827233,-99.423022,17,Evening
Derailments,1976:03:HBT:AX1C76,0,0,350,7150,0,0,0,HARRIS,18:00,1976,1976,"M501,","HBT,",7,"M5,","M,",YARD,Texas,31.827233,-99.423022,18,Evening
Derailments,1976:03:LA:303995,0,0,8093,1136,0,0,0,MARION,17:25,1976,1976,"T110,","LA,",1,"T1,","T,",SIDING,Texas,31.827233,-99.423022,17,Evening
Derailments,1976:02:RI:MK76240,0,0,374,2700,0,0,0,MOORE,19:25,1976,1976,"T102,","RI,",7,"T1,","T,",MAIN,Texas,31.827233,-99.423022,19,Evening
Derailments,1976:04:TM:7803,0,0,9790,28334,7,5,0,NUECES,23:30,1976,1976,"M503,","TM,",1,"M5,","M,",MAIN,Texas,31.827233,-99.423022,23,Evening
Derailments,1976:02:SP:H1446,0,0,500,2950,0,0,0,HARRIS,4:20,1976,1976,"E29C,","SP,",1,"E2,","E,",YARD,Texas,31.827233,-99.423022,4,Midnight
Side collision,1976:03:MP:8944,0,0,0,6000,52,0,0,BRAZORIA,18:10,1976,1976,"H301,H403,","MP,",7,"H3,H4,H3,H4,","H,",SIDING,Texas,31.827233,-99.423022,18,Evening
Derailments,1976:03:GHH:49,0,0,4638,0,0,0,0,HARRIS,21:40,1976,1976,"T202,","GHH,PTRA,",77,"T2,","T,",SIDING,Texas,31.827233,-99.423022,21,Evening
Derailments,1976:03:HBT:JAX3C76,0,0,0,2950,0,0,0,HARRIS,2:45,1976,1976,"E40C,","HBT,",1,"E4,","E,",YARD,Texas,31.827233,-99.423022,2,Midnight
Side collision,1976:03:ATSF:32036110,0,0,300,3600,0,0,0,POTTER,22:30,1976,1976,"H403,","ATSF,",57,"H4,","H,",YARD,Texas,31.827233,-99.423022,22,Evening
Derailments,1976:03:ATSF:32036111,0,0,8000,232500,0,0,0,HOCKLEY,18:10,1976,1976,"E52C,","ATSF,",1,"E5,","E,",MAIN,Texas,31.827233,-99.423022,18,Evening
Derailments,1976:03:MKT:AX24S,0,0,1450,9700,0,0,0,HARRIS,22:45,1976,1976,"T311,","MKT,",7,"T3,","T,",YARD,Texas,31.827233,-99.423022,22,Evening
Derailments,1976:02:SP:H1296,0,0,3500,2180,0,0,0,LIBERTY,22:30,1976,1976,"E32C,","SP,",1,"E3,","E,",MAIN,Texas,31.827233,-99.423022,22,Evening
Derailments,1976:03:MP:8943,0,0,500,6000,37,0,0,BRAZORIA,19:45,1976,1976,"H701,","MP,",1,"H7,","H,",MAIN,Texas,31.827233,-99.423022,19,Evening
Derailments,1976:02:SP:H0916,0,0,3000,62600,0,0,0,BRAZOS,17:30,1976,1976,"T102,","MP,SP,",11,"T1,","T,",MAIN,Texas,31.827233,-99.423022,17,Evening
Derailments,1976:02:SP:H0926,0,1,8000,0,0,0,0,HARRIS,3:00,1976,1976,"H703,","SP,",7,"H7,","H,",YARD,Texas,31.827233,-99.423022,3,Midnight
Derailments,1976:03:MP:8946,0,0,450,9250,0,0,0,CAMERON,2:55,1976,1976,"H702,","MP,",NA,"H7,","H,",MAIN,Texas,31.827233,-99.423022,2,Midnight
Derailments,1976:02:TP:8909,0,0,3000,11900,0,0,0,TARRANT,18:45,1976,1976,"T314,","SLSF,TP,",11,"T3,","T,",YARD,Texas,31.827233,-99.423022,18,Evening
Derailments,1976:03:KCS:309554,0,0,1000,800,0,0,0,BOWIE,17:10,1976,1976,"T101,","KCS,",1,"T1,","T,",YARD,Texas,31.827233,-99.423022,17,Evening
Derailments,1976:02:SP:H1166,0,0,400,3500,0,0,0,HARRIS,20:05,1976,1976,"T202,","SP,",8,"T2,","T,",YARD,Texas,31.827233,-99.423022,20,Evening
Derailments,1976:04:GHH:50,0,0,11734,173700,2,2,2,HARRIS,2:45,1976,1976,"T399,","GHH,MP,",11,"T3,","T,",MAIN,Texas,31.827233,-99.423022,2,Midnight
Side collision,1976:04:HBT:AX2D76,0,0,80,4150,0,0,0,HARRIS,24:40:00,1976,1976,"H303,","HBT,",7,"H3,","H,",YARD,Texas,31.827233,-99.423022,24,Midnight
Side collision,1976:04:ATSF:31046110,0,0,0,3000,0,0,0,HARDIN,19:15,1976,1976,"H310,","ATSF,",51,"H3,","H,",YARD,Texas,31.827233,-99.423022,19,Evening
Derailments,1976:03:SP:H2376,0,0,500,7200,0,0,0,SHELBY,22:35,1976,1976,"T202,","SP,",1,"T2,","T,",SIDING,Texas,31.827233,-99.423022,22,Evening
Derailments,1976:04:MKT:AX39S,0,0,46000,150,0,0,0,DALLAS,18:10,1976,1976,"E40C,","MKT,",1,"E4,","E,",MAIN,Texas,31.827233,-99.423022,18,Evening
Highway-rail impact,1976:04:FWD:FW59,0,1,50,3000,0,0,0,WICHITA,18:25,1976,1976,"M399,","FWD,",1,"M3,","M,",MAIN,Texas,31.827233,-99.423022,18,Evening
Derailments,1976:04:MKT:AX35S,0,0,8700,16800,0,0,0,TARRANT,3:50,1976,1976,"T101,","MKT,",1,"T1,","T,",MAIN,Texas,31.827233,-99.423022,3,Midnight
Derailments,1976:04:MKT:AX44S,0,0,790,1200,1,0,0,TARRANT,22:45,1976,1976,"T220,","MKT,",7,"T2,","T,",YARD,Texas,31.827233,-99.423022,22,Evening
Derailments,1976:04:FWD:FW56,0,0,1000,2000,0,0,0,WICHITA,4:45,1976,1976,"T314,","FWD,",7,"T3,","T,",YARD,Texas,31.827233,-99.423022,4,Midnight
Highway-rail impact,1976:04:SSW:U3076,0,0,0,6000,0,0,0,BOWIE,21:40,1976,1976,"M399,","SSW,",5,"M3,","M,",MAIN,Texas,31.827233,-99.423022,21,Evening
Derailments,1976:03:RI:SRWF209,0,0,4099,6780,0,0,0,TARRANT,23:40,1976,1976,"T110,","RI,",7,"T1,","T,",YARD,Texas,31.827233,-99.423022,23,Evening
Derailments,1976:04:MP:8962,0,0,11000,58500,0,0,0,SMITH,17:25,1976,1976,"E24C,","MP,",1,"E2,","E,",MAIN,Texas,31.827233,-99.423022,17,Evening
Derailments,1976:04:SLSF:T3A33,0,0,4500,25000,0,0,0,GRAYSON,2:20,1976,1976,"T221,","SLSF,",1,"T2,","T,",MAIN,Texas,31.827233,-99.423022,2,Midnight
Derailments,1976:04:SP:J2696,0,0,0,11600,0,0,0,JEFFERSON,18:00,1976,1976,"E29C,","SP,",1,"E2,","E,",MAIN,Texas,31.827233,-99.423022,18,Evening
Other impacts,1976:04:SP:72966,0,1,0,285,0,0,0,EL PASO,21:25,1976,1976,"M203,","SP,",1,"M2,","M,",MAIN,Texas,31.827233,-99.423022,21,Evening
Derailments,1976:04:SP:H3026,0,0,2500,200,0,0,0,NACOGDOCHES,23:15,1976,1976,"E42C,","SP,",1,"E4,","E,",MAIN,Texas,31.827233,-99.423022,23,Evening
Derailments,1976:04:SP:H3066,0,0,0,1751,0,0,0,COLORADO,22:35,1976,1976,"H403,","SP,",15,"H4,","H,",YARD,Texas,31.827233,-99.423022,22,Evening
Derailments,1976:04:ATSF:30046104,0,0,65707,118000,0,0,0,JOHNSON,2:10,1976,1976,"E23C,E20C,","ATSF,MKT,MP,",11,"E2,","E,",MAIN,Texas,31.827233,-99.423022,2,Midnight
Derailments,1976:04:RI:SRWF299,0,0,40,4500,0,0,0,DALLAS,2:00,1976,1976,"T110,","RI,",1,"T1,","T,",MAIN,Texas,31.827233,-99.423022,2,Midnight
Derailments,1976:05:KCS:311606,0,0,5500,103750,0,0,0,BOWIE,3:05,1976,1976,"T211,","KCS,",1,"T2,","T,",MAIN,Texas,31.827233,-99.423022,3,Midnight
Side collision,1976:04:ATSF:XXX,0,0,0,0,0,0,0,TARRANT,17:17,1976,1976,"H403,","MKT,",7,"H4,","H,",YARD,Texas,31.827233,-99.423022,17,Evening
Derailments,1976:04:RI:MK76404,0,0,18223,47325,0,0,0,,21:25,1976,1976,"H503,E65C,","RI,",1,"H5,E6,","H,E,",MAIN,Texas,31.827233,-99.423022,21,Evening
Derailments,1976:04:MKT:AX43S,0,0,2355,950,0,0,0,TARRANT,2:50,1976,1976,"M401,H503,","MKT,",1,"M4,H5,","M,H,",YARD,Texas,31.827233,-99.423022,2,Midnight
Derailments,1976:04:SP:G2506,0,0,4500,10500,0,0,0,LEE,3:15,1976,1976,"H513,","SP,",1,"H5,","H,",MAIN,Texas,31.827233,-99.423022,3,Midnight
Derailments,1976:03:SP:H2356,0,0,5400,75,0,0,0,POLK,4:05,1976,1976,"E52C,","SP,",1,"E5,","E,",MAIN,Texas,31.827233,-99.423022,4,Midnight
Side collision,1976:03:SP:H2646,0,0,0,4000,1,1,0,HARRIS,17:30,1976,1976,"T305,","SP,",7,"T3,","T,",YARD,Texas,31.827233,-99.423022,17,Evening
Derailments,1976:05:MP:8984,0,0,5950,3550,9,0,0,SAN PATRICIO,21:40,1976,1976,"E64C,M501,","MP,",1,"E6,M5,","E,M,",MAIN,Texas,31.827233,-99.423022,21,Evening
Derailments,1976:05:MKT:AX48S,0,0,1364,600,0,0,0,HARRIS,22:00,1976,1976,"H702,M599,","MKT,",1,"H7,M5,","H,M,",MAIN,Texas,31.827233,-99.423022,22,Evening
Derailments,1976:06:ATSF:33066108,0,0,44000,1000,0,0,0,CULBERSON,20:00,1976,1976,"E61C,","ATSF,",1,"E6,","E,",MAIN,Texas,31.827233,-99.423022,20,Evening
Derailments,1976:05:MKT:AX52S,0,0,7176,10300,0,0,0,GRAYSON,4:00,1976,1976,"T220,","MKT,TP,",11,"T2,","T,",YARD,Texas,31.827233,-99.423022,4,Midnight
Derailments,1976:05:SP:H3896,0,0,800,1700,0,0,0,HARRIS,20:30,1976,1976,"T212,","SP,",7,"T2,","T,",YARD,Texas,31.827233,-99.423022,20,Evening
Derailments,1976:05:PTRA:D4,0,0,6127,0,0,0,0,HARRIS,18:15,1976,1976,"H603,","PTRA,",7,"H6,","H,",MAIN,Texas,31.827233,-99.423022,18,Evening
Derailments,1976:05:SP:G3456,1,1,152000,76450,0,0,0,COKE,22:30,1976,1976,"M501,","SP,",1,"M5,","M,",MAIN,Texas,31.827233,-99.423022,22,Evening
Derailments,1976:05:MP:8982,0,0,1969,1400,0,0,0,DALLAS,3:00,1976,1976,"E24C,E29C,","MP,",1,"E2,","E,",SIDING,Texas,31.827233,-99.423022,3,Midnight
Derailments,1976:05:MP:8983,0,0,490,4000,0,0,0,NUECES,24:40:00,1976,1976,"E40C,","MP,",7,"E4,","E,",MAIN,Texas,31.827233,-99.423022,24,Midnight
Side collision,1976:05:TP:8979,0,0,500,12500,0,0,0,TARRANT,3:15,1976,1976,"H303,","TP,",17,"H3,","H,",YARD,Texas,31.827233,-99.423022,3,Midnight
Derailments,1976:05:FWD:JT41,0,0,21000,18700,0,0,0,NAVARRO,23:30,1976,1976,"T199,","FWD,",1,"T1,","T,",MAIN,Texas,31.827233,-99.423022,23,Evening
Derailments,1976:05:SP:H4316,0,0,0,3075,0,0,0,HARRIS,22:30,1976,1976,"T111,","SP,",1,"T1,","T,",YARD,Texas,31.827233,-99.423022,22,Evening
Side collision,1976:05:LA:310815,0,0,0,4800,0,0,0,HUNT,18:30,1976,1976,"H017,","LA,",75,"H0,","H,",YARD,Texas,31.827233,-99.423022,18,Evening
Rear end collision,1976:05:PTRA:C1,0,0,0,5000,0,0,0,HARRIS,23:35,1976,1976,"H301,","PTRA,",6,"H3,","H,",YARD,Texas,31.827233,-99.423022,23,Evening
Derailments,1976:07:ATSF:30076105,0,0,850,7200,0,0,0,TARRANT,3:30,1976,1976,"H017,","ATSF,",7,"H0,","H,",YARD,Texas,31.827233,-99.423022,3,Midnight
Explosion/detonation,1976:05:ATSF:30056118,0,0,0,7685,0,0,0,NOLAN,1:30,1976,1976,"M599,","ATSF,",1,"M5,","M,",YARD,Texas,31.827233,-99.423022,1,Midnight
Derailments,1976:05:ATSF:31056103,0,0,800,5100,1,1,1,BELL,2:15,1976,1976,"T307,","ATSF,",1,"T3,","T,",YARD,Texas,31.827233,-99.423022,2,Midnight
Derailments,1976:05:PTRA:D1,0,0,1126,650,0,0,0,HARRIS,4:00,1976,1976,"T202,","PTRA,",7,"T2,","T,",MAIN,Texas,31.827233,-99.423022,4,Midnight
Other impacts,1976:06:ATSF:32066104,0,0,0,6525,0,0,0,RANDALL,22:10,1976,1976,"E19C,","ATSF,",1,"E1,","E,",MAIN,Texas,31.827233,-99.423022,22,Evening
Derailments,1976:05:RI:WF352,0,0,3816,6125,0,0,0,WISE,4:05,1976,1976,"T314,","RI,",1,"T3,","T,",YARD,Texas,31.827233,-99.423022,4,Midnight
Derailments,1976:05:KCS:308852,0,0,2000,18790,1,1,0,JEFFERSON,18:40,1976,1976,"T110,","KCS,",7,"T1,","T,",INDUSTRY,Texas,31.827233,-99.423022,18,Evening
Derailments,1976:05:SP:G3216,0,0,2830,0,0,0,0,DALLAS,18:55,1976,1976,"M401,","SP,SSW,",1,"M4,","M,",MAIN,Texas,31.827233,-99.423022,18,Evening
Derailments,1976:05:PTRA:D3,0,0,2792,0,0,0,0,HARRIS,21:50,1976,1976,"T314,","PTRA,SP,",17,"T3,","T,",YARD,Texas,31.827233,-99.423022,21,Evening
Derailments,1976:06:PTRA:D1,0,0,2068,0,3,3,0,HARRIS,17:30,1976,1976,"H703,","PTRA,",7,"H7,","H,",INDUSTRY,Texas,31.827233,-99.423022,17,Evening
Derailments,1976:07:ATSF:32076120,0,0,1500,21550,0,0,0,PECOS,1:10,1976,1976,"T221,","ATSF,",1,"T2,","T,",INDUSTRY,Texas,31.827233,-99.423022,1,Midnight
Side collision,1976:06:MKT:AX59S,0,0,0,1800,0,0,0,DALLAS,24:00:00,1976,1976,"H017,","MKT,",6,"H0,","H,",YARD,Texas,31.827233,-99.423022,24,Midnight
Derailments,1976:06:MKT:AX64S,0,0,25500,1300,0,0,0,GRAYSON,2:50,1976,1976,"E40C,M501,","MKT,TP,",11,"E4,M5,","E,M,",MAIN,Texas,31.827233,-99.423022,2,Midnight
Derailments,1976:06:SP:G4236,1,0,11500,148900,0,0,0,GONZALES,18:08,1976,1976,"H503,","SP,",1,"H5,","H,",MAIN,Texas,31.827233,-99.423022,18,Evening
Raking collision,1976:06:HBT:AX1F76,0,0,0,3350,0,0,0,HARRIS,24:10:00,1976,1976,"H301,","HBT,",7,"H3,","H,",YARD,Texas,31.827233,-99.423022,24,Midnight
Derailments,1976:06:MKT:AX56S,0,0,3130,9400,0,0,0,GRAYSON,1:35,1976,1976,"T212,","MKT,",1,"T2,","T,",YARD,Texas,31.827233,-99.423022,1,Midnight
Derailments,1976:06:SP:G4256,0,0,2000,11000,0,0,0,ROBERTSON,4:20,1976,1976,"E30C,","SP,",1,"E3,","E,",YARD,Texas,31.827233,-99.423022,4,Midnight
Raking collision,1976:07:HBT:AX5G76,0,0,1650,117,0,0,0,HARRIS,22:00,1976,1976,"H312,","HBT,",7,"H3,","H,",YARD,Texas,31.827233,-99.423022,22,Evening
Raking collision,1976:07:HBT:AX1G76,0,0,3225,0,1,1,0,HARRIS,3:30,1976,1976,"H312,","HBT,",7,"H3,","H,",YARD,Texas,31.827233,-99.423022,3,Midnight
Derailments,1976:06:SP:H4876,0,0,2100,0,0,0,0,CAMERON,1:55,1976,1976,"E49C,","SP,",1,"E4,","E,",YARD,Texas,31.827233,-99.423022,1,Midnight
Derailments,1976:06:RI:WF463,0,0,990,1827,0,0,0,TARRANT,2:30,1976,1976,"T314,","RI,",7,"T3,","T,",YARD,Texas,31.827233,-99.423022,2,Midnight
Head on collision,1976:07:HBT:AX4G76,0,0,950,68500,0,0,0,HARRIS,18:15,1976,1976,"H702,","HBT,",8,"H7,","H,",YARD,Texas,31.827233,-99.423022,18,Evening
Other impacts,1976:06:LA:310812,0,0,428,3000,0,0,0,HUNT,21:15,1976,1976,"E22C,","LA,",1,"E2,","E,",MAIN,Texas,31.827233,-99.423022,21,Evening
Highway-rail impact,1976:07:ATSF:30076124,0,3,4800,102600,0,0,0,COMANCHE,24:01:00,1976,1976,"M399,","ATSF,",1,"M3,","M,",MAIN,Texas,31.827233,-99.423022,24,Midnight
Derailments,1976:07:ATSF:31076116,0,0,800,3975,0,0,0,JEFFERSON,19:45,1976,1976,"T110,","ATSF,",7,"T1,","T,",YARD,Texas,31.827233,-99.423022,19,Evening
Derailments,1976:06:FWD:FW74,0,0,150,29600,0,0,0,ARCHER,1:00,1976,1976,"T001,","FWD,",1,"T0,","T,",MAIN,Texas,31.827233,-99.423022,1,Midnight
Derailments,1976:07:FWD:JT69,0,0,13000,4000,0,0,0,MONTGOMERY,23:50,1976,1976,"E05C,","FWD,",1,"E0,","E,",MAIN,Texas,31.827233,-99.423022,23,Evening
Raking collision,1976:08:ATSF:32086101,0,0,0,8700,2,2,0,HUTCHINSON,3:30,1976,1976,"H513,","ATSF,",76,"H5,","H,",YARD,Texas,31.827233,-99.423022,3,Midnight
Derailments,1976:06:SP:G4246,0,1,6500,13600,0,0,0,TRAVIS,18:00,1976,1976,"T101,","SP,",1,"T1,","T,",MAIN,Texas,31.827233,-99.423022,18,Evening
Highway-rail impact,1976:06:RI:MK76625,1,1,2500,0,0,0,0,SHERMAN,19:10,1976,1976,"M399,","RI,",1,"M3,","M,",MAIN,Texas,31.827233,-99.423022,19,Evening
Side collision,1976:06:SP:L4246,0,0,0,2700,0,0,0,HARRIS,20:45,1976,1976,"H301,","SP,",46,"H3,","H,",SIDING,Texas,31.827233,-99.423022,20,Evening
Derailments,1976:06:KCS:307093,0,0,394,4900,0,0,0,JEFFERSON,1:45,1976,1976,"T314,","KCS,",7,"T3,","T,",YARD,Texas,31.827233,-99.423022,1,Midnight
Head on collision,1976:07:HBT:AX6G76,0,0,5500,2700,0,0,0,HARRIS,4:05,1976,1976,"M599,","HBT,",8,"M5,","M,",YARD,Texas,31.827233,-99.423022,4,Midnight
Derailments,1976:06:SP:H4736,0,0,250,2050,0,0,0,HARRIS,22:45,1976,1976,"H503,","SP,",7,"H5,","H,",YARD,Texas,31.827233,-99.423022,22,Evening
Derailments,1976:06:RI:WF399,0,0,75,8045,0,0,0,DALLAS,2:55,1976,1976,"E31C,","RI,",7,"E3,","E,",YARD,Texas,31.827233,-99.423022,2,Midnight
Fire/violent rupture,1976:07:SP:G5286,0,0,0,3050,0,0,0,NAVARRO,17:35,1976,1976,"E04C,","SP,",1,"E0,","E,",MAIN,Texas,31.827233,-99.423022,17,Evening
Rear end collision,1976:07:SP:G5626,0,0,300,6500,0,0,0,NAVARRO,19:05,1976,1976,"H601,","SSW,",86,"H6,","H,",YARD,Texas,31.827233,-99.423022,19,Evening
Derailments,1976:08:MP:LR7602,0,0,30000,669000,0,0,0,MILAM,17:15,1976,1976,"T215,","MP,",1,"T2,","T,",MAIN,Texas,31.827233,-99.423022,17,Evening
Derailments,1976:07:MKT:AX69S,0,0,39776,400,0,0,0,GRAYSON,22:30,1976,1976,"E42C,","MKT,",1,"E4,","E,",MAIN,Texas,31.827233,-99.423022,22,Evening
Derailments,1976:07:SP:G5246,0,0,0,3000,1,1,0,NAVARRO,19:55,1976,1976,"E52C,","SP,",1,"E5,","E,",MAIN,Texas,31.827233,-99.423022,19,Evening
Derailments,1976:08:LA:310823,0,1,1379,10300,0,0,0,HUNT,2:10,1976,1976,"M501,","LA,",7,"M5,","M,",YARD,Texas,31.827233,-99.423022,2,Midnight
Derailments,1976:07:PTRA:D1,0,0,20836,1700,0,0,0,HARRIS,2:00,1976,1976,"E64C,","PTRA,",7,"E6,","E,",MAIN,Texas,31.827233,-99.423022,2,Midnight
Derailments,1976:08:MP:LR7603,0,0,300,2600,0,0,0,FRIO,2:10,1976,1976,"E05C,","MP,",1,"E0,","E,",MAIN,Texas,31.827233,-99.423022,2,Midnight
Derailments,1976:07:SP:75936,0,0,2050,625,2,0,0,EL PASO,21:45,1976,1976,"T001,H505,","SP,",7,"T0,H5,","T,H,",YARD,Texas,31.827233,-99.423022,21,Evening
Derailments,1976:07:SLSF:T3A46,0,0,3000,0,0,0,0,DALLAS,3:42,1976,1976,"H308,H702,","FWD,SLSF,",77,"H3,H7,H3,","H,",YARD,Texas,31.827233,-99.423022,3,Midnight
Rear end collision,1976:07:MKT:AX76S,0,2,0,3800,8,0,0,BASTROP,3:50,1976,1976,"H305,","MKT,",15,"H3,","H,",MAIN,Texas,31.827233,-99.423022,3,Midnight
Derailments,1976:07:SP:G5536,0,0,1800,34500,0,0,0,DALLAS,3:15,1976,1976,"H503,","SP,SSW,",1,"H5,","H,",MAIN,Texas,31.827233,-99.423022,3,Midnight
Derailments,1976:07:MKT:AX75S,0,0,2000,750,0,0,0,GRAYSON,23:55,1976,1976,"T101,","MKT,",1,"T1,","T,",MAIN,Texas,31.827233,-99.423022,23,Evening
Derailments,1976:08:ATSF:31086114,0,0,50,3525,0,0,0,JEFFERSON,18:40,1976,1976,"H403,H017,","ATSF,",76,"H4,H0,H4,H0,","H,",YARD,Texas,31.827233,-99.423022,18,Evening
Derailments,1976:08:ATSF:32086110,0,0,9500,170000,1,1,0,POTTER,2:00,1976,1976,"T221,","ATSF,",1,"T2,","T,",MAIN,Texas,31.827233,-99.423022,2,Midnight
Derailments,1976:08:PTRA:D2,0,0,31799,137000,0,0,0,HARRIS,2:40,1976,1976,"H603,","PTRA,",7,"H6,","H,",MAIN,Texas,31.827233,-99.423022,2,Midnight
Derailments,1976:07:MKT:AX67S,0,0,7800,38000,0,0,0,HILL,3:10,1976,1976,"T002,","MKT,",1,"T0,","T,",MAIN,Texas,31.827233,-99.423022,3,Midnight
Highway-rail impact,1976:08:HBT:XA3H76,0,2,5000,3000,0,0,0,HARRIS,19:10,1976,1976,"M399,","HBT,",7,"M3,","M,",MAIN,Texas,31.827233,-99.423022,19,Evening
Side collision,1976:09:ATSF:31096103,0,0,75,6900,0,0,0,JEFFERSON,23:30,1976,1976,"H403,","ATSF,",76,"H4,","H,",YARD,Texas,31.827233,-99.423022,23,Evening
Derailments,1976:07:PTRA:D2,0,0,359,3000,0,0,0,HARRIS,24:30:00,1976,1976,"E64C,","PTRA,",7,"E6,","E,",MAIN,Texas,31.827233,-99.423022,24,Midnight
Derailments,1976:09:MKT:AX100S,0,1,275,1500,0,0,0,HARRIS,24:35:00,1976,1976,"T108,","MKT,",7,"T1,","T,",YARD,Texas,31.827233,-99.423022,24,Midnight