AccidentType,inckey,Fatalities,Injuries,TrackDamage,EquipmentDamage,HazmatCars,HazmatCarsDerailed,HazmatCarsReleasing,County,DisplayTime,calendar,Fiscal,AccidentCause,RailroadCodes,RAILEQUIPMENT_TYPE,CauseGroup,CauseDiscipline,TYPE_OF_TRACK,StateName,latitude,longitude,hour,cat
Derailments,1976:07:MKT:AX68S,0,0,35000,200,1,0,0,JOHNSON,20:25,1976,1976,"E40C,","MKT,",1,"E4,","E,",MAIN,Texas,31.827233,-99.423022,20,Evening
Derailments,1976:08:MP:LR7604,0,0,3336,11000,0,0,0,WILLIAMSON,1:45,1976,1976,"T220,","MP,",1,"T2,","T,",SIDING,Texas,31.827233,-99.423022,1,Midnight
Derailments,1976:07:RI:WF498,0,0,4375,3765,1,1,0,DALLAS,21:30,1976,1976,"T102,","RI,",8,"T1,","T,",YARD,Texas,31.827233,-99.423022,21,Evening
Raking collision,1976:07:PTRA:C1,0,0,0,20000,2,2,0,HARRIS,24:00:00,1976,1976,"M599,","PTRA,",7,"M5,","M,",INDUSTRY,Texas,31.827233,-99.423022,24,Midnight
Obstruction impact,1976:07:SP:G5466,0,0,0,4000,0,0,0,ROBERTSON,20:50,1976,1976,"M203,","SP,",1,"M2,","M,",MAIN,Texas,31.827233,-99.423022,20,Evening
Derailments,1976:07:PTRA:D3,0,0,10001,9700,0,0,0,HARRIS,24:00:00,1976,1976,"T202,","PTRA,",7,"T2,","T,",MAIN,Texas,31.827233,-99.423022,24,Midnight
Derailments,1976:08:MKT:AX88S,0,0,6277,23300,0,0,0,MCLENNAN,1:12,1976,1976,"T314,","MKT,MP,",11,"T3,","T,",MAIN,Texas,31.827233,-99.423022,1,Midnight
Raking collision,1976:08:HBT:AX2H76,0,0,145,9250,0,0,0,HARRIS,22:00,1976,1976,"T210,","HBT,",7,"T2,","T,",YARD,Texas,31.827233,-99.423022,22,Evening
Side collision,1976:08:ATSF:32086126,0,0,625,3900,1,1,0,HUTCHINSON,4:45,1976,1976,"H301,","ATSF,",76,"H3,","H,",YARD,Texas,31.827233,-99.423022,4,Midnight
Broken train collision,1976:07:MP:9027,0,0,0,14000,0,0,0,BRAZORIA,19:45,1976,1976,"H601,","MP,",6,"H6,","H,",YARD,Texas,31.827233,-99.423022,19,Evening
Raking collision,1976:08:HBT:JAX1H76,0,0,0,1850,1,0,0,HARRIS,18:55,1976,1976,"H702,","HBT,",7,"H7,","H,",YARD,Texas,31.827233,-99.423022,18,Evening
Derailments,1976:07:SP:G4876,0,1,10500,155545,0,0,0,TRAVIS,17:15,1976,1976,"H503,","SP,",1,"H5,","H,",MAIN,Texas,31.827233,-99.423022,17,Evening
Derailments,1976:08:PTRA:D1,0,0,5753,0,0,0,0,HARRIS,17:30,1976,1976,"H603,","PTRA,",7,"H6,","H,",MAIN,Texas,31.827233,-99.423022,17,Evening
Derailments,1976:08:FWD:FW121,0,0,1500,3500,0,0,0,TARRANT,1:30,1976,1976,"E21C,","FWD,",7,"E2,","E,",YARD,Texas,31.827233,-99.423022,1,Midnight
Derailments,1976:08:MKT:AX81S,0,2,15000,19750,0,0,0,BASTROP,17:30,1976,1976,"T199,","MKT,",1,"T1,","T,",MAIN,Texas,31.827233,-99.423022,17,Evening
Derailments,1976:07:KCS:310549,0,0,12973,50,0,0,0,BEXAR,17:40,1976,1976,"E64C,","SP,",1,"E6,","E,",MAIN,Texas,31.827233,-99.423022,17,Evening
Derailments,1976:07:TP:9021,0,0,1500,2800,0,0,0,TARRANT,22:05,1976,1976,"M503,","TP,",7,"M5,","M,",MAIN,Texas,31.827233,-99.423022,22,Evening
Derailments,1976:10:ATSF:31106106,0,0,9544,11750,0,0,0,BRAZORIA,17:35,1976,1977,"E40C,H503,T102,","ATSF,RI,",11,"E4,H5,T1,","E,H,T,",YARD,Texas,31.827233,-99.423022,17,Evening
Side collision,1976:09:TP:9071,0,0,0,7500,0,0,0,TARRANT,18:51,1976,1976,"T305,","TP,",75,"T3,","T,",YARD,Texas,31.827233,-99.423022,18,Evening
Derailments,1976:08:SP:H7236,0,0,2600,0,0,0,0,HARRIS,23:04,1976,1976,"T099,","SP,",7,"T0,","T,",YARD,Texas,31.827233,-99.423022,23,Evening
Derailments,1976:09:SP:H8476,0,0,7000,0,0,0,0,HARRIS,24:45:00,1976,1976,"H503,","SP,",7,"H5,","H,",YARD,Texas,31.827233,-99.423022,24,Midnight
Derailments,1976:08:RI:WF621,0,0,5150,41200,0,0,0,DALLAS,24:55:00,1976,1976,"E60C,E64C,","RI,TP,",11,"E6,","E,",MAIN,Texas,31.827233,-99.423022,24,Midnight
Derailments,1976:09:ATSF:30096118,0,0,25854,116450,0,0,0,HOOD,1:00,1976,1976,"E52C,","ATSF,",1,"E5,","E,",MAIN,Texas,31.827233,-99.423022,1,Midnight
Derailments,1976:09:SP:H8186,0,0,8300,1800,0,0,0,HARRIS,3:40,1976,1976,"T315,","SP,",7,"T3,","T,",YARD,Texas,31.827233,-99.423022,3,Midnight
Derailments,1976:09:MKT:AX95S,0,0,3900,3850,0,0,0,GRAYSON,22:50,1976,1976,"H020,","MKT,",1,"H0,","H,",YARD,Texas,31.827233,-99.423022,22,Evening
Derailments,1976:09:TP:9072,0,0,1800,500,0,0,0,TARRANT,23:20,1976,1976,"H702,","TP,",8,"H7,","H,",YARD,Texas,31.827233,-99.423022,23,Evening
Derailments,1976:09:SP:G6566,0,0,6000,1000,0,0,0,BREWSTER,20:15,1976,1976,"E52C,","SP,",1,"E5,","E,",MAIN,Texas,31.827233,-99.423022,20,Evening
Derailments,1976:08:RI:WF603,0,0,1100,9300,0,0,0,DALLAS,23:45,1976,1976,"T314,E05C,","FWD,RI,",11,"T3,E0,","T,E,",SIDING,Texas,31.827233,-99.423022,23,Evening
Derailments,1976:09:ATSF:32096123,0,0,0,13000,0,0,0,PARMER,20:10,1976,1976,"H602,","ATSF,",7,"H6,","H,",MAIN,Texas,31.827233,-99.423022,20,Evening
Derailments,1976:09:ATSF:31096106,0,0,0,2625,0,0,0,HARDIN,24:05:00,1976,1976,"T101,","ATSF,",61,"T1,","T,",SIDING,Texas,31.827233,-99.423022,24,Midnight
Raking collision,1976:09:SSW:U9546,0,0,0,15000,0,0,0,TRAVIS,2:00,1976,1976,"H403,M203,","FWD,SSW,",57,"H4,M2,H4,","H,M,H,",YARD,Texas,31.827233,-99.423022,2,Midnight
Broken train collision,1976:09:SP:H8006,0,0,2000,29025,0,0,0,VICTORIA,1:15,1976,1976,"H602,","SP,",7,"H6,","H,",YARD,Texas,31.827233,-99.423022,1,Midnight
Derailments,1976:08:SP:G5796,0,2,500,5900,0,0,0,TRAVIS,23:15,1976,1976,"M503,","SP,",1,"M5,","M,",INDUSTRY,Texas,31.827233,-99.423022,23,Evening
Fire/violent rupture,1976:09:ATSF:52096119,0,0,0,238496,0,0,0,JOHNSON,23:15,1976,1976,"M599,","ATSF,",6,"M5,","M,",YARD,Texas,31.827233,-99.423022,23,Evening
Derailments,1976:08:SP:H7776,0,0,250,6480,0,0,0,COLORADO,18:45,1976,1976,"T202,","SP,",1,"T2,","T,",SIDING,Texas,31.827233,-99.423022,18,Evening
Derailments,1976:09:RI:WF637,0,0,1510,750,0,0,0,TARRANT,4:30,1976,1976,"T202,","RI,",1,"T2,","T,",YARD,Texas,31.827233,-99.423022,4,Midnight
Derailments,1976:08:SP:G6066,0,0,50,2150,0,0,0,VAL VERDE,1:00,1976,1976,"E32C,","SP,",1,"E3,","E,",MAIN,Texas,31.827233,-99.423022,1,Midnight
Side collision,1976:08:TP:9044,0,0,0,3810,0,0,0,TARRANT,20:01,1976,1976,"M599,T305,","TP,",65,"M5,T3,","M,T,",YARD,Texas,31.827233,-99.423022,20,Evening
Derailments,1976:09:SP:H8806,0,0,0,4350,0,0,0,HARRIS,17:15,1976,1976,"M599,","SP,",1,"M5,","M,",MAIN,Texas,31.827233,-99.423022,17,Evening
Derailments,1976:08:TP:9050,0,0,7500,55800,0,0,0,VAN ZANDT,1:05,1976,1976,"E29C,","TP,",1,"E2,","E,",MAIN,Texas,31.827233,-99.423022,1,Midnight
Derailments,1976:09:LA:312951,0,0,1857,11950,0,0,0,MORRIS,1:20,1976,1976,"T210,","LA,",1,"T2,","T,",MAIN,Texas,31.827233,-99.423022,1,Midnight
Side collision,1976:09:SP:G7236,0,0,0,2500,0,0,0,BEXAR,20:30,1976,1976,"H403,","SP,",4,"H4,","H,",SIDING,Texas,31.827233,-99.423022,20,Evening
Derailments,1976:09:MKT:AX99N,0,0,27500,750,0,0,0,BRISCOE,21:10,1976,1976,"T101,","MKT,",1,"T1,","T,",MAIN,Texas,31.827233,-99.423022,21,Evening
Derailments,1976:10:MP:9095,0,0,20100,41000,0,0,0,GRAYSON,17:00,1976,1977,"T215,","MP,SP,",11,"T2,","T,",MAIN,Texas,31.827233,-99.423022,17,Evening
Derailments,1976:10:FWD:JT117,0,0,19000,800,0,0,0,MONTGOMERY,17:15,1976,1977,"T101,","FWD,",1,"T1,","T,",MAIN,Texas,31.827233,-99.423022,17,Evening
Derailments,1976:10:SP:H9866,0,0,1000,2900,0,0,0,COLORADO,4:15,1976,1977,"T221,","SP,",1,"T2,","T,",YARD,Texas,31.827233,-99.423022,4,Midnight
Derailments,1976:10:MKT:AX121S,0,0,545,3100,0,0,0,DALLAS,2:45,1976,1977,"H301,H403,","MKT,SLSF,",71,"H3,H4,","H,",YARD,Texas,31.827233,-99.423022,2,Midnight
Derailments,1976:10:ATSF:31106122,0,0,19250,150,3,3,0,MATAGORDA,24:25:00,1976,1977,"T103,","ATSF,",7,"T1,","T,",MAIN,Texas,31.827233,-99.423022,24,Midnight
Derailments,1976:11:SP:G8596,0,0,7014,0,0,0,0,BEXAR,20:10,1976,1977,"E04C,","SP,",1,"E0,","E,",MAIN,Texas,31.827233,-99.423022,20,Evening
Raking collision,1976:10:PTRA:C1,0,0,1586,1900,0,0,0,HARRIS,23:45,1976,1977,"M599,","PTRA,",7,"M5,","M,",YARD,Texas,31.827233,-99.423022,23,Evening
Side collision,1976:10:SSW:V0616,0,0,226,9300,0,0,0,BOWIE,17:10,1976,1977,"H602,","KCS,SSW,",727,"H6,","H,",YARD,Texas,31.827233,-99.423022,17,Evening
Derailments,1976:11:MKT:AX119S,0,0,3791,2800,0,0,0,WILLIAMSON,4:00,1976,1977,"T211,","MKT,",1,"T2,","T,",YARD,Texas,31.827233,-99.423022,4,Midnight
Derailments,1976:10:SP:G8136,0,0,150,2475,0,0,0,BREWSTER,2:35,1976,1977,"E32C,","SP,",1,"E3,","E,",MAIN,Texas,31.827233,-99.423022,2,Midnight
Derailments,1976:10:KCS:310597,0,0,923,9375,18,0,0,JEFFERSON,21:45,1976,1977,"T314,","KCS,",7,"T3,","T,",MAIN,Texas,31.827233,-99.423022,21,Evening
Derailments,1976:10:SP:G7716,0,0,5000,2150,0,0,0,BEXAR,17:05,1976,1977,"T201,","SP,",1,"T2,","T,",MAIN,Texas,31.827233,-99.423022,17,Evening
Rear end collision,1976:10:SP:L8356,0,0,0,1800,0,0,0,LIBERTY,24:05:00,1976,1977,"H305,","SP,",5,"H3,","H,",MAIN,Texas,31.827233,-99.423022,24,Midnight
Derailments,1976:10:ATSF:32106123,0,0,0,2500,0,0,0,SCURRY,21:25,1976,1977,"E69L,","ATSF,",1,"E6,","E,",MAIN,Texas,31.827233,-99.423022,21,Evening
Derailments,1976:10:SP:G8046,0,0,2600,0,0,0,0,JEFF DAVIS,3:50,1976,1977,"E61C,","SP,",1,"E6,","E,",MAIN,Texas,31.827233,-99.423022,3,Midnight
Derailments,1976:10:MKT:AX114S,0,0,6000,136150,0,0,0,MCLENNAN,17:15,1976,1977,"E21C,","MKT,",NA,"E2,","E,",MAIN,Texas,31.827233,-99.423022,17,Evening
Derailments,1976:10:MKT:AX116S,0,0,8600,3975,0,0,0,GRAYSON,4:25,1976,1977,"T309,","MKT,",1,"T3,","T,",YARD,Texas,31.827233,-99.423022,4,Midnight
Rear end collision,1976:10:MP:9092,0,0,650,6500,0,0,0,TARRANT,3:01,1976,1977,"H017,","MP,",6,"H0,","H,",YARD,Texas,31.827233,-99.423022,3,Midnight
Derailments,1976:10:MKT:AX104S,0,0,5400,7800,0,0,0,FAYETTE,20:55,1976,1977,"T220,","MKT,",1,"T2,","T,",MAIN,Texas,31.827233,-99.423022,20,Evening
Derailments,1976:10:TN:1RE,0,0,4103,0,10,0,0,MORRIS,23:15,1976,1977,"T220,M599,","LA,TN,",16,"T2,M5,","T,M,",YARD,Texas,31.827233,-99.423022,23,Evening
Derailments,1976:10:SSW:V1076,0,0,3120,0,0,0,0,TRAVIS,1:15,1976,1977,"H505,","SSW,",1,"H5,","H,",YARD,Texas,31.827233,-99.423022,1,Midnight
Derailments,1976:10:RI:WF767,0,0,1720,1450,0,0,0,TARRANT,17:45,1976,1977,"T102,","RI,",NA,"T1,","T,",YARD,Texas,31.827233,-99.423022,17,Evening
Derailments,1976:10:MP:9104,0,0,850,21560,11,4,0,NUECES,20:45,1976,1977,"T220,","MP,",7,"T2,","T,",YARD,Texas,31.827233,-99.423022,20,Evening
Derailments,1976:10:MKT:AX102S,0,0,0,6700,0,0,0,MCLENNAN,21:15,1976,1977,"H503,","MKT,",1,"H5,","H,",YARD,Texas,31.827233,-99.423022,21,Evening
Derailments,1976:10:KCS:314276,0,0,864,9400,0,0,0,JEFFERSON,2:15,1976,1977,"T101,T314,","KCS,SP,",76,"T1,T3,","T,",YARD,Texas,31.827233,-99.423022,2,Midnight
Derailments,1976:10:RI:WF827,0,0,1412,104000,0,0,0,DALLAS,4:10,1976,1977,"T110,T113,T202,","FWD,RI,",11,"T1,T2,T1,","T,",SIDING,Texas,31.827233,-99.423022,4,Midnight
Derailments,1976:10:MKT:AX115S,0,0,2200,3530,0,0,0,TARRANT,22:00,1976,1977,"T110,","MKT,",1,"T1,","T,",YARD,Texas,31.827233,-99.423022,22,Evening
Derailments,1976:10:MP:9105,0,0,3000,7900,0,0,0,GRAYSON,4:20,1976,1977,"H703,","MP,",1,"H7,","H,",YARD,Texas,31.827233,-99.423022,4,Midnight
Rear end collision,1976:10:MP:9103,0,0,0,11000,10,2,0,BRAZORIA,18:15,1976,1977,"H602,","MP,",56,"H6,","H,",INDUSTRY,Texas,31.827233,-99.423022,18,Evening
Raking collision,1976:10:SP:M2296,0,0,1900,6116,0,0,0,HARRIS,22:05,1976,1977,"M599,","SP,",8,"M5,","M,",YARD,Texas,31.827233,-99.423022,22,Evening
Derailments,1976:10:RI:WF806,0,0,5000,1150,0,0,0,DALLAS,18:15,1976,1977,"T102,","RI,",1,"T1,","T,",SIDING,Texas,31.827233,-99.423022,18,Evening
Derailments,1976:10:ATSF:22,0,0,0,11750,0,0,0,BRAZORIA,17:35,1976,1977,"E49C,H503,","FWD,",1,"E4,H5,","E,H,",MAIN,Texas,31.827233,-99.423022,17,Evening
Derailments,1976:10:SP:G7906,0,0,3000,200,0,0,0,GUADALUPE,17:40,1976,1977,"T110,","SP,",1,"T1,","T,",INDUSTRY,Texas,31.827233,-99.423022,17,Evening
Side collision,1976:10:MKT:AX111S,0,0,0,8725,0,0,0,ELLIS,21:42,1976,1977,"H699,","MKT,",1,"H6,","H,",SIDING,Texas,31.827233,-99.423022,21,Evening
Derailments,1976:10:HBT:AX1J76,0,0,21500,925,0,0,0,HARRIS,21:55,1976,1977,"E53C,","HBT,",1,"E5,","E,",YARD,Texas,31.827233,-99.423022,21,Evening
Derailments,1976:10:SP:H9166,0,0,3500,0,0,0,0,HARRIS,17:05,1976,1977,"H702,","SP,",7,"H7,","H,",YARD,Texas,31.827233,-99.423022,17,Evening
Derailments,1976:10:SP:78836,0,0,2600,750,1,0,0,EL PASO,22:00,1976,1977,"M503,","SP,",7,"M5,","M,",YARD,Texas,31.827233,-99.423022,22,Evening
Derailments,1976:10:SP:L8396,0,0,3500,0,0,0,0,JEFFERSON,23:50,1976,1977,"T101,","SP,",1,"T1,","T,",MAIN,Texas,31.827233,-99.423022,23,Evening
Head on collision,1976:10:MP:9093,0,0,330,3000,0,0,0,TARRANT,3:15,1976,1977,"H303,","MP,",67,"H3,","H,",INDUSTRY,Texas,31.827233,-99.423022,3,Midnight
Derailments,1976:10:MKT:AX103S,0,0,1840,2400,0,0,0,MCLENNAN,19:15,1976,1977,"H702,M503,","MKT,",1,"H7,M5,","H,M,",YARD,Texas,31.827233,-99.423022,19,Evening
Derailments,1976:12:ATSF:31126100,0,0,550,2800,0,0,0,SAN SABA,17:30,1976,1977,"T102,H503,","ATSF,",1,"T1,H5,","T,H,",MAIN,Texas,31.827233,-99.423022,17,Evening
Derailments,1976:11:PTRA:D1,0,0,9904,0,0,0,0,HARRIS,24:45:00,1976,1977,"H017,","PTRA,",7,"H0,","H,",INDUSTRY,Texas,31.827233,-99.423022,24,Midnight
Derailments,1976:11:SP:N0686,0,0,0,2000,1,1,0,HARRIS,2:20,1976,1977,"T307,","SP,",5,"T3,","T,",YARD,Texas,31.827233,-99.423022,2,Midnight
Derailments,1976:11:SSW:V2086,0,0,7800,32000,0,0,0,HENDERSON,19:35,1976,1977,"E34C,","SSW,",1,"E3,","E,",MAIN,Texas,31.827233,-99.423022,19,Evening
Derailments,1976:11:RI:WF885,0,0,2096,4500,0,0,0,TARRANT,20:20,1976,1977,"T110,","RI,SLSF,",11,"T1,","T,",MAIN,Texas,31.827233,-99.423022,20,Evening
Derailments,1976:11:SP:N0456,0,0,2000,6950,0,0,0,COLORADO,2:00,1976,1977,"T101,","SP,",1,"T1,","T,",MAIN,Texas,31.827233,-99.423022,2,Midnight
Derailments,1976:11:ATSF:31116111,0,0,17310,29400,0,0,0,BRAZORIA,19:20,1976,1977,"E55C,","ATSF,",1,"E5,","E,",MAIN,Texas,31.827233,-99.423022,19,Evening
Side collision,1976:11:MKT:AX123S,0,0,0,1750,0,0,0,HARRIS,22:30,1976,1977,"H403,H301,","MKT,",6,"H4,H3,","H,",YARD,Texas,31.827233,-99.423022,22,Evening
Derailments,1976:11:SP:G8316,0,0,6500,9150,2,2,0,TARRANT,19:05,1976,1977,"M401,","SP,",1,"M4,","M,",YARD,Texas,31.827233,-99.423022,19,Evening
Rear end collision,1976:11:TN:1,0,0,0,7000,0,0,0,MORRIS,18:25,1976,1977,"H403,T199,","TN,",6,"H4,T1,","H,T,",MAIN,Texas,31.827233,-99.423022,18,Evening
Broken train collision,1976:12:ATSF:31126122,0,0,5000,55100,0,0,0,LAMPASAS,19:30,1976,1977,"H403,E32C,","ATSF,",1,"H4,E3,","H,E,",MAIN,Texas,31.827233,-99.423022,19,Evening
Side collision,1976:11:PTRA:C1,0,0,762,20025,0,0,0,HARRIS,2:30,1976,1977,"H017,","PTRA,",7,"H0,","H,",YARD,Texas,31.827233,-99.423022,2,Midnight
Derailments,1976:11:SP:N0066,0,0,7120,970,0,0,0,HARRIS,19:20,1976,1977,"T314,","SP,",8,"T3,","T,",YARD,Texas,31.827233,-99.423022,19,Evening
Derailments,1976:12:ATSF:31126110,0,0,500,8550,0,0,0,GALVESTON,23:40,1976,1977,"T221,T202,","ATSF,FWD,RI,",111,"T2,","T,",YARD,Texas,31.827233,-99.423022,23,Evening
Raking collision,1976:12:ATSF:30126108,0,0,500,17500,0,0,0,BROWN,1:20,1976,1977,"H099,","ATSF,",78,"H0,","H,",YARD,Texas,31.827233,-99.423022,1,Midnight
Derailments,1976:11:SP:79306,0,0,2100,2550,0,0,0,EL PASO,22:45,1976,1977,"H312,","SP,",67,"H3,","H,",YARD,Texas,31.827233,-99.423022,22,Evening
Derailments,1976:11:GHH:57,0,0,5362,14600,0,0,0,HARRIS,3:00,1976,1977,"T110,","GHH,MKT,",77,"T1,","T,",SIDING,Texas,31.827233,-99.423022,3,Midnight
Derailments,1976:11:SSW:V2286,0,0,12300,92900,1,1,1,UPSHUR,24:55:00,1976,1977,"E32C,","SSW,",1,"E3,","E,",MAIN,Texas,31.827233,-99.423022,24,Midnight
Side collision,1976:11:LA:315354,0,0,0,4500,0,0,0,HUNT,19:00,1976,1977,"H017,","LA,",67,"H0,","H,",YARD,Texas,31.827233,-99.423022,19,Evening
Derailments,1976:11:ATSF:32116108,0,0,1800,2335,0,0,0,DEAF SMITH,3:10,1976,1977,"T099,","ATSF,",7,"T0,","T,",INDUSTRY,Texas,31.827233,-99.423022,3,Midnight
Derailments,1976:11:MKT:AX120S,0,0,15000,1000,0,0,0,GRAYSON,1:40,1976,1977,"E42C,","MKT,MP,",11,"E4,","E,",MAIN,Texas,31.827233,-99.423022,1,Midnight
Derailments,1976:11:SP:G8306,0,0,13000,0,2,2,0,TARRANT,20:45,1976,1977,"H702,","SP,",1,"H7,","H,",YARD,Texas,31.827233,-99.423022,20,Evening
Derailments,1976:11:ATSF:30116101,0,0,4000,4500,0,0,0,ERATH,21:30,1976,1977,"T102,","ATSF,",1,"T1,","T,",MAIN,Texas,31.827233,-99.423022,21,Evening
Derailments,1976:11:SP:79326,0,0,3810,3850,0,0,0,EL PASO,3:40,1976,1977,"H603,","SP,",1,"H6,","H,",YARD,Texas,31.827233,-99.423022,3,Midnight
Derailments,1976:11:SP:G8326,0,0,29500,17500,0,0,0,TARRANT,1:30,1976,1977,"T101,","SP,",1,"T1,","T,",MAIN,Texas,31.827233,-99.423022,1,Midnight
Derailments,1976:12:MKT:AX137S,0,0,7197,7900,0,0,0,MCLENNAN,1:10,1976,1977,"T101,H699,","MKT,",1,"T1,H6,","T,H,",MAIN,Texas,31.827233,-99.423022,1,Midnight
Side collision,1976:11:ATSF:32116115,0,0,0,6300,0,0,0,POTTER,1:40,1976,1977,"H702,","ATSF,",18,"H7,","H,",YARD,Texas,31.827233,-99.423022,1,Midnight
Derailments,1976:12:SP:G9726,0,0,0,2500,0,0,0,TERRELL,18:40,1976,1977,"E23C,","SP,",1,"E2,","E,",MAIN,Texas,31.827233,-99.423022,18,Evening
Derailments,1977:01:GHH:59,0,0,5310,1600,0,0,0,HARRIS,23:05,1977,1977,"T110,","GHH,MKT,",11,"T1,","T,",SIDING,Texas,31.827233,-99.423022,23,Evening
Derailments,1976:12:HBT:AX1L76,0,0,5000,300,0,0,0,HARRIS,17:00,1976,1977,"E40C,","HBT,",1,"E4,","E,",MAIN,Texas,31.827233,-99.423022,17,Evening
Derailments,1976:12:KCS:314882,0,0,200,71500,8,0,0,BOWIE,4:50,1976,1977,"E32C,","KCS,",1,"E3,","E,",MAIN,Texas,31.827233,-99.423022,4,Midnight
Derailments,1977:01:ATSF:22017104,0,0,200,5500,0,0,0,BROWN,3:25,1977,1977,"T314,","ATSF,",1,"T3,","T,",YARD,Texas,31.827233,-99.423022,3,Midnight
Derailments,1976:12:RI:WF1037,0,0,530,4514,0,0,0,TARRANT,1:15,1976,1977,"T310,","RI,",1,"T3,","T,",YARD,Texas,31.827233,-99.423022,1,Midnight
Derailments,1976:12:MKT:AX133S,0,0,4500,0,0,0,0,DALLAS,1:15,1976,1977,"E40C,","MKT,",1,"E4,","E,",MAIN,Texas,31.827233,-99.423022,1,Midnight
Derailments,1976:12:SP:G9206,0,0,2700,3000,0,0,0,GONZALES,21:00,1976,1977,"E34C,","SP,",1,"E3,","E,",MAIN,Texas,31.827233,-99.423022,21,Evening
Derailments,1976:12:RI:WF993,0,0,910,15400,0,0,0,TARRANT,20:35,1976,1977,"T314,","RI,",1,"T3,","T,",YARD,Texas,31.827233,-99.423022,20,Evening
Derailments,1976:12:FWD:JT139,0,0,18000,51800,0,0,0,TARRANT,24:10:00,1976,1977,"T101,","FWD,",1,"T1,","T,",MAIN,Texas,31.827233,-99.423022,24,Midnight
Head on collision,1976:12:MKT:AX130S,0,4,189,8800,0,0,0,DALLAS,18:00,1976,1977,"E07C,","MKT,",58,"E0,","E,",MAIN,Texas,31.827233,-99.423022,18,Evening
Derailments,1976:12:SP:N1236,0,0,3000,2000,0,0,0,HARRIS,23:25,1976,1977,"T111,","SP,",1,"T1,","T,",MAIN,Texas,31.827233,-99.423022,23,Evening
Derailments,1976:12:MP:9150,0,0,700,1650,0,0,0,TARRANT,1:45,1976,1977,"T314,","MP,",7,"T3,","T,",YARD,Texas,31.827233,-99.423022,1,Midnight
Derailments,1977:01:ATSF:22017107,0,1,3000,6800,0,0,0,TARRANT,22:45,1977,1977,"T110,T111,","ATSF,MP,",11,"T1,","T,",MAIN,Texas,31.827233,-99.423022,22,Evening
Highway-rail impact,1976:12:SP:G9516,0,0,3000,0,0,0,0,BEXAR,19:30,1976,1977,"M399,","SP,",1,"M3,","M,",MAIN,Texas,31.827233,-99.423022,19,Evening
Derailments,1977:01:KCS:314291,0,0,600,14400,0,0,0,JEFFERSON,21:00,1977,1977,"T110,","KCS,",7,"T1,","T,",YARD,Texas,31.827233,-99.423022,21,Evening
Derailments,1976:12:MKT:AX135S,0,0,93000,41050,0,0,0,BRISCOE,2:00,1976,1977,"T101,","MKT,",1,"T1,","T,",MAIN,Texas,31.827233,-99.423022,2,Midnight
Side collision,1977:01:ATSF:23017106,0,0,3500,57500,0,0,0,MILAM,21:50,1977,1977,"H401,H513,","ATSF,",1,"H4,H5,","H,",MAIN,Texas,31.827233,-99.423022,21,Evening
Derailments,1976:12:MKT:AX132S,0,0,2043,0,0,0,0,DALLAS,2:45,1976,1977,"T314,","ATSF,MKT,",77,"T3,","T,",YARD,Texas,31.827233,-99.423022,2,Midnight
Other impacts,1976:12:MKT:AX131S,0,0,3050,0,0,0,0,FAYETTE,21:30,1976,1977,"H702,","MKT,",1,"H7,","H,",MAIN,Texas,31.827233,-99.423022,21,Evening
Derailments,1977:01:ATSF:20017103,0,0,800,10000,0,0,0,POTTER,23:30,1977,1977,"H403,","ATSF,",7,"H4,","H,",YARD,Texas,31.827233,-99.423022,23,Evening
Derailments,1976:12:SP:N1276,0,0,1500,3500,0,0,0,WALLER,22:50,1976,1977,"T111,","SP,",1,"T1,","T,",SIDING,Texas,31.827233,-99.423022,22,Evening
Derailments,1976:12:FWD:FW188,0,0,0,27300,0,0,0,DALLAM,2:30,1976,1977,"E30C,H503,","FWD,",1,"E3,H5,","E,H,",MAIN,Texas,31.827233,-99.423022,2,Midnight
Derailments,1976:12:MP:9154,0,0,0,4000,16,1,0,BRAZORIA,2:20,1976,1977,"T101,","MP,",6,"T1,","T,",YARD,Texas,31.827233,-99.423022,2,Midnight
Derailments,1976:12:HBT:AX2L76,0,0,150,2125,0,0,0,HARRIS,3:05,1976,1977,"H601,","HBT,",7,"H6,","H,",YARD,Texas,31.827233,-99.423022,3,Midnight
Derailments,1976:12:SP:G9576,0,0,11600,5400,0,0,0,LIMESTONE,4:10,1976,1977,"T220,","SP,",1,"T2,","T,",SIDING,Texas,31.827233,-99.423022,4,Midnight
Derailments,1976:12:SP:G9426,0,0,6500,6100,0,0,0,PRESIDIO,4:20,1976,1977,"E05C,","SP,",1,"E0,","E,",MAIN,Texas,31.827233,-99.423022,4,Midnight
Derailments,1977:01:ATSF:22017105,0,0,1450,4500,0,0,0,JOHNSON,1:10,1977,1977,"T211,","ATSF,",1,"T2,","T,",YARD,Texas,31.827233,-99.423022,1,Midnight
Derailments,1977:01:ATSF:22017106,0,0,620,6100,0,0,0,TARRANT,17:30,1977,1977,"H021,","ATSF,",6,"H0,","H,",YARD,Texas,31.827233,-99.423022,17,Evening
Derailments,1976:12:SP:G9256,0,0,500,3400,5,0,0,NAVARRO,20:45,1976,1977,"E30C,","SP,",1,"E3,","E,",MAIN,Texas,31.827233,-99.423022,20,Evening
Head on collision,1976:12:MP:9149,0,0,0,3500,0,0,0,TARRANT,19:05,1976,1977,"M503,","MP,",86,"M5,","M,",YARD,Texas,31.827233,-99.423022,19,Evening