AccidentType,inckey,Fatalities,Injuries,TrackDamage,EquipmentDamage,HazmatCars,HazmatCarsDerailed,HazmatCarsReleasing,County,DisplayTime,calendar,Fiscal,AccidentCause,RailroadCodes,RAILEQUIPMENT_TYPE,CauseGroup,CauseDiscipline,TYPE_OF_TRACK,StateName,latitude,longitude,hour,cat
Derailments,1977:01:MKT:AX6S,0,0,140240,371400,0,0,0,DALLAS,23:45,1977,1977,"T101,E23C,","FWD,MKT,",11,"T1,E2,","T,E,",MAIN,Texas,31.827233,-99.423022,23,Evening
Derailments,1977:02:ATSF:22027103,0,1,8300,459075,6,2,2,DALLAS,19:35,1977,1977,"M405,","ATSF,",1,"M4,","M,",MAIN,Texas,31.827233,-99.423022,19,Evening
Derailments,1977:01:MKT:AX1S,0,0,3500,12900,6,6,4,MCLENNAN,1:55,1977,1977,"T220,","MKT,MP,",111,"T2,","T,",SIDING,Texas,31.827233,-99.423022,1,Midnight
Derailments,1977:01:SRN:7701,0,0,500,3500,0,0,0,ORANGE,17:50,1977,1977,"T001,","SRN,",1,"T0,","T,",MAIN,Texas,31.827233,-99.423022,17,Evening
Raking collision,1977:01:SP:H0137,0,0,75,6379,0,0,0,HARRIS,23:30,1977,1977,"H306,","SP,",76,"H3,","H,",YARD,Texas,31.827233,-99.423022,23,Evening
Derailments,1977:01:SSW:U0197,0,0,825,3000,0,0,0,DALLAS,4:55,1977,1977,"H702,","SSW,",1,"H7,","H,",MAIN,Texas,31.827233,-99.423022,4,Midnight
Derailments,1977:01:SP:G0357,0,2,0,6100,0,0,0,PECOS,21:25,1977,1977,"H018,","SP,",61,"H0,","H,",SIDING,Texas,31.827233,-99.423022,21,Evening
Derailments,1977:02:SP:G0947,0,0,0,4200,0,0,0,GONZALES,23:00,1977,1977,"T002,","SP,",1,"T0,","T,",SIDING,Texas,31.827233,-99.423022,23,Evening
Derailments,1977:01:MKT:AX5S,0,0,5000,3300,1,0,0,TARRANT,19:00,1977,1977,"M101,T399,","MKT,",1,"M1,T3,","M,T,",MAIN,Texas,31.827233,-99.423022,19,Evening
Derailments,1977:01:HBT:AX1A77,0,0,375,2850,0,0,0,HARRIS,22:35,1977,1977,"H702,","HBT,",7,"H7,","H,",YARD,Texas,31.827233,-99.423022,22,Evening
Derailments,1977:02:ATSF:20027101,0,0,4000,9815,0,0,0,POTTER,1:40,1977,1977,"E32C,","ATSF,",1,"E3,","E,",MAIN,Texas,31.827233,-99.423022,1,Midnight
Derailments,1977:01:MKT:AX8S,0,0,5200,75,0,0,0,AUSTIN,23:30,1977,1977,"T110,","MKT,",1,"T1,","T,",YARD,Texas,31.827233,-99.423022,23,Evening
Derailments,1977:02:SP:G1037,0,0,12870,2950,0,0,0,BEXAR,20:55,1977,1977,"T106,","SP,",1,"T1,","T,",MAIN,Texas,31.827233,-99.423022,20,Evening
Derailments,1977:01:LA:313029,0,0,100,15500,0,0,0,HOPKINS,18:30,1977,1977,"M503,","LA,",15,"M5,","M,",SIDING,Texas,31.827233,-99.423022,18,Evening
Raking collision,1977:02:ATSF:22027102,0,4,0,12000,0,0,0,TAYLOR,22:30,1977,1977,"H401,","ATSF,",11,"H4,","H,",MAIN,Texas,31.827233,-99.423022,22,Evening
Derailments,1977:02:ATSF:23027105,0,0,20000,500,0,0,0,GRIMES,4:25,1977,1977,"T103,E46C,","ATSF,",1,"T1,E4,","T,E,",MAIN,Texas,31.827233,-99.423022,4,Midnight
Derailments,1977:01:MKT:AX12S,0,0,1249,3650,0,0,0,GRAYSON,18:40,1977,1977,"T110,","MKT,",1,"T1,","T,",YARD,Texas,31.827233,-99.423022,18,Evening
Derailments,1977:01:SP:G0367,0,0,5700,200,0,0,0,BELL,23:45,1977,1977,"M404,","SP,",1,"M4,","M,",YARD,Texas,31.827233,-99.423022,23,Evening
Derailments,1977:01:SP:G0307,0,0,4000,0,0,0,0,ROBERTSON,3:50,1977,1977,"H702,","SP,",1,"H7,","H,",MAIN,Texas,31.827233,-99.423022,3,Midnight
Derailments,1977:01:RI:WF10,0,0,12425,1040,0,0,0,WISE,20:46,1977,1977,"E23C,","RI,",1,"E2,","E,",MAIN,Texas,31.827233,-99.423022,20,Evening
Derailments,1977:01:SP:L0277,0,0,40100,1050,0,0,0,TYLER,17:40,1977,1977,"T101,","SP,",1,"T1,","T,",MAIN,Texas,31.827233,-99.423022,17,Evening
Raking collision,1977:01:SP:H0307,0,0,50,2635,0,0,0,HARRIS,18:25,1977,1977,"H702,","SP,",58,"H7,","H,",YARD,Texas,31.827233,-99.423022,18,Evening
Derailments,1977:01:SSW:U0387,0,0,0,2430,0,0,0,NAVARRO,17:30,1977,1977,"M503,","SSW,",6,"M5,","M,",YARD,Texas,31.827233,-99.423022,17,Evening
Derailments,1977:02:KCS:305816,0,0,0,8300,0,0,0,JEFFERSON,24:30:00,1977,1977,"T314,","KCS,",7,"T3,","T,",INDUSTRY,Texas,31.827233,-99.423022,24,Midnight
Other impacts,1977:03:ATSF:20037103,0,0,0,4330,0,0,0,HUTCHINSON,23:50,1977,1977,"E25C,","ATSF,",7,"E2,","E,",YARD,Texas,31.827233,-99.423022,23,Evening
Derailments,1977:02:FWD:FW30,0,0,10000,90000,0,0,0,,4:05,1977,1977,"T202,","FWD,",1,"T2,","T,",MAIN,Texas,31.827233,-99.423022,4,Midnight
Derailments,1977:02:KCS:314296,0,0,1155,5450,0,0,0,JEFFERSON,3:00,1977,1977,"T102,","KCS,",7,"T1,","T,",YARD,Texas,31.827233,-99.423022,3,Midnight
Side collision,1977:02:MP:9206,0,0,0,5150,0,0,0,BOWIE,4:40,1977,1977,"H602,","MP,",71,"H6,","H,",YARD,Texas,31.827233,-99.423022,4,Midnight
Raking collision,1977:03:HBT:JAX1C77,0,0,0,70425,0,0,0,HARRIS,3:55,1977,1977,"H306,H401,","HBT,MP,",711,"H3,H4,H3,H4,H3,","H,",YARD,Texas,31.827233,-99.423022,3,Midnight
Raking collision,1977:03:KCS:314185,0,0,144,91664,0,0,0,JEFFERSON,2:00,1977,1977,"H312,","KCS,",67,"H3,","H,",YARD,Texas,31.827233,-99.423022,2,Midnight
Derailments,1977:02:SP:H1597,0,0,106650,0,2,2,1,GRIMES,19:48,1977,1977,"M201,","SP,",1,"M2,","M,",MAIN,Texas,31.827233,-99.423022,19,Evening
Derailments,1977:02:SSW:U1507,0,0,5000,1675,0,0,0,BOWIE,20:00,1977,1977,"H505,","SSW,",1,"H5,","H,",YARD,Texas,31.827233,-99.423022,20,Evening
Derailments,1977:02:SP:G0777,0,0,15300,1050,0,0,0,BEXAR,23:05,1977,1977,"M204,","SP,",1,"M2,","M,",MAIN,Texas,31.827233,-99.423022,23,Evening
Raking collision,1977:04:HBT:AX2D77,0,0,0,13000,0,0,0,HARRIS,2:10,1977,1977,"H307,","HBT,",7,"H3,","H,",YARD,Texas,31.827233,-99.423022,2,Midnight
Derailments,1977:03:SP:H2117,0,0,3500,0,0,0,0,POLK,20:15,1977,1977,"E52C,","SP,",1,"E5,","E,",SIDING,Texas,31.827233,-99.423022,20,Evening
Derailments,1977:02:MP:9216,0,0,3385,1500,0,0,0,GREGG,1:20,1977,1977,"H505,","MP,",1,"H5,","H,",YARD,Texas,31.827233,-99.423022,1,Midnight
Derailments,1977:02:MP:9214,0,0,24500,255400,0,0,0,WOOD,17:15,1977,1977,"T215,","MP,",1,"T2,","T,",MAIN,Texas,31.827233,-99.423022,17,Evening
Raking collision,1977:02:MP:9204,0,0,0,2800,0,0,0,TARRANT,19:45,1977,1977,"T305,","MP,",57,"T3,","T,",YARD,Texas,31.827233,-99.423022,19,Evening
Derailments,1977:02:SP:H1147,0,0,8800,5600,4,4,2,HARRIS,22:00,1977,1977,"T311,","SP,",1,"T3,","T,",INDUSTRY,Texas,31.827233,-99.423022,22,Evening
Derailments,1977:02:GHH:61,0,0,4538,4600,0,0,0,GALVESTON,2:30,1977,1977,"T202,","GHH,",7,"T2,","T,",YARD,Texas,31.827233,-99.423022,2,Midnight
Derailments,1977:02:GHH:60,0,0,6044,0,0,0,0,GALVESTON,3:45,1977,1977,"T110,","GHH,MKT,",11,"T1,","T,",YARD,Texas,31.827233,-99.423022,3,Midnight
Derailments,1977:02:SP:70907,0,0,3230,500,0,0,0,EL PASO,19:15,1977,1977,"H503,","SP,",1,"H5,","H,",MAIN,Texas,31.827233,-99.423022,19,Evening
Raking collision,1977:02:MP:9205,0,0,0,10850,0,0,0,TARRANT,3:00,1977,1977,"T305,","MP,",7,"T3,","T,",YARD,Texas,31.827233,-99.423022,3,Midnight
Derailments,1977:02:SP:H1377,0,0,2000,625,0,0,0,COLORADO,18:45,1977,1977,"T313,","SP,",1,"T3,","T,",YARD,Texas,31.827233,-99.423022,18,Evening
Derailments,1977:03:ATSF:22037102,0,0,100,2475,0,0,0,JOHNSON,19:55,1977,1977,"M504,E08C,","ATSF,",7,"M5,E0,","M,E,",MAIN,Texas,31.827233,-99.423022,19,Evening
Derailments,1977:03:ATSF:22037101,0,0,11300,12500,0,0,0,BROWN,2:20,1977,1977,"H603,","ATSF,",1,"H6,","H,",MAIN,Texas,31.827233,-99.423022,2,Midnight
Derailments,1977:02:RI:MK77254,0,0,0,11000,0,0,0,MOORE,24:30:00,1977,1977,"H704,M199,","ATSF,RI,",711,"H7,M1,H7,M1,H7,","H,M,H,M,H,",INDUSTRY,Texas,31.827233,-99.423022,24,Midnight
Derailments,1977:02:MKT:AX16S,0,0,0,8600,0,0,0,TARRANT,2:30,1977,1977,"H306,H402,","MKT,",516,"H3,H4,H3,H4,H3,H4,","H,",YARD,Texas,31.827233,-99.423022,2,Midnight
Derailments,1977:03:PTRA:D1,0,0,6024,9000,0,0,0,HARRIS,18:40,1977,1977,"E99C,","PTRA,",7,"E9,","E,",YARD,Texas,31.827233,-99.423022,18,Evening
Derailments,1977:03:KCS:308580,0,0,4955,1000,0,0,0,JEFFERSON,19:40,1977,1977,"H999,H702,","KCS,SP,",11,"H9,H7,","H,",MAIN,Texas,31.827233,-99.423022,19,Evening
Side collision,1977:03:SP:H2107,0,0,7500,1845,0,0,0,,17:00,1977,1977,"H305,","SP,",67,"H3,","H,",YARD,Texas,31.827233,-99.423022,17,Evening
Derailments,1977:03:SP:H2247,0,0,200,3250,0,0,0,HARRIS,22:45,1977,1977,"T311,","SP,",6,"T3,","T,",YARD,Texas,31.827233,-99.423022,22,Evening
Derailments,1977:05:RI:WF588,0,0,2559,1300,0,0,0,TARRANT,22:45,1977,1977,"T110,T210,","FWD,RI,",76,"T1,T2,","T,",YARD,Texas,31.827233,-99.423022,22,Evening
Derailments,1977:04:FWD:FW62,0,0,5000,42800,0,0,0,DALLAM,19:30,1977,1977,"T108,","FWD,",1,"T1,","T,",MAIN,Texas,31.827233,-99.423022,19,Evening
Side collision,1977:03:MKT:AX27S,0,0,0,8000,0,0,0,HARRIS,17:40,1977,1977,"H999,","MKT,",76,"H9,","H,",YARD,Texas,31.827233,-99.423022,17,Evening
Derailments,1977:04:TN:1RE,0,0,31644,10000,0,0,0,MORRIS,20:05,1977,1977,"T199,","TN,",1,"T1,","T,",YARD,Texas,31.827233,-99.423022,20,Evening
Side collision,1977:03:SSW:U3157,0,0,0,3000,0,0,0,DALLAS,1:50,1977,1977,"H022,","SSW,",7,"H0,","H,",YARD,Texas,31.827233,-99.423022,1,Midnight
Derailments,1977:03:LA:313056,0,0,5000,24000,0,0,0,COLLIN,1:30,1977,1977,"T220,","LA,",1,"T2,","T,",MAIN,Texas,31.827233,-99.423022,1,Midnight
Derailments,1977:03:SP:L3197,0,0,0,32200,0,0,0,HARRIS,22:40,1977,1977,"H702,","SP,",7,"H7,","H,",MAIN,Texas,31.827233,-99.423022,22,Evening
Derailments,1977:03:SP:H2577,0,0,1700,4700,3,3,0,HARRIS,19:30,1977,1977,"T314,","SP,",57,"T3,","T,",YARD,Texas,31.827233,-99.423022,19,Evening
Derailments,1977:04:ATSF:20047104,0,0,400,4300,0,0,0,DEAF SMITH,21:50,1977,1977,"H702,","ATSF,",7,"H7,","H,",YARD,Texas,31.827233,-99.423022,21,Evening
Side collision,1977:03:MP:9236,0,0,150,8000,0,0,0,TARRANT,2:00,1977,1977,"H307,","MP,",7,"H3,","H,",YARD,Texas,31.827233,-99.423022,2,Midnight
Derailments,1977:04:RI:WF492,0,0,25,3300,0,0,0,TARRANT,22:00,1977,1977,"H307,","RI,",7,"H3,","H,",YARD,Texas,31.827233,-99.423022,22,Evening
Side collision,1977:04:ATSF:20047103,0,0,300,11500,0,0,0,POTTER,4:30,1977,1977,"H307,","ATSF,",7,"H3,","H,",YARD,Texas,31.827233,-99.423022,4,Midnight
Derailments,1977:03:MKT:AX28N,0,0,1191,15175,0,0,0,MARTIN,19:40,1977,1977,"M503,","MKT,",7,"M5,","M,",YARD,Texas,31.827233,-99.423022,19,Evening
Rear end collision,1977:04:ATSF:23047104,0,0,150,62000,0,0,0,BELL,3:20,1977,1977,"H017,","ATSF,",8,"H0,","H,",MAIN,Texas,31.827233,-99.423022,3,Midnight
Raking collision,1977:03:SP:71557,0,0,1138,8800,5,0,0,EL PASO,4:40,1977,1977,"T207,","SP,",76,"T2,","T,",YARD,Texas,31.827233,-99.423022,4,Midnight
Derailments,1977:03:MKT:AX23S,0,0,3600,2500,0,0,0,TARRANT,22:30,1977,1977,"T110,","MKT,",1,"T1,","T,",YARD,Texas,31.827233,-99.423022,22,Evening
Derailments,1977:03:SP:H2817,0,0,150,5100,0,0,0,HARRIS,17:00,1977,1977,"T110,","SP,",67,"T1,","T,",YARD,Texas,31.827233,-99.423022,17,Evening
Derailments,1977:03:MP:9239,0,0,0,7600,0,0,0,GREGG,2:05,1977,1977,"H018,","MP,",1,"H0,","H,",YARD,Texas,31.827233,-99.423022,2,Midnight
Derailments,1977:03:SP:H2517,0,0,175,6435,0,0,0,HARRIS,20:15,1977,1977,"H503,","SP,",6,"H5,","H,",YARD,Texas,31.827233,-99.423022,20,Evening
Derailments,1977:03:SP:G1697,0,0,2000,1650,0,0,0,BREWSTER,2:30,1977,1977,"E32C,","SP,",1,"E3,","E,",MAIN,Texas,31.827233,-99.423022,2,Midnight
Derailments,1977:04:FWD:JT37,0,0,14000,65000,0,0,0,GRIMES,21:35,1977,1977,"T101,","FWD,",1,"T1,","T,",MAIN,Texas,31.827233,-99.423022,21,Evening
Highway-rail impact,1977:04:MP:9259,0,0,1500,8000,0,0,0,HOWARD,23:30,1977,1977,"M399,","MP,",1,"M3,","M,",MAIN,Texas,31.827233,-99.423022,23,Evening
Derailments,1977:03:MP:9237,0,0,28490,670050,0,0,0,GRIMES,18:06,1977,1977,"T109,M405,","MP,",1,"T1,M4,","T,M,",MAIN,Texas,31.827233,-99.423022,18,Evening
Derailments,1977:05:MKT:AX44S,0,0,13179,105556,0,0,0,DALLAS,24:25:00,1977,1977,"T212,T221,T202,","FWD,MKT,MP,RI,",11,"T2,","T,",MAIN,Texas,31.827233,-99.423022,24,Midnight
Derailments,1977:04:SP:H3667,0,0,2500,0,0,0,0,LAVACA,24:10:00,1977,1977,"T110,","SP,",1,"T1,","T,",YARD,Texas,31.827233,-99.423022,24,Midnight
Derailments,1977:04:SP:H3277,0,0,960,16150,0,0,0,GOLIAD,1:05,1977,1977,"T101,","SP,",1,"T1,","T,",MAIN,Texas,31.827233,-99.423022,1,Midnight
Derailments,1977:04:MP:9258,0,0,33000,573300,0,0,0,VAN ZANDT,3:25,1977,1977,"H503,","MP,",1,"H5,","H,",MAIN,Texas,31.827233,-99.423022,3,Midnight
Derailments,1977:04:SP:G2357,0,0,2150,4000,0,0,0,TERRELL,4:15,1977,1977,"E21C,","SP,",1,"E2,","E,",MAIN,Texas,31.827233,-99.423022,4,Midnight
Derailments,1977:04:MKT:AX42S,0,0,1917,2550,0,0,0,WILLIAMSON,18:25,1977,1977,"T110,","MKT,",1,"T1,","T,",SIDING,Texas,31.827233,-99.423022,18,Evening
Fire/violent rupture,1977:05:MP:9249,0,0,2500,0,0,0,0,HUDSPETH,2:30,1977,1977,"M599,","SP,",5,"M5,","M,",SIDING,Texas,31.827233,-99.423022,2,Midnight
Side collision,1977:04:SP:G2377,0,0,0,2835,0,0,0,ELLIS,20:35,1977,1977,"H503,E31C,","SP,",67,"H5,E3,","H,E,",YARD,Texas,31.827233,-99.423022,20,Evening
Derailments,1977:04:SSW:U3997,0,0,1500,2400,0,0,0,NAVARRO,23:30,1977,1977,"T002,","SSW,",1,"T0,","T,",MAIN,Texas,31.827233,-99.423022,23,Evening
Side collision,1977:04:SP:72547,0,0,75,3400,0,0,0,EL PASO,22:20,1977,1977,"H306,","SP,",7,"H3,","H,",YARD,Texas,31.827233,-99.423022,22,Evening
Raking collision,1977:05:ATSF:22057103,0,0,50,3700,0,0,0,TARRANT,21:30,1977,1977,"H020,","ATSF,",76,"H0,","H,",YARD,Texas,31.827233,-99.423022,21,Evening
Side collision,1977:06:HBT:AX1F77A,0,0,750,13005,0,0,0,HARRIS,22:25,1977,1977,"H401,","HBT,",7,"H4,","H,",MAIN,Texas,31.827233,-99.423022,22,Evening
Other impacts,1977:04:SP:G2527,0,0,4600,140,0,0,0,BELL,19:00,1977,1977,"E66L,","SP,",1,"E6,","E,",MAIN,Texas,31.827233,-99.423022,19,Evening
Derailments,1977:04:SSW:U4367,0,0,1500,2400,0,0,0,NAVARRO,23:35,1977,1977,"E46C,","SSW,",1,"E4,","E,",MAIN,Texas,31.827233,-99.423022,23,Evening
Fire/violent rupture,1977:05:ATSF:23057101,0,0,0,60000,0,0,0,LAMPASAS,23:45,1977,1977,"E71L,","ATSF,",1,"E7,","E,",MAIN,Texas,31.827233,-99.423022,23,Evening
Derailments,1977:04:RI:WA379,0,0,3702,4384,0,0,0,,17:25,1977,1977,"T202,","RI,",1,"T2,","T,",YARD,Texas,31.827233,-99.423022,17,Evening
Derailments,1977:04:SP:H3747,0,0,500,2900,4,4,0,HARRIS,19:50,1977,1977,"T314,","SP,",6,"T3,","T,",YARD,Texas,31.827233,-99.423022,19,Evening
Derailments,1977:05:MKT:AX47S,0,0,771,21500,0,0,0,GRAYSON,17:55,1977,1977,"T101,","MKT,",1,"T1,","T,",MAIN,Texas,31.827233,-99.423022,17,Evening
Derailments,1977:05:ATSF:20057104,0,0,0,4600,0,0,0,HOCKLEY,24:05:00,1977,1977,"M199,","ATSF,",1,"M1,","M,",MAIN,Texas,31.827233,-99.423022,24,Midnight
Side collision,1977:04:RI:WF465,0,0,8614,6659,0,0,0,DALLAS,18:30,1977,1977,"H307,","RI,",7,"H3,","H,",YARD,Texas,31.827233,-99.423022,18,Evening
Derailments,1977:04:SP:G2317,0,0,3000,1800,0,0,0,GRAYSON,23:55,1977,1977,"H303,","SP,",1,"H3,","H,",SIDING,Texas,31.827233,-99.423022,23,Evening
Derailments,1977:06:SP:G4337,0,0,625,0,0,0,0,TARRANT,2:00,1977,1977,"T101,","SP,",1,"T1,","T,",YARD,Texas,31.827233,-99.423022,2,Midnight
Obstruction impact,1977:05:MKT:AX46S,0,0,0,4800,0,0,0,JOHNSON,21:10,1977,1977,"M503,T399,","MKT,",1,"M5,T3,","M,T,",MAIN,Texas,31.827233,-99.423022,21,Evening
Fire/violent rupture,1977:04:SSW:U3727,0,0,0,50000,0,0,0,BOWIE,2:15,1977,1977,"E74L,","SSW,",1,"E7,","E,",MAIN,Texas,31.827233,-99.423022,2,Midnight
Other impacts,1977:05:ATSF:20057105,0,0,4500,10000,0,0,0,LUBBOCK,24:05:00,1977,1977,"E11C,","ATSF,",1,"E1,","E,",MAIN,Texas,31.827233,-99.423022,24,Midnight
Derailments,1977:04:SP:H3897,0,0,1750,9200,0,0,0,HARRIS,4:45,1977,1977,"H505,","SP,",7,"H5,","H,",YARD,Texas,31.827233,-99.423022,4,Midnight
Derailments,1977:04:SP:H3267,0,0,3000,2000,0,0,0,FORT BEND,4:30,1977,1977,"T110,","SP,",1,"T1,","T,",MAIN,Texas,31.827233,-99.423022,4,Midnight
Derailments,1977:04:MP:9257,0,0,500,4500,3,0,0,TARRANT,17:55,1977,1977,"T314,","MP,",1,"T3,","T,",YARD,Texas,31.827233,-99.423022,17,Evening
Derailments,1977:05:MP:9278,0,0,16740,4000,3,0,0,DALLAS,24:15:00,1977,1977,"E52C,","MP,",1,"E5,","E,",MAIN,Texas,31.827233,-99.423022,24,Midnight
Derailments,1977:04:SP:H3287,0,0,1500,9300,0,0,0,GOLIAD,2:10,1977,1977,"T101,","SP,",1,"T1,","T,",MAIN,Texas,31.827233,-99.423022,2,Midnight
Derailments,1977:06:FWD:FW105,0,0,5000,2400,0,0,0,TARRANT,1:55,1977,1977,"T101,","FWD,SLSF,",11,"T1,","T,",MAIN,Texas,31.827233,-99.423022,1,Midnight
Raking collision,1977:04:MP:9260,0,0,0,8700,0,0,0,TARRANT,20:35,1977,1977,"H301,","MP,",71,"H3,","H,",YARD,Texas,31.827233,-99.423022,20,Evening
Derailments,1977:04:MKT:AX40S,0,0,200,2750,0,0,0,TARRANT,1:45,1977,1977,"H701,","MKT,",1,"H7,","H,",YARD,Texas,31.827233,-99.423022,1,Midnight
Derailments,1977:06:FWD:JT57,0,0,9350,23500,0,0,0,ELLIS,1:40,1977,1977,"T101,","FWD,",1,"T1,","T,",MAIN,Texas,31.827233,-99.423022,1,Midnight
Derailments,1977:06:KCS:314454,0,0,298,4500,0,0,0,JEFFERSON,22:30,1977,1977,"H312,T102,","KCS,",7,"H3,T1,","H,T,",YARD,Texas,31.827233,-99.423022,22,Evening
Derailments,1977:04:SP:H3677,0,0,4500,0,0,0,0,HARRIS,1:30,1977,1977,"T212,","SP,",6,"T2,","T,",YARD,Texas,31.827233,-99.423022,1,Midnight
Side collision,1977:06:ATSF:20067106,0,0,0,8150,3,0,0,HALE,24:15:00,1977,1977,"H702,","ATSF,",61,"H7,","H,",YARD,Texas,31.827233,-99.423022,24,Midnight
Side collision,1977:05:ATSF:20057103,0,0,0,3175,0,0,0,POTTER,19:50,1977,1977,"H018,","ATSF,",75,"H0,","H,",YARD,Texas,31.827233,-99.423022,19,Evening
Derailments,1977:04:SP:H3887,0,0,2500,27950,0,0,0,SAN PATRICIO,1:50,1977,1977,"H505,","SP,",1,"H5,","H,",MAIN,Texas,31.827233,-99.423022,1,Midnight
Derailments,1977:07:ATSF:23077106,0,0,1000,18900,0,0,0,GALVESTON,20:50,1977,1977,"H704,","ATSF,",7,"H7,","H,",YARD,Texas,31.827233,-99.423022,20,Evening
Derailments,1977:06:SP:H7607,0,0,4000,0,0,0,0,HARRIS,1:15,1977,1977,"T311,","SP,",1,"T3,","T,",YARD,Texas,31.827233,-99.423022,1,Midnight
Derailments,1977:06:SSW:U5997,0,0,925,20000,0,0,0,MCLENNAN,20:30,1977,1977,"E64C,","SSW,",1,"E6,","E,",YARD,Texas,31.827233,-99.423022,20,Evening
Derailments,1977:06:ATSF:23067102,0,0,6200,75560,0,0,0,MONTGOMERY,2:45,1977,1977,"M503,","ATSF,",1,"M5,","M,",SIDING,Texas,31.827233,-99.423022,2,Midnight
Derailments,1977:05:SP:L5747,0,0,10000,4000,0,0,0,LIBERTY,3:30,1977,1977,"E53C,","SP,",1,"E5,","E,",MAIN,Texas,31.827233,-99.423022,3,Midnight
Side collision,1977:05:SP:H6107,0,0,0,5150,2,0,0,HARRIS,20:05,1977,1977,"H306,","SP,",6,"H3,","H,",YARD,Texas,31.827233,-99.423022,20,Evening
Derailments,1977:06:RI:WF716,0,0,5892,0,0,0,0,,1:55,1977,1977,"H503,","RI,",1,"H5,","H,",MAIN,Texas,31.827233,-99.423022,1,Midnight
Side collision,1977:06:ATSF:20067103,0,0,0,3600,0,0,0,POTTER,4:20,1977,1977,"H302,","ATSF,",75,"H3,","H,",YARD,Texas,31.827233,-99.423022,4,Midnight
Fire/violent rupture,1977:06:SP:G4387,0,0,0,22000,0,0,0,,3:00,1977,1977,"E06C,","SP,",1,"E0,","E,",MAIN,Texas,31.827233,-99.423022,3,Midnight
Derailments,1977:06:SP:L6947,0,0,10000,186000,4,0,0,LIBERTY,22:07,1977,1977,"E00C,","SP,",1,"E0,","E,",MAIN,Texas,31.827233,-99.423022,22,Evening
Derailments,1977:06:SP:H7817,0,1,12000,142050,0,0,0,FORT BEND,19:28,1977,1977,"T316,","SP,",1,"T3,","T,",MAIN,Texas,31.827233,-99.423022,19,Evening
Derailments,1977:05:SP:G3277,0,0,4000,950,0,0,0,BEXAR,18:10,1977,1977,"T110,","SP,",1,"T1,","T,",MAIN,Texas,31.827233,-99.423022,18,Evening
Highway-rail impact,1977:06:SP:H7177,0,1,5500,30800,0,0,0,LIBERTY,24:10:00,1977,1977,"M399,","SP,",1,"M3,","M,",MAIN,Texas,31.827233,-99.423022,24,Midnight
Derailments,1977:06:SP:L6827,0,0,20000,16700,5,5,0,ANGELINA,17:30,1977,1977,"T109,","SP,",1,"T1,","T,",MAIN,Texas,31.827233,-99.423022,17,Evening
Side collision,1977:06:MP:9294,0,0,0,3445,2,2,0,TARRANT,20:35,1977,1977,"T305,","MP,",75,"T3,","T,",YARD,Texas,31.827233,-99.423022,20,Evening
Derailments,1977:05:SP:G3287,0,0,3080,0,0,0,0,FAYETTE,18:25,1977,1977,"E52C,","SP,",1,"E5,","E,",MAIN,Texas,31.827233,-99.423022,18,Evening
Derailments,1977:05:SP:H6247,0,0,15000,13450,1,1,0,HARRIS,21:30,1977,1977,"T318,","SP,",1,"T3,","T,",MAIN,Texas,31.827233,-99.423022,21,Evening
Highway-rail impact,1977:06:ATSF:20067108,0,2,200,13900,0,0,0,GRAY,1:10,1977,1977,"M399,","ATSF,",1,"M3,","M,",YARD,Texas,31.827233,-99.423022,1,Midnight
Derailments,1977:05:SP:H6417,0,4,6000,602800,6,0,0,HARRIS,2:55,1977,1977,"M503,","SP,",61,"M5,","M,",INDUSTRY,Texas,31.827233,-99.423022,2,Midnight
Derailments,1977:06:MKT:AX58S,0,0,6236,11250,0,0,0,GRAYSON,17:28,1977,1977,"T314,","MKT,",1,"T3,","T,",MAIN,Texas,31.827233,-99.423022,17,Evening
Derailments,1977:06:SP:G3827,0,0,45000,600,0,0,0,GRAYSON,17:35,1977,1977,"T101,","SLSF,SP,",1,"T1,","T,",MAIN,Texas,31.827233,-99.423022,17,Evening
Derailments,1977:06:PTRA:D1,0,0,2065,9200,0,0,0,HARRIS,17:00,1977,1977,"E64C,","PTRA,",7,"E6,","E,",MAIN,Texas,31.827233,-99.423022,17,Evening
Derailments,1977:06:SP:G4027,0,0,1400,3000,0,0,0,CHEROKEE,17:00,1977,1977,"E46C,","SP,",1,"E4,","E,",MAIN,Texas,31.827233,-99.423022,17,Evening
Derailments,1977:07:KCS:315409,0,0,4000,6500,0,0,0,BOWIE,18:20,1977,1977,"E46C,","KCS,",7,"E4,","E,",YARD,Texas,31.827233,-99.423022,18,Evening
Derailments,1977:06:MP:9299,0,0,2750,127000,0,0,0,,4:45,1977,1977,"T215,","MP,",1,"T2,","T,",MAIN,Texas,31.827233,-99.423022,4,Midnight
Raking collision,1977:06:PTRA:C1,0,0,3524,19000,0,0,0,HARRIS,20:10,1977,1977,"H210,","PTRA,",7,"H2,","H,",INDUSTRY,Texas,31.827233,-99.423022,20,Evening
Derailments,1977:06:RI:WF693,0,0,11519,182833,0,0,0,MONTAGUE,18:20,1977,1977,"M199,","RI,",1,"M1,","M,",MAIN,Texas,31.827233,-99.423022,18,Evening