AccidentType,inckey,Fatalities,Injuries,TrackDamage,EquipmentDamage,HazmatCars,HazmatCarsDerailed,HazmatCarsReleasing,County,DisplayTime,calendar,Fiscal,AccidentCause,RailroadCodes,RAILEQUIPMENT_TYPE,CauseGroup,CauseDiscipline,TYPE_OF_TRACK,StateName,latitude,longitude,hour,cat
Derailments,1977:06:MP:9300,0,0,100,6500,0,0,0,TARRANT,23:50,1977,1977,"M503,","MP,",61,"M5,","M,",MAIN,Texas,31.827233,-99.423022,23,Evening
Side collision,1977:06:ATSF:20067107,0,0,100,9750,0,0,0,POTTER,19:50,1977,1977,"H020,","ATSF,",17,"H0,","H,",YARD,Texas,31.827233,-99.423022,19,Evening
Fire/violent rupture,1977:06:FWD:JT50,0,0,10000,0,0,0,0,NAVARRO,17:10,1977,1977,"E06L,","FWD,",1,"E0,","E,",MAIN,Texas,31.827233,-99.423022,17,Evening
Derailments,1977:05:SP:G3147,0,0,3400,500,0,0,0,JEFF DAVIS,4:35,1977,1977,"E46C,","SP,",1,"E4,","E,",MAIN,Texas,31.827233,-99.423022,4,Midnight
Derailments,1977:06:FWD:FW80,0,0,1000,4925,0,0,0,BAYLOR,18:00,1977,1977,"T215,","FWD,",4,"T2,","T,",SIDING,Texas,31.827233,-99.423022,18,Evening
Derailments,1977:07:ATSF:22077101,0,0,750,16350,0,0,0,DALLAS,22:00,1977,1977,"M501,","ATSF,",16,"M5,","M,",YARD,Texas,31.827233,-99.423022,22,Evening
Derailments,1977:06:KCS:311140,0,0,10430,0,0,0,0,JEFFERSON,21:15,1977,1977,"T314,","KCS,SP,",7,"T3,","T,",MAIN,Texas,31.827233,-99.423022,21,Evening
Derailments,1977:07:ATSF:23077102,0,0,0,4100,0,0,0,AUSTIN,2:30,1977,1977,"H020,","ATSF,",6,"H0,","H,",YARD,Texas,31.827233,-99.423022,2,Midnight
Raking collision,1977:07:ATSF:23077105,0,0,3800,0,0,0,0,LIBERTY,2:30,1977,1977,"M201,","ATSF,",1,"M2,","M,",MAIN,Texas,31.827233,-99.423022,2,Midnight
Broken train collision,1977:07:ATSF:20077104,0,0,0,45000,0,0,0,POTTER,4:10,1977,1977,"M599,","ATSF,",7,"M5,","M,",MAIN,Texas,31.827233,-99.423022,4,Midnight
Side collision,1977:07:SP:G4807,0,0,4500,23400,0,0,0,DALLAS,19:45,1977,1977,"E64C,","SSW,",671,"E6,","E,",YARD,Texas,31.827233,-99.423022,19,Evening
Derailments,1977:07:TCT:580072977,0,0,15000,8850,17,2,0,GALVESTON,2:50,1977,1977,"T314,","TCT,",6,"T3,","T,",YARD,Texas,31.827233,-99.423022,2,Midnight
Derailments,1977:07:MKT:AX77S,0,0,97277,256676,0,0,0,HARRIS,23:40,1977,1977,"H603,H505,M599,","MKT,SP,",1,"H6,H5,M5,","H,M,",MAIN,Texas,31.827233,-99.423022,23,Evening
Derailments,1977:07:RI:WF770,0,0,9735,56650,0,0,0,WHEELER,17:15,1977,1977,"T202,","RI,",1,"T2,","T,",MAIN,Texas,31.827233,-99.423022,17,Evening
Fire/violent rupture,1977:07:FWD:FW122,0,0,3300,2484,1,0,0,HARDEMAN,3:40,1977,1977,"E53C,","FWD,",1,"E5,","E,",MAIN,Texas,31.827233,-99.423022,3,Midnight
Derailments,1977:07:PTRA:D1,0,0,31315,17000,0,0,0,HARRIS,21:00,1977,1977,"T199,","PTRA,",7,"T1,","T,",MAIN,Texas,31.827233,-99.423022,21,Evening
Fire/violent rupture,1977:07:SP:G4827,0,0,0,80000,0,0,0,BROOKS,20:25,1977,1977,"E74L,","SP,",1,"E7,","E,",MAIN,Texas,31.827233,-99.423022,20,Evening
Derailments,1977:08:SP:G5207,0,0,16360,400,0,0,0,GRAYSON,17:05,1977,1977,"E68C,","SLSF,SP,",1,"E6,","E,",MAIN,Texas,31.827233,-99.423022,17,Evening
Derailments,1977:08:SP:N0757,0,0,5300,200,0,0,0,HARRIS,2:30,1977,1977,"H503,","SP,",6,"H5,","H,",MAIN,Texas,31.827233,-99.423022,2,Midnight
Derailments,1977:07:SP:H8367,0,0,17500,8750,0,0,0,HARRIS,20:50,1977,1977,"T220,","SP,",1,"T2,","T,",YARD,Texas,31.827233,-99.423022,20,Evening
Derailments,1977:08:ATSF:20087102,0,0,31900,200,0,0,0,GARZA,21:25,1977,1977,"T199,","ATSF,",1,"T1,","T,",MAIN,Texas,31.827233,-99.423022,21,Evening
Derailments,1977:07:SP:75417,0,0,0,3000,0,0,0,EL PASO,4:55,1977,1977,"S012,","SP,",7,"S0,","S,",YARD,Texas,31.827233,-99.423022,4,Midnight
Derailments,1977:08:ATSF:22087101,0,0,24000,191000,0,0,0,DALLAS,18:10,1977,1977,"M599,T101,","ATSF,LA,",11,"M5,T1,","M,T,",MAIN,Texas,31.827233,-99.423022,18,Evening
Derailments,1977:07:MP:9320,0,0,3020,1000,0,0,0,GRAYSON,22:50,1977,1977,"T110,","MKT,MP,",11,"T1,","T,",YARD,Texas,31.827233,-99.423022,22,Evening
Derailments,1977:08:ATSF:22087103,0,0,7000,138100,0,0,0,TAYLOR,19:05,1977,1977,"E35C,E31C,","ATSF,",1,"E3,","E,",MAIN,Texas,31.827233,-99.423022,19,Evening
Derailments,1977:07:SP:75647,0,0,9500,5300,3,0,0,EL PASO,19:55,1977,1977,"H503,","SP,",1,"H5,","H,",YARD,Texas,31.827233,-99.423022,19,Evening
Fire/violent rupture,1977:07:FWD:FW120,0,0,0,2500,1,0,0,CLAY,2:30,1977,1977,"E79L,","FWD,",1,"E7,","E,",MAIN,Texas,31.827233,-99.423022,2,Midnight
Derailments,1977:07:MP:9322,0,0,400,3200,0,0,0,BOWIE,2:10,1977,1977,"T314,","MP,",7,"T3,","T,",YARD,Texas,31.827233,-99.423022,2,Midnight
Derailments,1977:07:RI:WF758,0,0,36982,24305,0,0,0,TARRANT,3:55,1977,1977,"E68C,","RI,",1,"E6,","E,",YARD,Texas,31.827233,-99.423022,3,Midnight
Derailments,1977:07:KCS:308612,0,0,300,12200,0,0,0,JEFFERSON,22:00,1977,1977,"T101,","KCS,",1,"T1,","T,",MAIN,Texas,31.827233,-99.423022,22,Evening
Derailments,1977:08:ATSF:20087104,0,0,0,5050,3,3,0,HUTCHINSON,4:00,1977,1977,"E39C,","ATSF,",76,"E3,","E,",YARD,Texas,31.827233,-99.423022,4,Midnight
Highway-rail impact,1977:07:MKT:XA93S,0,2,0,26500,0,0,0,COMAL,18:20,1977,1977,"M399,","MKT,",1,"M3,","M,",MAIN,Texas,31.827233,-99.423022,18,Evening
Other impacts,1977:07:SP:G4817,0,0,4800,0,0,0,0,DALLAS,21:30,1977,1977,"H702,","SSW,",1,"H7,","H,",MAIN,Texas,31.827233,-99.423022,21,Evening
Derailments,1977:07:FWD:FW128,0,0,3000,9700,0,0,0,HARTLEY,18:10,1977,1977,"T110,","FWD,",1,"T1,","T,",SIDING,Texas,31.827233,-99.423022,18,Evening
Derailments,1977:08:SP:K0597,0,0,2800,2500,0,0,0,JEFFERSON,3:15,1977,1977,"H503,","SP,",7,"H5,","H,",YARD,Texas,31.827233,-99.423022,3,Midnight
Derailments,1977:08:SP:K1247,0,0,1800,100250,0,0,0,LIBERTY,1:20,1977,1977,"E00C,","SP,",1,"E0,","E,",MAIN,Texas,31.827233,-99.423022,1,Midnight
Derailments,1977:08:SP:H9727,0,0,2500,3000,1,1,0,WHARTON,22:20,1977,1977,"E23C,","SP,",1,"E2,","E,",SIDING,Texas,31.827233,-99.423022,22,Evening
Derailments,1977:09:HBT:AX5I77,0,0,0,2500,0,0,0,HARRIS,19:00,1977,1977,"E31C,","HBT,",7,"E3,","E,",YARD,Texas,31.827233,-99.423022,19,Evening
Derailments,1977:09:ATSF:22097101,0,1,8000,24650,0,0,0,DENTON,2:20,1977,1977,"T102,","ATSF,",1,"T1,","T,",MAIN,Texas,31.827233,-99.423022,2,Midnight
Derailments,1977:08:MKT:AX89S,0,0,5750,46500,0,0,0,HUNT,22:30,1977,1977,"E24C,","MKT,",1,"E2,","E,",MAIN,Texas,31.827233,-99.423022,22,Evening
Derailments,1977:09:HBT:AX1I77,0,0,150,4325,0,0,0,HARRIS,24:40:00,1977,1977,"H601,","HBT,",7,"H6,","H,",YARD,Texas,31.827233,-99.423022,24,Midnight
Derailments,1977:09:FWD:JT79,0,0,18000,400,0,0,0,LEON,17:15,1977,1977,"T106,","FWD,",1,"T1,","T,",MAIN,Texas,31.827233,-99.423022,17,Evening
Derailments,1977:08:MKT:AX87S,0,0,3210,4350,0,0,0,HARRIS,4:10,1977,1977,"T314,","MKT,",1,"T3,","T,",YARD,Texas,31.827233,-99.423022,4,Midnight
Derailments,1977:08:SP:N0007,0,0,4950,0,0,0,0,HARRIS,24:25:00,1977,1977,"T314,","SP,",1,"T3,","T,",MAIN,Texas,31.827233,-99.423022,24,Midnight
Derailments,1977:09:ATSF:23097103,0,0,4500,3200,0,0,0,BURLESON,23:55,1977,1977,"T207,","ATSF,",1,"T2,","T,",YARD,Texas,31.827233,-99.423022,23,Evening
Side collision,1977:08:SP:H9747,0,0,0,2300,0,0,0,HARRIS,18:50,1977,1977,"H018,","SP,",7,"H0,","H,",YARD,Texas,31.827233,-99.423022,18,Evening
Derailments,1977:08:MKT:AX90S,0,0,850,2900,0,0,0,HARRIS,22:30,1977,1977,"T316,","MKT,",1,"T3,","T,",YARD,Texas,31.827233,-99.423022,22,Evening
Derailments,1977:08:MP:9332,0,0,3163,0,0,0,0,GRAYSON,19:10,1977,1977,"T110,","MKT,MP,",11,"T1,","T,",YARD,Texas,31.827233,-99.423022,19,Evening
Highway-rail impact,1977:09:ATSF:23097101,0,1,3000,1500,0,0,0,BELL,3:15,1977,1977,"M399,","ATSF,",8,"M3,","M,",MAIN,Texas,31.827233,-99.423022,3,Midnight
Derailments,1977:09:MP:9355,0,0,100,20000,0,0,0,SAN PATRICIO,19:10,1977,1977,"E00C,","MP,",1,"E0,","E,",MAIN,Texas,31.827233,-99.423022,19,Evening
Derailments,1977:08:KCS:317777,0,0,250,5000,0,0,0,BOWIE,4:30,1977,1977,"T101,","KCS,",7,"T1,","T,",YARD,Texas,31.827233,-99.423022,4,Midnight
Derailments,1977:09:ATSF:23097104,0,4,1000,88340,0,0,0,HARRIS,21:25,1977,1977,"M503,","ATSF,",15,"M5,","M,",SIDING,Texas,31.827233,-99.423022,21,Evening
Rear end collision,1977:08:FWD:JT69,0,4,4000,62900,0,0,0,FREESTONE,23:30,1977,1977,"H999,","FWD,",1,"H9,","H,",MAIN,Texas,31.827233,-99.423022,23,Evening
Derailments,1977:08:KCS:314487,0,0,500,4500,0,0,0,JEFFERSON,22:30,1977,1977,"T314,","KCS,",1,"T3,","T,",SIDING,Texas,31.827233,-99.423022,22,Evening
Derailments,1977:09:KCS:314362,0,0,1000,1750,0,0,0,JEFFERSON,23:00,1977,1977,"T314,","KCS,",1,"T3,","T,",MAIN,Texas,31.827233,-99.423022,23,Evening
Derailments,1977:09:RI:WF1026,0,0,11200,19600,0,0,0,DALLAS,1:45,1977,1977,"T111,T109,","FWD,RI,SLSF,",111,"T1,","T,",MAIN,Texas,31.827233,-99.423022,1,Midnight
Highway-rail impact,1977:08:SP:N0187,0,1,3000,0,0,0,0,MONTGOMERY,20:05,1977,1977,"M399,","SP,",1,"M3,","M,",MAIN,Texas,31.827233,-99.423022,20,Evening
Derailments,1977:09:SP:N1757,0,0,4000,700,0,0,0,COLORADO,24:30:00,1977,1977,"T314,","SP,",6,"T3,","T,",YARD,Texas,31.827233,-99.423022,24,Midnight
Derailments,1977:09:SP:N2337,0,0,1500,2200,0,0,0,HARRIS,2:30,1977,1977,"H503,","SP,",7,"H5,","H,",INDUSTRY,Texas,31.827233,-99.423022,2,Midnight
Side collision,1977:11:MKT:AX119N,0,0,2100,3175,0,0,0,CORYELL,4:35,1977,1978,"H999,","MKT,",18,"H9,","H,",YARD,Texas,31.827233,-99.423022,4,Midnight
Derailments,1977:09:SP:G6427,0,0,15000,0,0,0,0,BEXAR,1:10,1977,1977,"T113,","SP,",6,"T1,","T,",MAIN,Texas,31.827233,-99.423022,1,Midnight
Derailments,1977:10:MP:9361,0,0,200,12300,2,2,0,DALLAS,23:35,1977,1978,"M599,","MP,",16,"M5,","M,",YARD,Texas,31.827233,-99.423022,23,Evening
Derailments,1977:10:MKT:AX110S,0,0,3350,1450,0,0,0,DALLAS,3:00,1977,1978,"T101,","MKT,",7,"T1,","T,",MAIN,Texas,31.827233,-99.423022,3,Midnight
Derailments,1977:10:KCS:317551,0,0,34600,41150,2,2,0,JEFFERSON,2:55,1977,1978,"H603,T101,","KCS,SP,",11,"H6,T1,","H,T,",MAIN,Texas,31.827233,-99.423022,2,Midnight
Derailments,1977:10:ATSF:22107101,0,0,6000,24000,1,0,0,DALLAS,1:30,1977,1978,"T102,","ATSF,",1,"T1,","T,",MAIN,Texas,31.827233,-99.423022,1,Midnight
Derailments,1977:09:MKT:AX100S,0,0,16896,800,0,0,0,DALLAS,21:00,1977,1977,"H699,","MKT,",1,"H6,","H,",MAIN,Texas,31.827233,-99.423022,21,Evening
Derailments,1977:09:MP:9353,0,0,300,24250,5,0,0,TARRANT,22:05,1977,1977,"E32C,","MP,",6,"E3,","E,",YARD,Texas,31.827233,-99.423022,22,Evening
Derailments,1977:09:SP:G6027,0,0,20000,200,0,0,0,ROBERTSON,1:30,1977,1977,"T220,","SP,",7,"T2,","T,",YARD,Texas,31.827233,-99.423022,1,Midnight
Derailments,1977:09:SSW:V0137,0,0,2300,1200,0,0,0,NAVARRO,21:55,1977,1977,"E84C,","SSW,",1,"E8,","E,",YARD,Texas,31.827233,-99.423022,21,Evening
Derailments,1977:09:KCS:317528,0,0,600,1990,0,0,0,JEFFERSON,4:40,1977,1977,"T110,","KCS,",76,"T1,","T,",YARD,Texas,31.827233,-99.423022,4,Midnight
Side collision,1977:09:RI:WF10478,0,0,0,2500,0,0,0,DALLAS,3:25,1977,1977,"H307,","LA,RI,",757,"H3,","H,",YARD,Texas,31.827233,-99.423022,3,Midnight
Derailments,1977:10:HBT:AX2J77,0,0,240,5300,0,0,0,HARRIS,2:20,1977,1978,"H401,","HBT,",7,"H4,","H,",YARD,Texas,31.827233,-99.423022,2,Midnight
Rear end collision,1977:09:SP:G6757,0,1,0,9000,0,0,0,DALLAS,3:15,1977,1977,"H602,","SP,SSW,",77,"H6,","H,",YARD,Texas,31.827233,-99.423022,3,Midnight
Derailments,1977:10:LA:312960,0,0,4000,16500,0,0,0,,21:10,1977,1978,"T110,","LA,",1,"T1,","T,",YARD,Texas,31.827233,-99.423022,21,Evening
Derailments,1977:10:ATSF:23107101,0,0,1000,9950,0,0,0,BELL,18:10,1977,1978,"H306,","ATSF,",7,"H3,","H,",YARD,Texas,31.827233,-99.423022,18,Evening
Derailments,1977:10:KCS:310404,0,0,400,4500,10,2,1,JEFFERSON,23:55,1977,1978,"H503,","KCS,",1,"H5,","H,",MAIN,Texas,31.827233,-99.423022,23,Evening
Side collision,1977:09:SP:G6767,0,0,320,8075,0,0,0,DALLAS,21:30,1977,1977,"H301,","SP,SSW,",67,"H3,","H,",YARD,Texas,31.827233,-99.423022,21,Evening
Derailments,1977:09:MKT:AX95S,0,0,600,6100,0,0,0,TARRANT,22:20,1977,1977,"T309,","MKT,",7,"T3,","T,",YARD,Texas,31.827233,-99.423022,22,Evening
Derailments,1977:09:KCS:317531,0,0,5000,1800,0,0,0,JEFFERSON,1:35,1977,1977,"E46C,","KCS,",7,"E4,","E,",YARD,Texas,31.827233,-99.423022,1,Midnight
Highway-rail impact,1977:11:ATSF:20117102,0,0,3500,11500,0,0,0,DEAF SMITH,24:40:00,1977,1978,"M399,","ATSF,",1,"M3,","M,",MAIN,Texas,31.827233,-99.423022,24,Midnight
Derailments,1977:10:SP:N2857,0,0,500,8100,28,0,0,SHELBY,17:08,1977,1978,"E34C,","SP,",1,"E3,","E,",MAIN,Texas,31.827233,-99.423022,17,Evening
Derailments,1977:10:RI:WF1079,0,0,1500,21000,0,0,0,DALLAS,3:00,1977,1978,"E46C,T110,","LA,RI,",11,"E4,T1,","E,T,",YARD,Texas,31.827233,-99.423022,3,Midnight
Derailments,1977:11:FWD:JT91,0,0,12600,5000,0,0,0,NAVARRO,4:45,1977,1978,"E53C,","FWD,",1,"E5,","E,",MAIN,Texas,31.827233,-99.423022,4,Midnight
Derailments,1977:10:SP:G6817,0,0,10540,3925,0,0,0,NAVARRO,20:30,1977,1978,"H503,","SP,",1,"H5,","H,",YARD,Texas,31.827233,-99.423022,20,Evening
Derailments,1977:11:MKT:AX122S,0,0,3472,500,0,0,0,ELLIS,1:00,1977,1978,"H503,","MKT,",1,"H5,","H,",MAIN,Texas,31.827233,-99.423022,1,Midnight
Derailments,1977:11:HBT:AX1K77,0,0,3500,450,0,0,0,HARRIS,23:45,1977,1978,"H307,","HBT,",7,"H3,","H,",INDUSTRY,Texas,31.827233,-99.423022,23,Evening
Derailments,1977:11:SP:K7497,0,0,25000,473550,1,1,0,HARRIS,22:10,1977,1978,"M503,","SP,",1,"M5,","M,",MAIN,Texas,31.827233,-99.423022,22,Evening
Other impacts,1977:11:ATSF:22117105,0,0,0,107928,0,0,0,BROWN,21:15,1977,1978,"H601,","ATSF,",81,"H6,","H,",MAIN,Texas,31.827233,-99.423022,21,Evening
Derailments,1977:10:SP:N3097,0,0,7000,0,0,0,0,COLORADO,3:30,1977,1978,"T202,","SP,",6,"T2,","T,",YARD,Texas,31.827233,-99.423022,3,Midnight
Derailments,1977:11:HBT:AX2K77,0,0,140,2800,0,0,0,HARRIS,22:00,1977,1978,"H303,H206,","HBT,",7,"H3,H2,","H,",YARD,Texas,31.827233,-99.423022,22,Evening
Derailments,1977:10:SSW:V0947,0,0,26000,329200,0,0,0,CAMP,22:00,1977,1978,"E36C,","SSW,",1,"E3,","E,",MAIN,Texas,31.827233,-99.423022,22,Evening
Derailments,1977:11:ATSF:22117101,0,0,1800,2600,0,0,0,JOHNSON,17:50,1977,1978,"H505,","ATSF,",7,"H5,","H,",YARD,Texas,31.827233,-99.423022,17,Evening
Derailments,1977:10:RI:WF1062,0,0,0,3460,0,0,0,WISE,21:30,1977,1978,"H999,","RI,",6,"H9,","H,",SIDING,Texas,31.827233,-99.423022,21,Evening
Derailments,1977:10:SSW:V0737,0,0,12500,5400,0,0,0,TITUS,22:06,1977,1978,"T311,","SSW,",1,"T3,","T,",MAIN,Texas,31.827233,-99.423022,22,Evening
Side collision,1977:11:ATSF:22117102,0,0,2330,30425,0,0,0,TARRANT,20:00,1977,1978,"T301,","ATSF,",16,"T3,","T,",SIDING,Texas,31.827233,-99.423022,20,Evening
Derailments,1977:11:MKT:AX125S,0,0,2746,21000,0,0,0,FANNIN,21:00,1977,1978,"E20C,","MKT,",1,"E2,","E,",MAIN,Texas,31.827233,-99.423022,21,Evening
Fire/violent rupture,1977:11:FWD:FW204,0,0,0,4500,0,0,0,TARRANT,22:00,1977,1978,"M599,","FWD,",5,"M5,","M,",INDUSTRY,Texas,31.827233,-99.423022,22,Evening
Derailments,1977:10:SP:N2847,0,0,7500,0,0,0,0,HARRIS,1:00,1977,1978,"E46C,","SP,",7,"E4,","E,",YARD,Texas,31.827233,-99.423022,1,Midnight
Derailments,1977:12:MP:9391,0,0,2850,4719,0,0,0,,23:30,1977,1978,"E23C,E30C,","MP,",1,"E2,E3,","E,",MAIN,Texas,31.827233,-99.423022,23,Evening
Derailments,1977:11:SSW:V2467,0,0,1800,1200,0,0,0,BOWIE,18:30,1977,1978,"H701,","SSW,",7,"H7,","H,",YARD,Texas,31.827233,-99.423022,18,Evening
Derailments,1977:11:SP:N4127,0,0,2000,300,0,0,0,SAN JACINTO,18:30,1977,1978,"M404,","SP,",1,"M4,","M,",MAIN,Texas,31.827233,-99.423022,18,Evening
Derailments,1977:11:SP:78507,0,0,31100,2100,0,0,0,EL PASO,4:40,1977,1978,"E22C,","SP,",1,"E2,","E,",MAIN,Texas,31.827233,-99.423022,4,Midnight
Other impacts,1977:12:ATSF:20127101,0,0,0,2350,2,0,0,BAILEY,24:50:00,1977,1978,"M202,M599,","ATSF,",1,"M2,M5,","M,",MAIN,Texas,31.827233,-99.423022,24,Midnight
Derailments,1977:12:MKT:AX129S,0,0,1150,3865,0,0,0,JOHNSON,1:05,1977,1978,"E22C,","MKT,MP,",11,"E2,","E,",MAIN,Texas,31.827233,-99.423022,1,Midnight
Derailments,1977:12:KCS:317563,0,0,10000,0,0,0,0,JEFFERSON,17:30,1977,1978,"T101,","KCS,",7,"T1,","T,",YARD,Texas,31.827233,-99.423022,17,Evening
Derailments,1977:12:HBT:AX1L77,0,0,150,3650,0,0,0,HARRIS,22:40,1977,1978,"H305,","HBT,",7,"H3,","H,",YARD,Texas,31.827233,-99.423022,22,Evening
Highway-rail impact,1977:12:ATSF:20127102,0,2,0,4010,0,0,0,LUBBOCK,17:55,1977,1978,"M399,","ATSF,",1,"M3,","M,",MAIN,Texas,31.827233,-99.423022,17,Evening
Derailments,1977:12:MP:9404,0,0,3250,11600,0,0,0,GREGG,20:50,1977,1978,"E46C,","MP,",1,"E4,","E,",SIDING,Texas,31.827233,-99.423022,20,Evening
Derailments,1977:11:SP:G7687,0,0,5750,15750,0,0,0,GONZALES,1:45,1977,1978,"H503,T113,","SP,",1,"H5,T1,","H,T,",MAIN,Texas,31.827233,-99.423022,1,Midnight
Derailments,1977:12:SP:G8647,0,0,4500,300,0,0,0,ROBERTSON,20:35,1977,1978,"H702,","SP,",1,"H7,","H,",YARD,Texas,31.827233,-99.423022,20,Evening
Derailments,1977:12:RI:WF1397,0,0,2125,855,0,0,0,TARRANT,24:50:00,1977,1978,"E34C,","RI,",1,"E3,","E,",MAIN,Texas,31.827233,-99.423022,24,Midnight
Other impacts,1977:12:SP:K9317,0,0,5000,0,0,0,0,JEFFERSON,17:35,1977,1978,"H702,","SP,",7,"H7,","H,",MAIN,Texas,31.827233,-99.423022,17,Evening
Derailments,1977:11:SP:N4327,0,0,1700,6300,0,0,0,HARRIS,21:30,1977,1978,"T202,","SP,",1,"T2,","T,",YARD,Texas,31.827233,-99.423022,21,Evening
Derailments,1977:11:SP:G7827,0,0,15200,692800,0,0,0,PECOS,22:05,1977,1978,"E65C,","SP,",1,"E6,","E,",MAIN,Texas,31.827233,-99.423022,22,Evening
Raking collision,1977:12:ATSF:22127101,0,0,0,7350,0,0,0,DALLAS,19:30,1977,1978,"H401,","ATSF,",71,"H4,","H,",YARD,Texas,31.827233,-99.423022,19,Evening
Derailments,1977:12:RI:WF1373,0,0,0,10200,0,0,0,DALLAS,3:35,1977,1978,"H503,","RI,",1,"H5,","H,",MAIN,Texas,31.827233,-99.423022,3,Midnight
Derailments,1977:11:SP:N4147,0,0,100,3000,0,0,0,HARRIS,4:45,1977,1978,"H401,","SP,",7,"H4,","H,",YARD,Texas,31.827233,-99.423022,4,Midnight
Derailments,1977:12:ATSF:20127105,0,0,1500,4650,0,0,0,RANDALL,22:30,1977,1978,"E52C,","ATSF,",1,"E5,","E,",MAIN,Texas,31.827233,-99.423022,22,Evening
Highway-rail impact,1977:11:SSW:V2207,0,1,14500,28000,0,0,0,HUNT,3:15,1977,1978,"M399,","SSW,",1,"M3,","M,",MAIN,Texas,31.827233,-99.423022,3,Midnight
Derailments,1977:12:SLSF:T2A5,0,0,2000,17000,0,0,0,LAMAR,23:30,1977,1978,"H503,","SLSF,",1,"H5,","H,",MAIN,Texas,31.827233,-99.423022,23,Evening
Derailments,1978:01:RI:WF168,0,0,2160,1400,0,0,0,DALLAS,23:28,1978,1978,"T314,","RI,SLSF,",11,"T3,","T,",YARD,Texas,31.827233,-99.423022,23,Evening
Derailments,1978:01:SP:L0028,0,0,7200,16650,0,0,0,HARRIS,3:15,1978,1978,"T101,","SP,",7,"T1,","T,",MAIN,Texas,31.827233,-99.423022,3,Midnight
Derailments,1977:12:SP:N5217,0,0,2000,28500,0,0,0,ANGELINA,3:55,1977,1978,"T202,","SP,",11,"T2,","T,",MAIN,Texas,31.827233,-99.423022,3,Midnight
Fire/violent rupture,1978:01:RI:WF87,0,0,0,6250,0,0,0,WHEELER,21:30,1978,1978,"M599,","RI,",1,"M5,","M,",MAIN,Texas,31.827233,-99.423022,21,Evening
Derailments,1978:01:HBT:AX1A78,0,0,50,3000,0,0,0,HARRIS,2:58,1978,1978,"H306,","HBT,",7,"H3,","H,",YARD,Texas,31.827233,-99.423022,2,Midnight
Derailments,1978:01:ATSF:23018102,0,0,6000,17850,3,0,0,BURLESON,3:15,1978,1978,"T110,","ATSF,",1,"T1,","T,",SIDING,Texas,31.827233,-99.423022,3,Midnight
Derailments,1978:01:MP:9414,0,0,3200,36300,0,0,0,KAUFMAN,2:00,1978,1978,"T201,","MP,",1,"T2,","T,",MAIN,Texas,31.827233,-99.423022,2,Midnight
Derailments,1978:01:RI:WF154,0,0,1480,1870,0,0,0,TARRANT,4:16,1978,1978,"T314,E64C,","RI,",1,"T3,E6,","T,E,",MAIN,Texas,31.827233,-99.423022,4,Midnight
Derailments,1978:01:ATSF:20018101,0,0,150,5000,0,0,0,POTTER,20:40,1978,1978,"T399,","ATSF,",7,"T3,","T,",YARD,Texas,31.827233,-99.423022,20,Evening
Derailments,1978:01:MP:9413,0,0,12814,24550,3,0,0,DENTON,1:15,1978,1978,"E00C,","MKT,MP,",11,"E0,","E,",MAIN,Texas,31.827233,-99.423022,1,Midnight
Fire/violent rupture,1978:01:MKT:039,0,0,0,3000,0,0,0,GRAYSON,24:10:00,1978,1978,"M599,","MKT,",5,"M5,","M,",YARD,Texas,31.827233,-99.423022,24,Midnight
Derailments,1978:01:ATSF:23018101,0,0,500,9500,0,0,0,JEFFERSON,19:30,1978,1978,"E46C,","ATSF,",7,"E4,","E,",YARD,Texas,31.827233,-99.423022,19,Evening
Derailments,1978:01:MKT:AX7S,0,0,2250,1675,0,0,0,JOHNSON,18:05,1978,1978,"E54C,","MKT,",1,"E5,","E,",MAIN,Texas,31.827233,-99.423022,18,Evening
Derailments,1977:12:SP:G8567,0,0,18850,750,0,0,0,HUDSPETH,3:50,1977,1978,"E32C,","SP,",1,"E3,","E,",MAIN,Texas,31.827233,-99.423022,3,Midnight
Derailments,1978:01:KCS:306796,0,0,1000,2500,0,0,0,JEFFERSON,3:00,1978,1978,"T314,","KCS,",8,"T3,","T,",INDUSTRY,Texas,31.827233,-99.423022,3,Midnight
Other impacts,1978:01:HBT:AX2A78,0,0,0,3900,0,0,0,HARRIS,19:00,1978,1978,"H401,","HBT,",7,"H4,","H,",YARD,Texas,31.827233,-99.423022,19,Evening
Derailments,1978:02:RI:WF216,0,0,300,10200,0,0,0,TARRANT,21:00,1978,1978,"H210,","RI,",7,"H2,","H,",YARD,Texas,31.827233,-99.423022,21,Evening
Derailments,1978:01:MKT:AX8S,0,0,13000,16700,0,0,0,HUNT,21:35,1978,1978,"T101,","MKT,",1,"T1,","T,",MAIN,Texas,31.827233,-99.423022,21,Evening
Head on collision,1977:12:SP:79967,0,0,0,3600,0,0,0,EL PASO,24:05:00,1977,1978,"H021,","SP,",67,"H0,","H,",YARD,Texas,31.827233,-99.423022,24,Midnight
Rear end collision,1978:01:PTRA:C1,0,0,0,1800,0,0,0,HARRIS,21:20,1978,1978,"H603,","PTRA,",7,"H6,","H,",SIDING,Texas,31.827233,-99.423022,21,Evening
Derailments,1977:12:SP:K9787,0,0,69900,56250,0,0,0,JEFFERSON,24:30:00,1977,1978,"T101,","SP,",1,"T1,","T,",MAIN,Texas,31.827233,-99.423022,24,Midnight