AccidentType,inckey,Fatalities,Injuries,TrackDamage,EquipmentDamage,HazmatCars,HazmatCarsDerailed,HazmatCarsReleasing,County,DisplayTime,calendar,Fiscal,AccidentCause,RailroadCodes,RAILEQUIPMENT_TYPE,CauseGroup,CauseDiscipline,TYPE_OF_TRACK,StateName,latitude,longitude,hour,cat
Derailments,1977:12:SP:S0257,0,0,3400,975,0,0,0,JEFFERSON,20:15,1977,1978,"T101,","SP,",1,"T1,","T,",MAIN,Texas,31.827233,-99.423022,20,Evening
Derailments,1978:01:SP:G0318,0,0,10000,300,0,0,0,DALLAS,22:15,1978,1978,"E63C,","SP,",1,"E6,","E,",MAIN,Texas,31.827233,-99.423022,22,Evening
Raking collision,1978:01:PTRA:C2,0,0,0,3200,0,0,0,HARRIS,17:45,1978,1978,"H301,","PTRA,",7,"H3,","H,",YARD,Texas,31.827233,-99.423022,17,Evening
Derailments,1978:01:FWD:FW22,0,0,3500,2000,0,0,0,CHILDRESS,3:20,1978,1978,"T311,","FWD,",6,"T3,","T,",YARD,Texas,31.827233,-99.423022,3,Midnight
Other impacts,1978:01:SP:70218,0,0,7000,0,0,0,0,,22:00,1978,1978,"E07C,","SP,",1,"E0,","E,",MAIN,Texas,31.827233,-99.423022,22,Evening
Derailments,1977:12:SP:G8557,0,0,3000,0,0,0,0,ROBERTSON,23:30,1977,1978,"E00C,","SP,",1,"E0,","E,",MAIN,Texas,31.827233,-99.423022,23,Evening
Derailments,1978:01:SP:H0678,0,0,150,9400,0,0,0,HARRIS,18:00,1978,1978,"T202,","SP,",76,"T2,","T,",YARD,Texas,31.827233,-99.423022,18,Evening
Highway-rail impact,1977:12:SP:G8637,0,1,3000,0,0,0,0,MAVERICK,17:45,1977,1978,"M399,","SP,",1,"M3,","M,",MAIN,Texas,31.827233,-99.423022,17,Evening
Derailments,1977:12:SP:N5687,0,2,1400,8900,0,0,0,POLK,24:30:00,1977,1978,"T207,","SP,",1,"T2,","T,",MAIN,Texas,31.827233,-99.423022,24,Midnight
Derailments,1978:01:KCS:319002,0,0,500,1980,0,0,0,JEFFERSON,2:30,1978,1978,"T110,","KCS,",7,"T1,","T,",YARD,Texas,31.827233,-99.423022,2,Midnight
Derailments,1978:01:KCS:319003,0,0,600,1840,0,0,0,JEFFERSON,18:00,1978,1978,"T314,","KCS,",7,"T3,","T,",YARD,Texas,31.827233,-99.423022,18,Evening
Derailments,1978:01:MKT:AX4S,0,0,440,2000,0,0,0,GRAYSON,22:15,1978,1978,"T399,M101,","MKT,",7,"T3,M1,","T,M,",YARD,Texas,31.827233,-99.423022,22,Evening
Derailments,1978:01:SLSF:T3A3,0,0,500,11300,0,0,0,GRAYSON,22:05,1978,1978,"M503,","SLSF,",1,"M5,","M,",YARD,Texas,31.827233,-99.423022,22,Evening
Derailments,1978:02:MP:9577,0,0,42000,272100,0,0,0,PALO PINTO,21:00,1978,1978,"H999,","MP,",NA,"H9,","H,",MAIN,Texas,31.827233,-99.423022,21,Evening
Derailments,1978:01:SP:H1068,0,0,3100,0,0,0,0,HARRIS,20:00,1978,1978,"M404,","SP,",7,"M4,","M,",YARD,Texas,31.827233,-99.423022,20,Evening
Other impacts,1978:02:ATSF:23028101,0,0,0,11681,1,0,0,BOSQUE,22:05,1978,1978,"M206,","ATSF,",1,"M2,","M,",MAIN,Texas,31.827233,-99.423022,22,Evening
Derailments,1978:02:MKT:AX11S,0,0,2825,25,0,0,0,GRAYSON,22:15,1978,1978,"T303,","MKT,",7,"T3,","T,",YARD,Texas,31.827233,-99.423022,22,Evening
Other impacts,1978:03:ATSF:23038101,0,0,0,12223,0,0,0,HILL,24:15:00,1978,1978,"H403,H404,","ATSF,",4,"H4,","H,",MAIN,Texas,31.827233,-99.423022,24,Midnight
Derailments,1978:02:MKT:AX9S,0,0,3500,13050,2,0,0,TARRANT,1:00,1978,1978,"T399,T314,","MKT,MP,",11,"T3,","T,",MAIN,Texas,31.827233,-99.423022,1,Midnight
Derailments,1978:02:RI:WF253,0,0,400,5700,2,0,0,TARRANT,22:30,1978,1978,"T220,T202,","FWD,RI,",11,"T2,","T,",YARD,Texas,31.827233,-99.423022,22,Evening
Derailments,1978:02:SP:H1698,0,0,75,2300,0,0,0,HARRIS,1:50,1978,1978,"T101,","SP,",7,"T1,","T,",YARD,Texas,31.827233,-99.423022,1,Midnight
Derailments,1978:02:RI:WF38522,0,0,2466,13000,0,0,0,DALLAS,2:10,1978,1978,"T110,","LA,RI,",11,"T1,","T,",YARD,Texas,31.827233,-99.423022,2,Midnight
Derailments,1978:02:MKT:AX10N,0,0,9194,180800,0,0,0,,23:25,1978,1978,"T210,","MKT,",1,"T2,","T,",MAIN,Texas,31.827233,-99.423022,23,Evening
Derailments,1978:03:FWD:FW74,0,0,1500,3975,0,0,0,WICHITA,22:30,1978,1978,"T220,","FWD,",7,"T2,","T,",YARD,Texas,31.827233,-99.423022,22,Evening
Head on collision,1978:02:ATSF:20028102,0,0,200,55975,3,0,0,LUBBOCK,20:20,1978,1978,"H603,","ATSF,",61,"H6,","H,",YARD,Texas,31.827233,-99.423022,20,Evening
Derailments,1978:01:SP:G0328,0,0,9400,41000,0,0,0,VAL VERDE,22:45,1978,1978,"E32C,","SP,",1,"E3,","E,",MAIN,Texas,31.827233,-99.423022,22,Evening
Derailments,1978:02:MKT:AX16S,0,0,7500,4600,0,0,0,DALLAS,1:10,1978,1978,"T101,","MKT,",1,"T1,","T,",MAIN,Texas,31.827233,-99.423022,1,Midnight
Derailments,1978:02:ATSF:20028106,0,0,1600,4375,0,0,0,SCURRY,3:00,1978,1978,"E32C,","ATSF,",1,"E3,","E,",MAIN,Texas,31.827233,-99.423022,3,Midnight
Derailments,1978:01:SP:G0558,0,0,0,3600,0,0,0,PRESIDIO,20:50,1978,1978,"M599,","SP,",1,"M5,","M,",MAIN,Texas,31.827233,-99.423022,20,Evening
Derailments,1978:02:KCS:307049,0,0,795,21500,6,1,0,JEFFERSON,23:23,1978,1978,"T102,","KCS,",7,"T1,","T,",MAIN,Texas,31.827233,-99.423022,23,Evening
Derailments,1978:02:HBT:AX1B78,0,0,2400,3850,0,0,0,HARRIS,19:20,1978,1978,"T314,","HBT,",7,"T3,","T,",INDUSTRY,Texas,31.827233,-99.423022,19,Evening
Derailments,1978:01:SP:L0738,0,2,8000,76600,0,0,0,JEFFERSON,23:50,1978,1978,"T202,","SP,",1,"T2,","T,",MAIN,Texas,31.827233,-99.423022,23,Evening
Side collision,1978:02:PTRA:C1,0,0,0,3641,0,0,0,HARRIS,20:23,1978,1978,"H302,H401,","PTRA,SP,",78,"H3,H4,","H,",YARD,Texas,31.827233,-99.423022,20,Evening
Derailments,1978:02:LA:315234,0,0,1461,119500,8,1,1,COLLIN,1:25,1978,1978,"T202,","LA,",1,"T2,","T,",MAIN,Texas,31.827233,-99.423022,1,Midnight
Derailments,1978:02:ATSF:20028103,0,0,300,10275,0,0,0,POTTER,3:15,1978,1978,"M599,","ATSF,",1,"M5,","M,",INDUSTRY,Texas,31.827233,-99.423022,3,Midnight
Side collision,1978:02:ATSF:20028104,0,0,0,7625,0,0,0,POTTER,1:15,1978,1978,"H307,","ATSF,",67,"H3,","H,",YARD,Texas,31.827233,-99.423022,1,Midnight
Derailments,1978:02:RI:WF360,0,0,10000,198893,0,0,0,WISE,17:00,1978,1978,"E52C,","RI,",1,"E5,","E,",MAIN,Texas,31.827233,-99.423022,17,Evening
Fire/violent rupture,1978:02:SP:70888,0,0,0,80000,0,0,0,EL PASO,21:05,1978,1978,"E74L,","SP,",1,"E7,","E,",YARD,Texas,31.827233,-99.423022,21,Evening
Derailments,1978:02:ATSF:22028103,0,0,13000,8000,0,0,0,DENTON,3:10,1978,1978,"E34C,","ATSF,",1,"E3,","E,",SIDING,Texas,31.827233,-99.423022,3,Midnight
Derailments,1978:02:SP:G1378,0,0,0,4050,0,0,0,VAL VERDE,18:45,1978,1978,"E22C,","SP,",1,"E2,","E,",MAIN,Texas,31.827233,-99.423022,18,Evening
Other impacts,1978:02:SP:H1568,0,0,2500,100,0,0,0,HARRIS,3:00,1978,1978,"M203,","SP,",1,"M2,","M,",MAIN,Texas,31.827233,-99.423022,3,Midnight
Rear end collision,1978:03:SP:L6498,0,0,3500,1600,1,1,0,CHAMBERS,18:30,1978,1978,"H602,","SP,",5,"H6,","H,",INDUSTRY,Texas,31.827233,-99.423022,18,Evening
Derailments,1978:03:MKT:AX25S,0,0,4200,350,0,0,0,HARRIS,1:20,1978,1978,"H702,","MKT,",7,"H7,","H,",YARD,Texas,31.827233,-99.423022,1,Midnight
Derailments,1978:02:SP:L2358,0,0,3100,5300,2,2,0,LIBERTY,24:45:00,1978,1978,"T111,","SP,",1,"T1,","T,",SIDING,Texas,31.827233,-99.423022,24,Midnight
Derailments,1978:02:SP:H1798,0,0,2100,24500,1,1,0,FORT BEND,20:00,1978,1978,"T213,","SP,",1,"T2,","T,",MAIN,Texas,31.827233,-99.423022,20,Evening
Derailments,1978:03:ATSF:22038104,0,0,3200,18800,0,0,0,NOLAN,17:10,1978,1978,"E52C,","ATSF,",1,"E5,","E,",MAIN,Texas,31.827233,-99.423022,17,Evening
Derailments,1978:02:SP:G0978,0,0,5200,2655,0,0,0,BEXAR,18:55,1978,1978,"H503,","SP,",1,"H5,","H,",MAIN,Texas,31.827233,-99.423022,18,Evening
Derailments,1978:02:SSW:U2758,0,0,7000,135220,0,0,0,COLLIN,24:40:00,1978,1978,"E52C,","SSW,",1,"E5,","E,",MAIN,Texas,31.827233,-99.423022,24,Midnight
Derailments,1978:02:SP:H1478,0,0,4000,0,0,0,0,HARRIS,21:20,1978,1978,"T307,","SP,",7,"T3,","T,",YARD,Texas,31.827233,-99.423022,21,Evening
Fire/violent rupture,1978:03:FWD:FW68,0,0,0,8132,0,0,0,HARDEMAN,0:00,1978,1978,"M599,","FWD,",6,"M5,","M,",INDUSTRY,Texas,31.827233,-99.423022,0,Midnight
Derailments,1978:04:MP:9472,0,0,20000,25200,0,0,0,DALLAS,1:00,1978,1978,"H999,","MP,",16,"H9,","H,",YARD,Texas,31.827233,-99.423022,1,Midnight
Derailments,1978:03:LA:315182,0,0,990,5500,0,0,0,HUNT,20:30,1978,1978,"H503,","LA,",1,"H5,","H,",YARD,Texas,31.827233,-99.423022,20,Evening
Derailments,1978:02:SP:G0768,0,0,7700,0,0,0,0,CULBERSON,18:45,1978,1978,"E46C,E40C,","SP,",1,"E4,","E,",MAIN,Texas,31.827233,-99.423022,18,Evening
Derailments,1978:03:ATSF:22038101,0,0,11000,48000,0,0,0,HOOD,1:00,1978,1978,"H604,E39C,","ATSF,",1,"H6,E3,","H,E,",MAIN,Texas,31.827233,-99.423022,1,Midnight
Derailments,1978:02:SP:G0758,0,1,1700,3100,0,0,0,FAYETTE,19:10,1978,1978,"T202,","SP,",1,"T2,","T,",MAIN,Texas,31.827233,-99.423022,19,Evening
Derailments,1978:02:SP:H1458,0,0,2000,0,0,0,0,CAMERON,3:30,1978,1978,"H602,","SP,",NA,"H6,","H,",YARD,Texas,31.827233,-99.423022,3,Midnight
Derailments,1978:02:SP:G0778,0,0,9000,27550,0,0,0,COLLIN,23:45,1978,1978,"T202,","SP,",1,"T2,","T,",MAIN,Texas,31.827233,-99.423022,23,Evening
Derailments,1978:03:ATSF:22038102,0,0,35000,148100,6,6,4,DENTON,4:35,1978,1978,"T214,","ATSF,",1,"T2,","T,",MAIN,Texas,31.827233,-99.423022,4,Midnight
Derailments,1978:03:MKT:AX23S,0,0,0,5950,0,0,0,HUNT,3:40,1978,1978,"E30C,","MKT,",1,"E3,","E,",MAIN,Texas,31.827233,-99.423022,3,Midnight
Derailments,1978:03:ATSF:22038103,0,0,10600,144750,0,0,0,DALLAS,4:30,1978,1978,"E23C,T101,","ATSF,LA,",11,"E2,T1,","E,T,",MAIN,Texas,31.827233,-99.423022,4,Midnight
Derailments,1978:03:FWD:JT34,0,2,0,7000,0,0,0,NAVARRO,3:00,1978,1978,"M599,","FWD,",5,"M5,","M,",MAIN,Texas,31.827233,-99.423022,3,Midnight
Fire/violent rupture,1978:03:ATSF:23038102,0,0,0,20200,0,0,0,AUSTIN,2:30,1978,1978,"E74L,","ATSF,",8,"E7,","E,",YARD,Texas,31.827233,-99.423022,2,Midnight
Derailments,1978:03:MKT:AX24S,0,0,2500,650,0,0,0,TARRANT,21:45,1978,1978,"T110,","MKT,",1,"T1,","T,",YARD,Texas,31.827233,-99.423022,21,Evening
Derailments,1978:03:FWD:JT36,0,0,5600,145000,0,0,0,GRIMES,23:55,1978,1978,"T221,","FWD,",1,"T2,","T,",MAIN,Texas,31.827233,-99.423022,23,Evening
Side collision,1978:03:MP:9453,0,0,1000,15200,0,0,0,TARRANT,2:15,1978,1978,"H403,","MP,",78,"H4,","H,",YARD,Texas,31.827233,-99.423022,2,Midnight
Derailments,1978:02:SSW:U2918,0,0,800,4800,0,0,0,BOWIE,2:00,1978,1978,"H701,","SSW,",7,"H7,","H,",MAIN,Texas,31.827233,-99.423022,2,Midnight
Side collision,1978:02:SP:H1158,0,2,75,7450,0,0,0,HARRIS,22:10,1978,1978,"H999,","SP,",81,"H9,","H,",YARD,Texas,31.827233,-99.423022,22,Evening
Derailments,1978:03:HBT:AX1C78,0,0,0,4800,0,0,0,HARRIS,24:10:00,1978,1978,"T110,","HBT,",NA,"T1,","T,",MAIN,Texas,31.827233,-99.423022,24,Midnight
Derailments,1978:03:KCS:319054,0,0,384,6240,0,0,0,JEFFERSON,19:00,1978,1978,"T210,","KCS,",7,"T2,","T,",YARD,Texas,31.827233,-99.423022,19,Evening
Derailments,1978:02:SP:H1128,0,0,2700,1100,0,0,0,LIBERTY,23:20,1978,1978,"T210,","SP,",1,"T2,","T,",MAIN,Texas,31.827233,-99.423022,23,Evening
Derailments,1978:03:SP:H2388,0,0,2500,1750,0,0,0,WHARTON,24:40:00,1978,1978,"T101,","SP,",1,"T1,","T,",MAIN,Texas,31.827233,-99.423022,24,Midnight
Derailments,1978:02:SP:G1068,0,0,6500,14500,0,0,0,GONZALES,19:35,1978,1978,"E00C,","SP,",1,"E0,","E,",MAIN,Texas,31.827233,-99.423022,19,Evening
Derailments,1978:04:MKT:AX32S,0,0,2600,3200,2,0,0,MCLENNAN,21:30,1978,1978,"H999,","MKT,",7,"H9,","H,",YARD,Texas,31.827233,-99.423022,21,Evening
Derailments,1978:04:MP:9470,0,0,4700,7600,0,0,0,LIBERTY,20:40,1978,1978,"H525,T102,","MP,",1,"H5,T1,","H,T,",SIDING,Texas,31.827233,-99.423022,20,Evening
Fire/violent rupture,1978:03:SSW:U4008,0,0,0,79527,0,0,0,UPSHUR,18:45,1978,1978,"E74L,","SSW,",1,"E7,","E,",MAIN,Texas,31.827233,-99.423022,18,Evening
Derailments,1978:04:ATSF:22048104,0,0,200,3680,0,0,0,DALLAS,1:40,1978,1978,"H503,T113,","ATSF,MP,",77,"H5,T1,","H,T,",YARD,Texas,31.827233,-99.423022,1,Midnight
Derailments,1978:04:RI:WF574,0,0,135,15710,0,0,0,DALLAS,3:05,1978,1978,"H306,","RI,",7,"H3,","H,",YARD,Texas,31.827233,-99.423022,3,Midnight
Derailments,1978:04:ATSF:20048101,0,0,1200,7000,0,0,0,POTTER,4:30,1978,1978,"H018,","ATSF,",7,"H0,","H,",YARD,Texas,31.827233,-99.423022,4,Midnight
Derailments,1978:04:ATSF:22048102,0,0,100,4300,1,1,0,BROWN,24:15:00,1978,1978,"H306,","ATSF,",575,"H3,","H,",YARD,Texas,31.827233,-99.423022,24,Midnight
Derailments,1978:04:ATSF:20048103,0,0,20000,300,0,0,0,LUBBOCK,19:00,1978,1978,"T199,","ATSF,",1,"T1,","T,",YARD,Texas,31.827233,-99.423022,19,Evening
Derailments,1978:03:SP:G1968,0,0,5100,0,0,0,0,GRAYSON,17:00,1978,1978,"T110,H505,","SP,",7,"T1,H5,","T,H,",YARD,Texas,31.827233,-99.423022,17,Evening
Other impacts,1978:05:ATSF:20058103,0,0,0,5800,0,0,0,BAILEY,19:05,1978,1978,"M199,","ATSF,",1,"M1,","M,",MAIN,Texas,31.827233,-99.423022,19,Evening
Derailments,1978:03:SSW:U4098,0,0,300,88000,0,0,0,BOWIE,22:10,1978,1978,"E30C,","SSW,",1,"E3,","E,",MAIN,Texas,31.827233,-99.423022,22,Evening
Highway-rail impact,1978:03:SP:71938,0,1,3750,0,0,0,0,EL PASO,22:35,1978,1978,"M399,","SP,",8,"M3,","M,",YARD,Texas,31.827233,-99.423022,22,Evening
Derailments,1978:04:ATSF:22048106,0,0,4650,7800,0,0,0,TARRANT,17:20,1978,1978,"M501,","ATSF,",1,"M5,","M,",MAIN,Texas,31.827233,-99.423022,17,Evening
Derailments,1978:03:SP:G2028,0,0,95500,151100,1,1,1,LIMESTONE,23:23,1978,1978,"H999,","SP,",1,"H9,","H,",MAIN,Texas,31.827233,-99.423022,23,Evening
Side collision,1978:04:MKT:AX30S,0,0,0,4740,0,0,0,HARRIS,2:30,1978,1978,"H310,","MKT,",7,"H3,","H,",YARD,Texas,31.827233,-99.423022,2,Midnight
Derailments,1978:04:KCS:319063,0,0,500,13735,0,0,0,JEFFERSON,19:05,1978,1978,"T210,","KCS,",7,"T2,","T,",YARD,Texas,31.827233,-99.423022,19,Evening
Derailments,1978:04:ATSF:23048101,0,0,150,7750,0,0,0,AUSTIN,3:30,1978,1978,"H307,H601,","ATSF,",86,"H3,H6,H3,H6,","H,",SIDING,Texas,31.827233,-99.423022,3,Midnight
Derailments,1978:05:HBT:AX3E78,0,0,500,1975,0,0,0,HARRIS,22:00,1978,1978,"H702,","HBT,",7,"H7,","H,",YARD,Texas,31.827233,-99.423022,22,Evening
Derailments,1978:04:SP:72818,0,0,17300,400,0,0,0,EL PASO,3:35,1978,1978,"M405,","SP,",1,"M4,","M,",YARD,Texas,31.827233,-99.423022,3,Midnight
Derailments,1978:04:SP:L7098,0,0,3300,300,2,2,0,ORANGE,23:00,1978,1978,"E46C,","SP,",1,"E4,","E,",YARD,Texas,31.827233,-99.423022,23,Evening
Derailments,1978:04:SP:G2478,0,0,31383,53500,3,0,0,GRAYSON,19:30,1978,1978,"H505,","SLSF,SP,",1,"H5,","H,",MAIN,Texas,31.827233,-99.423022,19,Evening
Derailments,1978:05:ATSF:23058101,0,0,2000,5600,5,5,1,WHARTON,20:30,1978,1978,"T207,","ATSF,",1,"T2,","T,",MAIN,Texas,31.827233,-99.423022,20,Evening
Derailments,1978:06:ATSF:23068101,0,0,1700,1710,8,0,0,BELL,1:10,1978,1978,"H999,","ATSF,",1,"H9,","H,",MAIN,Texas,31.827233,-99.423022,1,Midnight
Derailments,1978:05:FWD:FW116,0,0,6000,6050,0,0,0,HARTLEY,18:15,1978,1978,"T110,","FWD,",1,"T1,","T,",SIDING,Texas,31.827233,-99.423022,18,Evening
Derailments,1978:05:ATSF:23058105,0,0,0,14110,0,0,0,GALVESTON,22:05,1978,1978,"T221,","ATSF,",7,"T2,","T,",MAIN,Texas,31.827233,-99.423022,22,Evening
Derailments,1978:05:ATSF:22058102,0,0,700,15500,5,4,1,BROWN,18:25,1978,1978,"T099,","ATSF,",1,"T0,","T,",YARD,Texas,31.827233,-99.423022,18,Evening
Derailments,1978:04:SP:G2418,0,0,3500,250,0,0,0,DALLAS,18:45,1978,1978,"H503,","SP,SSW,",77,"H5,","H,",YARD,Texas,31.827233,-99.423022,18,Evening
Side collision,1978:05:SP:H4968,0,0,0,3800,0,0,0,NACOGDOCHES,18:15,1978,1978,"E0HC,","SP,",15,"E0,","E,",YARD,Texas,31.827233,-99.423022,18,Evening
Side collision,1978:05:RI:ZZZ,0,0,0,11300,0,0,0,DALLAS,23:55,1978,1978,"H306,","FWD,SLSF,",16,"H3,","H,",YARD,Texas,31.827233,-99.423022,23,Evening
Derailments,1978:05:FWD:FW101,0,0,41000,10150,0,0,0,TARRANT,20:50,1978,1978,"H503,T314,","FWD,SP,",1,"H5,T3,","H,T,",MAIN,Texas,31.827233,-99.423022,20,Evening
Derailments,1978:04:SSW:U6098,0,0,4000,1000,0,0,0,DALLAS,17:30,1978,1978,"T314,","SSW,",7,"T3,","T,",YARD,Texas,31.827233,-99.423022,17,Evening
Derailments,1978:06:MKT:AX54S,0,0,3100,680,0,0,0,BRISCOE,22:50,1978,1978,"H999,","MKT,",1,"H9,","H,",MAIN,Texas,31.827233,-99.423022,22,Evening
Side collision,1978:05:MKT:AX42N,0,0,570,14795,0,0,0,GRAYSON,2:00,1978,1978,"H401,","MKT,",17,"H4,","H,",YARD,Texas,31.827233,-99.423022,2,Midnight
Derailments,1978:05:SP:G3188,0,0,11800,20000,0,0,0,GRAYSON,18:05,1978,1978,"H503,","SLSF,SP,",11,"H5,","H,",MAIN,Texas,31.827233,-99.423022,18,Evening
Derailments,1978:05:ATSF:22058103,0,0,7000,12400,2,1,0,DALLAS,3:10,1978,1978,"H503,T101,","ATSF,LA,",11,"H5,T1,","H,T,",YARD,Texas,31.827233,-99.423022,3,Midnight
Derailments,1978:05:PTRA:D2,0,0,22344,12000,0,0,0,HARRIS,1:15,1978,1978,"E69C,","PTRA,",7,"E6,","E,",YARD,Texas,31.827233,-99.423022,1,Midnight
Derailments,1978:05:KCS:320236,0,0,1400,60935,0,0,0,JEFFERSON,22:15,1978,1978,"M204,","KCS,",1,"M2,","M,",MAIN,Texas,31.827233,-99.423022,22,Evening
Derailments,1978:05:MP:ZZZ,0,0,0,65000,0,0,0,NUECES,23:55,1978,1978,"T202,","TM,",7,"T2,","T,",YARD,Texas,31.827233,-99.423022,23,Evening
Side collision,1978:05:MKT:AX43S,0,0,0,9550,0,0,0,GRAYSON,3:15,1978,1978,"H702,","MKT,",71,"H7,","H,",YARD,Texas,31.827233,-99.423022,3,Midnight
Derailments,1978:04:SP:H3878,0,0,28000,0,0,0,0,HARRIS,3:25,1978,1978,"E52C,","SP,",1,"E5,","E,",MAIN,Texas,31.827233,-99.423022,3,Midnight
Fire/violent rupture,1978:05:ATSF:23058103,0,0,0,3300,0,0,0,BOSQUE,1:25,1978,1978,"E70L,E74L,","ATSF,",1,"E7,","E,",MAIN,Texas,31.827233,-99.423022,1,Midnight
Derailments,1978:06:MP:9506,0,0,11400,45000,0,0,0,FRIO,21:45,1978,1978,"E52C,","MP,",1,"E5,","E,",MAIN,Texas,31.827233,-99.423022,21,Evening
Derailments,1978:05:SP:H4418,0,0,15000,1700,1,1,0,BEE,19:25,1978,1978,"T101,","SP,",1,"T1,","T,",MAIN,Texas,31.827233,-99.423022,19,Evening
Derailments,1978:06:SP:G4448,0,0,1600,22725,0,0,0,DALLAS,3:25,1978,1978,"H702,","SP,SSW,",7575,"H7,","H,",YARD,Texas,31.827233,-99.423022,3,Midnight
Derailments,1978:06:RI:WF863,0,0,11000,20500,0,0,0,TARRANT,23:55,1978,1978,"H699,T101,","RI,SLSF,",11,"H6,T1,","H,T,",MAIN,Texas,31.827233,-99.423022,23,Evening
Derailments,1978:06:ATSF:23068102,0,0,9700,2000,0,0,0,BURLESON,17:05,1978,1978,"H204,H307,","ATSF,",1,"H2,H3,","H,",SIDING,Texas,31.827233,-99.423022,17,Evening
Side collision,1978:06:SP:G4348,0,2,0,5675,0,0,0,TARRANT,21:15,1978,1978,"H308,","SP,",74,"H3,","H,",YARD,Texas,31.827233,-99.423022,21,Evening
Rear end collision,1978:07:GRR:1,0,1,4000,80000,0,0,0,WILLIAMSON,24:30:00,1978,1978,"H602,S012,","GRR,",6,"H6,S0,","H,S,",MAIN,Texas,31.827233,-99.423022,24,Midnight
Derailments,1978:05:SP:L8898,0,0,1500,1500,22,1,0,,2:25,1978,1978,"H099,","SP,",7,"H0,","H,",YARD,Texas,31.827233,-99.423022,2,Midnight
Derailments,1978:06:MKT:AX58S,0,0,5000,7700,0,0,0,HARRIS,23:40,1978,1978,"E64C,","MKT,",7,"E6,","E,",YARD,Texas,31.827233,-99.423022,23,Evening
Derailments,1978:06:GHH:ZZZ,0,0,0,2500,0,0,0,HARRIS,21:05,1978,1978,"T222,","MKT,",7,"T2,","T,",YARD,Texas,31.827233,-99.423022,21,Evening
Side collision,1978:05:SP:G3948,0,2,0,12750,0,0,0,ELLIS,18:00,1978,1978,"H306,","SP,",7,"H3,","H,",YARD,Texas,31.827233,-99.423022,18,Evening
Derailments,1978:06:MP:9514,0,0,5120,43000,0,0,0,GREGG,20:55,1978,1978,"E34C,","MP,",1,"E3,","E,",MAIN,Texas,31.827233,-99.423022,20,Evening
Derailments,1978:06:HBT:AX2F78,0,0,0,3150,0,0,0,HARRIS,19:00,1978,1978,"H307,","HBT,",7,"H3,","H,",YARD,Texas,31.827233,-99.423022,19,Evening
Derailments,1978:06:SP:K1498,0,0,4800,42000,2,2,2,JEFFERSON,24:30:00,1978,1978,"E23C,","SP,",1,"E2,","E,",MAIN,Texas,31.827233,-99.423022,24,Midnight
Derailments,1978:06:SP:H5998,0,0,3600,7200,0,0,0,HARRIS,18:15,1978,1978,"T314,","HBT,SP,",7,"T3,","T,",YARD,Texas,31.827233,-99.423022,18,Evening
Other impacts,1978:06:FWD:FW133,0,0,0,4236,0,0,0,CLAY,3:00,1978,1978,"M207,","FWD,",1,"M2,","M,",MAIN,Texas,31.827233,-99.423022,3,Midnight
Highway-rail impact,1978:05:SSW:U7468,0,0,9500,10060,0,0,0,SMITH,24:20:00,1978,1978,"M399,","SSW,",1,"M3,","M,",MAIN,Texas,31.827233,-99.423022,24,Midnight
Derailments,1978:05:SP:H4788,0,0,2000,33900,23,0,0,BRAZOS,2:20,1978,1978,"E52C,","SP,",1,"E5,","E,",MAIN,Texas,31.827233,-99.423022,2,Midnight
Highway-rail impact,1978:05:SP:G3178,1,0,4000,50,0,0,0,MEDINA,22:50,1978,1978,"M399,","SP,",1,"M3,","M,",MAIN,Texas,31.827233,-99.423022,22,Evening
Derailments,1978:06:SP:H5518,0,0,1500,16400,0,0,0,HARRIS,23:50,1978,1978,"E46C,","SP,",6,"E4,","E,",YARD,Texas,31.827233,-99.423022,23,Evening
Side collision,1978:06:MKT:AX47S,0,0,0,5150,0,0,0,HARRIS,18:45,1978,1978,"H018,","MKT,",7,"H0,","H,",YARD,Texas,31.827233,-99.423022,18,Evening
Side collision,1978:06:MKT:AX57S,0,0,0,3200,0,0,0,DALLAS,21:10,1978,1978,"H702,","MKT,",7,"H7,","H,",YARD,Texas,31.827233,-99.423022,21,Evening
Derailments,1978:06:FWD:FW134,0,0,12000,51000,0,0,0,HARTLEY,18:25,1978,1978,"T109,","FWD,",1,"T1,","T,",MAIN,Texas,31.827233,-99.423022,18,Evening
Fire/violent rupture,1978:06:MKT:039,0,0,2717,0,0,0,0,ELLIS,17:30,1978,1978,"E79L,","MKT,",1,"E7,","E,",MAIN,Texas,31.827233,-99.423022,17,Evening
Side collision,1978:06:HBT:AX1F78A,0,0,300,3650,1,0,0,HARRIS,23:58,1978,1978,"H401,H302,","FWD,HBT,",18,"H4,H3,","H,",YARD,Texas,31.827233,-99.423022,23,Evening
Derailments,1978:06:SP:H6668,0,0,1500,13750,0,0,0,HARRIS,17:30,1978,1978,"T110,","SP,",6,"T1,","T,",YARD,Texas,31.827233,-99.423022,17,Evening
Derailments,1978:05:SP:G3708,0,1,15700,30800,0,0,0,HENDERSON,17:25,1978,1978,"H503,","SP,",1,"H5,","H,",MAIN,Texas,31.827233,-99.423022,17,Evening