AccidentType,inckey,Fatalities,Injuries,TrackDamage,EquipmentDamage,HazmatCars,HazmatCarsDerailed,HazmatCarsReleasing,County,DisplayTime,calendar,Fiscal,AccidentCause,RailroadCodes,RAILEQUIPMENT_TYPE,CauseGroup,CauseDiscipline,TYPE_OF_TRACK,StateName,latitude,longitude,hour,cat
Derailments,1978:05:SP:H5318,0,0,800,11000,0,0,0,GALVESTON,20:05,1978,1978,"T202,","SP,",1,"T2,","T,",MAIN,Texas,31.827233,-99.423022,20,Evening
Derailments,1978:06:MP:9504,0,0,31000,124700,3,1,0,HAYS,20:35,1978,1978,"E53C,","MP,",1,"E5,","E,",MAIN,Texas,31.827233,-99.423022,20,Evening
Derailments,1978:05:SP:H4408,0,0,2500,0,0,0,0,COLORADO,21:40,1978,1978,"T112,","SP,",1,"T1,","T,",MAIN,Texas,31.827233,-99.423022,21,Evening
Derailments,1978:06:SP:G4288,0,0,3000,36050,0,0,0,DALLAS,3:15,1978,1978,"T202,","SP,SSW,",77,"T2,","T,",MAIN,Texas,31.827233,-99.423022,3,Midnight
Derailments,1978:06:MP:9584,0,0,300,3750,0,0,0,WARD,20:35,1978,1978,"T221,T210,","MP,",1,"T2,","T,",SIDING,Texas,31.827233,-99.423022,20,Evening
Derailments,1978:06:SP:75228,0,0,1300,1550,0,0,0,EL PASO,19:50,1978,1978,"T110,","SP,",8,"T1,","T,",YARD,Texas,31.827233,-99.423022,19,Evening
Derailments,1978:06:ATSF:20068106,0,0,51200,200,0,0,0,POTTER,22:15,1978,1978,"E62C,","ATSF,",1,"E6,","E,",MAIN,Texas,31.827233,-99.423022,22,Evening
Highway-rail impact,1978:06:RI:MK78611,0,0,500,9000,0,0,0,MOORE,3:15,1978,1978,"M399,","RI,",1,"M3,","M,",MAIN,Texas,31.827233,-99.423022,3,Midnight
Side collision,1978:06:SP:75438,0,2,500,4100,1,0,0,EL PASO,21:50,1978,1978,"H602,","SP,",17,"H6,","H,",YARD,Texas,31.827233,-99.423022,21,Evening
Derailments,1978:06:MP:9503,0,0,6200,13700,0,0,0,LEE,18:05,1978,1978,"T299,","MP,",1,"T2,","T,",SIDING,Texas,31.827233,-99.423022,18,Evening
Derailments,1978:06:ANR:1,0,0,0,82000,0,0,0,ANGELINA,18:30,1978,1978,"T299,","SP,",1,"T2,","T,",MAIN,Texas,31.827233,-99.423022,18,Evening
Side collision,1978:08:ATSF:20088103,0,0,0,4900,0,0,0,POTTER,19:40,1978,1978,"H310,","ATSF,",67,"H3,","H,",YARD,Texas,31.827233,-99.423022,19,Evening
Side collision,1978:07:ATSF:22078105,0,0,0,6350,0,0,0,TARRANT,1:20,1978,1978,"H306,","ATSF,",67,"H3,","H,",INDUSTRY,Texas,31.827233,-99.423022,1,Midnight
Derailments,1978:07:RI:MK78778,0,0,16659,230,7,1,0,MOORE,2:00,1978,1978,"T102,","RI,",1,"T1,","T,",MAIN,Texas,31.827233,-99.423022,2,Midnight
Derailments,1978:07:SSW:V0218,0,0,8880,89000,0,0,0,CAMP,2:02,1978,1978,"E33C,","SSW,",1,"E3,","E,",MAIN,Texas,31.827233,-99.423022,2,Midnight
Derailments,1978:07:RI:WF920,0,0,18960,13900,0,0,0,TARRANT,17:20,1978,1978,"T101,H603,T108,","MKT,RI,",71,"T1,H6,T1,","T,H,T,",MAIN,Texas,31.827233,-99.423022,17,Evening
Side collision,1978:07:SLSF:T3A46,0,0,0,12300,0,0,0,GRAYSON,19:30,1978,1978,"H702,","SLSF,",16,"H7,","H,",YARD,Texas,31.827233,-99.423022,19,Evening
Derailments,1978:07:MP:9533,0,0,1900,12100,0,0,0,HARRISON,21:45,1978,1978,"E40C,","MP,",1,"E4,","E,",SIDING,Texas,31.827233,-99.423022,21,Evening
Derailments,1978:07:SP:H7058,0,0,15000,0,0,0,0,HARRIS,1:45,1978,1978,"T303,","SP,",1,"T3,","T,",MAIN,Texas,31.827233,-99.423022,1,Midnight
Derailments,1978:07:FWD:JT70,0,1,9722,5050,0,0,0,LEON,17:10,1978,1978,"T109,","FWD,",1,"T1,","T,",MAIN,Texas,31.827233,-99.423022,17,Evening
Derailments,1978:07:SP:K2678,0,0,7100,23500,2,2,0,JEFFERSON,2:50,1978,1978,"T110,","SP,",1,"T1,","T,",YARD,Texas,31.827233,-99.423022,2,Midnight
Derailments,1978:07:MP:9590,0,0,3000,37600,7,0,0,PARKER,21:00,1978,1978,"E35C,","MP,",1,"E3,","E,",MAIN,Texas,31.827233,-99.423022,21,Evening
Derailments,1978:07:RI:WF950,0,0,1556,1190,1,1,0,DALLAS,3:47,1978,1978,"T101,","RI,",1,"T1,","T,",SIDING,Texas,31.827233,-99.423022,3,Midnight
Derailments,1978:08:SP:G6058,0,0,6500,41800,1,1,0,GRIMES,1:20,1978,1978,"T202,","SP,",1,"T2,","T,",MAIN,Texas,31.827233,-99.423022,1,Midnight
Derailments,1978:07:RI:WF1013,0,0,400,2465,0,0,0,WISE,2:50,1978,1978,"H702,","RI,",1,"H7,","H,",YARD,Texas,31.827233,-99.423022,2,Midnight
Derailments,1978:07:SP:G5148,0,0,9100,0,0,0,0,GONZALES,20:00,1978,1978,"T110,","SP,",1,"T1,","T,",MAIN,Texas,31.827233,-99.423022,20,Evening
Side collision,1978:07:MKT:AX74S,0,0,0,43200,0,0,0,TARRANT,1:10,1978,1978,"H018,H017,","MKT,MP,",11,"H0,","H,",MAIN,Texas,31.827233,-99.423022,1,Midnight
Head on collision,1978:07:ATSF:22078104,0,0,0,20000,0,0,0,DALLAS,24:40:00,1978,1978,"H404,","ATSF,",14,"H4,","H,",MAIN,Texas,31.827233,-99.423022,24,Midnight
Derailments,1978:07:SP:G5138,0,0,10400,47800,0,0,0,LAVACA,17:10,1978,1978,"E00C,","SP,",1,"E0,","E,",MAIN,Texas,31.827233,-99.423022,17,Evening
Derailments,1978:08:SP:G6048,0,0,7200,14550,0,0,0,BASTROP,18:00,1978,1978,"T109,","SP,",1,"T1,","T,",MAIN,Texas,31.827233,-99.423022,18,Evening
Derailments,1978:07:PTRA:D2,0,0,5134,60000,0,0,0,HARRIS,23:55,1978,1978,"E21C,","PTRA,",6,"E2,","E,",YARD,Texas,31.827233,-99.423022,23,Evening
Derailments,1978:06:SSW:U9608,0,0,22500,96000,0,0,0,TARRANT,24:40:00,1978,1978,"H503,H505,","SLSF,SSW,",11,"H5,","H,",MAIN,Texas,31.827233,-99.423022,24,Midnight
Derailments,1978:07:SP:76128,0,0,2300,2400,0,0,0,EL PASO,1:15,1978,1978,"H505,","SP,",1,"H5,","H,",YARD,Texas,31.827233,-99.423022,1,Midnight
Rear end collision,1978:07:SP:H6908,0,0,0,2500,0,0,0,MONTGOMERY,19:50,1978,1978,"H999,","SP,",5,"H9,","H,",INDUSTRY,Texas,31.827233,-99.423022,19,Evening
Side collision,1978:07:MP:9542,0,0,6600,39000,1,1,1,GREGG,21:15,1978,1978,"H021,","MP,",76,"H0,","H,",YARD,Texas,31.827233,-99.423022,21,Evening
Derailments,1978:07:MP:9544,0,0,1800,34550,0,0,0,LAMAR,23:10,1978,1978,"E40C,","MP,",1,"E4,","E,",MAIN,Texas,31.827233,-99.423022,23,Evening
Derailments,1978:07:RI:WF962,0,0,3500,2300,0,0,0,TARRANT,3:30,1978,1978,"T101,T108,","MKT,RI,",71,"T1,","T,",MAIN,Texas,31.827233,-99.423022,3,Midnight
Derailments,1978:07:SP:K2938,0,0,1000,1800,2,2,0,JEFFERSON,4:45,1978,1978,"T110,","SP,",1,"T1,","T,",YARD,Texas,31.827233,-99.423022,4,Midnight
Head on collision,1978:07:TN:2RE,0,1,0,3835,0,0,0,MORRIS,17:45,1978,1978,"H018,M404,","TN,",6,"H0,M4,","H,M,",YARD,Texas,31.827233,-99.423022,17,Evening
Side collision,1978:07:FWD:FW165,0,0,2460,16250,0,0,0,TARRANT,1:30,1978,1978,"E08C,H302,","FWD,",76,"E0,H3,E0,H3,","E,H,E,H,",INDUSTRY,Texas,31.827233,-99.423022,1,Midnight
Derailments,1978:09:SP:N0458,0,0,15000,27600,0,0,0,JIM WELLS,19:30,1978,1978,"T101,","SP,",1,"T1,","T,",MAIN,Texas,31.827233,-99.423022,19,Evening
Derailments,1978:08:PTRA:D2,0,0,67,6000,0,0,0,HARRIS,17:45,1978,1978,"T314,","PTRA,",7,"T3,","T,",YARD,Texas,31.827233,-99.423022,17,Evening
Derailments,1978:08:RI:WF1167,0,0,7700,16600,0,0,0,WISE,23:55,1978,1978,"E46C,","RI,",1,"E4,","E,",MAIN,Texas,31.827233,-99.423022,23,Evening
Derailments,1978:08:SP:G6028,0,0,6000,1000,0,0,0,GONZALES,17:20,1978,1978,"T101,","SP,",1,"T1,","T,",MAIN,Texas,31.827233,-99.423022,17,Evening
Derailments,1978:08:RI:WF1069,0,0,3096,0,0,0,0,TARRANT,21:15,1978,1978,"T217,","RI,",7,"T2,","T,",YARD,Texas,31.827233,-99.423022,21,Evening
Derailments,1978:08:MKT:AX77S,0,0,2000,600,0,0,0,HARRIS,19:30,1978,1978,"E68C,","MKT,",7,"E6,","E,",MAIN,Texas,31.827233,-99.423022,19,Evening
Raking collision,1978:08:PTRA:D1,0,0,2156,11000,1,1,1,HARRIS,4:00,1978,1978,"M599,","PTRA,",57,"M5,","M,",YARD,Texas,31.827233,-99.423022,4,Midnight
Derailments,1978:08:SP:K5918,0,0,107000,5000,1,1,0,HARRIS,20:30,1978,1978,"E53C,","SP,",1,"E5,","E,",MAIN,Texas,31.827233,-99.423022,20,Evening
Derailments,1978:09:ATSF:22098103,0,0,2000,650,0,0,0,FANNIN,17:30,1978,1978,"H604,T199,","ATSF,",1,"H6,T1,","H,T,",MAIN,Texas,31.827233,-99.423022,17,Evening
Derailments,1978:09:ATSF:22098105,0,0,10000,67750,0,0,0,RUNNELS,21:45,1978,1978,"H604,T102,","ATSF,",1,"H6,T1,","H,T,",MAIN,Texas,31.827233,-99.423022,21,Evening
Rear end collision,1978:08:ATSF:20088102,0,0,100,8600,3,0,0,LUBBOCK,19:40,1978,1978,"H702,","ATSF,",1,"H7,","H,",MAIN,Texas,31.827233,-99.423022,19,Evening
Derailments,1978:08:ATSF:23088101,0,0,62000,11500,0,0,0,LAMPASAS,2:15,1978,1978,"E46C,T102,","ATSF,",1,"E4,T1,","E,T,",MAIN,Texas,31.827233,-99.423022,2,Midnight
Derailments,1978:09:MP:9624,0,0,0,3750,0,0,0,JEFFERSON,19:30,1978,1978,"E31C,","SP,",1,"E3,","E,",MAIN,Texas,31.827233,-99.423022,19,Evening
Derailments,1978:08:MKT:AX80S,0,0,2845,1700,0,0,0,BEXAR,1:20,1978,1978,"T101,","MKT,",1,"T1,","T,",MAIN,Texas,31.827233,-99.423022,1,Midnight
Derailments,1978:08:ATSF:23088104,0,0,4000,10500,1,1,0,LIBERTY,3:30,1978,1978,"T106,T108,","ATSF,",1,"T1,","T,",SIDING,Texas,31.827233,-99.423022,3,Midnight
Derailments,1978:08:ATSF:23088102,0,0,0,2500,0,0,0,WASHINGTON,4:55,1978,1978,"E53C,","ATSF,",1,"E5,","E,",SIDING,Texas,31.827233,-99.423022,4,Midnight
Derailments,1978:08:ATSF:22088105,0,0,19000,37720,0,0,0,JOHNSON,2:00,1978,1978,"E52C,","ATSF,",1,"E5,","E,",MAIN,Texas,31.827233,-99.423022,2,Midnight
Derailments,1978:08:GRR:2,0,0,5100,8835,0,0,0,WILLIAMSON,20:05,1978,1978,"T212,","GRR,MKT,",11,"T2,","T,",MAIN,Texas,31.827233,-99.423022,20,Evening
Derailments,1978:08:ATSF:20088104,0,0,8000,105700,0,0,0,PRESIDIO,18:30,1978,1978,"E69C,","ATSF,",1,"E6,","E,",MAIN,Texas,31.827233,-99.423022,18,Evening
Derailments,1978:08:MP:9594,0,0,1350,32300,0,0,0,TRINITY,17:30,1978,1978,"E99L,","MP,",NA,"E9,","E,",MAIN,Texas,31.827233,-99.423022,17,Evening
Derailments,1978:08:MP:9422,0,0,3000,8850,0,0,0,RUSK,24:15:00,1978,1978,"E40C,","MP,",1,"E4,","E,",MAIN,Texas,31.827233,-99.423022,24,Midnight
Derailments,1978:09:ATSF:23098101,0,0,60,6200,0,0,0,AUSTIN,22:00,1978,1978,"H303,","ATSF,",1,"H3,","H,",SIDING,Texas,31.827233,-99.423022,22,Evening
Derailments,1978:08:MP:9549,0,0,6750,10500,0,0,0,GREGG,20:00,1978,1978,"T314,","MP,",7,"T3,","T,",MAIN,Texas,31.827233,-99.423022,20,Evening
Derailments,1978:08:SP:77418,0,0,700,1800,0,0,0,EL PASO,2:40,1978,1978,"T001,","SP,",7,"T0,","T,",INDUSTRY,Texas,31.827233,-99.423022,2,Midnight
Derailments,1978:09:ATSF:23098103,0,0,1500,4600,0,0,0,JEFFERSON,21:15,1978,1978,"T001,T110,","ATSF,",1,"T0,T1,","T,",MAIN,Texas,31.827233,-99.423022,21,Evening
Derailments,1978:10:ATSF:23108105,0,1,24400,51150,7,7,2,LAMPASAS,17:10,1978,1979,"T220,","ATSF,",1,"T2,","T,",MAIN,Texas,31.827233,-99.423022,17,Evening
Derailments,1978:08:MP:9450,0,0,12000,854600,0,0,0,MILAM,20:40,1978,1978,"T299,","MP,",1,"T2,","T,",MAIN,Texas,31.827233,-99.423022,20,Evening
Derailments,1978:08:FWD:FW187,0,0,5000,8000,0,0,0,WICHITA,21:30,1978,1978,"T110,","FWD,",1,"T1,","T,",YARD,Texas,31.827233,-99.423022,21,Evening
Highway-rail impact,1978:08:ATSF:23088103,0,2,2500,4500,0,0,0,LIBERTY,17:47,1978,1978,"M399,","ATSF,",1,"M3,","M,",MAIN,Texas,31.827233,-99.423022,17,Evening
Derailments,1978:10:ATSF:23108108,0,0,16500,9400,0,0,0,AUSTIN,22:05,1978,1979,"H603,","ATSF,",1,"H6,","H,",YARD,Texas,31.827233,-99.423022,22,Evening
Derailments,1978:09:SP:N0448,0,0,1500,2100,0,0,0,GRIMES,22:45,1978,1978,"H702,","SP,",7,"H7,","H,",MAIN,Texas,31.827233,-99.423022,22,Evening
Derailments,1978:09:SP:H9788,0,0,7000,55050,0,0,0,HARRIS,2:00,1978,1978,"E31C,","SP,",76,"E3,","E,",YARD,Texas,31.827233,-99.423022,2,Midnight
Other impacts,1978:09:MKT:AX99S,0,0,2200,7100,0,0,0,HILL,21:30,1978,1978,"H306,H601,","MKT,MP,",161,"H3,H6,H3,H6,H3,","H,",MAIN,Texas,31.827233,-99.423022,21,Evening
Derailments,1978:10:ATSF:22108103,0,0,300,19625,0,0,0,BROWN,19:30,1978,1979,"H303,","ATSF,",7,"H3,","H,",YARD,Texas,31.827233,-99.423022,19,Evening
Derailments,1978:09:SP:G7038,0,0,13000,50900,0,0,0,LAVACA,22:00,1978,1978,"T101,","SP,",1,"T1,","T,",MAIN,Texas,31.827233,-99.423022,22,Evening
Derailments,1978:09:MKT:AX97S,0,0,20548,89200,3,0,0,JOHNSON,3:10,1978,1978,"T399,","MKT,MP,",11,"T3,","T,",MAIN,Texas,31.827233,-99.423022,3,Midnight
Derailments,1978:10:MP:64408P1536,0,3,6000,525000,0,0,0,ROBERTSON,19:00,1978,1979,"E99L,","MP,",2,"E9,","E,",MAIN,Texas,31.827233,-99.423022,19,Evening
Derailments,1978:10:HBT:AX4J78,0,0,200,4575,0,0,0,HARRIS,23:45,1978,1979,"E99C,","HBT,",7,"E9,","E,",YARD,Texas,31.827233,-99.423022,23,Evening
Derailments,1978:09:SP:G6848,0,0,9500,800,0,0,0,MAVERICK,19:15,1978,1978,"T001,","SP,",1,"T0,","T,",YARD,Texas,31.827233,-99.423022,19,Evening
Fire/violent rupture,1978:10:ATSF:23108109,0,0,0,28000,0,0,0,LAMPASAS,19:30,1978,1979,"E74L,","ATSF,",1,"E7,","E,",MAIN,Texas,31.827233,-99.423022,19,Evening
Derailments,1978:09:MP:9560,0,0,0,16815,0,0,0,ROBERTSON,2:05,1978,1978,"E52C,","MP,",1,"E5,","E,",MAIN,Texas,31.827233,-99.423022,2,Midnight
Derailments,1978:09:SP:78538,0,0,2200,450,0,0,0,EL PASO,3:30,1978,1978,"T202,","SP,",8,"T2,","T,",YARD,Texas,31.827233,-99.423022,3,Midnight
Derailments,1978:09:MKT:AX102S,0,0,1430,5050,0,0,0,HUNT,23:50,1978,1978,"M405,","MKT,",1,"M4,","M,",SIDING,Texas,31.827233,-99.423022,23,Evening
Derailments,1978:09:SRN:7802,0,0,1500,11657,0,0,0,ORANGE,19:30,1978,1978,"T001,T101,","SRN,",1,"T0,T1,","T,",MAIN,Texas,31.827233,-99.423022,19,Evening
Derailments,1978:09:SP:H9908,0,0,1050,2100,0,0,0,HARRIS,1:50,1978,1978,"T202,","SP,",7,"T2,","T,",YARD,Texas,31.827233,-99.423022,1,Midnight
Side collision,1978:10:ATSF:23108107,0,0,750,3605,0,0,0,BELL,17:20,1978,1979,"H306,","ATSF,",17,"H3,","H,",YARD,Texas,31.827233,-99.423022,17,Evening
Derailments,1978:09:SP:G6838,0,0,50000,705100,0,0,0,BASTROP,21:05,1978,1978,"E46L,","SP,",1,"E4,","E,",MAIN,Texas,31.827233,-99.423022,21,Evening
Derailments,1978:09:SP:78368,0,0,2301,0,0,0,0,EL PASO,1:30,1978,1978,"H704,","SP,",7,"H7,","H,",INDUSTRY,Texas,31.827233,-99.423022,1,Midnight
Derailments,1978:09:MKT:AX100S,0,0,1000,10500,0,0,0,MCLENNAN,20:00,1978,1978,"H702,","MKT,",1,"H7,","H,",YARD,Texas,31.827233,-99.423022,20,Evening
Derailments,1978:09:RI:WF1181,0,0,1100,1470,0,0,0,TARRANT,2:00,1978,1978,"T311,","RI,",1,"T3,","T,",YARD,Texas,31.827233,-99.423022,2,Midnight
Rear end collision,1978:09:FWD:FW214,0,0,500,3300,0,0,0,CHILDRESS,4:05,1978,1978,"H307,","FWD,",61,"H3,","H,",YARD,Texas,31.827233,-99.423022,4,Midnight
Derailments,1978:09:SP:H9998,0,0,250,5600,0,0,0,HARRIS,2:50,1978,1978,"T110,","SP,",1,"T1,","T,",YARD,Texas,31.827233,-99.423022,2,Midnight
Derailments,1978:09:RI:WF1197,0,0,950,2700,0,0,0,TARRANT,19:30,1978,1978,"T314,","RI,",7,"T3,","T,",YARD,Texas,31.827233,-99.423022,19,Evening
Derailments,1978:09:SP:78528,0,0,2500,150,1,0,0,EL PASO,1:45,1978,1978,"E69L,","SP,",7,"E6,","E,",YARD,Texas,31.827233,-99.423022,1,Midnight
Broken train collision,1978:10:ATSF:20108101,0,0,0,6050,0,0,0,ROBERTS,2:45,1978,1979,"H601,","ATSF,",81,"H6,","H,",MAIN,Texas,31.827233,-99.423022,2,Midnight
Derailments,1978:09:SP:H9868,0,0,500,2900,8,0,0,COLORADO,24:10:00,1978,1978,"T106,","SP,",1,"T1,","T,",YARD,Texas,31.827233,-99.423022,24,Midnight
Broken train collision,1978:09:TN:4RE,0,0,0,4000,0,0,0,MORRIS,24:30:00,1978,1978,"E39C,","TN,",7,"E3,","E,",SIDING,Texas,31.827233,-99.423022,24,Midnight
Other impacts,1978:09:SP:G6928,0,0,8000,0,0,0,0,HUDSPETH,22:05,1978,1978,"E33C,","SP,",1,"E3,","E,",MAIN,Texas,31.827233,-99.423022,22,Evening
Rear end collision,1978:09:HBT:AX2I78,0,0,0,4525,0,0,0,HARRIS,21:30,1978,1978,"H302,","HBT,",7,"H3,","H,",YARD,Texas,31.827233,-99.423022,21,Evening
Derailments,1978:10:HBT:AX3J78,0,0,3382,0,0,0,0,HARRIS,21:15,1978,1979,"E64C,","HBT,",7,"E6,","E,",YARD,Texas,31.827233,-99.423022,21,Evening
Derailments,1978:09:SP:78018,0,0,4560,350,0,0,0,EL PASO,3:20,1978,1978,"T002,","SP,",1,"T0,","T,",YARD,Texas,31.827233,-99.423022,3,Midnight
Side collision,1978:10:ATSF:23108104,0,0,500,8700,0,0,0,BELL,1:30,1978,1979,"H306,","ATSF,",81,"H3,","H,",YARD,Texas,31.827233,-99.423022,1,Midnight
Raking collision,1978:09:SP:N0178,0,0,1700,5000,0,0,0,COLORADO,17:10,1978,1978,"H403,","SP,",17,"H4,","H,",YARD,Texas,31.827233,-99.423022,17,Evening
Derailments,1978:11:ATSF:20118105,0,0,150,5800,0,0,0,RANDALL,17:45,1978,1979,"H018,","ATSF,",6,"H0,","H,",MAIN,Texas,31.827233,-99.423022,17,Evening
Derailments,1978:11:ATSF:23118102,0,0,12500,35200,1,0,0,BELL,19:15,1978,1979,"E52C,","ATSF,",1,"E5,","E,",MAIN,Texas,31.827233,-99.423022,19,Evening
Side collision,1978:11:HBT:AX2K78,0,0,325,3950,0,0,0,HARRIS,22:20,1978,1979,"H307,","HBT,",7,"H3,","H,",YARD,Texas,31.827233,-99.423022,22,Evening
Derailments,1978:11:ATSF:22118102,0,0,1050,15450,0,0,0,NOLAN,21:15,1978,1979,"H603,","ATSF,",1,"H6,","H,",SIDING,Texas,31.827233,-99.423022,21,Evening
Side collision,1978:10:SP:G7798,0,0,20,3200,0,0,0,TARRANT,17:00,1978,1979,"H306,","SP,",84,"H3,","H,",YARD,Texas,31.827233,-99.423022,17,Evening
Derailments,1978:10:MKT:AX108S,0,0,2990,700,0,0,0,ELLIS,24:30:00,1978,1979,"T101,","MKT,",1,"T1,","T,",MAIN,Texas,31.827233,-99.423022,24,Midnight
Fire/violent rupture,1978:11:FWD:FW263,0,0,0,20000,0,0,0,WISE,18:00,1978,1979,"E73L,","FWD,",1,"E7,","E,",MAIN,Texas,31.827233,-99.423022,18,Evening
Derailments,1978:11:ATSF:20118101,0,0,0,5200,0,0,0,POTTER,23:20,1978,1979,"H306,","ATSF,",7,"H3,","H,",YARD,Texas,31.827233,-99.423022,23,Evening
Derailments,1978:10:SP:N1248,0,1,3500,4900,0,0,0,COLORADO,3:30,1978,1979,"E64C,","SP,",1,"E6,","E,",YARD,Texas,31.827233,-99.423022,3,Midnight
Rear end collision,1978:11:FWD:FW256,0,0,400,17300,0,0,0,CASTRO,17:00,1978,1979,"H021,","FWD,",61,"H0,","H,",INDUSTRY,Texas,31.827233,-99.423022,17,Evening
Derailments,1978:10:SP:N1228,0,0,4600,800,0,0,0,HARRIS,2:15,1978,1979,"M404,","SP,",76,"M4,","M,",YARD,Texas,31.827233,-99.423022,2,Midnight
Derailments,1978:10:PTRA:D2,0,0,31,6000,0,0,0,HARRIS,24:15:00,1978,1979,"E64C,","PTRA,",7,"E6,","E,",INDUSTRY,Texas,31.827233,-99.423022,24,Midnight
Side collision,1978:10:SP:S0928,0,0,0,3050,0,0,0,JEFFERSON,22:30,1978,1979,"H306,H301,","SP,",68,"H3,","H,",YARD,Texas,31.827233,-99.423022,22,Evening
Derailments,1978:11:SP:G8878,0,0,0,2675,0,0,0,TERRELL,20:20,1978,1979,"T002,","SP,",1,"T0,","T,",YARD,Texas,31.827233,-99.423022,20,Evening
Derailments,1978:10:SP:N2378,0,0,5500,0,0,0,0,HARRIS,22:10,1978,1979,"T314,","SP,",7,"T3,","T,",YARD,Texas,31.827233,-99.423022,22,Evening
Derailments,1978:10:RI:WF1369,0,0,1450,26200,0,0,0,TARRANT,18:05,1978,1979,"T309,T399,","FWD,RI,",11,"T3,","T,",YARD,Texas,31.827233,-99.423022,18,Evening
Derailments,1978:11:ATSF:23118101,0,0,5900,16500,0,0,0,BELL,24:30:00,1978,1979,"T102,E40C,","ATSF,",1,"T1,E4,","T,E,",YARD,Texas,31.827233,-99.423022,24,Midnight
Derailments,1978:10:MP:9599,0,0,5000,12000,0,0,0,BOWIE,18:10,1978,1979,"T102,","MP,",1,"T1,","T,",INDUSTRY,Texas,31.827233,-99.423022,18,Evening
Derailments,1978:10:SLSF:T3A67,0,0,7600,35900,0,0,0,DALLAS,22:10,1978,1979,"M405,","SLSF,",1,"M4,","M,",MAIN,Texas,31.827233,-99.423022,22,Evening
Derailments,1978:10:SP:G7658,0,0,4100,359250,3,3,0,UVALDE,3:15,1978,1979,"E52C,","SP,",1,"E5,","E,",MAIN,Texas,31.827233,-99.423022,3,Midnight
Derailments,1978:11:FWD:JT124,0,0,5000,0,0,0,0,FREESTONE,24:15:00,1978,1979,"E64C,T314,","FWD,",8,"E6,T3,","E,T,",YARD,Texas,31.827233,-99.423022,24,Midnight
Head on collision,1978:10:MP:65228P1543,0,2,580,3500,0,0,0,DALLAS,19:50,1978,1979,"H403,H204,","MP,RI,",88,"H4,H2,","H,",MAIN,Texas,31.827233,-99.423022,19,Evening
Derailments,1978:10:SSW:V4288,0,0,51000,719400,0,0,0,UPSHUR,17:55,1978,1979,"M599,","SSW,",1,"M5,","M,",MAIN,Texas,31.827233,-99.423022,17,Evening
Derailments,1978:11:SP:N2628,0,0,7900,0,0,0,0,HARRIS,23:00,1978,1979,"E40C,","SP,",6,"E4,","E,",YARD,Texas,31.827233,-99.423022,23,Evening
Highway-rail impact,1978:10:MP:9610,0,0,2000,19500,0,0,0,GREGG,19:50,1978,1979,"E49L,","MP,",1,"E4,","E,",MAIN,Texas,31.827233,-99.423022,19,Evening
Derailments,1978:10:SP:G7678,0,0,300,3000,0,0,0,DALLAS,3:00,1978,1979,"S012,","SP,SSW,",7,"S0,","S,",INDUSTRY,Texas,31.827233,-99.423022,3,Midnight
Derailments,1978:10:SP:G7668,0,0,2500,4300,0,0,0,TARRANT,2:20,1978,1979,"E64L,","SP,",1,"E6,","E,",MAIN,Texas,31.827233,-99.423022,2,Midnight
Derailments,1978:10:MP:9609,0,0,150,6950,0,0,0,WILLIAMSON,3:40,1978,1979,"E99L,","MP,",2,"E9,","E,",YARD,Texas,31.827233,-99.423022,3,Midnight
Derailments,1978:10:KCS:320604,0,0,200,2392,0,0,0,JEFFERSON,3:00,1978,1979,"H306,","KCS,",7,"H3,","H,",INDUSTRY,Texas,31.827233,-99.423022,3,Midnight
Derailments,1978:11:HBT:AX5K78,0,0,550,3350,0,0,0,HARRIS,22:30,1978,1979,"T202,","HBT,",7,"T2,","T,",YARD,Texas,31.827233,-99.423022,22,Evening
Derailments,1978:10:SP:N2358,0,0,1000,8300,0,0,0,HARRIS,17:45,1978,1979,"T110,","SP,",7,"T1,","T,",YARD,Texas,31.827233,-99.423022,17,Evening
Derailments,1978:11:RI:MK781160,0,0,870,1702,0,0,0,MOORE,22:25,1978,1979,"T110,","RI,",7,"T1,","T,",INDUSTRY,Texas,31.827233,-99.423022,22,Evening
Derailments,1978:11:RI:MK781139,0,0,4345,4339,0,0,0,DALLAM,17:15,1978,1979,"T102,","RI,",1,"T1,","T,",YARD,Texas,31.827233,-99.423022,17,Evening
Derailments,1978:11:RI:MK781151,0,0,2992,3150,0,0,0,MOORE,18:57,1978,1979,"T202,","RI,",1,"T2,","T,",SIDING,Texas,31.827233,-99.423022,18,Evening
Derailments,1978:11:SP:G8328,0,0,2650,49500,0,0,0,BURNET,17:05,1978,1979,"T202,","SP,",1,"T2,","T,",MAIN,Texas,31.827233,-99.423022,17,Evening
Derailments,1978:12:LA:315186,0,0,2816,9310,0,0,0,MORRIS,2:30,1978,1979,"H702,","LA,",7,"H7,","H,",YARD,Texas,31.827233,-99.423022,2,Midnight
Highway-rail impact,1978:12:ATSF:22128101,2,0,1600,37600,0,0,0,TARRANT,18:40,1978,1979,"H999,","ATSF,",6,"H9,","H,",MAIN,Texas,31.827233,-99.423022,18,Evening
Derailments,1978:11:MKT:AX128S,0,0,2500,0,0,0,0,TARRANT,1:25,1978,1979,"T110,","MKT,",7,"T1,","T,",YARD,Texas,31.827233,-99.423022,1,Midnight