AccidentType,inckey,Fatalities,Injuries,TrackDamage,EquipmentDamage,HazmatCars,HazmatCarsDerailed,HazmatCarsReleasing,County,DisplayTime,calendar,Fiscal,AccidentCause,RailroadCodes,RAILEQUIPMENT_TYPE,CauseGroup,CauseDiscipline,TYPE_OF_TRACK,StateName,latitude,longitude,hour,cat
Derailments,1978:11:SP:N3578,0,0,0,2550,0,0,0,GALVESTON,1:15,1978,1979,"T101,","SP,",7,"T1,","T,",YARD,Texas,31.827233,-99.423022,1,Midnight
Derailments,1978:11:MKT:AX113S,0,0,3900,0,0,0,0,MCLENNAN,18:30,1978,1979,"T110,","MKT,",1,"T1,","T,",YARD,Texas,31.827233,-99.423022,18,Evening
Derailments,1978:11:MKT:AX112S,0,0,5000,9300,0,0,0,WILLIAMSON,24:40:00,1978,1979,"T221,","MKT,",1,"T2,","T,",MAIN,Texas,31.827233,-99.423022,24,Midnight
Highway-rail impact,1978:11:MKT:XA152S,0,0,12000,0,0,0,0,DALLAS,24:07:00,1978,1979,"M399,","FWD,MKT,",11,"M3,","M,",MAIN,Texas,31.827233,-99.423022,24,Midnight
Derailments,1978:12:ATSF:22128105,0,0,0,13500,0,0,0,DALLAS,22:40,1978,1979,"H018,","ATSF,",7,"H0,","H,",SIDING,Texas,31.827233,-99.423022,22,Evening
Derailments,1978:12:SP:Q0018,0,0,3497,0,0,0,0,TARRANT,2:10,1978,1979,"T202,","SP,",1,"T2,","T,",MAIN,Texas,31.827233,-99.423022,2,Midnight
Derailments,1978:11:MP:9621,0,0,26470,163900,6,3,1,DALLAS,2:45,1978,1979,"T201,","MP,",1,"T2,","T,",MAIN,Texas,31.827233,-99.423022,2,Midnight
Derailments,1978:12:SSW:V6708,0,0,6500,1800,1,1,0,CHEROKEE,17:30,1978,1979,"T202,","SSW,",1,"T2,","T,",MAIN,Texas,31.827233,-99.423022,17,Evening
Derailments,1978:12:ATSF:23128103,0,0,51200,400,1,0,0,MONTGOMERY,19:45,1978,1979,"T102,","ATSF,",1,"T1,","T,",MAIN,Texas,31.827233,-99.423022,19,Evening
Highway-rail impact,1978:12:GSW:781205,0,0,0,4850,0,0,0,TARRANT,23:00,1978,1979,"M399,","GSW,",7,"M3,","M,",YARD,Texas,31.827233,-99.423022,23,Evening
Other impacts,1978:12:ATSF:22128106,0,0,0,7800,0,0,0,DALLAS,19:20,1978,1979,"M404,","ATSF,",76,"M4,","M,",YARD,Texas,31.827233,-99.423022,19,Evening
Derailments,1978:11:SP:G8588,0,0,12500,800,0,0,0,ELLIS,3:00,1978,1979,"T222,","SP,",1,"T2,","T,",YARD,Texas,31.827233,-99.423022,3,Midnight
Side collision,1978:11:SP:79928,0,0,700,23525,7,0,0,EL PASO,1:30,1978,1979,"H306,","SP,",7,"H3,","H,",YARD,Texas,31.827233,-99.423022,1,Midnight
Derailments,1978:11:RI:WF15747,0,0,8800,700,0,0,0,TARRANT,24:45:00,1978,1979,"H503,","MP,RI,",7,"H5,","H,",YARD,Texas,31.827233,-99.423022,24,Midnight
Derailments,1978:11:SP:G8958,0,0,500,3300,0,0,0,BEXAR,20:15,1978,1979,"T001,","SP,",6,"T0,","T,",INDUSTRY,Texas,31.827233,-99.423022,20,Evening
Other impacts,1978:12:ATSF:23128107,0,0,4116,1855,0,0,0,BRAZORIA,22:15,1978,1979,"M202,M204,","ATSF,",61,"M2,","M,",MAIN,Texas,31.827233,-99.423022,22,Evening
Derailments,1978:12:ATSF:22128107,0,0,46500,78000,0,0,0,HOOD,21:10,1978,1979,"E62L,","ATSF,",1,"E6,","E,",MAIN,Texas,31.827233,-99.423022,21,Evening
Derailments,1978:12:MKT:AX133S,0,0,350,3000,0,0,0,DALLAS,22:45,1978,1979,"H702,","MKT,",57,"H7,","H,",YARD,Texas,31.827233,-99.423022,22,Evening
Derailments,1978:11:MKT:AX127S,0,0,49385,1100,2,0,0,BRISCOE,2:50,1978,1979,"H604,","MKT,",1,"H6,","H,",MAIN,Texas,31.827233,-99.423022,2,Midnight
Derailments,1978:11:MP:9617,0,0,2455,15800,0,0,0,WILLIAMSON,22:15,1978,1979,"T299,","MP,",2,"T2,","T,",YARD,Texas,31.827233,-99.423022,22,Evening
Derailments,1978:12:HBT:AX1L78,0,0,275,2600,0,0,0,HARRIS,23:30,1978,1979,"E31C,","HBT,",7,"E3,","E,",YARD,Texas,31.827233,-99.423022,23,Evening
Other impacts,1978:12:ATSF:23128106,0,0,0,3750,0,0,0,HARDIN,22:30,1978,1979,"H306,H602,","ATSF,",7,"H3,H6,","H,",YARD,Texas,31.827233,-99.423022,22,Evening
Derailments,1978:11:MKT:AX118S,0,0,3300,800,0,0,0,TARRANT,18:15,1978,1979,"E53C,","MKT,",1,"E5,","E,",MAIN,Texas,31.827233,-99.423022,18,Evening
Derailments,1978:12:MKT:AX140S,0,0,700,2400,0,0,0,GRAYSON,1:15,1978,1979,"H503,","MKT,",1,"H5,","H,",YARD,Texas,31.827233,-99.423022,1,Midnight
Derailments,1978:11:SP:G8428,0,0,2500,9600,0,0,0,DALLAS,20:00,1978,1979,"T110,","SP,",7,"T1,","T,",YARD,Texas,31.827233,-99.423022,20,Evening
Derailments,1978:11:SP:N3198,0,0,4000,1135,0,0,0,NACOGDOCHES,20:10,1978,1979,"T210,","SP,",1,"T2,","T,",YARD,Texas,31.827233,-99.423022,20,Evening
Derailments,1978:11:MKT:AX114S,0,0,3100,0,0,0,0,MCLENNAN,23:45,1978,1979,"T110,","MKT,",1,"T1,","T,",YARD,Texas,31.827233,-99.423022,23,Evening
Derailments,1978:12:RI:WF1670,0,0,1200,7000,0,0,0,DALLAS,24:15:00,1978,1979,"T110,H306,","MKT,RI,",77,"T1,H3,","T,H,",YARD,Texas,31.827233,-99.423022,24,Midnight
Derailments,1978:12:FWD:FW280,0,0,2700,5300,0,0,0,WICHITA,24:40:00,1978,1979,"T111,T113,","FWD,",1,"T1,","T,",YARD,Texas,31.827233,-99.423022,24,Midnight
Derailments,1978:12:KCS:306732,0,0,4500,400,0,0,0,JEFFERSON,19:40,1978,1979,"T314,","KCS,",67,"T3,","T,",YARD,Texas,31.827233,-99.423022,19,Evening
Derailments,1979:01:HBT:AX6A79,0,0,550,3250,0,0,0,HARRIS,4:05,1979,1979,"T219,","HBT,",7,"T2,","T,",YARD,Texas,31.827233,-99.423022,4,Midnight
Side collision,1979:01:LA:310861,0,0,144,15300,4,0,0,CAMP,18:00,1979,1979,"M503,","LA,",16,"M5,","M,",SIDING,Texas,31.827233,-99.423022,18,Evening
Derailments,1978:12:SP:N4158,0,0,2500,3750,0,0,0,HARRIS,21:20,1978,1979,"E04C,H503,","SP,",7,"E0,H5,","E,H,",YARD,Texas,31.827233,-99.423022,21,Evening
Derailments,1979:01:SP:70159,0,0,18000,800,0,0,0,EL PASO,2:30,1979,1979,"H505,","SP,",1,"H5,","H,",YARD,Texas,31.827233,-99.423022,2,Midnight
Derailments,1979:01:HBT:AX4A79,0,0,1000,2250,0,0,0,HARRIS,19:00,1979,1979,"T102,","HBT,",7,"T1,","T,",YARD,Texas,31.827233,-99.423022,19,Evening
Derailments,1978:12:RI:WF1585,0,0,145,2550,0,0,0,TARRANT,20:30,1978,1979,"H022,","RI,",67,"H0,","H,",YARD,Texas,31.827233,-99.423022,20,Evening
Other impacts,1979:01:ATSF:20019102,0,0,0,6500,3,0,0,GRAY,20:45,1979,1979,"H018,","ATSF,",16,"H0,","H,",YARD,Texas,31.827233,-99.423022,20,Evening
Derailments,1978:12:SP:G9158,0,0,1800,1500,0,0,0,BURNET,19:00,1978,1979,"T202,","SP,",4,"T2,","T,",YARD,Texas,31.827233,-99.423022,19,Evening
Derailments,1978:12:MP:79006,0,0,11500,20000,0,0,0,CASS,20:10,1978,1979,"E69C,","MP,",1,"E6,","E,",MAIN,Texas,31.827233,-99.423022,20,Evening
Derailments,1979:01:KCS:315137,0,0,5000,7149,0,0,0,JEFFERSON,22:40,1979,1979,"T101,","KCS,",1,"T1,","T,",MAIN,Texas,31.827233,-99.423022,22,Evening
Fire/violent rupture,1979:02:MP:79062,0,0,200,34000,0,0,0,TARRANT,17:45,1979,1979,"E31C,","MP,",76,"E3,","E,",YARD,Texas,31.827233,-99.423022,17,Evening
Derailments,1979:02:ATSF:23029102,0,0,0,17500,1,0,0,LAMPASAS,22:01,1979,1979,"T101,","ATSF,",1,"T1,","T,",MAIN,Texas,31.827233,-99.423022,22,Evening
Derailments,1979:01:GHH:146,0,0,4085,1350,0,0,0,HARRIS,23:00,1979,1979,"T220,","GHH,MKT,",1,"T2,","T,",MAIN,Texas,31.827233,-99.423022,23,Evening
Derailments,1978:12:MKT:AX132S,0,0,1440,2100,0,0,0,TARRANT,22:45,1978,1979,"T314,","MKT,",1,"T3,","T,",YARD,Texas,31.827233,-99.423022,22,Evening
Fire/violent rupture,1978:12:SP:N4428,0,0,0,12350,0,0,0,LIBERTY,23:05,1978,1979,"M599,","SP,",1,"M5,","M,",MAIN,Texas,31.827233,-99.423022,23,Evening
Side collision,1979:01:ATSF:20019101,0,0,0,3800,0,0,0,POTTER,2:40,1979,1979,"H301,","ATSF,",67,"H3,","H,",YARD,Texas,31.827233,-99.423022,2,Midnight
Derailments,1978:12:SP:N4328,0,2,500,9500,0,0,0,SAN PATRICIO,24:30:00,1978,1979,"H999,","SP,",7,"H9,","H,",MAIN,Texas,31.827233,-99.423022,24,Midnight
Derailments,1979:01:ATSF:23019103,0,0,7000,48500,0,0,0,FORT BEND,23:40,1979,1979,"T215,","ATSF,",1,"T2,","T,",MAIN,Texas,31.827233,-99.423022,23,Evening
Derailments,1979:01:HBT:AX2A79,0,0,0,4200,0,0,0,HARRIS,19:10,1979,1979,"T202,","HBT,",7,"T2,","T,",INDUSTRY,Texas,31.827233,-99.423022,19,Evening
Derailments,1978:12:MP:79019,0,0,0,6500,0,0,0,BEXAR,17:20,1978,1979,"E99L,","MP,",2,"E9,","E,",MAIN,Texas,31.827233,-99.423022,17,Evening
Derailments,1978:12:MP:79012,0,0,0,2428,0,0,0,WILLIAMSON,21:00,1978,1979,"T299,","MP,",2,"T2,","T,",MAIN,Texas,31.827233,-99.423022,21,Evening
Derailments,1978:12:MP:79018,0,0,0,10000,0,0,0,BEXAR,20:00,1978,1979,"E99L,","MP,",2,"E9,","E,",MAIN,Texas,31.827233,-99.423022,20,Evening
Side collision,1979:01:ATSF:20019103,0,0,300,6800,0,0,0,POTTER,24:05:00,1979,1979,"H306,","ATSF,",7,"H3,","H,",YARD,Texas,31.827233,-99.423022,24,Midnight
Derailments,1978:12:PTRA:D1,0,0,6000,275,0,0,0,HARRIS,20:30,1978,1979,"E85C,","SP,",1,"E8,","E,",MAIN,Texas,31.827233,-99.423022,20,Evening
Derailments,1978:12:RI:WF1580,0,0,5750,7500,2,0,0,DALLAS,24:30:00,1978,1979,"T102,E40C,","MP,RI,",11,"T1,E4,","T,E,",MAIN,Texas,31.827233,-99.423022,24,Midnight
Derailments,1978:12:RI:WF1664,0,0,3171,0,0,0,0,DALLAS,3:00,1978,1979,"T101,","RI,",1,"T1,","T,",YARD,Texas,31.827233,-99.423022,3,Midnight
Derailments,1978:12:SP:G9008,0,0,12000,4300,0,0,0,GRIMES,17:05,1978,1979,"T221,","SP,",1,"T2,","T,",MAIN,Texas,31.827233,-99.423022,17,Evening
Derailments,1979:01:SP:G0019,0,0,4200,2775,0,0,0,GONZALES,24:30:00,1979,1979,"T222,","SP,",1,"T2,","T,",MAIN,Texas,31.827233,-99.423022,24,Midnight
Side collision,1978:12:SP:G9648,0,0,300,15000,0,0,0,ELLIS,20:00,1978,1979,"H305,","SP,",71,"H3,","H,",YARD,Texas,31.827233,-99.423022,20,Evening
Derailments,1979:01:ATSF:23019101,0,0,0,6500,0,0,0,JEFFERSON,21:30,1979,1979,"T101,","ATSF,MILW,",11,"T1,","T,",MAIN,Texas,31.827233,-99.423022,21,Evening
Head on collision,1978:12:MKT:AX137S,0,0,3500,43000,0,0,0,GRAYSON,21:30,1978,1979,"H999,","MKT,",71,"H9,","H,",YARD,Texas,31.827233,-99.423022,21,Evening
Side collision,1979:02:ATSF:20029102,0,0,0,9750,0,0,0,POTTER,1:00,1979,1979,"H306,","ATSF,",67,"H3,","H,",YARD,Texas,31.827233,-99.423022,1,Midnight
Side collision,1979:01:SP:H0339,0,0,320,4550,0,0,0,VICTORIA,20:45,1979,1979,"H702,","SP,",16,"H7,","H,",YARD,Texas,31.827233,-99.423022,20,Evening
Derailments,1979:01:MKT:AX2S,0,0,7153,20800,0,0,0,GRAYSON,3:15,1979,1979,"T221,","MKT,",1,"T2,","T,",MAIN,Texas,31.827233,-99.423022,3,Midnight
Derailments,1979:02:ATSF:23029103,0,0,0,49600,0,0,0,LAMPASAS,2:05,1979,1979,"T101,","ATSF,",1,"T1,","T,",MAIN,Texas,31.827233,-99.423022,2,Midnight
Derailments,1979:01:SP:H2129,0,0,1500,5250,1,1,0,HARRIS,4:20,1979,1979,"H999,","SP,",7,"H9,","H,",YARD,Texas,31.827233,-99.423022,4,Midnight
Derailments,1979:01:PTRA:D1,0,2,57000,32500,0,0,0,HARRIS,4:30,1979,1979,"T099,T001,","PTRA,SP,",1,"T0,","T,",MAIN,Texas,31.827233,-99.423022,4,Midnight
Derailments,1979:01:SP:H0799,0,0,1500,21000,0,0,0,GALVESTON,20:00,1979,1979,"T202,","SP,",1,"T2,","T,",YARD,Texas,31.827233,-99.423022,20,Evening
Side collision,1979:02:MKT:AX24S,0,0,0,7000,0,0,0,GRAYSON,2:45,1979,1979,"H301,","MKT,",67,"H3,","H,",YARD,Texas,31.827233,-99.423022,2,Midnight
Derailments,1979:01:RI:WF109,0,0,3875,4000,0,0,0,TARRANT,4:25,1979,1979,"H701,H702,","RI,SLSF,",11,"H7,","H,",MAIN,Texas,31.827233,-99.423022,4,Midnight
Derailments,1979:03:SP:G2329,0,0,0,3900,0,0,0,COLORADO,21:05,1979,1979,"E36C,","SP,",1,"E3,","E,",MAIN,Texas,31.827233,-99.423022,21,Evening
Derailments,1979:02:HBT:AX2B79,0,0,600,9400,0,0,0,HARRIS,19:00,1979,1979,"H302,","HBT,",7,"H3,","H,",YARD,Texas,31.827233,-99.423022,19,Evening
Other impacts,1979:01:SP:N4269,0,0,4500,0,0,0,0,GALVESTON,23:20,1979,1979,"H702,","ATSF,SP,",8,"H7,","H,",MAIN,Texas,31.827233,-99.423022,23,Evening
Derailments,1979:01:SP:70429,0,0,6752,1700,0,0,0,EL PASO,18:30,1979,1979,"T110,","SP,",7,"T1,","T,",YARD,Texas,31.827233,-99.423022,18,Evening
Derailments,1979:02:MP:79044,0,0,800,3000,0,0,0,DALLAS,18:15,1979,1979,"T102,T101,","MP,SSW,",7,"T1,","T,",MAIN,Texas,31.827233,-99.423022,18,Evening
Derailments,1979:03:FWD:JT27,0,0,4730,0,0,0,0,FREESTONE,20:45,1979,1979,"T110,","FWD,",7,"T1,","T,",YARD,Texas,31.827233,-99.423022,20,Evening
Derailments,1979:02:SP:L4239,0,0,0,10000,0,0,0,JEFFERSON,4:40,1979,1979,"H403,","SP,",7,"H4,","H,",YARD,Texas,31.827233,-99.423022,4,Midnight
Derailments,1979:01:MP:79242,0,0,0,7225,0,0,0,BRAZORIA,23:50,1979,1979,"H702,","MP,",7,"H7,","H,",YARD,Texas,31.827233,-99.423022,23,Evening
Derailments,1979:02:ATSF:23029104,0,0,15000,2550,0,0,0,WASHINGTON,18:05,1979,1979,"T221,","ATSF,",1,"T2,","T,",MAIN,Texas,31.827233,-99.423022,18,Evening
Derailments,1979:02:MKT:AX21S,0,0,4700,200,0,0,0,DALLAS,3:40,1979,1979,"T102,E42C,","MKT,MP,RI,",111,"T1,E4,T1,","T,E,T,",MAIN,Texas,31.827233,-99.423022,3,Midnight
Derailments,1979:01:SP:G0089,0,0,20275,1100,0,0,0,ELLIS,21:40,1979,1979,"T220,","SP,",1,"T2,","T,",YARD,Texas,31.827233,-99.423022,21,Evening
Rear end collision,1979:01:MKT:AX6S,0,0,0,4200,0,0,0,HUNT,3:45,1979,1979,"H401,H603,H999,","LA,MKT,",717,"H4,H6,H9,H6,H9,","H,",MAIN,Texas,31.827233,-99.423022,3,Midnight
Derailments,1979:02:RI:WF255,0,0,3660,550,0,0,0,,2:30,1979,1979,"T110,","RI,",1,"T1,","T,",MAIN,Texas,31.827233,-99.423022,2,Midnight
Derailments,1979:02:ATSF:22029102,0,0,5600,9160,0,0,0,TARRANT,18:50,1979,1979,"T199,","ATSF,",7,"T1,","T,",YARD,Texas,31.827233,-99.423022,18,Evening
Derailments,1979:01:MKT:AX4S,0,0,975,3150,0,0,0,MCLENNAN,18:15,1979,1979,"T211,","MKT,",71,"T2,","T,",YARD,Texas,31.827233,-99.423022,18,Evening
Derailments,1979:02:MKT:AX20S,0,0,0,40000,0,0,0,GRAYSON,1:00,1979,1979,"M503,M501,","MKT,MP,",11,"M5,","M,",MAIN,Texas,31.827233,-99.423022,1,Midnight
Side collision,1979:01:PTRA:D2,0,0,690,2700,0,0,0,HARRIS,1:30,1979,1979,"H301,","PTRA,",76,"H3,","H,",YARD,Texas,31.827233,-99.423022,1,Midnight
Other impacts,1979:02:ATSF:20029101,0,0,3960,200,0,0,0,SCURRY,18:20,1979,1979,"E62C,","ATSF,",1,"E6,","E,",MAIN,Texas,31.827233,-99.423022,18,Evening
Derailments,1979:02:MKT:AX19S,0,0,9429,26725,2,0,0,DALLAS,2:20,1979,1979,"E40C,T102,T101,","MKT,MP,RI,",11,"E4,T1,","E,T,",MAIN,Texas,31.827233,-99.423022,2,Midnight
Derailments,1979:01:RI:WF91,0,0,5275,76000,0,0,0,POTTER,4:35,1979,1979,"T221,","RI,",1,"T2,","T,",MAIN,Texas,31.827233,-99.423022,4,Midnight
Derailments,1979:02:MKT:AX22S,0,0,0,5300,0,0,0,GRAYSON,18:15,1979,1979,"H312,","MKT,",7,"H3,","H,",YARD,Texas,31.827233,-99.423022,18,Evening
Derailments,1979:01:MKT:AX7S,0,0,9000,59500,0,0,0,WILLIAMSON,17:30,1979,1979,"H604,T211,","MKT,",1,"H6,T2,","H,T,",MAIN,Texas,31.827233,-99.423022,17,Evening
Derailments,1979:01:MKT:AX3S,0,0,225,3200,0,0,0,GRAYSON,21:00,1979,1979,"H310,","MKT,",7,"H3,","H,",YARD,Texas,31.827233,-99.423022,21,Evening
Derailments,1979:01:SP:H0809,0,0,4300,0,1,0,0,HARRIS,24:30:00,1979,1979,"T307,","SP,",1,"T3,","T,",YARD,Texas,31.827233,-99.423022,24,Midnight
Derailments,1979:01:SP:H1499,0,0,2000,13100,0,0,0,JIM WELLS,23:15,1979,1979,"E30C,","SP,",1,"E3,","E,",MAIN,Texas,31.827233,-99.423022,23,Evening
Derailments,1979:01:SP:H0139,0,0,400,5500,2,2,0,SAN PATRICIO,17:40,1979,1979,"T102,","SP,",1,"T1,","T,",SIDING,Texas,31.827233,-99.423022,17,Evening
Derailments,1979:02:FWD:JT8,0,0,12300,38000,0,0,0,HARRIS,23:20,1979,1979,"T220,","FWD,",1,"T2,","T,",MAIN,Texas,31.827233,-99.423022,23,Evening
Derailments,1979:01:SP:H0919,0,0,13200,0,0,0,0,HARRIS,20:30,1979,1979,"T101,","SP,",7,"T1,","T,",YARD,Texas,31.827233,-99.423022,20,Evening
Derailments,1979:01:SP:G0009,0,0,7100,0,0,0,0,ROBERTSON,4:15,1979,1979,"H701,","SP,",7,"H7,","H,",YARD,Texas,31.827233,-99.423022,4,Midnight
Derailments,1979:03:SP:L4429,0,0,17300,30000,0,0,0,ORANGE,2:30,1979,1979,"T216,","SP,",1,"T2,","T,",SIDING,Texas,31.827233,-99.423022,2,Midnight
Derailments,1979:03:SP:G2179,0,0,4000,0,0,0,0,ROBERTSON,21:25,1979,1979,"H601,","SP,",7,"H6,","H,",YARD,Texas,31.827233,-99.423022,21,Evening
Highway-rail impact,1979:03:MKT:XA45S,0,0,5000,0,0,0,0,DALLAS,22:40,1979,1979,"M399,","MKT,",1,"M3,","M,",MAIN,Texas,31.827233,-99.423022,22,Evening
Derailments,1979:03:MKT:AX39S,0,0,5400,13200,0,0,0,MCLENNAN,19:40,1979,1979,"H503,","MKT,",1,"H5,","H,",YARD,Texas,31.827233,-99.423022,19,Evening
Derailments,1979:02:SP:L4119,0,0,860,2250,0,0,0,ORANGE,21:50,1979,1979,"T108,","SP,",1,"T1,","T,",MAIN,Texas,31.827233,-99.423022,21,Evening
Derailments,1979:03:MKT:AX33S,0,0,350,8000,0,0,0,TARRANT,17:20,1979,1979,"H020,","MKT,",16,"H0,","H,",YARD,Texas,31.827233,-99.423022,17,Evening
Derailments,1979:03:MP:64409P1142,0,2,150,3250,1,0,0,HARRISON,18:36,1979,1979,"E49C,","MP,",1,"E4,","E,",SIDING,Texas,31.827233,-99.423022,18,Evening
Derailments,1979:03:KCS:320388,0,0,500,7250,0,0,0,JEFFERSON,1:30,1979,1979,"H312,","KCS,",7,"H3,","H,",YARD,Texas,31.827233,-99.423022,1,Midnight
Derailments,1979:02:SP:G1209,0,0,9000,7150,0,0,0,BURNET,17:45,1979,1979,"T201,","SP,",1,"T2,","T,",MAIN,Texas,31.827233,-99.423022,17,Evening
Side collision,1979:03:KCS:320037,0,0,1500,27732,0,0,0,JEFFERSON,19:45,1979,1979,"H306,","KCS,",7,"H3,","H,",YARD,Texas,31.827233,-99.423022,19,Evening
Raking collision,1979:02:SP:H4109,0,0,100,3000,0,0,0,HARRIS,19:50,1979,1979,"H999,","SP,",76,"H9,","H,",YARD,Texas,31.827233,-99.423022,19,Evening
Side collision,1979:04:PTRA:A3,0,0,0,4000,0,0,0,WICHITA,20:00,1979,1979,"H306,","PTRA,",6,"H3,","H,",INDUSTRY,Texas,31.827233,-99.423022,20,Evening
Derailments,1979:02:SP:H2859,0,0,2200,750,0,0,0,ANGELINA,23:30,1979,1979,"T110,","SP,",1,"T1,","T,",YARD,Texas,31.827233,-99.423022,23,Evening
Derailments,1979:03:MKT:AX27S,0,0,35500,67600,0,0,0,WALLER,3:40,1979,1979,"E54C,","MKT,",1,"E5,","E,",MAIN,Texas,31.827233,-99.423022,3,Midnight
Derailments,1979:03:SP:G2609,0,0,2400,1400,0,0,0,BURNET,20:00,1979,1979,"T202,","SP,",1,"T2,","T,",YARD,Texas,31.827233,-99.423022,20,Evening
Derailments,1979:03:ATSF:20039102,0,0,500,15300,2,2,0,HUTCHINSON,1:05,1979,1979,"H020,","ATSF,",7,"H0,","H,",YARD,Texas,31.827233,-99.423022,1,Midnight
Derailments,1979:03:SP:H6409,0,0,7500,16700,0,0,0,SAN PATRICIO,23:45,1979,1979,"E40C,","SP,",1,"E4,","E,",MAIN,Texas,31.827233,-99.423022,23,Evening
Derailments,1979:03:ATSF:23039101,0,0,10000,34075,0,0,0,LAMPASAS,2:00,1979,1979,"E53C,","ATSF,",1,"E5,","E,",MAIN,Texas,31.827233,-99.423022,2,Midnight
Derailments,1979:03:PTRA:D2,0,0,8508,0,0,0,0,HARRIS,1:30,1979,1979,"T112,","PTRA,",7,"T1,","T,",YARD,Texas,31.827233,-99.423022,1,Midnight
Raking collision,1979:03:SP:H6429,0,0,200,4400,0,0,0,COLORADO,20:36,1979,1979,"H302,H306,","SP,",17,"H3,","H,",MAIN,Texas,31.827233,-99.423022,20,Evening
Derailments,1979:03:SP:G2229,0,0,3200,0,0,0,0,GUADALUPE,17:01,1979,1979,"T110,","SP,",1,"T1,","T,",YARD,Texas,31.827233,-99.423022,17,Evening
Derailments,1979:02:SP:H4919,0,0,1750,6000,0,0,0,SAN PATRICIO,17:30,1979,1979,"T101,","SP,",7,"T1,","T,",INDUSTRY,Texas,31.827233,-99.423022,17,Evening
Derailments,1979:03:HBT:AX2C79,0,0,250,3500,0,0,0,HARRIS,1:45,1979,1979,"H306,","HBT,",7,"H3,","H,",YARD,Texas,31.827233,-99.423022,1,Midnight
Side collision,1979:03:SP:H6789,0,0,150,13250,0,0,0,HARRIS,23:20,1979,1979,"H401,","SP,",17,"H4,","H,",YARD,Texas,31.827233,-99.423022,23,Evening
Derailments,1979:03:MP:79096,0,0,0,5600,0,0,0,BEXAR,21:55,1979,1979,"H301,","MP,",7,"H3,","H,",YARD,Texas,31.827233,-99.423022,21,Evening
Side collision,1979:03:MKT:AX28S,0,2,5200,32200,0,0,0,MCLENNAN,17:35,1979,1979,"M503,","MKT,",67,"M5,","M,",MAIN,Texas,31.827233,-99.423022,17,Evening
Derailments,1979:03:SP:H5459,0,0,3500,6500,0,0,0,GRIMES,22:00,1979,1979,"T102,T106,","MP,SP,",1,"T1,","T,",MAIN,Texas,31.827233,-99.423022,22,Evening
Derailments,1979:03:MP:79095,0,0,4200,33450,0,0,0,HARRISON,18:45,1979,1979,"E29C,","MP,",1,"E2,","E,",SIDING,Texas,31.827233,-99.423022,18,Evening
Derailments,1979:03:SP:H5669,0,0,0,6000,0,0,0,HARRIS,19:50,1979,1979,"T311,","SP,",1,"T3,","T,",YARD,Texas,31.827233,-99.423022,19,Evening
Derailments,1979:02:SP:H3569,0,0,900,7150,0,0,0,HARRIS,23:00,1979,1979,"T219,","SP,",7,"T2,","T,",YARD,Texas,31.827233,-99.423022,23,Evening
Derailments,1979:02:SP:G1639,0,0,3025,0,0,0,0,ROBERTSON,23:50,1979,1979,"H702,","SP,",7,"H7,","H,",YARD,Texas,31.827233,-99.423022,23,Evening
Derailments,1979:03:SP:71949,0,0,100000,21025,2,1,0,EL PASO,22:10,1979,1979,"H505,","SP,",1,"H5,","H,",YARD,Texas,31.827233,-99.423022,22,Evening
Side collision,1979:03:ATSF:20039101,0,2,0,3400,0,0,0,POTTER,20:10,1979,1979,"H018,","ATSF,",57,"H0,","H,",YARD,Texas,31.827233,-99.423022,20,Evening
Derailments,1979:03:SP:G2219,0,0,27500,1850,0,0,0,DALLAS,22:30,1979,1979,"T102,T001,","SP,",1,"T1,T0,","T,",MAIN,Texas,31.827233,-99.423022,22,Evening
Other impacts,1979:03:SP:H6669,0,0,6000,0,0,0,0,COLORADO,23:10,1979,1979,"M501,","SP,",1,"M5,","M,",MAIN,Texas,31.827233,-99.423022,23,Evening
Other impacts,1979:03:SP:G2199,0,0,5000,0,0,0,0,GONZALES,1:40,1979,1979,"H704,","SP,",1,"H7,","H,",MAIN,Texas,31.827233,-99.423022,1,Midnight
Side collision,1979:03:TM:8173,0,0,3000,5000,0,0,0,WEBB,21:30,1979,1979,"H021,","TM,",7,"H0,","H,",YARD,Texas,31.827233,-99.423022,21,Evening
Derailments,1979:05:ATSF:23059104,0,0,1400,23400,3,3,0,JEFFERSON,3:15,1979,1979,"T101,E46C,","ATSF,SP,",11,"T1,E4,","T,E,",YARD,Texas,31.827233,-99.423022,3,Midnight
Derailments,1979:04:PTRA:A1,0,0,850,4000,0,0,0,WICHITA,22:30,1979,1979,"E64C,","PTRA,",7,"E6,","E,",MAIN,Texas,31.827233,-99.423022,22,Evening
Side collision,1979:04:SP:G3309,0,2,0,7300,0,0,0,TARRANT,21:45,1979,1979,"H702,","SP,",76,"H7,","H,",YARD,Texas,31.827233,-99.423022,21,Evening
Derailments,1979:04:MP:79125,0,0,2200,44000,18,0,0,GREGG,24:15:00,1979,1979,"E49C,","MP,",1,"E4,","E,",INDUSTRY,Texas,31.827233,-99.423022,24,Midnight
Derailments,1979:04:SP:H7899,0,0,50,6200,0,0,0,HARRIS,19:20,1979,1979,"H505,","SP,",7,"H5,","H,",YARD,Texas,31.827233,-99.423022,19,Evening