AccidentType,inckey,Fatalities,Injuries,TrackDamage,EquipmentDamage,HazmatCars,HazmatCarsDerailed,HazmatCarsReleasing,County,DisplayTime,calendar,Fiscal,AccidentCause,RailroadCodes,RAILEQUIPMENT_TYPE,CauseGroup,CauseDiscipline,TYPE_OF_TRACK,StateName,latitude,longitude,hour,cat
Derailments,1979:04:SSW:U5709,0,0,16000,406900,0,0,0,HOPKINS,2:35,1979,1979,"M503,","SSW,",1,"M5,","M,",MAIN,Texas,31.827233,-99.423022,2,Midnight
Derailments,1979:04:SP:H7359,0,0,9500,0,6,6,0,HARRIS,17:15,1979,1979,"E25C,E43C,","SP,",7,"E2,E4,","E,",MAIN,Texas,31.827233,-99.423022,17,Evening
Other impacts,1979:04:ATSF:23049104,0,0,1000,6000,0,0,0,BELL,22:05,1979,1979,"H020,","ATSF,",7,"H0,","H,",YARD,Texas,31.827233,-99.423022,22,Evening
Derailments,1979:04:SP:G3629,0,0,17100,150,0,0,0,TRAVIS,17:00,1979,1979,"H401,","SP,",1,"H4,","H,",MAIN,Texas,31.827233,-99.423022,17,Evening
Side collision,1979:04:MP:79131,0,0,1000,3830,0,0,0,BOWIE,4:12,1979,1979,"H401,","MP,",71,"H4,","H,",YARD,Texas,31.827233,-99.423022,4,Midnight
Side collision,1979:04:SP:H8759,0,0,0,4950,0,0,0,HARRIS,4:50,1979,1979,"H307,","SP,",7,"H3,","H,",INDUSTRY,Texas,31.827233,-99.423022,4,Midnight
Derailments,1979:04:PTRA:A2,0,0,1368,2000,0,0,0,WICHITA,23:00,1979,1979,"T110,","PTRA,",7,"T1,","T,",INDUSTRY,Texas,31.827233,-99.423022,23,Evening
Raking collision,1979:04:SP:L7779,0,0,0,26400,0,0,0,JEFFERSON,4:45,1979,1979,"H702,","SP,",876,"H7,","H,",YARD,Texas,31.827233,-99.423022,4,Midnight
Side collision,1979:04:ATSF:20049102,0,0,200,3200,0,0,0,POTTER,19:00,1979,1979,"H306,","ATSF,",76,"H3,","H,",YARD,Texas,31.827233,-99.423022,19,Evening
Derailments,1979:04:ATSF:22049105,0,0,21000,365500,0,0,0,COLEMAN,22:05,1979,1979,"T221,","ATSF,",1,"T2,","T,",MAIN,Texas,31.827233,-99.423022,22,Evening
Side collision,1979:04:PTRA:A4,0,0,0,3500,0,0,0,WICHITA,22:10,1979,1979,"H306,","PTRA,",8,"H3,","H,",YARD,Texas,31.827233,-99.423022,22,Evening
Derailments,1979:04:SP:H7699,0,0,200,3600,0,0,0,HARRIS,22:25,1979,1979,"T314,","SP,",7,"T3,","T,",YARD,Texas,31.827233,-99.423022,22,Evening
Other impacts,1979:04:SP:G3409,0,0,7000,0,0,0,0,VAL VERDE,2:50,1979,1979,"H401,","SP,",1,"H4,","H,",MAIN,Texas,31.827233,-99.423022,2,Midnight
Derailments,1979:05:ATSF:23059101,0,0,650,8600,0,0,0,HARRIS,2:00,1979,1979,"T112,","ATSF,",1,"T1,","T,",YARD,Texas,31.827233,-99.423022,2,Midnight
Derailments,1979:05:ATSF:22059104,0,0,1900,8100,0,0,0,TARRANT,22:00,1979,1979,"E64C,","ATSF,",7,"E6,","E,",YARD,Texas,31.827233,-99.423022,22,Evening
Derailments,1979:04:SSW:U5319,0,0,6600,158000,0,0,0,HENDERSON,24:35:00,1979,1979,"E31C,","SSW,",1,"E3,","E,",MAIN,Texas,31.827233,-99.423022,24,Midnight
Side collision,1979:05:ATSF:20059102,0,0,400,10650,0,0,0,POTTER,2:35,1979,1979,"H306,","ATSF,",76,"H3,","H,",YARD,Texas,31.827233,-99.423022,2,Midnight
Derailments,1979:04:SP:H7889,0,0,1100,4850,0,0,0,FORT BEND,18:05,1979,1979,"T111,","SP,",7,"T1,","T,",MAIN,Texas,31.827233,-99.423022,18,Evening
Derailments,1979:04:SP:73549,0,0,5500,0,1,0,0,EL PASO,1:30,1979,1979,"H701,","SP,",7,"H7,","H,",MAIN,Texas,31.827233,-99.423022,1,Midnight
Derailments,1979:04:SP:H7579,0,0,2000,2300,0,0,0,JIM WELLS,17:45,1979,1979,"T106,","SP,",1,"T1,","T,",MAIN,Texas,31.827233,-99.423022,17,Evening
Raking collision,1979:04:ATSF:22049106,0,0,100,5200,0,0,0,TARRANT,22:40,1979,1979,"H306,","ATSF,",76,"H3,","H,",YARD,Texas,31.827233,-99.423022,22,Evening
Other impacts,1979:04:MKT:AX45S,0,0,5450,2550,0,0,0,WICHITA,18:00,1979,1979,"M199,","MKT,",6,"M1,","M,",INDUSTRY,Texas,31.827233,-99.423022,18,Evening
Derailments,1979:04:MKT:AX51S,0,0,3738,3800,0,0,0,GRAYSON,22:20,1979,1979,"T222,","MKT,",1,"T2,","T,",MAIN,Texas,31.827233,-99.423022,22,Evening
Derailments,1979:04:SP:H8969,0,0,15000,1140,0,0,0,HARRIS,24:40:00,1979,1979,"H601,","SP,",7,"H6,","H,",INDUSTRY,Texas,31.827233,-99.423022,24,Midnight
Derailments,1979:04:SP:H7249,0,0,2000,11100,0,0,0,HARRIS,21:00,1979,1979,"M599,","SP,",7,"M5,","M,",YARD,Texas,31.827233,-99.423022,21,Evening
Derailments,1979:04:ATSF:23049103,0,0,4500,23450,0,0,0,HARDIN,3:00,1979,1979,"H305,","ATSF,",57,"H3,","H,",YARD,Texas,31.827233,-99.423022,3,Midnight
Side collision,1979:04:MP:79259,0,0,75,8000,0,0,0,BRAZORIA,20:30,1979,1979,"H306,H305,","MP,",7,"H3,","H,",YARD,Texas,31.827233,-99.423022,20,Evening
Derailments,1979:04:ATSF:23049102,0,0,18000,400,0,0,0,SABINE,20:30,1979,1979,"T101,","ATSF,",1,"T1,","T,",MAIN,Texas,31.827233,-99.423022,20,Evening
Derailments,1979:04:SP:G3389,0,0,10210,200,0,0,0,ELLIS,17:30,1979,1979,"T110,","SP,",7,"T1,","T,",YARD,Texas,31.827233,-99.423022,17,Evening
Derailments,1979:04:ATSF:22049101,0,0,5700,100,0,0,0,COOKE,23:00,1979,1979,"T110,T102,","ATSF,",1,"T1,","T,",YARD,Texas,31.827233,-99.423022,23,Evening
Derailments,1979:04:MP:79118,0,0,39272,500,0,0,0,TARRANT,17:45,1979,1979,"E68C,","MP,",1,"E6,","E,",MAIN,Texas,31.827233,-99.423022,17,Evening
Derailments,1979:05:ATSF:23059103,0,0,6000,12300,0,0,0,JEFFERSON,1:45,1979,1979,"T110,","ATSF,",7,"T1,","T,",YARD,Texas,31.827233,-99.423022,1,Midnight
Derailments,1979:05:SP:L9989,0,0,0,7200,0,0,0,JEFFERSON,24:30:00,1979,1979,"H503,","SP,",7,"H5,","H,",YARD,Texas,31.827233,-99.423022,24,Midnight
Derailments,1979:06:ATSF:23069103,0,0,11300,168250,0,0,0,AUSTIN,2:10,1979,1979,"T315,","ATSF,",1,"T3,","T,",SIDING,Texas,31.827233,-99.423022,2,Midnight
Derailments,1979:05:SSW:U6999,0,0,11500,0,0,0,0,GRAYSON,18:00,1979,1979,"T110,","SP,SSW,",1,"T1,","T,",MAIN,Texas,31.827233,-99.423022,18,Evening
Derailments,1979:05:FWD:FW71,0,0,26000,14100,0,0,0,HALL,23:50,1979,1979,"E07C,","FWD,",1,"E0,","E,",MAIN,Texas,31.827233,-99.423022,23,Evening
Derailments,1979:05:SP:N0529,0,0,1600,24400,0,0,0,NACOGDOCHES,22:00,1979,1979,"H020,","SP,",7,"H0,","H,",MAIN,Texas,31.827233,-99.423022,22,Evening
Derailments,1979:05:SP:G4529,0,0,11835,19700,0,0,0,COLLIN,18:50,1979,1979,"M503,","SP,",1,"M5,","M,",MAIN,Texas,31.827233,-99.423022,18,Evening
Derailments,1979:05:FWD:JT39,0,0,185000,209820,1,1,0,HARRIS,21:50,1979,1979,"T113,","FWD,",1,"T1,","T,",MAIN,Texas,31.827233,-99.423022,21,Evening
Side collision,1979:06:ATSF:20069103,0,0,0,3850,0,0,0,POTTER,21:00,1979,1979,"H025,","ATSF,",57,"H0,","H,",YARD,Texas,31.827233,-99.423022,21,Evening
Derailments,1979:05:SLSF:T2TA19,0,0,600,52500,2,2,0,LAMAR,22:50,1979,1979,"T101,","SLSF,",1,"T1,","T,",YARD,Texas,31.827233,-99.423022,22,Evening
Derailments,1979:05:SP:N0489,0,0,2800,850,0,0,0,HIDALGO,18:45,1979,1979,"E46C,","SP,",1,"E4,","E,",MAIN,Texas,31.827233,-99.423022,18,Evening
Derailments,1979:06:KCS:320154,0,0,3000,0,0,0,0,JEFFERSON,1:00,1979,1979,"T109,","KCS,",7,"T1,","T,",YARD,Texas,31.827233,-99.423022,1,Midnight
Derailments,1979:05:MP:79144,0,0,1500,3300,3,0,0,BOWIE,17:00,1979,1979,"T314,","MP,",7,"T3,","T,",YARD,Texas,31.827233,-99.423022,17,Evening
Highway-rail impact,1979:07:HBT:XA5G79,1,1,8000,2000,0,0,0,HARRIS,24:10:00,1979,1979,"M399,","HBT,",8,"M3,","M,",MAIN,Texas,31.827233,-99.423022,24,Midnight
Derailments,1979:05:SP:N0669,0,0,3000,17000,0,0,0,GALVESTON,21:05,1979,1979,"T314,","SP,",7,"T3,","T,",YARD,Texas,31.827233,-99.423022,21,Evening
Derailments,1979:06:ATSF:22069101,0,0,7850,1850,0,0,0,DALLAS,18:40,1979,1979,"T111,","ATSF,",7,"T1,","T,",YARD,Texas,31.827233,-99.423022,18,Evening
Derailments,1979:05:MKT:AX60S,0,0,2613,3600,3,0,0,GRAYSON,22:15,1979,1979,"T222,","MKT,",1,"T2,","T,",MAIN,Texas,31.827233,-99.423022,22,Evening
Raking collision,1979:06:ATSF:22069104,0,0,600,17600,0,0,0,JOHNSON,22:00,1979,1979,"H306,","ATSF,",71,"H3,","H,",YARD,Texas,31.827233,-99.423022,22,Evening
Side collision,1979:05:FWD:FW72,0,0,0,18800,0,0,0,WICHITA,19:00,1979,1979,"H018,","FWD,",6,"H0,","H,",YARD,Texas,31.827233,-99.423022,19,Evening
Derailments,1979:05:SP:G4279,0,0,3100,0,0,0,0,BEXAR,4:15,1979,1979,"H401,","SP,",7,"H4,","H,",YARD,Texas,31.827233,-99.423022,4,Midnight
Derailments,1979:05:SP:N1499,0,0,1500,4100,0,0,0,VAN ZANDT,18:00,1979,1979,"E64C,","SP,",7,"E6,","E,",YARD,Texas,31.827233,-99.423022,18,Evening
Derailments,1979:05:SP:N3029,0,0,400,18000,0,0,0,HARRIS,21:10,1979,1979,"H704,","SP,",75,"H7,","H,",SIDING,Texas,31.827233,-99.423022,21,Evening
Derailments,1979:06:SP:N4749,0,0,3700,0,0,0,0,HARRIS,17:15,1979,1979,"E24C,","SP,",1,"E2,","E,",YARD,Texas,31.827233,-99.423022,17,Evening
Derailments,1979:05:SP:74959,0,0,30000,400,0,0,0,EL PASO,20:00,1979,1979,"H505,","SP,",7,"H5,","H,",YARD,Texas,31.827233,-99.423022,20,Evening
Derailments,1979:05:SP:N1449,0,0,6200,0,0,0,0,HARRIS,2:30,1979,1979,"E07C,","SP,",7,"E0,","E,",YARD,Texas,31.827233,-99.423022,2,Midnight
Derailments,1979:05:SP:L9969,0,0,3300,0,0,0,0,JEFFERSON,18:00,1979,1979,"T101,","SP,",1,"T1,","T,",MAIN,Texas,31.827233,-99.423022,18,Evening
Derailments,1979:06:ATSF:23069105,0,0,14700,11780,0,0,0,MILAM,18:15,1979,1979,"T199,M405,","ATSF,",1,"T1,M4,","T,M,",MAIN,Texas,31.827233,-99.423022,18,Evening
Derailments,1979:05:SP:G4349,0,0,38000,86150,0,0,0,BREWSTER,2:55,1979,1979,"M204,","SP,",1,"M2,","M,",MAIN,Texas,31.827233,-99.423022,2,Midnight
Side collision,1979:05:MP:79151,0,0,1000,11800,3,0,0,DALLAS,1:58,1979,1979,"H204,","MP,",11,"H2,","H,",MAIN,Texas,31.827233,-99.423022,1,Midnight
Derailments,1979:05:HBT:AX2E79,0,0,550,6500,100,4,0,HARRIS,18:20,1979,1979,"M503,","HBT,",7,"M5,","M,",MAIN,Texas,31.827233,-99.423022,18,Evening
Fire/violent rupture,1979:05:MKT:039,0,0,0,4000,0,0,0,GRAYSON,19:00,1979,1979,"M503,","MKT,",5,"M5,","M,",YARD,Texas,31.827233,-99.423022,19,Evening
Derailments,1979:05:RI:WF877,0,0,1200,3450,0,0,0,TARRANT,20:00,1979,1979,"H503,","RI,",7,"H5,","H,",YARD,Texas,31.827233,-99.423022,20,Evening
Derailments,1979:05:SP:N1909,0,0,2000,35500,1,1,0,HARRIS,19:25,1979,1979,"T113,","SP,",7,"T1,","T,",YARD,Texas,31.827233,-99.423022,19,Evening
Other impacts,1979:05:SP:N0549,0,0,5000,0,0,0,0,BRAZOS,2:10,1979,1979,"M201,","SP,",1,"M2,","M,",MAIN,Texas,31.827233,-99.423022,2,Midnight
Derailments,1979:05:GHH:516,0,0,2878,28200,0,0,0,GALVESTON,2:53,1979,1979,"T310,","GHH,MKT,",1,"T3,","T,",MAIN,Texas,31.827233,-99.423022,2,Midnight
Derailments,1979:06:ATSF:22069102,0,0,900,8250,0,0,0,BROWN,3:40,1979,1979,"T111,","ATSF,",1,"T1,","T,",YARD,Texas,31.827233,-99.423022,3,Midnight
Side collision,1979:06:PTRA:J3,0,0,977,46200,0,0,0,WICHITA,3:35,1979,1979,"H299,H206,","HBT,PTRA,",77,"H2,","H,",YARD,Texas,31.827233,-99.423022,3,Midnight
Derailments,1979:05:SP:N1659,0,0,500,4000,0,0,0,GALVESTON,3:20,1979,1979,"T211,","SP,",7,"T2,","T,",YARD,Texas,31.827233,-99.423022,3,Midnight
Raking collision,1979:05:SP:L9979,0,0,0,12600,1,0,0,JEFFERSON,17:30,1979,1979,"H301,","SP,",76,"H3,","H,",YARD,Texas,31.827233,-99.423022,17,Evening
Derailments,1979:05:SP:N0539,0,0,5000,2200,0,0,0,BRAZOS,4:35,1979,1979,"T108,H503,","MP,SP,",1,"T1,H5,","T,H,",MAIN,Texas,31.827233,-99.423022,4,Midnight
Rear end collision,1979:05:FWD:JT48,0,0,8000,901,0,0,0,FREESTONE,4:00,1979,1979,"E30C,","FWD,",6,"E3,","E,",MAIN,Texas,31.827233,-99.423022,4,Midnight
Derailments,1979:05:MKT:AX61S,0,0,0,500476,0,0,0,GRAYSON,17:30,1979,1979,"H406,T108,","MKT,",1,"H4,T1,","H,T,",MAIN,Texas,31.827233,-99.423022,17,Evening
Derailments,1979:07:KCS:320182,0,0,500,10000,0,0,0,JEFFERSON,17:00,1979,1979,"T101,","KCS,",7,"T1,","T,",MAIN,Texas,31.827233,-99.423022,17,Evening
Derailments,1979:07:HBT:AX1G79,0,0,0,3400,0,0,0,HARRIS,17:45,1979,1979,"H307,","HBT,",7,"H3,","H,",YARD,Texas,31.827233,-99.423022,17,Evening
Side collision,1979:06:FWD:FW95,0,0,0,3700,0,0,0,WICHITA,22:50,1979,1979,"H306,","FWD,",67,"H3,","H,",YARD,Texas,31.827233,-99.423022,22,Evening
Derailments,1979:06:FWD:JT62,0,0,5300,1408,0,0,0,ELLIS,22:45,1979,1979,"T212,","FWD,",1,"T2,","T,",MAIN,Texas,31.827233,-99.423022,22,Evening
Derailments,1979:06:SP:N3649,0,0,2200,14400,0,0,0,ANGELINA,19:55,1979,1979,"M599,","SP,",1,"M5,","M,",MAIN,Texas,31.827233,-99.423022,19,Evening
Rear end collision,1979:06:SP:G5509,0,0,0,148432,0,0,0,VAL VERDE,22:10,1979,1979,"H401,","SP,",1,"H4,","H,",SIDING,Texas,31.827233,-99.423022,22,Evening
Side collision,1979:06:SP:G5009,0,0,4600,109750,0,0,0,BEXAR,22:35,1979,1979,"H017,","SP,",11,"H0,","H,",YARD,Texas,31.827233,-99.423022,22,Evening
Derailments,1979:07:FWD:JT74,0,0,11500,121871,3,0,0,LEON,22:20,1979,1979,"H503,","FWD,",1,"H5,","H,",MAIN,Texas,31.827233,-99.423022,22,Evening
Other impacts,1979:06:SP:75469,0,0,0,3000,0,0,0,EL PASO,18:45,1979,1979,"H018,","SP,",7,"H0,","H,",INDUSTRY,Texas,31.827233,-99.423022,18,Evening
Other impacts,1979:06:SP:N3519,0,0,40000,0,0,0,0,HARRIS,4:30,1979,1979,"M205,","SP,",1,"M2,","M,",MAIN,Texas,31.827233,-99.423022,4,Midnight
Derailments,1979:07:KCS:325106,0,0,6000,5740,0,0,0,JEFFERSON,4:30,1979,1979,"T202,","KCS,",67,"T2,","T,",YARD,Texas,31.827233,-99.423022,4,Midnight
Derailments,1979:08:HBT:AX6H79,0,0,500,20500,0,0,0,HARRIS,22:50,1979,1979,"T202,","HBT,MP,",1,"T2,","T,",MAIN,Texas,31.827233,-99.423022,22,Evening
Derailments,1979:06:MP:79182,0,0,1640,2000,0,0,0,HAYS,20:00,1979,1979,"T101,","MKT,MP,",1,"T1,","T,",MAIN,Texas,31.827233,-99.423022,20,Evening
Derailments,1979:06:SSW:79159,0,0,325,5000,0,0,0,DALLAS,17:10,1979,1979,"T311,","MP,SSW,",77,"T3,","T,",YARD,Texas,31.827233,-99.423022,17,Evening
Raking collision,1979:06:PTRA:J1,0,0,393,7185,0,0,0,WICHITA,23:40,1979,1979,"H513,H099,H999,","PTRA,SP,",77,"H5,H0,H9,","H,",YARD,Texas,31.827233,-99.423022,23,Evening
Side collision,1979:07:TN:RE1,0,1,15000,100000,0,0,0,MORRIS,3:30,1979,1979,"M599,","TN,",1,"M5,","M,",MAIN,Texas,31.827233,-99.423022,3,Midnight
Derailments,1979:06:FWD:FW91,0,0,4900,1200,0,0,0,DALLAM,2:55,1979,1979,"E07C,","FWD,",1,"E0,","E,",MAIN,Texas,31.827233,-99.423022,2,Midnight
Derailments,1979:06:MKT:AX69S,0,0,4800,24000,0,0,0,COMAL,18:00,1979,1979,"T101,","MKT,",1,"T1,","T,",MAIN,Texas,31.827233,-99.423022,18,Evening
Derailments,1979:07:SP:76429,0,0,6361,2900,0,0,0,EL PASO,4:20,1979,1979,"T110,","SP,",1,"T1,","T,",YARD,Texas,31.827233,-99.423022,4,Midnight
Derailments,1979:07:KCS:325080,0,0,3000,19273,0,0,0,JEFFERSON,17:30,1979,1979,"T110,","KCS,",7,"T1,","T,",YARD,Texas,31.827233,-99.423022,17,Evening
Derailments,1979:06:PTRA:J2,0,0,6697,3588,0,0,0,WICHITA,23:45,1979,1979,"H205,","PTRA,",7,"H2,","H,",YARD,Texas,31.827233,-99.423022,23,Evening
Rear end collision,1979:07:LA:329501,0,4,0,5170,0,0,0,CASS,22:55,1979,1979,"M503,","LA,",61,"M5,","M,",MAIN,Texas,31.827233,-99.423022,22,Evening
Derailments,1979:06:FWD:FW96,0,0,2000,5900,0,0,0,TARRANT,4:10,1979,1979,"T101,","FWD,",7,"T1,","T,",INDUSTRY,Texas,31.827233,-99.423022,4,Midnight
Raking collision,1979:07:ATSF:22079101,0,0,500,36800,0,0,0,BROWN,2:30,1979,1979,"H306,","ATSF,",76,"H3,","H,",YARD,Texas,31.827233,-99.423022,2,Midnight
Derailments,1979:06:RI:WF991,0,0,1600,6800,0,0,0,WISE,1:40,1979,1979,"T101,","RI,",1,"T1,","T,",SIDING,Texas,31.827233,-99.423022,1,Midnight
Derailments,1979:07:FWD:FW107,0,0,500,7675,0,0,0,TARRANT,1:45,1979,1979,"H505,","FWD,",7,"H5,","H,",SIDING,Texas,31.827233,-99.423022,1,Midnight
Derailments,1979:07:SP:N7009,0,0,15000,750,0,0,0,COLORADO,18:40,1979,1979,"T314,","SP,",7,"T3,","T,",SIDING,Texas,31.827233,-99.423022,18,Evening
Derailments,1979:06:SP:N3389,0,0,3400,100,0,0,0,CAMERON,17:35,1979,1979,"M503,","SP,",1,"M5,","M,",YARD,Texas,31.827233,-99.423022,17,Evening
Derailments,1979:06:FWD:FW83,0,0,4500,1500,0,0,0,,3:35,1979,1979,"E07C,","FWD,",1,"E0,","E,",MAIN,Texas,31.827233,-99.423022,3,Midnight
Derailments,1979:07:ATSF:23079101,0,0,7000,1775,1,0,0,FORT BEND,17:30,1979,1979,"T101,","ATSF,",1,"T1,","T,",MAIN,Texas,31.827233,-99.423022,17,Evening
Derailments,1979:06:SP:N3409,0,0,3500,300,0,0,0,HARRIS,18:05,1979,1979,"M203,E40C,","HBT,SP,",7,"M2,E4,","M,E,",YARD,Texas,31.827233,-99.423022,18,Evening
Derailments,1979:06:RI:WF996,0,0,11150,2000,0,0,0,TARRANT,18:25,1979,1979,"T314,T311,","RI,SLSF,",11,"T3,","T,",MAIN,Texas,31.827233,-99.423022,18,Evening
Derailments,1979:06:SP:G5259,0,1,49000,293500,0,0,0,HUDSPETH,18:05,1979,1979,"E68C,","SP,",1,"E6,","E,",MAIN,Texas,31.827233,-99.423022,18,Evening
Derailments,1979:06:SP:N5699,0,0,450,3650,0,0,0,HARRIS,3:50,1979,1979,"H503,","SP,",7,"H5,","H,",YARD,Texas,31.827233,-99.423022,3,Midnight
Derailments,1979:07:HBT:AX3G79,0,0,300,3700,0,0,0,HARRIS,3:00,1979,1979,"E32C,","HBT,",7,"E3,","E,",YARD,Texas,31.827233,-99.423022,3,Midnight
Derailments,1979:06:HBT:AX3F79,0,0,300,7350,18,4,0,HARRIS,2:00,1979,1979,"H999,","HBT,",7,"H9,","H,",YARD,Texas,31.827233,-99.423022,2,Midnight
Derailments,1979:06:FWD:FW88,0,0,10000,47700,0,0,0,HASKELL,18:40,1979,1979,"T109,","FWD,",1,"T1,","T,",MAIN,Texas,31.827233,-99.423022,18,Evening
Derailments,1979:07:FWD:FW117,0,0,0,9800,0,0,0,POTTER,18:30,1979,1979,"H018,","FWD,",7,"H0,","H,",YARD,Texas,31.827233,-99.423022,18,Evening
Other impacts,1979:06:SSW:U8669,0,0,5500,0,0,0,0,BOWIE,20:30,1979,1979,"E32C,","SSW,",1,"E3,","E,",MAIN,Texas,31.827233,-99.423022,20,Evening
Derailments,1979:09:SP:K6409,0,0,9200,2150,0,0,0,ORANGE,2:30,1979,1979,"H999,","SP,",1,"H9,","H,",MAIN,Texas,31.827233,-99.423022,2,Midnight
Derailments,1979:07:MKT:AX79S,0,0,4200,250,0,0,0,ELLIS,17:35,1979,1979,"T109,T108,T299,","FWD,MKT,",1,"T1,T2,","T,",MAIN,Texas,31.827233,-99.423022,17,Evening
Side collision,1979:09:ATSF:20099105,0,0,150,7175,0,0,0,POTTER,4:00,1979,1979,"H020,","ATSF,",75,"H0,","H,",YARD,Texas,31.827233,-99.423022,4,Midnight
Side collision,1979:07:SLSF:T3A34,0,0,0,5000,0,0,0,GRAYSON,18:30,1979,1979,"H212,","SLSF,",7,"H2,","H,",YARD,Texas,31.827233,-99.423022,18,Evening
Derailments,1979:08:MP:64409T1529,0,2,14271,61250,0,0,0,ROBERTSON,20:00,1979,1979,"T299,","MP,",1,"T2,","T,",MAIN,Texas,31.827233,-99.423022,20,Evening
Derailments,1979:07:RI:WF1167,0,0,5900,5400,1,0,0,TARRANT,2:20,1979,1979,"T101,","RI,SLSF,",11,"T1,","T,",MAIN,Texas,31.827233,-99.423022,2,Midnight
Side collision,1979:08:ATSF:23089102,0,0,0,18100,5,0,0,JEFFERSON,1:40,1979,1979,"H999,H306,","ATSF,SP,",71,"H9,H3,","H,",MAIN,Texas,31.827233,-99.423022,1,Midnight
Raking collision,1979:08:PTRA:AUG5,0,0,2993,0,0,0,0,HARRIS,20:15,1979,1979,"H025,H601,","PTRA,",7,"H0,H6,","H,",INDUSTRY,Texas,31.827233,-99.423022,20,Evening
Derailments,1979:08:MP:79222,0,0,1000,5000,1,1,0,HOWARD,22:45,1979,1979,"E64C,","MP,",7,"E6,","E,",YARD,Texas,31.827233,-99.423022,22,Evening
Derailments,1979:08:PTRA:AUG3,0,0,4159,0,0,0,0,,20:10,1979,1979,"T111,","PTRA,",7,"T1,","T,",YARD,Texas,31.827233,-99.423022,20,Evening
Derailments,1979:08:MKT:AX89S,0,0,3693,1450,0,0,0,TARRANT,19:40,1979,1979,"T110,","MKT,",1,"T1,","T,",YARD,Texas,31.827233,-99.423022,19,Evening
Derailments,1979:08:SP:77699,0,0,4785,25,0,0,0,EL PASO,22:20,1979,1979,"T110,","SP,",7,"T1,","T,",YARD,Texas,31.827233,-99.423022,22,Evening
Side collision,1979:07:SSW:V0459,0,0,800,2325,0,0,0,SMITH,19:00,1979,1979,"H306,","SSW,",7,"H3,","H,",YARD,Texas,31.827233,-99.423022,19,Evening
Highway-rail impact,1979:07:MKT:XA108S,0,3,12000,26600,5,0,0,BELL,20:40,1979,1979,"M399,","MKT,",1,"M3,","M,",MAIN,Texas,31.827233,-99.423022,20,Evening
Side collision,1979:08:ATSF:20089109,0,0,1200,2400,0,0,0,POTTER,24:10:00,1979,1979,"H301,H302,","ATSF,",87,"H3,","H,",YARD,Texas,31.827233,-99.423022,24,Midnight
Derailments,1979:07:SSW:V0649,0,0,300,3000,0,0,0,COLLIN,21:30,1979,1979,"H306,","SSW,",7,"H3,","H,",INDUSTRY,Texas,31.827233,-99.423022,21,Evening
Derailments,1979:07:SP:N7079,0,0,7100,0,0,0,0,BEE,21:10,1979,1979,"M201,","SP,",1,"M2,","M,",MAIN,Texas,31.827233,-99.423022,21,Evening
Side collision,1979:08:ATSF:22089101,0,0,540,8961,0,0,0,JOHNSON,20:30,1979,1979,"H306,","ATSF,",76,"H3,","H,",YARD,Texas,31.827233,-99.423022,20,Evening
Derailments,1979:07:SP:K2629,0,0,250,2800,0,0,0,ORANGE,24:01:00,1979,1979,"T111,","SP,",1,"T1,","T,",SIDING,Texas,31.827233,-99.423022,24,Midnight
Derailments,1979:07:SP:76619,0,0,7600,900,0,0,0,EL PASO,18:45,1979,1979,"T111,","SP,",1,"T1,","T,",YARD,Texas,31.827233,-99.423022,18,Evening
Derailments,1979:07:SP:G5869,0,0,2379,13400,0,0,0,EL PASO,22:05,1979,1979,"M503,","SP,",1,"M5,","M,",MAIN,Texas,31.827233,-99.423022,22,Evening
Derailments,1979:08:RI:WF1208,0,0,6350,250,0,0,0,DALLAS,3:00,1979,1979,"H503,","RI,",7,"H5,","H,",YARD,Texas,31.827233,-99.423022,3,Midnight
Derailments,1979:08:SP:Y1939,0,0,2500,1000,0,0,0,WHARTON,19:30,1979,1979,"H503,","SP,",1,"H5,","H,",MAIN,Texas,31.827233,-99.423022,19,Evening
Side collision,1979:07:SP:76939,0,0,500,2750,7,1,0,EL PASO,3:10,1979,1979,"H020,","SP,",7,"H0,","H,",YARD,Texas,31.827233,-99.423022,3,Midnight
Derailments,1979:08:KCS:318982,0,0,2000,21294,0,0,0,JEFFERSON,21:30,1979,1979,"T314,","KCS,",7,"T3,","T,",YARD,Texas,31.827233,-99.423022,21,Evening
Derailments,1979:07:SP:77179,0,0,7000,3050,0,0,0,EL PASO,1:25,1979,1979,"E46C,","SP,",7,"E4,","E,",YARD,Texas,31.827233,-99.423022,1,Midnight
Derailments,1979:07:SP:N8119,0,0,4000,0,0,0,0,FORT BEND,17:30,1979,1979,"T110,","SP,",1,"T1,","T,",MAIN,Texas,31.827233,-99.423022,17,Evening
Derailments,1979:07:SLSF:T3A40,0,0,8600,7600,0,0,0,GRAYSON,18:10,1979,1979,"H503,","SLSF,",1,"H5,","H,",MAIN,Texas,31.827233,-99.423022,18,Evening
Derailments,1979:08:MKT:AX85S,0,0,58340,0,0,0,0,AUSTIN,20:20,1979,1979,"E40C,","MKT,",1,"E4,","E,",MAIN,Texas,31.827233,-99.423022,20,Evening