AccidentType,inckey,Fatalities,Injuries,TrackDamage,EquipmentDamage,HazmatCars,HazmatCarsDerailed,HazmatCarsReleasing,County,DisplayTime,calendar,Fiscal,AccidentCause,RailroadCodes,RAILEQUIPMENT_TYPE,CauseGroup,CauseDiscipline,TYPE_OF_TRACK,StateName,latitude,longitude,hour,cat
Derailments,1979:07:SP:N8309,0,0,1000,2100,2,2,0,HARRIS,17:00,1979,1979,"T220,","SP,",7,"T2,","T,",YARD,Texas,31.827233,-99.423022,17,Evening
Derailments,1979:08:PTRA:AUG1,0,0,5631,528,0,0,0,,21:30,1979,1979,"T311,","PTRA,",7,"T3,","T,",YARD,Texas,31.827233,-99.423022,21,Evening
Derailments,1979:08:MKT:AX83S,0,0,400,10600,0,0,0,GRAYSON,1:45,1979,1979,"H310,","MKT,",7,"H3,","H,",YARD,Texas,31.827233,-99.423022,1,Midnight
Derailments,1979:08:MP:79206,0,0,5000,5125,0,0,0,TARRANT,23:15,1979,1979,"H503,","MP,SLSF,",1,"H5,","H,",YARD,Texas,31.827233,-99.423022,23,Evening
Derailments,1979:08:MP:79221,0,0,400,10250,0,0,0,WILLIAMSON,21:30,1979,1979,"E99L,","MP,",1,"E9,","E,",YARD,Texas,31.827233,-99.423022,21,Evening
Derailments,1979:07:SP:G6099,0,0,2000,1200,0,0,0,ELLIS,19:45,1979,1979,"E04C,","SP,",1,"E0,","E,",MAIN,Texas,31.827233,-99.423022,19,Evening
Derailments,1979:07:SP:G5799,0,0,26400,46350,0,0,0,COLLIN,2:15,1979,1979,"H999,","SP,",1,"H9,","H,",MAIN,Texas,31.827233,-99.423022,2,Midnight
Derailments,1979:07:SP:N8129,0,0,3100,3000,0,0,0,FORT BEND,18:00,1979,1979,"T110,","SP,",1,"T1,","T,",MAIN,Texas,31.827233,-99.423022,18,Evening
Derailments,1979:07:MP:79202,0,0,17500,182100,5,0,0,HARRISON,17:00,1979,1979,"E29C,","MP,",1,"E2,","E,",MAIN,Texas,31.827233,-99.423022,17,Evening
Derailments,1979:08:HBT:AX5H79,0,0,0,21220,0,0,0,HARRIS,19:45,1979,1979,"H301,","HBT,",7,"H3,","H,",YARD,Texas,31.827233,-99.423022,19,Evening
Derailments,1979:07:SP:N7059,0,0,3500,0,0,0,0,FORT BEND,19:00,1979,1979,"T110,","SP,",1,"T1,","T,",MAIN,Texas,31.827233,-99.423022,19,Evening
Derailments,1979:07:SLSF:T3A31,0,0,250,5000,0,0,0,GRAYSON,2:50,1979,1979,"H505,","SLSF,",1,"H5,","H,",MAIN,Texas,31.827233,-99.423022,2,Midnight
Derailments,1979:07:SP:N7359,0,0,7500,0,0,0,0,ANGELINA,18:30,1979,1979,"T101,","SP,",1,"T1,","T,",YARD,Texas,31.827233,-99.423022,18,Evening
Derailments,1979:08:MP:79220,0,0,180,3565,0,0,0,HARRIS,19:20,1979,1979,"E60C,","MP,",1,"E6,","E,",YARD,Texas,31.827233,-99.423022,19,Evening
Derailments,1979:08:HBT:AX3H79,0,0,450,5425,0,0,0,HARRIS,20:15,1979,1979,"H301,","HBT,",7,"H3,","H,",YARD,Texas,31.827233,-99.423022,20,Evening
Head on collision,1979:08:LA:311428,0,4,0,520000,0,0,0,MORRIS,2:00,1979,1979,"H017,","LA,",18,"H0,","H,",SIDING,Texas,31.827233,-99.423022,2,Midnight
Derailments,1979:07:SP:N7069,0,0,2400,6600,0,0,0,BROOKS,24:15:00,1979,1979,"T101,","SP,",1,"T1,","T,",MAIN,Texas,31.827233,-99.423022,24,Midnight
Derailments,1979:07:RI:WF1071,0,0,2600,6175,0,0,0,WISE,17:25,1979,1979,"E42C,","RI,",1,"E4,","E,",MAIN,Texas,31.827233,-99.423022,17,Evening
Side collision,1979:08:HBT:AX7H79,0,0,200,60375,0,0,0,HARRIS,17:10,1979,1979,"H306,T201,","ATSF,HBT,",17,"H3,T2,","H,T,",YARD,Texas,31.827233,-99.423022,17,Evening
Derailments,1979:08:SP:K5159,0,0,6300,0,5,0,0,JEFFERSON,21:15,1979,1979,"T307,","SP,",7,"T3,","T,",YARD,Texas,31.827233,-99.423022,21,Evening
Side collision,1979:07:SP:G5899,0,0,7500,11800,0,0,0,DALLAS,23:15,1979,1979,"M405,","SP,",7,"M4,","M,",YARD,Texas,31.827233,-99.423022,23,Evening
Derailments,1979:07:SP:77129,0,0,4400,100,0,0,0,EL PASO,19:30,1979,1979,"T001,","SP,",7,"T0,","T,",YARD,Texas,31.827233,-99.423022,19,Evening
Derailments,1979:08:MP:79224,0,0,6000,14100,0,0,0,DENTON,19:40,1979,1979,"T315,E46C,","MKT,MP,",1,"T3,E4,T3,","T,E,T,",MAIN,Texas,31.827233,-99.423022,19,Evening
Derailments,1979:07:MP:79201,0,0,2400,16300,0,0,0,BOWIE,23:35,1979,1979,"H703,","MP,",1,"H7,","H,",INDUSTRY,Texas,31.827233,-99.423022,23,Evening
Derailments,1979:09:ATSF:20099104,0,0,4200,60000,5,5,3,POTTER,3:02,1979,1979,"H603,","ATSF,",1,"H6,","H,",YARD,Texas,31.827233,-99.423022,3,Midnight
Derailments,1979:07:SLSF:T3A39,0,0,1700,11100,1,1,1,GRAYSON,22:00,1979,1979,"H503,","SLSF,",1,"H5,","H,",MAIN,Texas,31.827233,-99.423022,22,Evening
Derailments,1979:07:PTRA:JUL1,0,0,8642,1200,0,0,0,WICHITA,18:50,1979,1979,"T215,T111,","PTRA,",7,"T2,T1,","T,",YARD,Texas,31.827233,-99.423022,18,Evening
Derailments,1979:07:SP:G5769,0,0,50500,2200,0,0,0,ROBERTSON,18:00,1979,1979,"T315,","SP,",1,"T3,","T,",MAIN,Texas,31.827233,-99.423022,18,Evening
Derailments,1979:08:LA:324461,0,0,87,4450,0,0,0,MORRIS,20:40,1979,1979,"H303,","LA,",1,"H3,","H,",YARD,Texas,31.827233,-99.423022,20,Evening
Derailments,1979:09:SP:Y4609,0,0,2300,1100,0,0,0,ANGELINA,19:45,1979,1979,"T110,","SP,",7,"T1,","T,",YARD,Texas,31.827233,-99.423022,19,Evening
Derailments,1979:09:PTRA:SEPT4,0,0,7145,0,0,0,0,WICHITA,17:15,1979,1979,"T215,T216,","ATSF,PTRA,",1,"T2,","T,",YARD,Texas,31.827233,-99.423022,17,Evening
Derailments,1979:08:SP:Y1329,0,0,3000,1050,0,0,0,HARRIS,24:55:00,1979,1979,"M405,","SP,",7,"M4,","M,",YARD,Texas,31.827233,-99.423022,24,Midnight
Side collision,1979:09:GSW:790928,0,0,1000,5750,0,0,0,TARRANT,2:45,1979,1979,"H020,H305,","GSW,MP,",6,"H0,H3,H0,H3,","H,",YARD,Texas,31.827233,-99.423022,2,Midnight
Derailments,1979:10:SSW:V4149,0,0,4991,2150,0,0,0,BOWIE,23:40,1979,1980,"E39C,","SSW,",1,"E3,","E,",MAIN,Texas,31.827233,-99.423022,23,Evening
Derailments,1979:09:PTRA:SEPT1,0,0,1667,14500,0,0,0,HARRIS,1:45,1979,1979,"H306,","PTRA,",1,"H3,","H,",INDUSTRY,Texas,31.827233,-99.423022,1,Midnight
Derailments,1979:08:SP:77709,0,0,3000,0,1,0,0,EL PASO,4:25,1979,1979,"H701,","SP,",7,"H7,","H,",YARD,Texas,31.827233,-99.423022,4,Midnight
Derailments,1979:09:SLSF:T3A47,0,0,10000,88000,0,0,0,DALLAS,1:15,1979,1979,"T101,","SLSF,",1,"T1,","T,",MAIN,Texas,31.827233,-99.423022,1,Midnight
Derailments,1979:09:HBT:AX1I79,0,0,4296,50,0,0,0,HARRIS,17:10,1979,1979,"H503,","HBT,",7,"H5,","H,",SIDING,Texas,31.827233,-99.423022,17,Evening
Other impacts,1979:08:SP:G6559,0,0,2700,66900,0,0,0,GONZALES,18:10,1979,1979,"H310,","SP,",7,"H3,","H,",SIDING,Texas,31.827233,-99.423022,18,Evening
Side collision,1979:09:FWD:FW155,0,0,100,14100,0,0,0,TARRANT,3:00,1979,1979,"H307,","FWD,",76,"H3,","H,",INDUSTRY,Texas,31.827233,-99.423022,3,Midnight
Derailments,1979:09:KCS:320166,0,0,5000,28800,0,0,0,JEFFERSON,18:30,1979,1979,"T211,","KCS,",7,"T2,","T,",YARD,Texas,31.827233,-99.423022,18,Evening
Derailments,1979:09:SP:G7369,0,0,12000,12625,0,0,0,COLLIN,2:35,1979,1979,"T111,","SP,",1,"T1,","T,",MAIN,Texas,31.827233,-99.423022,2,Midnight
Side collision,1979:09:FWD:FW141,0,0,0,6800,0,0,0,POTTER,23:15,1979,1979,"H018,","FWD,",6,"H0,","H,",YARD,Texas,31.827233,-99.423022,23,Evening
Highway-rail impact,1979:09:SP:G7389,0,1,14250,4150,0,0,0,WILLIAMSON,2:30,1979,1979,"M399,","SP,",1,"M3,","M,",MAIN,Texas,31.827233,-99.423022,2,Midnight
Fire/violent rupture,1979:09:SP:79219,0,0,0,7960,0,0,0,EL PASO,18:30,1979,1979,"E73L,","SP,",7,"E7,","E,",YARD,Texas,31.827233,-99.423022,18,Evening
Derailments,1979:09:PTRA:SEPT3,0,0,1736,9500,0,0,0,WICHITA,4:15,1979,1979,"E82C,","HBT,PTRA,",71,"E8,","E,",YARD,Texas,31.827233,-99.423022,4,Midnight
Derailments,1979:08:SP:G6629,0,0,55050,250,1,1,0,MEDINA,18:20,1979,1979,"E52C,","SP,",1,"E5,","E,",MAIN,Texas,31.827233,-99.423022,18,Evening
Derailments,1979:08:RI:MK79838,0,0,2825,1200,0,0,0,HANSFORD,3:50,1979,1979,"T314,","RI,",1,"T3,","T,",INDUSTRY,Texas,31.827233,-99.423022,3,Midnight
Derailments,1979:08:SP:Y3649,0,0,1500,40000,0,0,0,HARRIS,1:00,1979,1979,"H306,","SP,",1,"H3,","H,",YARD,Texas,31.827233,-99.423022,1,Midnight
Side collision,1979:09:SP:G7919,0,0,200,5500,0,0,0,ELLIS,21:00,1979,1979,"T110,","SP,",67,"T1,","T,",YARD,Texas,31.827233,-99.423022,21,Evening
Derailments,1979:08:SLSF:T3A44,0,0,500,4900,0,0,0,DALLAS,22:50,1979,1979,"T314,","SLSF,",7,"T3,","T,",YARD,Texas,31.827233,-99.423022,22,Evening
Derailments,1979:09:SP:Y4659,0,2,4200,51800,0,0,0,FORT BEND,23:45,1979,1979,"T220,","SP,",1,"T2,","T,",MAIN,Texas,31.827233,-99.423022,23,Evening
Derailments,1979:10:SSW:V4879,0,0,3225,150,0,0,0,BOWIE,20:00,1979,1980,"H503,","SSW,",7,"H5,","H,",YARD,Texas,31.827233,-99.423022,20,Evening
Derailments,1979:09:SP:Y6249,0,0,3000,4250,0,0,0,HARRIS,21:30,1979,1979,"H021,","SP,",7,"H0,","H,",INDUSTRY,Texas,31.827233,-99.423022,21,Evening
Side collision,1979:10:MKT:AX105S,0,0,0,9000,0,0,0,HARRIS,19:15,1979,1980,"H401,","MKT,",7,"H4,","H,",YARD,Texas,31.827233,-99.423022,19,Evening
Derailments,1979:09:SP:Y6199,0,0,3585,2000,0,0,0,HARRIS,24:50:00,1979,1979,"H306,","SP,",1,"H3,","H,",INDUSTRY,Texas,31.827233,-99.423022,24,Midnight
Derailments,1979:08:SP:Y2779,0,0,2000,3000,0,0,0,HARRIS,1:00,1979,1979,"H701,","SP,",7,"H7,","H,",YARD,Texas,31.827233,-99.423022,1,Midnight
Derailments,1979:09:MP:79266,0,0,3100,3000,11,3,0,ECTOR,17:30,1979,1979,"T399,T311,","MP,",7,"T3,","T,",INDUSTRY,Texas,31.827233,-99.423022,17,Evening
Derailments,1979:09:SP:G7499,0,0,200,31000,0,0,0,BREWSTER,21:55,1979,1979,"E00C,","SP,",1,"E0,","E,",MAIN,Texas,31.827233,-99.423022,21,Evening
Derailments,1979:09:SP:Y3869,0,0,2300,20400,0,0,0,LIBERTY,18:30,1979,1979,"H601,","SP,",1,"H6,","H,",INDUSTRY,Texas,31.827233,-99.423022,18,Evening
Derailments,1979:08:SP:G6639,0,0,1681,4500,0,0,0,KAUFMAN,20:30,1979,1979,"T101,","SP,",1,"T1,","T,",MAIN,Texas,31.827233,-99.423022,20,Evening
Derailments,1979:08:SP:G6529,0,0,27000,680400,2,2,1,TERRELL,22:30,1979,1979,"M201,","SP,",1,"M2,","M,",MAIN,Texas,31.827233,-99.423022,22,Evening
Derailments,1979:09:SSW:V2809,0,0,9200,1350,0,0,0,FRANKLIN,2:20,1979,1979,"E61C,","SSW,",1,"E6,","E,",MAIN,Texas,31.827233,-99.423022,2,Midnight
Derailments,1979:10:SP:Y9769,0,0,4000,2000,1,1,0,HARRIS,4:30,1979,1980,"H701,","SP,",1,"H7,","H,",YARD,Texas,31.827233,-99.423022,4,Midnight
Derailments,1979:10:SP:G8389,0,0,5500,2100,0,0,0,KAUFMAN,18:00,1979,1980,"T110,","SP,",1,"T1,","T,",MAIN,Texas,31.827233,-99.423022,18,Evening
Derailments,1979:10:SP:K8559,0,0,5300,1500,1,1,0,JEFFERSON,2:00,1979,1980,"T102,","SP,",1,"T1,","T,",MAIN,Texas,31.827233,-99.423022,2,Midnight
Raking collision,1979:10:ATSF:22109102,0,0,0,7300,0,0,0,NOLAN,4:00,1979,1980,"H306,","ATSF,",67,"H3,","H,",YARD,Texas,31.827233,-99.423022,4,Midnight
Derailments,1979:09:SP:79449,0,0,3000,600,0,0,0,EL PASO,19:20,1979,1979,"T399,","SP,",7,"T3,","T,",YARD,Texas,31.827233,-99.423022,19,Evening
Derailments,1979:08:SP:78179,0,0,3697,0,0,0,0,EL PASO,19:20,1979,1979,"T002,","SP,",1,"T0,","T,",YARD,Texas,31.827233,-99.423022,19,Evening
Derailments,1979:09:SP:Y4599,0,0,15000,31500,0,0,0,COLORADO,22:10,1979,1979,"H503,H999,","SP,",7,"H5,H9,","H,",YARD,Texas,31.827233,-99.423022,22,Evening
Derailments,1979:08:SP:Y2889,0,0,1000,3000,1,0,0,HARRIS,17:30,1979,1979,"T314,","SP,",1,"T3,","T,",MAIN,Texas,31.827233,-99.423022,17,Evening
Side collision,1979:08:SSW:V1429,0,0,250,5450,0,0,0,BOWIE,2:30,1979,1979,"H306,","SSW,",67,"H3,","H,",YARD,Texas,31.827233,-99.423022,2,Midnight
Side collision,1979:09:MP:79267,0,0,0,12500,0,0,0,GREGG,4:45,1979,1979,"H017,","MP,",78,"H0,","H,",YARD,Texas,31.827233,-99.423022,4,Midnight
Derailments,1979:08:SP:Y0639,0,0,0,4500,0,0,0,HARRIS,23:30,1979,1979,"H701,","SP,",7,"H7,","H,",YARD,Texas,31.827233,-99.423022,23,Evening
Derailments,1979:09:MKT:AX98S,0,0,6100,3000,0,0,0,WILLIAMSON,24:20:00,1979,1979,"T108,","MKT,",1,"T1,","T,",MAIN,Texas,31.827233,-99.423022,24,Midnight
Derailments,1979:09:ATSF:23099102,0,0,1550,18800,7,1,0,AUSTIN,17:30,1979,1979,"H503,","ATSF,",1,"H5,","H,",YARD,Texas,31.827233,-99.423022,17,Evening
Fire/violent rupture,1979:10:MKT:AX104S,0,0,0,44000,0,0,0,GRAYSON,24:30:00,1979,1980,"M599,","MKT,",6,"M5,","M,",YARD,Texas,31.827233,-99.423022,24,Midnight
Side collision,1979:10:KCS:320356,0,0,102755,98245,0,0,0,JEFFERSON,22:30,1979,1980,"H307,","KCS,",7,"H3,","H,",YARD,Texas,31.827233,-99.423022,22,Evening
Derailments,1979:10:SP:Y7579,0,0,4400,1000,0,0,0,HARRIS,3:55,1979,1980,"E65C,","SP,",1,"E6,","E,",MAIN,Texas,31.827233,-99.423022,3,Midnight
Rear end collision,1979:10:CS:CS382,0,0,6000,110000,0,0,0,DALLAM,22:00,1979,1980,"H209,H307,","CS,",11,"H2,H3,","H,",MAIN,Texas,31.827233,-99.423022,22,Evening
Head on collision,1979:10:SP:G8689,0,4,0,60500,0,0,0,FAYETTE,3:35,1979,1980,"H210,","SP,",81,"H2,","H,",MAIN,Texas,31.827233,-99.423022,3,Midnight
Derailments,1979:10:MKT:AX109S,0,0,1609,3050,0,0,0,HAYS,18:15,1979,1980,"E40C,T299,","MKT,",1,"E4,T2,","E,T,",MAIN,Texas,31.827233,-99.423022,18,Evening
Derailments,1979:10:SP:Y9229,0,0,900,8000,0,0,0,POLK,3:30,1979,1980,"E31C,","SP,",1,"E3,","E,",MAIN,Texas,31.827233,-99.423022,3,Midnight
Derailments,1979:10:SP:Y9349,0,0,10000,185050,0,0,0,SHELBY,23:25,1979,1980,"T299,","SP,",1,"T2,","T,",MAIN,Texas,31.827233,-99.423022,23,Evening
Derailments,1979:11:ATSF:23119102,0,0,9800,2085,32,6,1,BELL,17:40,1979,1980,"T102,","ATSF,",1,"T1,","T,",YARD,Texas,31.827233,-99.423022,17,Evening
Derailments,1979:11:ATSF:23119103,0,0,3600,13050,0,0,0,LIBERTY,3:30,1979,1980,"E52C,","ATSF,",1,"E5,","E,",MAIN,Texas,31.827233,-99.423022,3,Midnight
Side collision,1979:12:FWD:JT125,0,0,0,28000,0,0,0,FREESTONE,24:15:00,1979,1980,"M503,","FWD,",6,"M5,","M,",MAIN,Texas,31.827233,-99.423022,24,Midnight
Derailments,1979:10:SP:Y8449,0,0,2500,11200,0,0,0,HARRIS,20:30,1979,1980,"H704,H702,","SP,",7,"H7,","H,",MAIN,Texas,31.827233,-99.423022,20,Evening
Derailments,1979:10:PTRA:OCT1,0,0,3838,0,0,0,0,HARRIS,24:15:00,1979,1980,"T212,","PTRA,",1,"T2,","T,",MAIN,Texas,31.827233,-99.423022,24,Midnight
Derailments,1979:10:SP:G8489,0,0,800,3000,0,0,0,ROBERTSON,22:30,1979,1980,"H310,","SP,",6,"H3,","H,",YARD,Texas,31.827233,-99.423022,22,Evening
Derailments,1979:10:RI:WF1337,0,0,350,6525,0,0,0,DALLAS,19:10,1979,1980,"T110,","RI,",7,"T1,","T,",YARD,Texas,31.827233,-99.423022,19,Evening
Derailments,1979:11:ATSF:22119101,0,0,2000,8000,0,0,0,ERATH,20:35,1979,1980,"M404,","ATSF,",7,"M4,","M,",YARD,Texas,31.827233,-99.423022,20,Evening
Derailments,1979:10:MKT:AX107S,0,0,57952,750,0,0,0,HARRIS,22:30,1979,1980,"T220,","MKT,",1,"T2,","T,",SIDING,Texas,31.827233,-99.423022,22,Evening
Derailments,1979:10:SP:G8419,0,0,3500,1775,0,0,0,DALLAS,17:05,1979,1980,"E64C,","SP,",1,"E6,","E,",YARD,Texas,31.827233,-99.423022,17,Evening
Derailments,1979:10:SP:K8119,0,0,15000,1250,0,0,0,LIBERTY,3:10,1979,1980,"H703,","SP,",1,"H7,","H,",SIDING,Texas,31.827233,-99.423022,3,Midnight
Rear end collision,1979:10:SP:Y8159,0,2,0,111500,0,0,0,NACOGDOCHES,4:50,1979,1980,"H205,","SP,",1,"H2,","H,",MAIN,Texas,31.827233,-99.423022,4,Midnight
Derailments,1979:10:HBT:AX1J79,0,0,3100,0,0,0,0,HARRIS,17:50,1979,1980,"H021,","HBT,",7,"H0,","H,",YARD,Texas,31.827233,-99.423022,17,Evening
Derailments,1979:10:SP:Y7939,0,0,3000,1400,0,0,0,WHARTON,2:40,1979,1980,"M204,","SP,",1,"M2,","M,",YARD,Texas,31.827233,-99.423022,2,Midnight
Derailments,1979:10:SP:Y8889,0,0,15000,2000,2,2,0,HARRIS,24:30:00,1979,1980,"H503,","SP,",1,"H5,","H,",INDUSTRY,Texas,31.827233,-99.423022,24,Midnight
Derailments,1979:10:SP:80499,0,0,3000,0,1,0,0,EL PASO,21:50,1979,1980,"H702,","SP,",1,"H7,","H,",YARD,Texas,31.827233,-99.423022,21,Evening
Derailments,1979:10:MP:79299,0,0,10000,220200,3,1,1,GRIMES,2:20,1979,1980,"T216,","MP,",1,"T2,","T,",MAIN,Texas,31.827233,-99.423022,2,Midnight
Derailments,1979:10:SLSF:T3A51,0,0,0,8900,0,0,0,DALLAS,18:15,1979,1980,"T101,","SLSF,",7,"T1,","T,",YARD,Texas,31.827233,-99.423022,18,Evening
Derailments,1979:10:SSW:V4859,0,0,5518,2600,0,0,0,BOWIE,22:00,1979,1980,"H503,","SSW,",7,"H5,","H,",YARD,Texas,31.827233,-99.423022,22,Evening
Derailments,1979:10:MP:79303,0,0,0,10650,0,0,0,DALLAS,3:50,1979,1980,"H503,","MP,",1,"H5,","H,",MAIN,Texas,31.827233,-99.423022,3,Midnight
Derailments,1979:10:MKT:AX111S,0,0,750,3400,0,0,0,HILL,23:55,1979,1980,"H503,","MKT,",1,"H5,","H,",MAIN,Texas,31.827233,-99.423022,23,Evening
Raking collision,1979:11:ATSF:22119103,0,0,400,6600,0,0,0,NOLAN,1:40,1979,1980,"H306,","ATSF,",67,"H3,","H,",YARD,Texas,31.827233,-99.423022,1,Midnight
Derailments,1979:11:ATSF:20119101,0,0,54970,206600,1,1,0,HEMPHILL,19:15,1979,1980,"E49C,","ATSF,",1,"E4,","E,",MAIN,Texas,31.827233,-99.423022,19,Evening
Side collision,1979:11:LA:324409,0,0,300,3900,0,0,0,CASS,3:45,1979,1980,"H401,","LA,",11,"H4,","H,",SIDING,Texas,31.827233,-99.423022,3,Midnight
Derailments,1979:12:LA:324416,0,0,4506,88250,0,0,0,CASS,23:55,1979,1980,"T220,","LA,",1,"T2,","T,",MAIN,Texas,31.827233,-99.423022,23,Evening
Derailments,1979:12:LA:324413,0,0,396,11000,0,0,0,CASS,3:20,1979,1980,"T314,","LA,",1,"T3,","T,",YARD,Texas,31.827233,-99.423022,3,Midnight
Derailments,1979:11:SP:G9279,0,0,2500,6500,0,0,0,ROBERTSON,22:10,1979,1980,"H503,","SP,",1,"H5,","H,",YARD,Texas,31.827233,-99.423022,22,Evening
Side collision,1979:11:SLSF:T3A59,0,0,0,43000,0,0,0,DALLAS,2:50,1979,1980,"H307,","SLSF,",67,"H3,","H,",YARD,Texas,31.827233,-99.423022,2,Midnight
Derailments,1979:12:MP:79340,0,0,24000,261060,8,3,1,PARKER,24:05:00,1979,1980,"T299,","MP,",1,"T2,","T,",MAIN,Texas,31.827233,-99.423022,24,Midnight
Other impacts,1979:11:SP:Z2509,0,0,200,3000,0,0,0,HARRIS,18:00,1979,1980,"H306,","SP,",7,"H3,","H,",YARD,Texas,31.827233,-99.423022,18,Evening
Side collision,1979:11:SP:G9289,0,0,0,11940,0,0,0,DALLAS,2:45,1979,1980,"H306,","SP,",7,"H3,","H,",YARD,Texas,31.827233,-99.423022,2,Midnight
Derailments,1979:12:ATSF:23129104,0,0,1000,4700,0,0,0,LIBERTY,18:00,1979,1980,"E69C,","ATSF,",1,"E6,","E,",MAIN,Texas,31.827233,-99.423022,18,Evening
Derailments,1979:11:KCS:325459,0,0,500,8508,0,0,0,JEFFERSON,3:45,1979,1980,"T314,","KCS,",7,"T3,","T,",YARD,Texas,31.827233,-99.423022,3,Midnight
Derailments,1979:12:HBT:AX3L79,0,0,31500,16000,40,5,2,HARRIS,23:40,1979,1980,"E66C,","HBT,",1,"E6,","E,",MAIN,Texas,31.827233,-99.423022,23,Evening
Derailments,1979:12:HBT:AX1L79,0,0,20,4500,0,0,0,HARRIS,21:05,1979,1980,"T314,","HBT,",7,"T3,","T,",INDUSTRY,Texas,31.827233,-99.423022,21,Evening
Derailments,1979:11:SP:Z0239,0,0,2000,6500,0,0,0,VAN ZANDT,2:00,1979,1980,"H306,","SP,",7,"H3,","H,",INDUSTRY,Texas,31.827233,-99.423022,2,Midnight
Derailments,1979:11:RI:MK791107,0,0,5984,360,0,0,0,MOORE,20:05,1979,1980,"T101,","RI,",1,"T1,","T,",MAIN,Texas,31.827233,-99.423022,20,Evening
Derailments,1979:11:MKT:AX115S,0,0,1300,1750,0,0,0,HARRIS,22:10,1979,1980,"T220,","MKT,",7,"T2,","T,",INDUSTRY,Texas,31.827233,-99.423022,22,Evening
Derailments,1979:12:SP:Z3479,0,0,5000,4500,0,0,0,HARRIS,24:15:00,1979,1980,"H704,","SP,",7,"H7,","H,",MAIN,Texas,31.827233,-99.423022,24,Midnight
Side collision,1979:11:MKT:AX112S,0,0,325,3500,0,0,0,GRAYSON,23:10,1979,1980,"H306,","MKT,",78,"H3,","H,",YARD,Texas,31.827233,-99.423022,23,Evening
Derailments,1979:12:MP:79341,0,0,53650,503000,0,0,0,ANDERSON,22:25,1979,1980,"T215,","MP,",1,"T2,","T,",MAIN,Texas,31.827233,-99.423022,22,Evening
Derailments,1979:11:SP:S16999,0,0,250,3500,0,0,0,JEFFERSON,19:00,1979,1980,"H310,","SP,",7,"H3,","H,",YARD,Texas,31.827233,-99.423022,19,Evening
Derailments,1979:11:HBT:AX2K79,0,0,0,10925,0,0,0,HARRIS,18:00,1979,1980,"H301,","HBT,",7,"H3,","H,",YARD,Texas,31.827233,-99.423022,18,Evening
Derailments,1979:11:SP:G8839,0,0,17000,69950,1,0,0,COLLIN,19:55,1979,1980,"T221,","SP,",1,"T2,","T,",MAIN,Texas,31.827233,-99.423022,19,Evening
Raking collision,1979:11:SP:S0359,0,0,0,7350,0,0,0,JEFFERSON,1:45,1979,1980,"H999,","SP,",7,"H9,","H,",YARD,Texas,31.827233,-99.423022,1,Midnight
Derailments,1979:11:SP:Z0649,0,0,3000,0,1,1,0,HARRIS,18:30,1979,1980,"H505,","SP,",7,"H5,","H,",YARD,Texas,31.827233,-99.423022,18,Evening
Derailments,1979:11:MP:79312,0,0,3000,18050,0,0,0,WOOD,1:20,1979,1980,"T314,","MP,",1,"T3,","T,",MAIN,Texas,31.827233,-99.423022,1,Midnight
Derailments,1979:12:ATSF:23129102,0,0,1100,4500,0,0,0,BURLESON,22:00,1979,1980,"H306,","ATSF,",7,"H3,","H,",YARD,Texas,31.827233,-99.423022,22,Evening
Derailments,1979:11:FWD:JT103,0,0,25000,0,0,0,0,LEON,23:40,1979,1980,"M405,","FWD,",NA,"M4,","M,",MAIN,Texas,31.827233,-99.423022,23,Evening
Derailments,1979:12:FWD:FW213,0,0,2800,10900,3,3,0,TARRANT,3:10,1979,1980,"T199,E39C,","FWD,",1,"T1,E3,","T,E,",YARD,Texas,31.827233,-99.423022,3,Midnight
Side collision,1979:12:MP:79351,0,0,100,3650,8,1,0,JEFFERSON,19:10,1979,1980,"H306,","MP,",7,"H3,","H,",YARD,Texas,31.827233,-99.423022,19,Evening
Head on collision,1979:12:MP:79338,0,0,0,7000,0,0,0,ANDERSON,19:20,1979,1980,"H018,","MP,",1,"H0,","H,",MAIN,Texas,31.827233,-99.423022,19,Evening
Derailments,1979:11:MKT:AX117S,0,0,500,7400,0,0,0,GRAYSON,17:20,1979,1980,"T101,","MKT,",1,"T1,","T,",MAIN,Texas,31.827233,-99.423022,17,Evening
Broken train collision,1979:12:ATSF:23129101,0,0,4800,127200,0,0,0,LIBERTY,23:20,1979,1980,"H099,","ATSF,",61,"H0,","H,",MAIN,Texas,31.827233,-99.423022,23,Evening
Side collision,1979:12:MKT:AX120S,0,0,363,9750,0,0,0,GRAYSON,3:00,1979,1980,"H306,","MKT,",67,"H3,","H,",YARD,Texas,31.827233,-99.423022,3,Midnight
Raking collision,1979:11:SP:Z1559,0,0,0,8000,3,0,0,HARRIS,1:30,1979,1980,"H210,","SP,",75,"H2,","H,",INDUSTRY,Texas,31.827233,-99.423022,1,Midnight
Derailments,1979:11:MP:79323,0,0,23000,116900,2,2,1,CALLAHAN,4:40,1979,1980,"E40C,E42C,","MP,",1,"E4,","E,",MAIN,Texas,31.827233,-99.423022,4,Midnight