AccidentType,inckey,Fatalities,Injuries,TrackDamage,EquipmentDamage,HazmatCars,HazmatCarsDerailed,HazmatCarsReleasing,County,DisplayTime,calendar,Fiscal,AccidentCause,RailroadCodes,RAILEQUIPMENT_TYPE,CauseGroup,CauseDiscipline,TYPE_OF_TRACK,StateName,latitude,longitude,hour,cat
Derailments,1980:09:SP:U8480,0,0,8915,65715,0,0,0,ROBERTSON,22:20,1980,1980,"T103,","SP,",11,"T1,","T,",MAIN,Texas,31.827233,-99.423022,22,Evening
Derailments,1980:10:SP:Y5770,0,0,9000,0,0,0,0,COLORADO,18:15,1980,1981,"E46C,","SP,",7,"E4,","E,",YARD,Texas,31.827233,-99.423022,18,Evening
Derailments,1980:11:ATSF:201180101,0,0,8000,210000,0,0,0,REAGAN,21:08,1980,1981,"T215,","ATSF,",1,"T2,","T,",MAIN,Texas,31.827233,-99.423022,21,Evening
Derailments,1980:11:SP:Y8220,0,0,9500,12900,0,0,0,COLORADO,19:00,1980,1981,"T221,","SP,",7,"T2,","T,",YARD,Texas,31.827233,-99.423022,19,Evening
Derailments,1980:10:FWD:FW278,0,0,2666,17370,0,0,0,WICHITA,1:30,1980,1981,"T202,","FWD,",81,"T2,","T,",MAIN,Texas,31.827233,-99.423022,1,Midnight
Derailments,1980:09:SP:G6800,0,0,30000,50,0,0,0,JEFFERSON,18:25,1980,1980,"T102,","SP,",1,"T1,","T,",MAIN,Texas,31.827233,-99.423022,18,Evening
Derailments,1980:10:KCS:325405,0,0,2000,20609,0,0,0,JEFFERSON,20:00,1980,1981,"T199,","KCS,",7,"T1,","T,",YARD,Texas,31.827233,-99.423022,20,Evening
Derailments,1980:11:ATSF:231180103,0,0,6100,22850,0,0,0,BELL,4:30,1980,1981,"E40C,","ATSF,",1,"E4,","E,",MAIN,Texas,31.827233,-99.423022,4,Midnight
Derailments,1980:10:MKT:AX89S,0,0,450,4000,0,0,0,MCLENNAN,17:30,1980,1981,"H503,","MKT,",1,"H5,","H,",YARD,Texas,31.827233,-99.423022,17,Evening
Derailments,1980:09:MP:80294,0,0,8253,8000,2,0,0,TARRANT,18:25,1980,1980,"T307,T314,","MKT,MP,",1,"T3,","T,",MAIN,Texas,31.827233,-99.423022,18,Evening
Derailments,1980:09:SP:G6180,0,0,3000,850,0,0,0,JEFFERSON,21:45,1980,1980,"H702,S012,H306,","KCS,SP,",7,"H7,S0,H3,","H,S,H,",YARD,Texas,31.827233,-99.423022,21,Evening
Derailments,1980:10:HBT:AX3J80,0,0,0,8900,0,0,0,HARRIS,2:40,1980,1981,"E46C,","HBT,",1,"E4,","E,",MAIN,Texas,31.827233,-99.423022,2,Midnight
Other impacts,1980:11:ATSF:201180103,0,0,8315,0,0,0,0,PARMER,21:15,1980,1981,"E11C,","ATSF,",1,"E1,","E,",MAIN,Texas,31.827233,-99.423022,21,Evening
Side collision,1980:09:MP:80292,0,0,100,8250,0,0,0,BRAZORIA,19:45,1980,1980,"H401,","MP,",7,"H4,","H,",YARD,Texas,31.827233,-99.423022,19,Evening
Derailments,1980:09:HBT:AX6I80,0,0,4000,0,0,0,0,HARRIS,17:15,1980,1980,"T110,","HBT,",1,"T1,","T,",MAIN,Texas,31.827233,-99.423022,17,Evening
Derailments,1980:09:SP:U8650,0,0,3500,2900,0,0,0,TARRANT,18:00,1980,1980,"E31C,","SP,",7,"E3,","E,",YARD,Texas,31.827233,-99.423022,18,Evening
Derailments,1980:10:ATSF:231080101,0,0,4500,10800,0,0,0,BELL,4:00,1980,1981,"T101,","ATSF,",1,"T1,","T,",YARD,Texas,31.827233,-99.423022,4,Midnight
Derailments,1980:09:PTRA:SEPT3,0,0,17910,0,0,0,0,WICHITA,18:55,1980,1980,"T202,","PTRA,",1,"T2,","T,",MAIN,Texas,31.827233,-99.423022,18,Evening
Derailments,1980:10:SP:U9670,0,0,6000,253600,0,0,0,BEXAR,20:45,1980,1981,"T220,","SP,",1,"T2,","T,",MAIN,Texas,31.827233,-99.423022,20,Evening
Derailments,1980:09:SP:U8290,0,0,10300,2300,0,0,0,ELLIS,2:45,1980,1980,"T101,","SP,",1,"T1,","T,",MAIN,Texas,31.827233,-99.423022,2,Midnight
Derailments,1980:10:KCS:325833,0,0,800,15927,0,0,0,JEFFERSON,1:30,1980,1981,"T316,","KCS,",7,"T3,","T,",INDUSTRY,Texas,31.827233,-99.423022,1,Midnight
Derailments,1980:10:MP:80328,0,0,3300,250,0,0,0,ROBERTSON,20:45,1980,1981,"H702,","MP,",1,"H7,","H,",YARD,Texas,31.827233,-99.423022,20,Evening
Derailments,1980:09:SP:G7670,0,0,0,8000,0,0,0,JEFFERSON,1:10,1980,1980,"H702,","SP,",7,"H7,","H,",MAIN,Texas,31.827233,-99.423022,1,Midnight
Derailments,1980:10:SP:U9540,0,0,3000,0,0,0,0,DALLAS,17:10,1980,1981,"T101,","SP,",1,"T1,","T,",MAIN,Texas,31.827233,-99.423022,17,Evening
Derailments,1980:10:ATSF:221080102,0,0,25200,47600,0,0,0,DALLAS,17:20,1980,1981,"M599,","ATSF,",1,"M5,","M,",MAIN,Texas,31.827233,-99.423022,17,Evening
Derailments,1980:09:SP:Y3290,0,0,7000,0,0,0,0,HARRIS,23:00,1980,1980,"E31C,","SP,",7,"E3,","E,",YARD,Texas,31.827233,-99.423022,23,Evening
Derailments,1980:10:ATSF:201080102,0,0,9800,29700,10,1,0,GARZA,23:10,1980,1981,"T221,","ATSF,",1,"T2,","T,",MAIN,Texas,31.827233,-99.423022,23,Evening
Derailments,1980:10:SP:Y6010,0,0,15500,22800,0,0,0,FORT BEND,20:40,1980,1981,"T314,","SP,",1,"T3,","T,",SIDING,Texas,31.827233,-99.423022,20,Evening
Fire/violent rupture,1980:11:ATSF:221180102,0,0,0,4000,0,0,0,DALLAS,21:00,1980,1981,"M199,","ATSF,",5,"M1,","M,",YARD,Texas,31.827233,-99.423022,21,Evening
Derailments,1980:10:FWD:FW272,0,0,12000,82960,0,0,0,TARRANT,4:45,1980,1981,"E07C,","FWD,",1,"E0,","E,",MAIN,Texas,31.827233,-99.423022,4,Midnight
Derailments,1980:09:SP:Y2600,0,0,3500,1200,1,1,0,HARRIS,19:30,1980,1980,"H307,H212,","SP,",7,"H3,H2,","H,",INDUSTRY,Texas,31.827233,-99.423022,19,Evening
Derailments,1980:09:MKT:AX80N,0,0,2200,2120,0,0,0,HAYS,24:20:00,1980,1980,"T314,","MKT,",1,"T3,","T,",YARD,Texas,31.827233,-99.423022,24,Midnight
Derailments,1980:09:SP:Y3050,0,0,5000,4250,0,0,0,WHARTON,20:30,1980,1980,"E64C,","SP,",1,"E6,","E,",SIDING,Texas,31.827233,-99.423022,20,Evening
Derailments,1980:10:KCS:319894,0,0,4000,300,0,0,0,JEFFERSON,2:40,1980,1981,"T314,","KCS,",1,"T3,","T,",INDUSTRY,Texas,31.827233,-99.423022,2,Midnight
Rear end collision,1980:10:SP:U9160,0,0,650,18250,0,0,0,NAVARRO,22:00,1980,1981,"H212,","SP,",61,"H2,","H,",MAIN,Texas,31.827233,-99.423022,22,Evening
Side collision,1980:10:HBT:AX1J80,0,0,0,9925,0,0,0,HARRIS,22:00,1980,1981,"H301,","HBT,",76,"H3,","H,",YARD,Texas,31.827233,-99.423022,22,Evening
Side collision,1980:09:SP:Y2630,0,0,0,8550,1,1,0,HARRIS,20:15,1980,1980,"H305,","SP,",7,"H3,","H,",YARD,Texas,31.827233,-99.423022,20,Evening
Derailments,1980:09:SP:U8570,0,0,4490,0,0,0,0,BREWSTER,3:45,1980,1980,"E51C,","SP,",1,"E5,","E,",MAIN,Texas,31.827233,-99.423022,3,Midnight
Derailments,1980:11:ATSF:201180105,0,0,2000,47000,0,0,0,SHERMAN,17:00,1980,1981,"E60C,","ATSF,",1,"E6,","E,",MAIN,Texas,31.827233,-99.423022,17,Evening
Derailments,1980:09:SP:U8240,0,0,70000,708900,0,0,0,BURLESON,2:30,1980,1980,"T102,","SP,",1,"T1,","T,",MAIN,Texas,31.827233,-99.423022,2,Midnight
Derailments,1980:09:SSW:L1680,0,0,7050,1000,0,0,0,SMITH,24:45:00,1980,1980,"T110,","SSW,",1,"T1,","T,",MAIN,Texas,31.827233,-99.423022,24,Midnight
Derailments,1980:09:MKT:AX85S,0,0,800,6500,0,0,0,,18:30,1980,1980,"T110,","MKT,",7,"T1,","T,",YARD,Texas,31.827233,-99.423022,18,Evening
Derailments,1980:10:HBT:AX2J80,0,0,0,7200,0,0,0,HARRIS,22:30,1980,1981,"E32C,","HBT,",7,"E3,","E,",YARD,Texas,31.827233,-99.423022,22,Evening
Derailments,1980:09:SP:Y1870,0,0,3500,250,0,0,0,HARRIS,1:30,1980,1980,"H212,H209,","SP,",7,"H2,","H,",INDUSTRY,Texas,31.827233,-99.423022,1,Midnight
Side collision,1980:11:ATSF:211180102,0,0,0,14000,0,0,0,EL PASO,21:30,1980,1981,"H307,","ATSF,",7,"H3,","H,",YARD,Texas,31.827233,-99.423022,21,Evening
Derailments,1980:09:SP:Y1840,0,0,2000,6500,0,0,0,COLORADO,20:30,1980,1980,"T202,","SP,",7,"T2,","T,",YARD,Texas,31.827233,-99.423022,20,Evening
Derailments,1980:10:SP:Y5360,0,0,10000,2200,0,0,0,LIBERTY,3:30,1980,1981,"M405,","SP,",1,"M4,","M,",SIDING,Texas,31.827233,-99.423022,3,Midnight
Derailments,1980:09:SP:Y2890,0,0,1000,11000,0,0,0,COLORADO,24:20:00,1980,1980,"T110,","SP,",7,"T1,","T,",YARD,Texas,31.827233,-99.423022,24,Midnight
Derailments,1980:10:SP:Y6140,0,0,3000,0,0,0,0,HARRIS,22:30,1980,1981,"S012,","SP,",7,"S0,","S,",INDUSTRY,Texas,31.827233,-99.423022,22,Evening
Other impacts,1980:10:MP:80325,0,0,0,8500,0,0,0,DALLAS,1:15,1980,1981,"H305,","MP,",1,"H3,","H,",YARD,Texas,31.827233,-99.423022,1,Midnight
Derailments,1980:11:MP:66400P1671,0,1,18000,53000,0,0,0,CASS,18:15,1980,1981,"T311,","MP,",1,"T3,","T,",MAIN,Texas,31.827233,-99.423022,18,Evening
Raking collision,1980:11:ATSF:221180101,0,0,4720,8000,0,0,0,TARRANT,1:50,1980,1981,"H020,","ATSF,",76,"H0,","H,",SIDING,Texas,31.827233,-99.423022,1,Midnight
Derailments,1980:11:MKT:AX91S,0,0,3000,10050,0,0,0,HARRIS,1:40,1980,1981,"T314,","MKT,",766,"T3,","T,",MAIN,Texas,31.827233,-99.423022,1,Midnight
Derailments,1980:12:MP:80361,0,0,4800,450,0,0,0,LA SALLE,4:30,1980,1981,"H513,","MP,",1,"H5,","H,",MAIN,Texas,31.827233,-99.423022,4,Midnight
Derailments,1980:12:MP:80362,0,0,6657,2000,0,0,0,BRAZORIA,4:30,1980,1981,"T108,","MP,",7,"T1,","T,",YARD,Texas,31.827233,-99.423022,4,Midnight
Derailments,1980:12:ATSF:221280104,0,0,2000,8550,0,0,0,NOLAN,20:05,1980,1981,"H099,","ATSF,",7,"H0,","H,",YARD,Texas,31.827233,-99.423022,20,Evening
Derailments,1980:11:SSW:L4940,0,0,4000,1000,0,0,0,CAMP,2:55,1980,1981,"E21C,","SSW,",1,"E2,","E,",MAIN,Texas,31.827233,-99.423022,2,Midnight
Derailments,1980:11:SP:V0200,0,0,23500,5000,0,0,0,WILLIAMSON,17:10,1980,1981,"M204,","SP,",1,"M2,","M,",MAIN,Texas,31.827233,-99.423022,17,Evening
Raking collision,1980:11:SP:Y8680,0,0,300,5300,0,0,0,HARRIS,4:10,1980,1981,"H307,","SP,",67,"H3,","H,",YARD,Texas,31.827233,-99.423022,4,Midnight
Side collision,1980:11:MKT:AX93S,0,0,0,29450,0,0,0,HARRIS,21:50,1980,1981,"H401,","MKT,",6717,"H4,","H,",YARD,Texas,31.827233,-99.423022,21,Evening
Derailments,1980:11:SP:Y8570,0,0,1500,2050,0,0,0,LIBERTY,24:15:00,1980,1981,"T110,","SP,",1,"T1,","T,",SIDING,Texas,31.827233,-99.423022,24,Midnight
Derailments,1980:11:MP:80332,0,0,45000,5900,0,0,0,ANDERSON,23:45,1980,1981,"M201,","MP,",1,"M2,","M,",MAIN,Texas,31.827233,-99.423022,23,Evening
Derailments,1980:12:FWD:FW312,0,0,5500,36300,0,0,0,TARRANT,22:15,1980,1981,"E20C,","FWD,",1,"E2,","E,",MAIN,Texas,31.827233,-99.423022,22,Evening
Derailments,1980:11:SP:V0140,0,0,10000,8800,0,0,0,MAVERICK,3:15,1980,1981,"M405,","SP,",7,"M4,","M,",MAIN,Texas,31.827233,-99.423022,3,Midnight
Derailments,1980:12:FWD:JT96,0,0,6000,19750,0,0,0,GALVESTON,17:00,1980,1981,"T399,","FWD,GWF,",7,"T3,","T,",YARD,Texas,31.827233,-99.423022,17,Evening
Derailments,1980:11:FWD:FW290,0,0,16000,92500,0,0,0,WISE,21:37,1980,1981,"T101,","FWD,",1,"T1,","T,",MAIN,Texas,31.827233,-99.423022,21,Evening
Derailments,1980:12:MKT:AX112S,0,0,0,6200,0,0,0,TARRANT,21:15,1980,1981,"H018,","MKT,",7,"H0,","H,",YARD,Texas,31.827233,-99.423022,21,Evening
Derailments,1980:12:MP:80368,0,0,70000,131000,0,0,0,VICTORIA,18:00,1980,1981,"E32C,","MP,",1,"E3,","E,",MAIN,Texas,31.827233,-99.423022,18,Evening
Derailments,1980:11:SP:H1140,0,0,20800,114700,0,0,0,TYLER,4:00,1980,1981,"T207,","SP,",1,"T2,","T,",MAIN,Texas,31.827233,-99.423022,4,Midnight
Derailments,1980:12:FWD:FW325,0,0,3000,0,2,0,0,TARRANT,3:00,1980,1981,"T314,","FWD,MKT,",1,"T3,","T,",MAIN,Texas,31.827233,-99.423022,3,Midnight
Derailments,1980:12:MP:80360,0,0,0,9000,0,0,0,,17:50,1980,1981,"E21C,","MP,",1,"E2,","E,",MAIN,Texas,31.827233,-99.423022,17,Evening
Derailments,1980:11:SP:Y7950,0,0,6000,7100,0,0,0,FORT BEND,3:15,1980,1981,"T221,T202,","SP,",1,"T2,","T,",SIDING,Texas,31.827233,-99.423022,3,Midnight
Derailments,1980:12:ATSF:231280105,0,0,6000,5200,2,0,0,BELL,24:05:00,1980,1981,"M503,","ATSF,",1,"M5,","M,",SIDING,Texas,31.827233,-99.423022,24,Midnight
Raking collision,1980:11:HBT:AX3K80,0,0,780,3600,0,0,0,HARRIS,22:00,1980,1981,"H301,","HBT,",67,"H3,","H,",YARD,Texas,31.827233,-99.423022,22,Evening
Raking collision,1980:11:HBT:AX1K80,0,0,320,14850,0,0,0,HARRIS,2:40,1980,1981,"H301,","HBT,",67,"H3,","H,",YARD,Texas,31.827233,-99.423022,2,Midnight
Derailments,1980:11:SP:V0290,0,0,900,3050,0,0,0,DALLAS,18:30,1980,1981,"T221,","SP,",7,"T2,","T,",YARD,Texas,31.827233,-99.423022,18,Evening
Derailments,1980:11:SP:V0420,0,0,500,18275,0,0,0,BURNET,19:45,1980,1981,"H307,","SP,",1,"H3,","H,",MAIN,Texas,31.827233,-99.423022,19,Evening
Derailments,1980:12:ATSF:221280105,0,0,900,7950,0,0,0,NOLAN,24:15:00,1980,1981,"E64C,","ATSF,",1,"E6,","E,",YARD,Texas,31.827233,-99.423022,24,Midnight
Rear end collision,1980:11:FWD:FW303,0,0,0,4500,0,0,0,WISE,24:00:00,1980,1981,"E08C,","FWD,",57,"E0,","E,",YARD,Texas,31.827233,-99.423022,24,Midnight
Derailments,1980:11:SP:V0260,0,0,6000,500,0,0,0,LEE,1:30,1980,1981,"T111,","SP,",1,"T1,","T,",YARD,Texas,31.827233,-99.423022,1,Midnight
Highway-rail impact,1980:11:HBT:XA3K80,1,0,10000,403000,0,0,0,HARRIS,1:10,1980,1981,"M399,","HBT,",7,"M3,","M,",YARD,Texas,31.827233,-99.423022,1,Midnight
Side collision,1980:12:MP:80369,0,0,0,13000,0,0,0,ANDERSON,18:45,1980,1981,"H306,","MP,",87,"H3,","H,",YARD,Texas,31.827233,-99.423022,18,Evening
Derailments,1980:11:FWD:FW281,0,0,2540,2100,0,0,0,WISE,3:00,1980,1981,"M503,","FWD,",6,"M5,","M,",MAIN,Texas,31.827233,-99.423022,3,Midnight
Derailments,1980:11:SP:Y7970,0,0,6500,38600,0,0,0,BRAZOS,19:40,1980,1981,"T204,T207,","MP,SP,",1,"T2,","T,",MAIN,Texas,31.827233,-99.423022,19,Evening
Derailments,1980:11:HBT:AX2K80,0,0,17000,9000,0,0,0,HARRIS,24:30:00,1980,1981,"E64C,E66C,","ATSF,HBT,",1,"E6,","E,",YARD,Texas,31.827233,-99.423022,24,Midnight
Head on collision,1980:12:ATSF:231280103,0,0,0,16358,0,0,0,BOSQUE,3:40,1980,1981,"H513,","ATSF,",1,"H5,","H,",MAIN,Texas,31.827233,-99.423022,3,Midnight
Other impacts,1980:11:SP:V0320,0,0,14000,14585,0,0,0,DALLAS,24:50:00,1980,1981,"H503,","SP,",7,"H5,","H,",YARD,Texas,31.827233,-99.423022,24,Midnight
Derailments,1980:11:SP:Y7250,0,0,8000,0,0,0,0,HARRIS,2:30,1980,1981,"H704,","SP,",7,"H7,","H,",YARD,Texas,31.827233,-99.423022,2,Midnight
Derailments,1980:11:SP:Y7960,0,0,1500,7500,0,0,0,COLORADO,24:45:00,1980,1981,"T199,","SP,",67,"T1,","T,",YARD,Texas,31.827233,-99.423022,24,Midnight
Derailments,1980:12:ATSF:221280101,0,0,12000,1150,0,0,0,HOOD,22:30,1980,1981,"E52C,","ATSF,",1,"E5,","E,",MAIN,Texas,31.827233,-99.423022,22,Evening
Derailments,1980:11:SP:Y8240,0,0,3500,0,0,0,0,HARRIS,2:00,1980,1981,"H999,","SP,",7,"H9,","H,",INDUSTRY,Texas,31.827233,-99.423022,2,Midnight
Derailments,1980:12:ATSF:221280103,0,0,4000,9500,0,0,0,COLLIN,19:45,1980,1981,"T102,H503,","ATSF,LA,",1,"T1,H5,","T,H,",MAIN,Texas,31.827233,-99.423022,19,Evening
Derailments,1980:11:FWD:FW291,0,0,10000,23300,0,0,0,POTTER,17:30,1980,1981,"H020,","FWD,",6,"H0,","H,",MAIN,Texas,31.827233,-99.423022,17,Evening
Derailments,1981:01:MKT:AX12S,0,0,9500,20500,0,0,0,CALDWELL,18:20,1981,1981,"T102,","MKT,",1,"T1,","T,",MAIN,Texas,31.827233,-99.423022,18,Evening
Fire/violent rupture,1980:12:SP:V2400,0,0,0,3800,0,0,0,PRESIDIO,19:00,1980,1981,"M599,","SP,",1,"M5,","M,",MAIN,Texas,31.827233,-99.423022,19,Evening
Raking collision,1981:02:ATSF:220281103,0,0,480,21790,0,0,0,JOHNSON,4:40,1981,1981,"H306,","ATSF,",17,"H3,","H,",YARD,Texas,31.827233,-99.423022,4,Midnight
Derailments,1981:01:ATSF:230181103,0,0,2350,2550,0,0,0,GALVESTON,18:00,1981,1981,"T112,","ATSF,",1,"T1,","T,",YARD,Texas,31.827233,-99.423022,18,Evening
Fire/violent rupture,1980:12:SSW:L6570,0,0,0,16000,0,0,0,HOPKINS,17:00,1980,1981,"E99C,","SSW,",5,"E9,","E,",MAIN,Texas,31.827233,-99.423022,17,Evening
Derailments,1980:12:SLSF:ZZZZZZZZZZ,0,0,0,600,0,0,0,TARRANT,20:00,1980,1981,"T314,","SP,",1,"T3,","T,",MAIN,Texas,31.827233,-99.423022,20,Evening
Derailments,1981:01:FWD:FW8,0,0,600,7700,0,0,0,TARRANT,18:10,1981,1981,"E46C,","FWD,",51,"E4,","E,",YARD,Texas,31.827233,-99.423022,18,Evening
Derailments,1980:12:SP:V1350,0,0,7000,1200,1,1,1,ROBERTSON,21:20,1980,1981,"H702,","SP,",7,"H7,","H,",YARD,Texas,31.827233,-99.423022,21,Evening
Side collision,1980:12:SP:V2270,0,0,450,8000,1,1,0,BEXAR,19:00,1980,1981,"H306,","SP,",57,"H3,","H,",YARD,Texas,31.827233,-99.423022,19,Evening
Derailments,1980:12:SP:Z0630,0,0,24800,18000,0,0,0,HARRIS,4:00,1980,1981,"E79L,","SP,",1,"E7,","E,",MAIN,Texas,31.827233,-99.423022,4,Midnight
Derailments,1981:01:ATSF:200181101,0,2,115000,1280000,0,0,0,DEAF SMITH,23:50,1981,1981,"E79L,","ATSF,",1,"E7,","E,",MAIN,Texas,31.827233,-99.423022,23,Evening
Derailments,1981:01:SP:U0081,0,0,38000,34600,0,0,0,ELLIS,23:25,1981,1981,"T101,","SP,",1,"T1,","T,",MAIN,Texas,31.827233,-99.423022,23,Evening
Derailments,1981:01:KCS:325698,0,0,0,9516,0,0,0,JEFFERSON,24:00:00,1981,1981,"M501,","KCS,",7,"M5,","M,",INDUSTRY,Texas,31.827233,-99.423022,24,Midnight
Derailments,1981:01:SP:W0011,0,0,6000,33100,0,0,0,WHARTON,1:45,1981,1981,"T221,","SP,",1,"T2,","T,",SIDING,Texas,31.827233,-99.423022,1,Midnight
Derailments,1980:12:SP:Z1410,0,0,0,5500,0,0,0,SAN PATRICIO,3:25,1980,1981,"T101,","SP,",1,"T1,","T,",MAIN,Texas,31.827233,-99.423022,3,Midnight
Side collision,1981:01:SP:U0851,0,0,0,4700,0,0,0,BEXAR,17:30,1981,1981,"H401,H302,","SP,",48,"H4,H3,H4,H3,","H,",YARD,Texas,31.827233,-99.423022,17,Evening
Derailments,1980:12:SP:Z1000,0,0,75000,95000,0,0,0,HARRIS,22:55,1980,1981,"T101,","SP,",1,"T1,","T,",MAIN,Texas,31.827233,-99.423022,22,Evening
Derailments,1980:12:SP:V1360,0,0,8000,0,0,0,0,ROBERTSON,3:10,1980,1981,"T110,","SP,",1,"T1,","T,",YARD,Texas,31.827233,-99.423022,3,Midnight
Derailments,1981:01:HBT:AX1A81,0,0,5300,7900,0,0,0,HARRIS,4:30,1981,1981,"H503,","HBT,MP,",1,"H5,","H,",YARD,Texas,31.827233,-99.423022,4,Midnight
Raking collision,1981:02:HBT:AX5B81,0,0,0,16000,0,0,0,HARRIS,23:45,1981,1981,"H299,","HBT,MP,",78,"H2,","H,",YARD,Texas,31.827233,-99.423022,23,Evening
Derailments,1981:02:HBT:AX4B81,0,0,15000,3000,1,1,0,HARRIS,2:00,1981,1981,"H702,","HBT,",7,"H7,","H,",YARD,Texas,31.827233,-99.423022,2,Midnight
Other impacts,1981:01:SP:U0181,0,0,4000,0,0,0,0,PRESIDIO,2:20,1981,1981,"H702,","SP,",1,"H7,","H,",SIDING,Texas,31.827233,-99.423022,2,Midnight
Raking collision,1981:02:HBT:AX1B81,0,0,0,37300,0,0,0,HARRIS,21:30,1981,1981,"H305,","HBT,",67,"H3,","H,",YARD,Texas,31.827233,-99.423022,21,Evening
Raking collision,1981:01:SP:W1681,0,0,200,4000,1,1,0,HARRIS,2:15,1981,1981,"H306,","SP,",67,"H3,","H,",INDUSTRY,Texas,31.827233,-99.423022,2,Midnight
Derailments,1981:01:SP:F0871,0,0,9300,3385,10,0,0,JEFFERSON,24:01:00,1981,1981,"T001,","SP,",7,"T0,","T,",MAIN,Texas,31.827233,-99.423022,24,Midnight
Derailments,1981:01:SP:F0141,0,0,25000,0,6,1,0,HARRIS,23:55,1981,1981,"T101,","SP,",7,"T1,","T,",YARD,Texas,31.827233,-99.423022,23,Evening
Derailments,1981:01:SP:F0911,0,0,1787,2400,0,0,0,ORANGE,21:45,1981,1981,"T110,","SP,",7,"T1,","T,",SIDING,Texas,31.827233,-99.423022,21,Evening
Derailments,1981:02:ATSF:230281103,0,0,900,8675,0,0,0,GALVESTON,19:10,1981,1981,"T207,","ATSF,",1,"T2,","T,",YARD,Texas,31.827233,-99.423022,19,Evening
Derailments,1981:01:MP:81019,0,0,19700,29100,0,0,0,KAUFMAN,4:45,1981,1981,"T311,","MP,",1,"T3,","T,",MAIN,Texas,31.827233,-99.423022,4,Midnight
Rear end collision,1981:01:MKT:AX6S,0,0,15000,311500,0,0,0,TARRANT,17:00,1981,1981,"H401,H999,","MKT,MP,",11,"H4,H9,H4,","H,",MAIN,Texas,31.827233,-99.423022,17,Evening
Derailments,1981:01:ATSF:200181102,0,0,3756,4900,0,0,0,WILBARGER,18:15,1981,1981,"T202,","ATSF,",1,"T2,","T,",MAIN,Texas,31.827233,-99.423022,18,Evening
Derailments,1981:01:SP:F0381,0,0,17150,725,1,1,0,ORANGE,21:08,1981,1981,"T110,","SP,",7,"T1,","T,",YARD,Texas,31.827233,-99.423022,21,Evening
Derailments,1980:12:SP:Z0620,0,0,25000,650300,0,0,0,ANGELINA,18:08,1980,1981,"M405,","SP,",1,"M4,","M,",MAIN,Texas,31.827233,-99.423022,18,Evening
Derailments,1981:01:SP:W0931,0,0,500,10750,0,0,0,HARRIS,22:10,1981,1981,"T110,","SP,",7,"T1,","T,",YARD,Texas,31.827233,-99.423022,22,Evening
Other impacts,1981:01:SP:S0191,0,0,3880,0,0,0,0,EL PASO,1:30,1981,1981,"H303,","SP,",7,"H3,","H,",YARD,Texas,31.827233,-99.423022,1,Midnight
Derailments,1981:02:FWD:FW24,0,0,150,8950,0,0,0,TARRANT,4:45,1981,1981,"T220,","FWD,",1,"T2,","T,",MAIN,Texas,31.827233,-99.423022,4,Midnight
Derailments,1980:12:SSW:M3940,0,0,4000,4000,0,0,0,SHERMAN,23:05,1980,1981,"T110,","SSW,",1,"T1,","T,",SIDING,Texas,31.827233,-99.423022,23,Evening
Derailments,1980:12:SP:Y9780,0,0,16000,18000,0,0,0,FORT BEND,19:25,1980,1981,"T212,","SP,",1,"T2,","T,",MAIN,Texas,31.827233,-99.423022,19,Evening
Derailments,1980:12:SP:Z1300,0,0,0,4600,0,0,0,VICTORIA,1:20,1980,1981,"H018,","SP,",7,"H0,","H,",YARD,Texas,31.827233,-99.423022,1,Midnight
Derailments,1981:02:ATSF:230281104,0,0,200,8160,0,0,0,GALVESTON,21:45,1981,1981,"T207,","ATSF,",7,"T2,","T,",YARD,Texas,31.827233,-99.423022,21,Evening
Derailments,1981:01:PTRA:JAN1,0,0,8999,126000,0,0,0,HARRIS,17:50,1981,1981,"T314,","PTRA,",1,"T3,","T,",MAIN,Texas,31.827233,-99.423022,17,Evening
Other impacts,1980:12:SP:H3760,0,0,0,7000,0,0,0,LIBERTY,24:30:00,1980,1981,"H702,","SP,",7,"H7,","H,",YARD,Texas,31.827233,-99.423022,24,Midnight
Rear end collision,1980:12:SP:H3740,0,0,0,25000,0,0,0,HARRIS,2:30,1980,1981,"H306,","SP,",67,"H3,","H,",YARD,Texas,31.827233,-99.423022,2,Midnight
Derailments,1981:01:SP:W0311,0,0,1000,12975,0,0,0,HARRIS,19:30,1981,1981,"T311,","SP,",7,"T3,","T,",YARD,Texas,31.827233,-99.423022,19,Evening
Head on collision,1981:01:KCS:337465,0,0,0,15000,0,0,0,JEFFERSON,23:15,1981,1981,"H999,","KCS,",7,"H9,","H,",YARD,Texas,31.827233,-99.423022,23,Evening
Raking collision,1981:02:HBT:AX3B81,0,0,0,17000,0,0,0,HARRIS,22:00,1981,1981,"H310,","HBT,",65,"H3,","H,",YARD,Texas,31.827233,-99.423022,22,Evening
Other impacts,1981:01:SP:W0021,0,0,10400,0,0,0,0,BRAZOS,23:15,1981,1981,"M202,","SP,",1,"M2,","M,",MAIN,Texas,31.827233,-99.423022,23,Evening
Other impacts,1980:12:SP:T2880,0,0,4500,0,1,0,0,EL PASO,17:40,1980,1981,"M207,","SP,",1,"M2,","M,",YARD,Texas,31.827233,-99.423022,17,Evening