AccidentType,inckey,Fatalities,Injuries,TrackDamage,EquipmentDamage,HazmatCars,HazmatCarsDerailed,HazmatCarsReleasing,County,DisplayTime,calendar,Fiscal,AccidentCause,RailroadCodes,RAILEQUIPMENT_TYPE,CauseGroup,CauseDiscipline,TYPE_OF_TRACK,StateName,latitude,longitude,hour,cat
Derailments,1981:01:ATSF:220181101,0,0,26000,69000,0,0,0,TOM GREEN,19:45,1981,1981,"T215,","ATSF,",1,"T2,","T,",MAIN,Texas,31.827233,-99.423022,19,Evening
Side collision,1981:01:KCS:337503,0,0,0,41112,0,0,0,JEFFERSON,24:50:00,1981,1981,"E0HC,","KCS,",51,"E0,","E,",MAIN,Texas,31.827233,-99.423022,24,Midnight
Derailments,1981:01:ATSF:200181103,0,0,500,5500,0,0,0,POTTER,3:15,1981,1981,"E64C,","ATSF,",7,"E6,","E,",YARD,Texas,31.827233,-99.423022,3,Midnight
Derailments,1980:12:SSW:L6050,0,0,7500,3200,0,0,0,BOWIE,17:50,1980,1981,"T110,","SSW,",1,"T1,","T,",YARD,Texas,31.827233,-99.423022,17,Evening
Derailments,1981:03:KCS:337490,0,0,3000,15000,0,0,0,JEFFERSON,4:30,1981,1981,"T399,","KCS,",1,"T3,","T,",YARD,Texas,31.827233,-99.423022,4,Midnight
Side collision,1981:02:SP:W4341,0,0,200,11100,0,0,0,HARRIS,23:05,1981,1981,"H306,","SP,",7,"H3,","H,",YARD,Texas,31.827233,-99.423022,23,Evening
Derailments,1981:03:MP:81072,0,0,2400,24000,0,0,0,WILLIAMSON,22:20,1981,1981,"T202,","MP,",16,"T2,","T,",SIDING,Texas,31.827233,-99.423022,22,Evening
Derailments,1981:03:SP:U2751,0,0,8000,100,0,0,0,DALLAS,4:00,1981,1981,"T314,E64C,","SP,",7,"T3,E6,","T,E,",YARD,Texas,31.827233,-99.423022,4,Midnight
Head on collision,1981:03:MP:81092,0,0,0,70000,0,0,0,ANDERSON,24:20:00,1981,1981,"H205,","MP,",8,"H2,","H,",YARD,Texas,31.827233,-99.423022,24,Midnight
Derailments,1981:03:HBT:AX7C81,0,0,0,10000,0,0,0,HARRIS,4:00,1981,1981,"M404,","HBT,",7,"M4,","M,",YARD,Texas,31.827233,-99.423022,4,Midnight
Side collision,1981:03:PTRA:MAR4,0,0,0,4000,0,0,0,HARRIS,24:30:00,1981,1981,"H306,","PTRA,",75,"H3,","H,",YARD,Texas,31.827233,-99.423022,24,Midnight
Derailments,1981:03:SP:W6051,0,0,6000,15350,0,0,0,FORT BEND,1:20,1981,1981,"T210,","SP,",1,"T2,","T,",MAIN,Texas,31.827233,-99.423022,1,Midnight
Derailments,1981:04:ATSF:230481106,0,0,11000,190400,0,0,0,BELL,17:00,1981,1981,"T199,","ATSF,",1,"T1,","T,",MAIN,Texas,31.827233,-99.423022,17,Evening
Other impacts,1981:02:SP:U1281,0,0,1200,15950,0,0,0,MAVERICK,21:25,1981,1981,"E30C,","SP,",1,"E3,","E,",YARD,Texas,31.827233,-99.423022,21,Evening
Derailments,1981:02:MKT:AX20S,0,0,8500,3700,0,0,0,CALDWELL,21:55,1981,1981,"T101,","MKT,",1,"T1,","T,",MAIN,Texas,31.827233,-99.423022,21,Evening
Derailments,1981:04:ATSF:220481101,0,0,8200,1000,0,0,0,TARRANT,4:15,1981,1981,"E46C,","ATSF,",7,"E4,","E,",MAIN,Texas,31.827233,-99.423022,4,Midnight
Side collision,1981:03:MP:81067,0,0,0,7000,1,1,0,BRAZORIA,21:15,1981,1981,"H306,","MP,",17,"H3,","H,",YARD,Texas,31.827233,-99.423022,21,Evening
Derailments,1981:03:MP:81065,0,0,800,20400,0,0,0,BEXAR,22:05,1981,1981,"H503,","MP,",615,"H5,","H,",YARD,Texas,31.827233,-99.423022,22,Evening
Derailments,1981:03:BN:TU155,0,0,3350,3400,0,0,0,GRAYSON,24:55:00,1981,1981,"T399,","BN,",7,"T3,","T,",YARD,Texas,31.827233,-99.423022,24,Midnight
Side collision,1981:03:MKT:AX29S,0,0,1800,11350,0,0,0,MCLENNAN,19:30,1981,1981,"T110,","MKT,",51,"T1,","T,",YARD,Texas,31.827233,-99.423022,19,Evening
Derailments,1981:03:MKT:AX24S,0,0,1100,3900,0,0,0,CALDWELL,2:45,1981,1981,"M503,","MKT,",1,"M5,","M,",MAIN,Texas,31.827233,-99.423022,2,Midnight
Derailments,1981:03:ATSF:220381103,0,0,400,16000,0,0,0,BROWN,2:55,1981,1981,"H303,","ATSF,",7,"H3,","H,",YARD,Texas,31.827233,-99.423022,2,Midnight
Raking collision,1981:03:SP:W7031,0,0,1200,6800,0,0,0,HARRIS,17:30,1981,1981,"H299,","SP,",7,"H2,","H,",YARD,Texas,31.827233,-99.423022,17,Evening
Derailments,1981:04:ATSF:230481105,0,0,4500,13500,0,0,0,JEFFERSON,23:45,1981,1981,"T101,","ATSF,",7,"T1,","T,",YARD,Texas,31.827233,-99.423022,23,Evening
Derailments,1981:03:SP:F5131,0,0,2500,12500,0,0,0,JEFFERSON,20:05,1981,1981,"T399,","SP,",7,"T3,","T,",YARD,Texas,31.827233,-99.423022,20,Evening
Derailments,1981:03:SP:U2301,0,0,4500,17500,0,0,0,HENDERSON,17:45,1981,1981,"M405,","SP,",1,"M4,","M,",MAIN,Texas,31.827233,-99.423022,17,Evening
Side collision,1981:03:MP:81093,0,0,1500,3600,0,0,0,TARRANT,21:45,1981,1981,"H301,","MP,",57,"H3,","H,",YARD,Texas,31.827233,-99.423022,21,Evening
Derailments,1981:03:MP:81090,0,0,0,11200,2,2,0,CAMERON,18:45,1981,1981,"E07C,","MP,",7,"E0,","E,",YARD,Texas,31.827233,-99.423022,18,Evening
Derailments,1981:02:MP:81099,0,0,2900,2300,0,0,0,ROBERTSON,24:50:00,1981,1981,"T210,","MP,",1,"T2,","T,",SIDING,Texas,31.827233,-99.423022,24,Midnight
Derailments,1981:02:SP:W3291,0,0,3000,5675,0,0,0,VICTORIA,18:35,1981,1981,"T314,","SP,",7,"T3,","T,",YARD,Texas,31.827233,-99.423022,18,Evening
Derailments,1981:02:KCS:335079,0,0,1124,12600,0,0,0,JEFFERSON,2:35,1981,1981,"T314,","KCS,",1,"T3,","T,",YARD,Texas,31.827233,-99.423022,2,Midnight
Derailments,1981:03:SP:F5521,0,0,500,4700,0,0,0,JEFFERSON,19:00,1981,1981,"T315,M503,","ATSF,SP,",7,"T3,M5,","T,M,",YARD,Texas,31.827233,-99.423022,19,Evening
Rear end collision,1981:03:PTRA:MAR2,0,0,1512,10900,0,0,0,HARRIS,18:15,1981,1981,"H306,","PTRA,",75,"H3,","H,",INDUSTRY,Texas,31.827233,-99.423022,18,Evening
Derailments,1981:03:ATSF:220381101,0,0,2500,4450,0,0,0,TARRANT,4:15,1981,1981,"T221,","ATSF,",7,"T2,","T,",YARD,Texas,31.827233,-99.423022,4,Midnight
Side collision,1981:02:KCS:319995,0,0,0,19000,0,0,0,JEFFERSON,19:00,1981,1981,"H018,H310,","KCS,",77,"H0,H3,H0,","H,",YARD,Texas,31.827233,-99.423022,19,Evening
Highway-rail impact,1981:02:SP:F2601,0,0,1000,4000,0,0,0,ORANGE,23:50,1981,1981,"M399,","SP,",1,"M3,","M,",MAIN,Texas,31.827233,-99.423022,23,Evening
Derailments,1981:03:MP:81091,0,0,5000,4500,0,0,0,HARRISON,20:10,1981,1981,"M201,","MP,",1,"M2,","M,",SIDING,Texas,31.827233,-99.423022,20,Evening
Derailments,1981:03:SP:U2401,0,0,52700,194000,0,0,0,PRESIDIO,1:15,1981,1981,"E36C,","SP,",1,"E3,","E,",MAIN,Texas,31.827233,-99.423022,1,Midnight
Side collision,1981:03:MP:81122,0,0,100,7000,1,1,0,BRAZORIA,21:15,1981,1981,"H306,","MP,",17,"H3,","H,",YARD,Texas,31.827233,-99.423022,21,Evening
Derailments,1981:04:SSW:K3601,0,0,4324,80000,0,0,0,MCLENNAN,24:00:00,1981,1981,"E46C,","SSW,",7,"E4,","E,",MAIN,Texas,31.827233,-99.423022,24,Midnight
Derailments,1981:03:ATSF:230381102,0,2,10500,18000,5,0,0,WHARTON,22:30,1981,1981,"T101,","ATSF,",1,"T1,","T,",MAIN,Texas,31.827233,-99.423022,22,Evening
Derailments,1981:04:ATSF:230481102,0,0,11000,28400,0,0,0,JASPER,24:40:00,1981,1981,"M501,","ATSF,",1,"M5,","M,",MAIN,Texas,31.827233,-99.423022,24,Midnight
Side collision,1981:03:HBT:AX2C81,0,0,0,18050,0,0,0,HARRIS,2:00,1981,1981,"H305,H306,","HBT,MP,",71,"H3,","H,",YARD,Texas,31.827233,-99.423022,2,Midnight
Derailments,1981:04:ATSF:230481103,0,0,11500,1150,0,0,0,WASHINGTON,23:40,1981,1981,"T299,","ATSF,",1,"T2,","T,",MAIN,Texas,31.827233,-99.423022,23,Evening
Derailments,1981:03:SP:U2521,0,0,7800,49320,0,0,0,LLANO,18:20,1981,1981,"T220,","SP,",1,"T2,","T,",MAIN,Texas,31.827233,-99.423022,18,Evening
Derailments,1981:03:SP:W7091,0,0,1500,6500,0,0,0,COLORADO,21:00,1981,1981,"T108,","SP,",7,"T1,","T,",YARD,Texas,31.827233,-99.423022,21,Evening
Derailments,1981:03:PTRA:MAR3,0,0,108,7000,0,0,0,HARRIS,3:45,1981,1981,"H306,","PTRA,",7,"H3,","H,",INDUSTRY,Texas,31.827233,-99.423022,3,Midnight
Derailments,1981:04:SSW:K3561,0,0,25000,84500,0,0,0,FRANKLIN,20:45,1981,1981,"M503,","SSW,",1,"M5,","M,",MAIN,Texas,31.827233,-99.423022,20,Evening
Side collision,1981:04:ATSF:230481101,0,0,0,8800,0,0,0,JASPER,3:00,1981,1981,"H307,","ATSF,",57,"H3,","H,",YARD,Texas,31.827233,-99.423022,3,Midnight
Derailments,1981:05:SP:U5241,0,0,13500,39900,0,0,0,GRAYSON,3:50,1981,1981,"T220,","SP,",1,"T2,","T,",MAIN,Texas,31.827233,-99.423022,3,Midnight
Rear end collision,1981:04:FWD:FW57,0,0,580,30500,0,0,0,HALL,19:15,1981,1981,"H020,","FWD,",86,"H0,","H,",MAIN,Texas,31.827233,-99.423022,19,Evening
Derailments,1981:05:MP:81128,0,0,0,7500,0,0,0,BEXAR,18:05,1981,1981,"H601,","MP,",67,"H6,","H,",YARD,Texas,31.827233,-99.423022,18,Evening
Highway-rail impact,1981:04:SP:U3431,5,0,62500,277100,0,0,0,BEXAR,23:30,1981,1981,"M399,","SP,",1,"M3,","M,",MAIN,Texas,31.827233,-99.423022,23,Evening
Highway-rail impact,1981:05:FWD:FW82,0,0,800,14800,0,0,0,WICHITA,23:15,1981,1981,"M399,","FWD,",1,"M3,","M,",MAIN,Texas,31.827233,-99.423022,23,Evening
Derailments,1981:04:SP:W8501,0,0,4000,1300,0,0,0,HARRIS,22:30,1981,1981,"H704,","HBT,SP,",7,"H7,","H,",YARD,Texas,31.827233,-99.423022,22,Evening
Derailments,1981:05:HBT:AX1E81,0,0,1964,4950,0,0,0,HARRIS,22:00,1981,1981,"E40C,","HBT,MP,",1,"E4,","E,",YARD,Texas,31.827233,-99.423022,22,Evening
Rear end collision,1981:04:SP:S3741,0,4,10700,188500,0,0,0,EL PASO,23:25,1981,1981,"H401,H602,","MP,SP,",186,"H4,H6,","H,",YARD,Texas,31.827233,-99.423022,23,Evening
Derailments,1981:05:SP:U5231,0,0,12700,10500,0,0,0,BEXAR,22:00,1981,1981,"E86C,","SP,",1,"E8,","E,",MAIN,Texas,31.827233,-99.423022,22,Evening
Derailments,1981:05:SP:U4951,0,0,6000,6800,0,0,0,BEXAR,4:30,1981,1981,"T099,","SP,",7,"T0,","T,",YARD,Texas,31.827233,-99.423022,4,Midnight
Derailments,1981:03:HBT:AX4C81,0,0,400,29000,0,0,0,HARRIS,22:30,1981,1981,"H018,","HBT,",6,"H0,","H,",YARD,Texas,31.827233,-99.423022,22,Evening
Other impacts,1981:05:SP:U5721,0,0,100,13700,0,0,0,DALLAS,19:15,1981,1981,"H018,","SP,",7,"H0,","H,",YARD,Texas,31.827233,-99.423022,19,Evening
Derailments,1981:04:SP:W9801,0,0,3200,1700,0,0,0,HARRIS,2:20,1981,1981,"H704,","SP,",7,"H7,","H,",YARD,Texas,31.827233,-99.423022,2,Midnight
Derailments,1981:05:SP:X2321,0,0,3500,1500,0,0,0,FORT BEND,17:50,1981,1981,"H604,","SP,",1,"H6,","H,",MAIN,Texas,31.827233,-99.423022,17,Evening
Side collision,1981:05:SP:U5941,0,0,0,12500,0,0,0,BEXAR,17:00,1981,1981,"H999,","SP,",7,"H9,","H,",YARD,Texas,31.827233,-99.423022,17,Evening
Derailments,1981:04:SP:S4151,0,0,850,11000,0,0,0,EL PASO,19:15,1981,1981,"H306,","SP,",7,"H3,","H,",YARD,Texas,31.827233,-99.423022,19,Evening
Derailments,1981:06:HBT:AX1F81,0,0,850,7500,0,0,0,HARRIS,4:40,1981,1981,"T202,","HBT,",7,"T2,","T,",YARD,Texas,31.827233,-99.423022,4,Midnight
Derailments,1981:04:PTRA:APR2,0,0,428,4000,0,0,0,HARRIS,24:30:00,1981,1981,"T099,","PTRA,",7,"T0,","T,",YARD,Texas,31.827233,-99.423022,24,Midnight
Derailments,1981:05:MKT:AX40S,0,0,10309,1900,0,0,0,DALLAS,18:00,1981,1981,"T110,","MKT,",7,"T1,","T,",INDUSTRY,Texas,31.827233,-99.423022,18,Evening
Derailments,1981:05:SP:X0351,0,0,4000,1700,0,0,0,HARRIS,2:30,1981,1981,"H505,T001,","SP,",7,"H5,T0,","H,T,",YARD,Texas,31.827233,-99.423022,2,Midnight
Derailments,1981:03:HBT:AX5C81,0,0,500,3350,0,0,0,HARRIS,4:30,1981,1981,"E64C,T314,","ATSF,HBT,",1,"E6,T3,E6,","E,T,E,",YARD,Texas,31.827233,-99.423022,4,Midnight
Other impacts,1981:04:SP:F6831,0,0,0,11000,0,0,0,ORANGE,4:30,1981,1981,"H307,","SP,",1,"H3,","H,",YARD,Texas,31.827233,-99.423022,4,Midnight
Derailments,1981:04:SP:S3931,0,0,1000,5100,0,0,0,EL PASO,3:30,1981,1981,"T113,","SP,",7,"T1,","T,",YARD,Texas,31.827233,-99.423022,3,Midnight
Derailments,1981:05:KCS:330676,0,0,2500,8614,0,0,0,BOWIE,1:30,1981,1981,"T101,","KCS,",7,"T1,","T,",INDUSTRY,Texas,31.827233,-99.423022,1,Midnight
Other impacts,1981:05:MKT:AX43S,0,0,0,12550,0,0,0,GRAYSON,24:30:00,1981,1981,"H018,","MKT,",75,"H0,","H,",YARD,Texas,31.827233,-99.423022,24,Midnight
Derailments,1981:05:SP:U5251,0,0,4050,0,0,0,0,GUADALUPE,20:00,1981,1981,"T110,","SP,",7,"T1,","T,",INDUSTRY,Texas,31.827233,-99.423022,20,Evening
Derailments,1981:04:OKT:AX5,0,0,1900,3000,0,0,0,DALLAS,18:00,1981,1981,"T110,","OKT,",7,"T1,","T,",YARD,Texas,31.827233,-99.423022,18,Evening
Derailments,1981:04:SP:W8581,0,0,15000,0,0,0,0,HARRIS,21:15,1981,1981,"H701,","SP,",7,"H7,","H,",YARD,Texas,31.827233,-99.423022,21,Evening
Derailments,1981:06:ATSF:200681102,0,0,5000,77175,11,1,0,BAILEY,24:30:00,1981,1981,"E54C,","ATSF,",1,"E5,","E,",MAIN,Texas,31.827233,-99.423022,24,Midnight
Derailments,1981:05:SP:X1171,0,0,4000,10300,0,0,0,HARRIS,23:30,1981,1981,"T311,","SP,",1,"T3,","T,",YARD,Texas,31.827233,-99.423022,23,Evening
Derailments,1981:07:FWD:FW137,0,0,15000,1200,0,0,0,HALL,17:45,1981,1981,"E52C,","FWD,",1,"E5,","E,",MAIN,Texas,31.827233,-99.423022,17,Evening
Raking collision,1981:03:HBT:AX1C81,0,0,300,19575,0,0,0,HARRIS,4:45,1981,1981,"H305,","HBT,",7,"H3,","H,",YARD,Texas,31.827233,-99.423022,4,Midnight
Derailments,1981:06:ATSF:200681103,0,0,15000,118000,2,2,2,CARSON,17:05,1981,1981,"T109,","ATSF,",1,"T1,","T,",MAIN,Texas,31.827233,-99.423022,17,Evening
Derailments,1981:04:SP:W7881,0,0,66000,203000,0,0,0,MONTGOMERY,19:30,1981,1981,"E61C,","SP,",1,"E6,","E,",SIDING,Texas,31.827233,-99.423022,19,Evening
Derailments,1981:05:SP:U4991,0,0,17870,40500,0,0,0,DALLAS,19:05,1981,1981,"E49C,","SP,",1,"E4,","E,",MAIN,Texas,31.827233,-99.423022,19,Evening
Side collision,1981:04:SP:W7751,0,0,30000,21300,6,6,1,HARRIS,24:15:00,1981,1981,"H210,","SP,",7,"H2,","H,",YARD,Texas,31.827233,-99.423022,24,Midnight
Derailments,1981:05:MP:81129,0,0,0,3800,0,0,0,BRAZORIA,4:05,1981,1981,"E64C,","MP,",7,"E6,","E,",YARD,Texas,31.827233,-99.423022,4,Midnight
Derailments,1981:06:FWD:FW109,0,0,10900,10610,0,0,0,TARRANT,1:35,1981,1981,"M405,","FWD,",7,"M4,","M,",YARD,Texas,31.827233,-99.423022,1,Midnight
Derailments,1981:05:SP:U5001,0,0,4500,0,0,0,0,FANNIN,18:00,1981,1981,"T110,","SP,",1,"T1,","T,",MAIN,Texas,31.827233,-99.423022,18,Evening
Broken train collision,1981:06:FWD:FW97,0,0,250,20500,0,0,0,MONTAGUE,22:05,1981,1981,"E09C,","FWD,",1,"E0,","E,",MAIN,Texas,31.827233,-99.423022,22,Evening
Other impacts,1981:05:SP:X2441,0,0,0,4600,0,0,0,VICTORIA,17:45,1981,1981,"H020,","SP,",7,"H0,","H,",MAIN,Texas,31.827233,-99.423022,17,Evening
Side collision,1981:05:SP:X2011,0,0,1200,14200,0,0,0,HARRIS,20:30,1981,1981,"H209,","SP,",7,"H2,","H,",YARD,Texas,31.827233,-99.423022,20,Evening
Derailments,1981:05:MP:81145,0,0,1600,4900,0,0,0,TRAVIS,19:20,1981,1981,"E64C,","MP,",1,"E6,","E,",MAIN,Texas,31.827233,-99.423022,19,Evening
Derailments,1981:04:MP:81121,0,0,200,8300,1,1,0,BRAZORIA,19:40,1981,1981,"H505,","MP,",7,"H5,","H,",YARD,Texas,31.827233,-99.423022,19,Evening
Derailments,1981:06:FWD:FW106,0,0,2500,9100,0,0,0,CLAY,18:50,1981,1981,"E40C,","FWD,",1,"E4,","E,",SIDING,Texas,31.827233,-99.423022,18,Evening
Fire/violent rupture,1981:05:SP:U5951,0,0,0,7950,0,0,0,BEXAR,20:48,1981,1981,"E06C,","SP,",1,"E0,","E,",MAIN,Texas,31.827233,-99.423022,20,Evening
Derailments,1981:04:SP:W9031,0,0,1500,12500,0,0,0,COLORADO,4:00,1981,1981,"H312,","SP,",7,"H3,","H,",YARD,Texas,31.827233,-99.423022,4,Midnight
Raking collision,1981:04:HBT:AX1D81,0,0,0,11000,0,0,0,HARRIS,22:00,1981,1981,"H301,","HBT,",67,"H3,","H,",YARD,Texas,31.827233,-99.423022,22,Evening
Derailments,1981:05:SP:X1451,0,0,2700,1500,0,0,0,COLORADO,19:30,1981,1981,"E66C,","SP,",1,"E6,","E,",YARD,Texas,31.827233,-99.423022,19,Evening
Derailments,1981:05:MP:81147,0,0,1200,4850,0,0,0,TARRANT,1:35,1981,1981,"T311,","MP,",7,"T3,","T,",MAIN,Texas,31.827233,-99.423022,1,Midnight
Side collision,1981:04:SP:S4481,0,0,0,35200,0,0,0,EL PASO,19:30,1981,1981,"H307,","SP,",7,"H3,","H,",YARD,Texas,31.827233,-99.423022,19,Evening
Derailments,1981:05:ATSF:220581102,0,0,10800,250,0,0,0,DALLAS,19:35,1981,1981,"T001,","ATSF,",1,"T0,","T,",MAIN,Texas,31.827233,-99.423022,19,Evening
Derailments,1981:07:SP:U7601,0,0,3700,3500,5,5,0,MAVERICK,1:10,1981,1981,"T101,T314,","SP,",1,"T1,T3,","T,",YARD,Texas,31.827233,-99.423022,1,Midnight
Derailments,1981:07:SP:X6031,0,0,0,4000,0,0,0,POLK,24:15:00,1981,1981,"T110,","SP,",1,"T1,","T,",SIDING,Texas,31.827233,-99.423022,24,Midnight
Derailments,1981:06:SSW:K6181,0,0,17500,4000,0,0,0,TITUS,19:50,1981,1981,"E40C,","SSW,",1,"E4,","E,",MAIN,Texas,31.827233,-99.423022,19,Evening
Side collision,1981:09:ATSF:200981101,0,0,100,24050,0,0,0,NOLAN,20:05,1981,1981,"H020,","ATSF,",16,"H0,","H,",YARD,Texas,31.827233,-99.423022,20,Evening
Derailments,1981:07:FWD:FW116,0,0,7500,7951,0,0,0,CHILDRESS,17:10,1981,1981,"T109,","FWD,",1,"T1,","T,",MAIN,Texas,31.827233,-99.423022,17,Evening
Side collision,1981:06:MP:81165,0,0,0,25300,0,0,0,TARRANT,4:20,1981,1981,"T305,","MP,",57,"T3,","T,",YARD,Texas,31.827233,-99.423022,4,Midnight
Derailments,1981:07:SP:X5671,0,0,10000,0,0,0,0,VICTORIA,20:12,1981,1981,"H505,","SP,",7,"H5,","H,",YARD,Texas,31.827233,-99.423022,20,Evening
Derailments,1981:07:BN:TU385,0,0,1300,28000,0,0,0,GRAYSON,23:59,1981,1981,"T106,","BN,",1,"T1,","T,",MAIN,Texas,31.827233,-99.423022,23,Evening
Derailments,1981:06:OKT:AX9,0,0,600,4200,0,0,0,DALLAS,1:00,1981,1981,"T110,","MKT,OKT,",75,"T1,","T,",INDUSTRY,Texas,31.827233,-99.423022,1,Midnight
Derailments,1981:06:SP:X2641,0,0,7500,1825,0,0,0,WHARTON,18:15,1981,1981,"T220,","SP,",1,"T2,","T,",MAIN,Texas,31.827233,-99.423022,18,Evening
Derailments,1981:06:SP:G1051,0,0,250,4500,1,1,0,ORANGE,2:40,1981,1981,"T221,","SP,",7,"T2,","T,",SIDING,Texas,31.827233,-99.423022,2,Midnight
Derailments,1981:07:SP:U7501,0,0,50000,146500,0,0,0,DALLAS,19:00,1981,1981,"T101,","SP,",1,"T1,","T,",MAIN,Texas,31.827233,-99.423022,19,Evening
Derailments,1981:07:FWD:JT26,0,0,6091,3700,0,0,0,GRIMES,17:40,1981,1981,"M405,","FWD,",1,"M4,","M,",MAIN,Texas,31.827233,-99.423022,17,Evening
Derailments,1981:07:PTRA:JULY2,0,0,5203,20,0,0,0,HARRIS,1:30,1981,1981,"E04C,","PTRA,",7,"E0,","E,",YARD,Texas,31.827233,-99.423022,1,Midnight
Side collision,1981:06:SP:X3911,0,0,2500,26500,0,0,0,POLK,23:00,1981,1981,"M503,","SP,",61,"M5,","M,",MAIN,Texas,31.827233,-99.423022,23,Evening
Derailments,1981:06:MP:81168,0,0,1000,9000,0,0,0,WILLIAMSON,1:10,1981,1981,"T102,","MP,",1,"T1,","T,",YARD,Texas,31.827233,-99.423022,1,Midnight
Derailments,1981:06:SSW:K6001,0,0,6400,400,0,0,0,SMITH,19:20,1981,1981,"T310,","SSW,",1,"T3,","T,",YARD,Texas,31.827233,-99.423022,19,Evening
Derailments,1981:08:ATSF:220881103,0,0,14000,19350,0,0,0,TARRANT,24:10:00,1981,1981,"H603,","ATSF,",1,"H6,","H,",YARD,Texas,31.827233,-99.423022,24,Midnight
Side collision,1981:07:PTRA:JULY1,0,0,334,27500,0,0,0,HARRIS,18:25,1981,1981,"H020,","PTRA,",7,"H0,","H,",YARD,Texas,31.827233,-99.423022,18,Evening
Derailments,1981:07:SP:U7411,0,0,9000,0,0,0,0,NAVARRO,19:45,1981,1981,"T001,","SP,",1,"T0,","T,",INDUSTRY,Texas,31.827233,-99.423022,19,Evening
Derailments,1981:06:SP:U6311,0,0,3000,108500,0,0,0,BURNET,17:30,1981,1981,"T001,","SP,",1,"T0,","T,",MAIN,Texas,31.827233,-99.423022,17,Evening
Side collision,1981:07:MP:81192,0,0,0,12400,0,0,0,WEBB,22:50,1981,1981,"H306,","MP,",57,"H3,","H,",YARD,Texas,31.827233,-99.423022,22,Evening
Derailments,1981:07:SP:U7231,0,0,7000,205280,0,0,0,MEDINA,3:45,1981,1981,"M405,","SP,",1,"M4,","M,",MAIN,Texas,31.827233,-99.423022,3,Midnight
Rear end collision,1981:06:MKT:AX58S,0,0,500,14000,0,0,0,GRAYSON,19:30,1981,1981,"H018,","MKT,",76,"H0,","H,",YARD,Texas,31.827233,-99.423022,19,Evening
Derailments,1981:06:SP:G0091,0,0,23000,196000,0,0,0,HARRIS,18:55,1981,1981,"E40C,T108,","SP,",1,"E4,T1,","E,T,",MAIN,Texas,31.827233,-99.423022,18,Evening
Derailments,1981:07:MP:81183,0,0,3051,650,0,0,0,SAN PATRICIO,3:30,1981,1981,"E46C,","MP,SP,",1,"E4,","E,",MAIN,Texas,31.827233,-99.423022,3,Midnight
Derailments,1981:07:MKT:AX62S,0,0,5810,5000,0,0,0,DENTON,24:30:00,1981,1981,"T110,","MKT,",1,"T1,","T,",MAIN,Texas,31.827233,-99.423022,24,Midnight
Derailments,1981:06:MP:81170,0,0,6046,3200,0,0,0,TARRANT,3:30,1981,1981,"H503,","MP,",7,"H5,","H,",YARD,Texas,31.827233,-99.423022,3,Midnight
Derailments,1981:07:ATSF:200781102,0,0,50,18750,0,0,0,POTTER,23:00,1981,1981,"H306,","ATSF,",7,"H3,","H,",YARD,Texas,31.827233,-99.423022,23,Evening
Derailments,1981:07:SP:X5281,0,0,10000,0,0,0,0,NUECES,2:30,1981,1981,"M599,","SP,",NA,"M5,","M,",MAIN,Texas,31.827233,-99.423022,2,Midnight
Derailments,1981:07:GHH:706,0,0,5720,13750,0,0,0,HARRIS,2:00,1981,1981,"T202,","GHH,MKT,",7,"T2,","T,",SIDING,Texas,31.827233,-99.423022,2,Midnight
Side collision,1981:07:PTRA:JULY4,0,0,347,7600,0,0,0,HARRIS,4:15,1981,1981,"H018,","PTRA,",7,"H0,","H,",YARD,Texas,31.827233,-99.423022,4,Midnight
Other impacts,1981:07:SP:U7701,0,0,150,8900,0,0,0,TARRANT,4:25,1981,1981,"H020,","SP,",7,"H0,","H,",YARD,Texas,31.827233,-99.423022,4,Midnight
Derailments,1981:05:MKT:AX44S,0,0,750,6785,0,0,0,MCLENNAN,19:20,1981,1981,"T110,","MKT,",7,"T1,","T,",YARD,Texas,31.827233,-99.423022,19,Evening
Derailments,1981:06:SP:X4051,0,0,3500,5600,0,0,0,SAN PATRICIO,3:00,1981,1981,"H702,","SP,",1,"H7,","H,",MAIN,Texas,31.827233,-99.423022,3,Midnight
Derailments,1981:06:SP:U6321,0,0,6500,0,0,0,0,BURNET,22:30,1981,1981,"M203,","SP,",1,"M2,","M,",MAIN,Texas,31.827233,-99.423022,22,Evening
Derailments,1981:06:SP:X4041,0,0,5000,12000,0,0,0,HARRIS,19:00,1981,1981,"H704,","SP,",7,"H7,","H,",YARD,Texas,31.827233,-99.423022,19,Evening
Derailments,1981:07:PTRA:JULY3,0,0,3893,38000,0,0,0,HARRIS,17:30,1981,1981,"E64C,","PTRA,",7,"E6,","E,",SIDING,Texas,31.827233,-99.423022,17,Evening
Derailments,1981:07:KCS:337629,0,0,100,24000,0,0,0,JEFFERSON,18:50,1981,1981,"T314,","KCS,",76,"T3,","T,",YARD,Texas,31.827233,-99.423022,18,Evening
Derailments,1981:06:SP:F9811,0,0,55000,700,1,0,0,JEFFERSON,18:50,1981,1981,"T201,","SP,",7,"T2,","T,",YARD,Texas,31.827233,-99.423022,18,Evening