AccidentType,inckey,Fatalities,Injuries,TrackDamage,EquipmentDamage,HazmatCars,HazmatCarsDerailed,HazmatCarsReleasing,County,DisplayTime,calendar,Fiscal,AccidentCause,RailroadCodes,RAILEQUIPMENT_TYPE,CauseGroup,CauseDiscipline,TYPE_OF_TRACK,StateName,latitude,longitude,hour,cat
Derailments,1981:06:SP:X2651,0,0,4600,17000,11,3,0,HARRIS,21:30,1981,1981,"E24C,","SP,",7,"E2,","E,",YARD,Texas,31.827233,-99.423022,21,Evening
Derailments,1981:07:ATSF:230781103,0,0,2500,14300,0,0,0,JEFFERSON,19:45,1981,1981,"T113,","ATSF,",7,"T1,","T,",INDUSTRY,Texas,31.827233,-99.423022,19,Evening
Derailments,1981:08:ATSF:220881102,0,0,13000,6850,4,1,0,JOHNSON,17:45,1981,1981,"T102,","ATSF,",1,"T1,","T,",MAIN,Texas,31.827233,-99.423022,17,Evening
Derailments,1981:07:ATSF:230781102,0,0,900,22500,0,0,0,JEFFERSON,20:20,1981,1981,"T221,","ATSF,",1,"T2,","T,",MAIN,Texas,31.827233,-99.423022,20,Evening
Derailments,1981:06:SP:U6091,0,0,5000,0,0,0,0,KINNEY,20:10,1981,1981,"H306,H305,","SP,",1,"H3,","H,",SIDING,Texas,31.827233,-99.423022,20,Evening
Derailments,1981:07:SP:X4991,0,0,20900,0,0,0,0,HARRIS,1:10,1981,1981,"H503,H505,","SP,",7,"H5,","H,",YARD,Texas,31.827233,-99.423022,1,Midnight
Derailments,1981:07:SP:X7621,0,0,500,6500,0,0,0,MONTGOMERY,18:00,1981,1981,"T216,T111,","SP,",1,"T2,T1,","T,",MAIN,Texas,31.827233,-99.423022,18,Evening
Derailments,1981:07:PTRA:JULY5,0,0,4154,0,0,0,0,HARRIS,19:45,1981,1981,"E64C,T314,","PTRA,",7,"E6,T3,","E,T,",YARD,Texas,31.827233,-99.423022,19,Evening
Derailments,1981:06:MP:81173,0,0,3000,106800,0,0,0,JACKSON,24:55:00,1981,1981,"T215,","MP,",1,"T2,","T,",MAIN,Texas,31.827233,-99.423022,24,Midnight
Other impacts,1981:06:SP:U6361,0,0,0,13850,0,0,0,BEXAR,23:15,1981,1981,"H307,","SP,",7,"H3,","H,",MAIN,Texas,31.827233,-99.423022,23,Evening
Side collision,1981:06:MP:81184,0,0,600,6800,0,0,0,TARRANT,18:30,1981,1981,"H313,","MP,",65,"H3,","H,",YARD,Texas,31.827233,-99.423022,18,Evening
Derailments,1981:07:SP:X5661,0,0,18000,1075,6,1,0,HARRIS,1:23,1981,1981,"H503,H505,","SP,",1,"H5,","H,",YARD,Texas,31.827233,-99.423022,1,Midnight
Derailments,1981:06:SSW:K6111,0,0,27000,33300,0,0,0,BOWIE,3:12,1981,1981,"E35C,","SSW,",1,"E3,","E,",MAIN,Texas,31.827233,-99.423022,3,Midnight
Derailments,1981:06:MKT:AX51S,0,0,1500,6500,0,0,0,HARRIS,18:20,1981,1981,"H703,","MKT,",71,"H7,","H,",YARD,Texas,31.827233,-99.423022,18,Evening
Side collision,1981:08:SP:S9131,0,8,813,13600,0,0,0,EL PASO,20:15,1981,1981,"H702,","SP,",7,"H7,","H,",YARD,Texas,31.827233,-99.423022,20,Evening
Rear end collision,1981:08:FWD:FW148,0,0,0,9700,0,0,0,POTTER,20:45,1981,1981,"H307,","FWD,",67,"H3,","H,",YARD,Texas,31.827233,-99.423022,20,Evening
Derailments,1981:07:SP:U7511,0,0,6500,0,0,0,0,TERRELL,19:35,1981,1981,"H702,","SP,",1,"H7,","H,",MAIN,Texas,31.827233,-99.423022,19,Evening
Highway-rail impact,1981:08:MKT:XA106S,0,1,2200,32500,0,0,0,MCLENNAN,17:30,1981,1981,"M399,","MKT,",1,"M3,","M,",MAIN,Texas,31.827233,-99.423022,17,Evening
Derailments,1981:09:SP:S9601,0,0,4510,800,0,0,0,EL PASO,21:40,1981,1981,"T109,","SP,",7,"T1,","T,",INDUSTRY,Texas,31.827233,-99.423022,21,Evening
Derailments,1981:09:SP:V0271,0,0,4600,0,0,0,0,PRESIDIO,22:55,1981,1981,"E31C,","SP,",1,"E3,","E,",MAIN,Texas,31.827233,-99.423022,22,Evening
Derailments,1981:09:FWD:FW176,0,0,0,26500,0,0,0,TARRANT,21:30,1981,1981,"T101,","FWD,",7,"T1,","T,",INDUSTRY,Texas,31.827233,-99.423022,21,Evening
Derailments,1981:09:SP:Y1371,0,0,6400,3500,9,9,0,HARRIS,21:30,1981,1981,"T110,","SP,",7,"T1,","T,",YARD,Texas,31.827233,-99.423022,21,Evening
Derailments,1981:09:PTRA:SEPT5,0,0,194,32000,0,0,0,HARRIS,19:16,1981,1981,"M202,","PTRA,",7,"M2,","M,",YARD,Texas,31.827233,-99.423022,19,Evening
Raking collision,1981:09:HBT:AX1I81,0,0,400,4775,0,0,0,HARRIS,2:00,1981,1981,"H301,","HBT,",67,"H3,","H,",YARD,Texas,31.827233,-99.423022,2,Midnight
Derailments,1981:08:MP:81223,0,0,200,5000,1,1,0,JEFFERSON,3:25,1981,1981,"H703,T311,","MP,SP,",1,"H7,T3,","H,T,",MAIN,Texas,31.827233,-99.423022,3,Midnight
Derailments,1981:10:ATSF:231081104,0,0,31500,32000,2,2,1,LAMPASAS,1:30,1981,1982,"H604,","ATSF,",1,"H6,","H,",MAIN,Texas,31.827233,-99.423022,1,Midnight
Side collision,1981:09:PTRA:SEPT3,0,0,0,36000,0,0,0,HARRIS,19:30,1981,1981,"H306,","PTRA,",67,"H3,","H,",YARD,Texas,31.827233,-99.423022,19,Evening
Derailments,1981:08:SP:X8391,0,0,15000,1425,0,0,0,HARRIS,20:05,1981,1981,"T314,","SP,",7,"T3,","T,",YARD,Texas,31.827233,-99.423022,20,Evening
Derailments,1981:09:PTRA:SEPT4,0,0,10000,72500,0,0,0,HARRIS,3:30,1981,1981,"T220,","PTRA,",7,"T2,","T,",MAIN,Texas,31.827233,-99.423022,3,Midnight
Derailments,1981:08:SP:U8821,0,0,54200,285600,0,0,0,BEXAR,23:50,1981,1981,"E6AC,","SP,",1,"E6,","E,",MAIN,Texas,31.827233,-99.423022,23,Evening
Other impacts,1981:08:MKT:AX70S,0,0,800,8100,0,0,0,GRAYSON,2:15,1981,1981,"H306,","MKT,",75,"H3,","H,",YARD,Texas,31.827233,-99.423022,2,Midnight
Derailments,1981:09:ATSF:200981105,0,0,6000,22000,1,0,0,GARZA,4:20,1981,1981,"T207,","ATSF,",1,"T2,","T,",SIDING,Texas,31.827233,-99.423022,4,Midnight
Derailments,1981:09:SP:Y1381,0,0,3500,6392,0,0,0,HARRIS,19:20,1981,1981,"T110,T113,","SP,",7,"T1,","T,",YARD,Texas,31.827233,-99.423022,19,Evening
Derailments,1981:08:MP:81226,0,0,19200,673000,28,15,11,MATAGORDA,4:10,1981,1981,"T211,","MP,",1,"T2,","T,",MAIN,Texas,31.827233,-99.423022,4,Midnight
Derailments,1981:10:KCS:337682,0,0,10000,48575,0,0,0,JEFFERSON,23:40,1981,1982,"E46C,","KCS,",1,"E4,","E,",YARD,Texas,31.827233,-99.423022,23,Evening
Derailments,1981:07:HBT:AX2G81,0,0,0,4700,0,0,0,HARRIS,3:05,1981,1981,"H104,","HBT,",7,"H1,","H,",YARD,Texas,31.827233,-99.423022,3,Midnight
Other impacts,1981:08:SP:G4971,0,0,6000,0,0,0,0,JEFFERSON,1:30,1981,1981,"H601,H212,","SP,",7,"H6,H2,","H,",YARD,Texas,31.827233,-99.423022,1,Midnight
Derailments,1981:09:ATSF:230981103,0,0,1100,9329,0,0,0,GALVESTON,18:00,1981,1981,"T399,E69C,","ATSF,",7,"T3,E6,","T,E,",YARD,Texas,31.827233,-99.423022,18,Evening
Derailments,1981:08:SP:X8351,0,0,3500,10000,0,0,0,NUECES,4:45,1981,1981,"T102,","SP,",1,"T1,","T,",MAIN,Texas,31.827233,-99.423022,4,Midnight
Derailments,1981:10:SP:Y4551,0,0,4552,2150,0,0,0,ANGELINA,2:00,1981,1982,"H503,","SP,",7,"H5,","H,",YARD,Texas,31.827233,-99.423022,2,Midnight
Derailments,1981:09:ATSF:230981101,0,0,1600,12200,0,0,0,JEFFERSON,1:00,1981,1981,"T110,","ATSF,",1,"T1,","T,",YARD,Texas,31.827233,-99.423022,1,Midnight
Derailments,1981:09:MP:81238,0,0,8900,4950,0,0,0,ORANGE,1:40,1981,1981,"E64C,T311,","MP,",1,"E6,T3,","E,T,",MAIN,Texas,31.827233,-99.423022,1,Midnight
Derailments,1981:10:MP:81266,0,0,15500,183000,0,0,0,ROBERTSON,24:40:00,1981,1982,"T211,","MP,",1,"T2,","T,",MAIN,Texas,31.827233,-99.423022,24,Midnight
Derailments,1981:09:MKT:AX79S,0,0,7000,86000,0,0,0,FAYETTE,2:50,1981,1981,"T220,","MKT,",1,"T2,","T,",MAIN,Texas,31.827233,-99.423022,2,Midnight
Derailments,1981:08:SP:S8931,0,0,828,3500,0,0,0,EL PASO,17:30,1981,1981,"T002,E46C,","SP,",7,"T0,E4,","T,E,",YARD,Texas,31.827233,-99.423022,17,Evening
Derailments,1981:09:SP:V0641,0,0,26000,250,0,0,0,WILLIAMSON,24:15:00,1981,1981,"T102,","SP,",1,"T1,","T,",MAIN,Texas,31.827233,-99.423022,24,Midnight
Derailments,1981:09:SP:Y1391,0,0,3200,2600,0,0,0,JACKSON,24:55:00,1981,1981,"T318,","SP,",1,"T3,","T,",YARD,Texas,31.827233,-99.423022,24,Midnight
Derailments,1981:08:SP:S9001,0,0,7975,5250,0,0,0,EL PASO,19:03,1981,1981,"T110,","SP,",7,"T1,","T,",YARD,Texas,31.827233,-99.423022,19,Evening
Derailments,1981:08:OKT:AX24,0,0,2262,2400,0,0,0,DALLAS,17:30,1981,1981,"T220,","OKT,",1,"T2,","T,",YARD,Texas,31.827233,-99.423022,17,Evening
Derailments,1981:10:ATSF:231081103,0,0,1000,10600,0,0,0,JEFFERSON,2:15,1981,1982,"T110,","ATSF,",7,"T1,","T,",YARD,Texas,31.827233,-99.423022,2,Midnight
Derailments,1981:08:PTRA:AUGUST1,0,0,745,4000,0,0,0,HARRIS,4:15,1981,1981,"E30C,","PTRA,",7,"E3,","E,",YARD,Texas,31.827233,-99.423022,4,Midnight
Derailments,1981:10:ATSF:221081102,0,0,12000,4000,0,0,0,COOKE,3:00,1981,1982,"T002,","ATSF,",1,"T0,","T,",MAIN,Texas,31.827233,-99.423022,3,Midnight
Derailments,1981:08:SP:X8421,0,0,10000,11025,0,0,0,HARRIS,22:00,1981,1981,"T202,","SP,",1,"T2,","T,",YARD,Texas,31.827233,-99.423022,22,Evening
Head on collision,1981:09:ATSF:220981102,0,2,15800,801350,0,0,0,TAYLOR,3:30,1981,1981,"H404,","ATSF,",1,"H4,","H,",MAIN,Texas,31.827233,-99.423022,3,Midnight
Derailments,1981:08:SSW:K8341,0,0,24000,11800,0,0,0,UPSHUR,1:15,1981,1981,"H999,","SSW,",1,"H9,","H,",SIDING,Texas,31.827233,-99.423022,1,Midnight
Derailments,1981:08:SSW:K8521,0,0,5000,1050,0,0,0,CHEROKEE,17:20,1981,1981,"T315,","SSW,",1,"T3,","T,",YARD,Texas,31.827233,-99.423022,17,Evening
Other impacts,1981:08:SP:G4611,0,0,18000,0,0,0,0,JEFFERSON,21:30,1981,1981,"H312,H505,","SP,",7,"H3,H5,","H,",YARD,Texas,31.827233,-99.423022,21,Evening
Derailments,1981:08:SP:G3951,0,0,8800,7500,0,0,0,JEFFERSON,1:30,1981,1981,"T102,","SP,",1,"T1,","T,",MAIN,Texas,31.827233,-99.423022,1,Midnight
Derailments,1981:08:OKT:AX19,0,0,1190,7100,0,0,0,DALLAS,2:20,1981,1981,"T399,T314,","LA,OKT,",51,"T3,","T,",MAIN,Texas,31.827233,-99.423022,2,Midnight
Derailments,1981:08:SP:U8761,0,0,6000,1800,0,0,0,HUDSPETH,1:40,1981,1981,"E60C,","SP,",1,"E6,","E,",MAIN,Texas,31.827233,-99.423022,1,Midnight
Other impacts,1981:08:MKT:AX75S,0,0,1500,6000,0,0,0,MCLENNAN,22:15,1981,1981,"H018,","MKT,",7,"H0,","H,",YARD,Texas,31.827233,-99.423022,22,Evening
Other impacts,1981:10:ATSF:231081106,0,8,0,9429,0,0,0,MCLENNAN,24:15:00,1981,1982,"H404,","ATSF,",61,"H4,","H,",MAIN,Texas,31.827233,-99.423022,24,Midnight
Derailments,1981:09:SP:Y2391,0,2,1350,24150,0,0,0,FORT BEND,24:25:00,1981,1981,"T221,","SP,",1,"T2,","T,",MAIN,Texas,31.827233,-99.423022,24,Midnight
Derailments,1981:08:SP:U8831,0,0,42800,3000,0,0,0,TRAVIS,20:45,1981,1981,"M405,","SP,",1,"M4,","M,",MAIN,Texas,31.827233,-99.423022,20,Evening
Derailments,1981:09:SP:Y1521,0,0,2500,0,0,0,0,GALVESTON,4:25,1981,1981,"M599,","SP,",NA,"M5,","M,",MAIN,Texas,31.827233,-99.423022,4,Midnight
Derailments,1981:08:SP:U8781,0,0,21000,19600,0,0,0,NAVARRO,19:00,1981,1981,"T102,","SP,",1,"T1,","T,",MAIN,Texas,31.827233,-99.423022,19,Evening
Derailments,1981:09:PTRA:SEPT1,0,0,2618,4800,0,0,0,HARRIS,21:40,1981,1981,"H602,","PTRA,",7,"H6,","H,",YARD,Texas,31.827233,-99.423022,21,Evening
Derailments,1981:08:SP:X8431,0,0,9000,5500,0,0,0,NUECES,2:35,1981,1981,"T101,","SP,",1,"T1,","T,",MAIN,Texas,31.827233,-99.423022,2,Midnight
Fire/violent rupture,1981:09:SSW:L0231,0,0,0,4900,0,0,0,SMITH,1:15,1981,1981,"E06C,","SSW,",1,"E0,","E,",MAIN,Texas,31.827233,-99.423022,1,Midnight
Derailments,1981:09:SSW:K9541,0,0,12000,333100,0,0,0,HENDERSON,20:40,1981,1981,"E39C,","SSW,",1,"E3,","E,",MAIN,Texas,31.827233,-99.423022,20,Evening
Derailments,1981:08:SP:S8521,0,0,600,10000,0,0,0,EL PASO,22:10,1981,1981,"E00C,","SP,",1,"E0,","E,",MAIN,Texas,31.827233,-99.423022,22,Evening
Side collision,1981:11:MKT:AX86S,0,0,300,6750,0,0,0,MCLENNAN,1:30,1981,1982,"H018,H702,","MKT,",17,"H0,H7,H0,H7,","H,",YARD,Texas,31.827233,-99.423022,1,Midnight
Derailments,1981:10:SP:G7741,0,0,32200,2500,0,0,0,LIBERTY,2:00,1981,1982,"E53C,","SP,",1,"E5,","E,",MAIN,Texas,31.827233,-99.423022,2,Midnight
Side collision,1981:12:MP:81294,0,0,0,10000,3,0,0,HARRIS,1:45,1981,1982,"H401,","MP,",81,"H4,","H,",YARD,Texas,31.827233,-99.423022,1,Midnight
Highway-rail impact,1981:11:MKT:XA141S,0,1,1100,13500,1,0,0,BASTROP,2:55,1981,1982,"M399,","MKT,",1,"M3,","M,",MAIN,Texas,31.827233,-99.423022,2,Midnight
Derailments,1981:12:SP:Y9771,0,0,750,18150,0,0,0,HARRIS,3:20,1981,1982,"H702,","SP,",7,"H7,","H,",YARD,Texas,31.827233,-99.423022,3,Midnight
Other impacts,1981:11:SP:V2501,0,0,900,4800,0,0,0,MAVERICK,20:15,1981,1982,"H312,T001,","SP,",7,"H3,T0,","H,T,",YARD,Texas,31.827233,-99.423022,20,Evening
Derailments,1981:11:ATSF:201181104,0,0,41000,8400,0,0,0,LIPSCOMB,23:20,1981,1982,"T101,","ATSF,",1,"T1,","T,",MAIN,Texas,31.827233,-99.423022,23,Evening
Derailments,1981:11:LA:331578,0,0,4500,1000,0,0,0,CASS,19:45,1981,1982,"H503,","LA,",1,"H5,","H,",YARD,Texas,31.827233,-99.423022,19,Evening
Derailments,1981:11:SP:V2631,0,0,1275,3200,0,0,0,DALLAS,17:15,1981,1982,"E26C,","MP,SP,",7,"E2,","E,",YARD,Texas,31.827233,-99.423022,17,Evening
Derailments,1981:12:SP:V3881,0,0,8100,0,0,0,0,TRAVIS,18:20,1981,1982,"T110,","SP,",7,"T1,","T,",YARD,Texas,31.827233,-99.423022,18,Evening
Derailments,1981:09:OKT:AX21,0,0,53500,43300,0,0,0,TARRANT,17:10,1981,1981,"T103,E64C,","FWD,OKT,",1,"T1,E6,","T,E,",MAIN,Texas,31.827233,-99.423022,17,Evening
Highway-rail impact,1981:10:SP:Y6091,0,0,0,6000,0,0,0,HARRIS,24:20:00,1981,1982,"M399,","SP,",1,"M3,","M,",MAIN,Texas,31.827233,-99.423022,24,Midnight
Derailments,1981:11:SP:V2251,0,0,10000,3000,0,0,0,BURNET,20:00,1981,1982,"T106,","SP,",1,"T1,","T,",MAIN,Texas,31.827233,-99.423022,20,Evening
Derailments,1981:12:SP:V3721,0,0,7900,10800,0,0,0,BURNET,18:40,1981,1982,"T221,","SP,",1,"T2,","T,",MAIN,Texas,31.827233,-99.423022,18,Evening
Derailments,1981:10:SP:V1811,0,4,4989,2000,0,0,0,DALLAS,17:10,1981,1982,"M501,","ATK,SP,",22,"M5,","M,",MAIN,Texas,31.827233,-99.423022,17,Evening
Derailments,1981:11:HBT:AX2K81,0,2,869,7400,1,1,0,HARRIS,2:00,1981,1982,"T210,T202,","ATSF,HBT,",1,"T2,","T,",YARD,Texas,31.827233,-99.423022,2,Midnight
Derailments,1981:10:SP:T1301,0,0,0,16300,0,0,0,EL PASO,17:00,1981,1982,"H210,","SP,",7,"H2,","H,",YARD,Texas,31.827233,-99.423022,17,Evening
Derailments,1981:11:MP:81281,0,0,3000,4000,0,0,0,HOWARD,19:40,1981,1982,"T220,","MP,",7,"T2,","T,",YARD,Texas,31.827233,-99.423022,19,Evening
Derailments,1981:10:SP:V1081,0,0,17500,145500,0,0,0,WILLIAMSON,19:30,1981,1982,"T110,","SP,",1,"T1,","T,",MAIN,Texas,31.827233,-99.423022,19,Evening
Derailments,1982:01:BN:FW5,0,0,0,10200,0,0,0,TARRANT,23:00,1982,1982,"H022,","BN,",6,"H0,","H,",INDUSTRY,Texas,31.827233,-99.423022,23,Evening
Raking collision,1981:11:ATSF:221181101,0,0,200,18150,0,0,0,BROWN,18:30,1981,1982,"H306,","ATSF,",78,"H3,","H,",YARD,Texas,31.827233,-99.423022,18,Evening
Derailments,1981:11:SP:V2231,0,0,44090,2100,0,0,0,VAL VERDE,24:18:00,1981,1982,"E52C,","SP,",1,"E5,","E,",MAIN,Texas,31.827233,-99.423022,24,Midnight
Derailments,1981:11:ATSF:201181101,0,0,4500,35000,0,0,0,IRION,20:00,1981,1982,"T215,","ATSF,",1,"T2,","T,",MAIN,Texas,31.827233,-99.423022,20,Evening
Other impacts,1981:10:SP:Y4671,0,0,7500,0,0,0,0,HARRIS,3:00,1981,1982,"E07C,","SP,",1,"E0,","E,",YARD,Texas,31.827233,-99.423022,3,Midnight
Derailments,1981:11:HBT:AX5K81,0,0,750,4500,0,0,0,HARRIS,2:30,1981,1982,"T311,","HBT,",7,"T3,","T,",YARD,Texas,31.827233,-99.423022,2,Midnight
Derailments,1981:10:MP:81269,0,0,3700,39000,0,0,0,HARRISON,24:50:00,1981,1982,"T111,","MP,",7,"T1,","T,",YARD,Texas,31.827233,-99.423022,24,Midnight
Derailments,1981:12:SP:V3741,0,0,11700,400,0,0,0,TRAVIS,22:45,1981,1982,"T110,","SP,",1,"T1,","T,",MAIN,Texas,31.827233,-99.423022,22,Evening
Derailments,1981:10:SSW:L1071,0,0,3900,15000,0,0,0,TITUS,23:55,1981,1982,"M201,","SSW,",1,"M2,","M,",MAIN,Texas,31.827233,-99.423022,23,Evening
Derailments,1981:12:SP:Y9361,0,0,55000,304700,1,1,0,SHELBY,2:00,1981,1982,"T221,","SP,",1,"T2,","T,",MAIN,Texas,31.827233,-99.423022,2,Midnight
Derailments,1981:11:SP:V2241,0,0,6517,2500,0,0,0,BEXAR,21:50,1981,1982,"M201,M204,","SP,",1,"M2,","M,",MAIN,Texas,31.827233,-99.423022,21,Evening
Derailments,1981:11:HBT:AX1K81,0,0,500,17600,0,0,0,HARRIS,22:00,1981,1982,"H303,","HBT,",7,"H3,","H,",YARD,Texas,31.827233,-99.423022,22,Evening
Other impacts,1982:01:ATSF:200182101,0,0,560,185120,20,0,0,CARSON,22:00,1982,1982,"H601,H999,","ATSF,",1,"H6,H9,","H,",MAIN,Texas,31.827233,-99.423022,22,Evening
Highway-rail impact,1981:10:SSW:L1321,0,1,0,6400,0,0,0,BOWIE,4:00,1981,1982,"M399,","SSW,",1,"M3,","M,",MAIN,Texas,31.827233,-99.423022,4,Midnight
Derailments,1982:01:ATSF:230182103,0,0,2000,16900,1,1,0,AUSTIN,23:50,1982,1982,"H503,T103,","ATSF,",1,"H5,T1,","H,T,",YARD,Texas,31.827233,-99.423022,23,Evening
Rear end collision,1981:11:FWD:FW231,0,0,0,108000,0,0,0,ARMSTRONG,4:10,1981,1982,"H702,","FWD,",75,"H7,","H,",SIDING,Texas,31.827233,-99.423022,4,Midnight
Derailments,1981:11:SP:V2191,0,0,10000,0,0,0,0,ROBERTSON,4:00,1981,1982,"T110,","SP,",7,"T1,","T,",YARD,Texas,31.827233,-99.423022,4,Midnight
Derailments,1981:11:LA:331477,0,0,2500,4000,0,0,0,CASS,24:10:00,1981,1982,"T110,E46C,","LA,",1,"T1,E4,","T,E,",YARD,Texas,31.827233,-99.423022,24,Midnight
Side collision,1981:10:MP:81265,0,0,200,7000,0,0,0,HARRIS,1:15,1981,1982,"H305,","MP,",87,"H3,","H,",YARD,Texas,31.827233,-99.423022,1,Midnight
Derailments,1981:12:SSW:L3171,0,0,3000,9200,0,0,0,BOWIE,24:27:00,1981,1982,"H702,","SSW,",1,"H7,","H,",MAIN,Texas,31.827233,-99.423022,24,Midnight
Derailments,1981:12:FWD:FW259,0,0,0,10500,0,0,0,WISE,23:00,1981,1982,"E70L,","FWD,",1,"E7,","E,",MAIN,Texas,31.827233,-99.423022,23,Evening
Derailments,1982:01:ATSF:230182101,0,0,550,14500,0,0,0,HARDIN,4:00,1982,1982,"T222,","ATSF,",57,"T2,","T,",YARD,Texas,31.827233,-99.423022,4,Midnight
Derailments,1981:11:SP:G9751,0,0,11000,800,0,0,0,JEFFERSON,24:01:00,1981,1982,"T102,","SP,",1,"T1,","T,",MAIN,Texas,31.827233,-99.423022,24,Midnight
Derailments,1981:12:SP:V3691,0,0,11550,10100,0,0,0,BASTROP,4:50,1981,1982,"T101,","SP,",1,"T1,","T,",MAIN,Texas,31.827233,-99.423022,4,Midnight
Derailments,1981:10:TM:8666,0,0,15000,150,0,0,0,WEBB,19:00,1981,1982,"M599,","TM,",7,"M5,","M,",YARD,Texas,31.827233,-99.423022,19,Evening
Derailments,1981:12:MP:81308,0,0,500,3300,0,0,0,GREGG,21:45,1981,1982,"H525,","MP,",1,"H5,","H,",YARD,Texas,31.827233,-99.423022,21,Evening
Derailments,1982:01:BN:FW8,0,0,900,55000,0,0,0,POTTER,24:25:00,1982,1982,"M405,T106,","BN,",1,"M4,T1,","M,T,",MAIN,Texas,31.827233,-99.423022,24,Midnight
Derailments,1981:10:SP:V1041,0,0,8100,66000,4,0,0,GRAYSON,20:50,1981,1982,"H503,H505,","BN,SP,",1,"H5,","H,",MAIN,Texas,31.827233,-99.423022,20,Evening
Side collision,1981:12:MKT:AX91S,0,0,0,7500,0,0,0,BASTROP,20:45,1981,1982,"H306,","MKT,",61,"H3,","H,",YARD,Texas,31.827233,-99.423022,20,Evening
Fire/violent rupture,1981:11:SP:Y7111,0,2,0,7000,0,0,0,HARRIS,21:15,1981,1982,"M599,","SP,",1,"M5,","M,",MAIN,Texas,31.827233,-99.423022,21,Evening
Derailments,1982:02:ATSF:230282101,0,0,12100,17200,1,1,0,AUSTIN,4:35,1982,1982,"E52C,","ATSF,",1,"E5,","E,",MAIN,Texas,31.827233,-99.423022,4,Midnight
Derailments,1981:10:SP:V1031,0,0,98800,251100,0,0,0,EL PASO,1:30,1981,1982,"E30C,","SP,",1,"E3,","E,",MAIN,Texas,31.827233,-99.423022,1,Midnight
Derailments,1981:10:SP:V1631,0,0,8000,750,0,0,0,ELLIS,22:25,1981,1982,"T110,","SP,",1,"T1,","T,",YARD,Texas,31.827233,-99.423022,22,Evening
Derailments,1981:12:TCT:122081,0,0,9600,500,0,0,0,GALVESTON,4:10,1981,1982,"T110,","MKT,TCT,",1,"T1,","T,",YARD,Texas,31.827233,-99.423022,4,Midnight
Derailments,1981:10:SSW:L1161,0,0,27500,357325,0,0,0,COLLIN,1:50,1981,1982,"T315,","SSW,",61,"T3,","T,",MAIN,Texas,31.827233,-99.423022,1,Midnight
Derailments,1981:11:SP:Y8531,0,0,1250,3700,0,0,0,CAMERON,19:30,1981,1982,"T202,","SP,",7,"T2,","T,",INDUSTRY,Texas,31.827233,-99.423022,19,Evening
Derailments,1981:10:SP:Y4411,0,0,3500,4800,8,2,0,HARRIS,1:40,1981,1982,"M409,","SP,",1,"M4,","M,",YARD,Texas,31.827233,-99.423022,1,Midnight
Derailments,1981:11:SP:T2431,0,0,500,7050,15,0,0,EL PASO,3:00,1981,1982,"H018,","SP,",7,"H0,","H,",YARD,Texas,31.827233,-99.423022,3,Midnight
Derailments,1981:12:SP:Y9661,0,0,15000,150200,0,0,0,VICTORIA,3:35,1981,1982,"E40C,","SP,",1,"E4,","E,",MAIN,Texas,31.827233,-99.423022,3,Midnight
Other impacts,1981:12:ATSF:231281105,0,0,0,5100,0,0,0,HARRIS,21:20,1981,1982,"H306,","ATSF,",7,"H3,","H,",YARD,Texas,31.827233,-99.423022,21,Evening
Derailments,1981:12:LA:336864,0,0,1921,10000,0,0,0,MARION,3:50,1981,1982,"H503,","LA,",1,"H5,","H,",SIDING,Texas,31.827233,-99.423022,3,Midnight
Derailments,1981:11:MP:81280,0,0,2400,29700,0,0,0,EASTLAND,24:20:00,1981,1982,"E49C,","MP,",1,"E4,","E,",MAIN,Texas,31.827233,-99.423022,24,Midnight
Side collision,1981:11:MKT:AX88S,0,0,1350,13500,0,0,0,MCLENNAN,23:15,1981,1982,"H702,","MKT,",16,"H7,","H,",YARD,Texas,31.827233,-99.423022,23,Evening
Derailments,1981:11:MKT:AX87S,0,0,14500,28350,0,0,0,BASTROP,18:30,1981,1982,"T101,","MKT,",1,"T1,","T,",MAIN,Texas,31.827233,-99.423022,18,Evening
Derailments,1981:12:SP:H1221,0,0,33400,176000,1,1,1,JEFFERSON,24:55:00,1981,1982,"T202,","SP,",1,"T2,","T,",MAIN,Texas,31.827233,-99.423022,24,Midnight
Derailments,1981:11:SP:V2301,0,1,29400,111250,0,0,0,WILLIAMSON,18:55,1981,1982,"T102,","SP,",1,"T1,","T,",MAIN,Texas,31.827233,-99.423022,18,Evening
Derailments,1981:10:PTRA:OCT1,0,0,6688,374,0,0,0,HARRIS,3:30,1981,1982,"T110,","PTRA,",7,"T1,","T,",INDUSTRY,Texas,31.827233,-99.423022,3,Midnight
Derailments,1981:11:LA:300137,0,0,5000,1500,0,0,0,WOOD,17:05,1981,1982,"H503,","LA,",1,"H5,","H,",YARD,Texas,31.827233,-99.423022,17,Evening
Derailments,1981:11:SP:G9821,0,0,5600,3300,0,0,0,HARRIS,19:00,1981,1982,"H703,","SP,",7,"H7,","H,",YARD,Texas,31.827233,-99.423022,19,Evening
Other impacts,1981:11:ATSF:231181101,0,0,0,18250,0,0,0,LAMPASAS,21:05,1981,1982,"H601,","ATSF,",1,"H6,","H,",MAIN,Texas,31.827233,-99.423022,21,Evening