AccidentType,inckey,Fatalities,Injuries,TrackDamage,EquipmentDamage,HazmatCars,HazmatCarsDerailed,HazmatCarsReleasing,County,DisplayTime,calendar,Fiscal,AccidentCause,RailroadCodes,RAILEQUIPMENT_TYPE,CauseGroup,CauseDiscipline,TYPE_OF_TRACK,StateName,latitude,longitude,hour,cat
Derailments,1982:02:SP:W2572,0,0,16000,0,0,0,0,SAN PATRICIO,3:35,1982,1982,"E64C,","SP,",4,"E6,","E,",MAIN,Texas,31.827233,-99.423022,3,Midnight
Derailments,1982:01:SP:F0422,0,0,1200,13500,0,0,0,JEFFERSON,20:45,1982,1982,"H306,","SP,",1,"H3,","H,",MAIN,Texas,31.827233,-99.423022,20,Evening
Derailments,1982:03:BN:FW104,0,0,3000,21700,0,0,0,TARRANT,22:15,1982,1982,"T110,","BN,",16,"T1,","T,",YARD,Texas,31.827233,-99.423022,22,Evening
Rear end collision,1982:02:MP:82034,0,0,14550,6000,0,0,0,TARRANT,2:25,1982,1982,"H999,","MP,",65,"H9,","H,",YARD,Texas,31.827233,-99.423022,2,Midnight
Derailments,1982:01:SSW:K0012,0,0,5800,600,0,0,0,TITUS,22:00,1982,1982,"E46C,","SSW,",1,"E4,","E,",MAIN,Texas,31.827233,-99.423022,22,Evening
Derailments,1982:01:SP:F0192,0,0,4900,500,0,0,0,JEFFERSON,20:00,1982,1982,"H703,","SP,",7,"H7,","H,",MAIN,Texas,31.827233,-99.423022,20,Evening
Rear end collision,1982:02:MP:82042,0,0,0,60000,0,0,0,WEBB,19:45,1982,1982,"H401,","MP,",8,"H4,","H,",YARD,Texas,31.827233,-99.423022,19,Evening
Derailments,1982:02:SP:W3612,0,0,3300,10150,0,0,0,HARRIS,3:30,1982,1982,"T101,E46C,","SP,",7,"T1,E4,","T,E,",YARD,Texas,31.827233,-99.423022,3,Midnight
Derailments,1982:02:SP:W2392,0,0,8400,0,1,1,0,GRIMES,17:40,1982,1982,"E40C,T102,T101,","MP,SP,",1,"E4,T1,","E,T,",MAIN,Texas,31.827233,-99.423022,17,Evening
Derailments,1982:01:SP:U0032,0,0,17500,83700,0,0,0,TRAVIS,21:05,1982,1982,"T220,","SP,",1,"T2,","T,",MAIN,Texas,31.827233,-99.423022,21,Evening
Derailments,1982:03:ATSF:230382101,0,0,16455,2000,0,0,0,MONTGOMERY,3:15,1982,1982,"E52C,","ATSF,",1,"E5,","E,",MAIN,Texas,31.827233,-99.423022,3,Midnight
Side collision,1982:02:HBT:AX2B82,0,0,0,71800,0,0,0,HARRIS,22:00,1982,1982,"H020,H310,","ATSF,HBT,",76,"H0,H3,","H,",YARD,Texas,31.827233,-99.423022,22,Evening
Derailments,1982:02:SSW:K1212,0,0,37000,30650,0,0,0,SMITH,21:25,1982,1982,"E79L,H503,","SSW,",1,"E7,H5,","E,H,",MAIN,Texas,31.827233,-99.423022,21,Evening
Derailments,1982:02:SP:U1162,0,0,14500,53100,0,0,0,TRAVIS,23:55,1982,1982,"T221,","SP,",1,"T2,","T,",MAIN,Texas,31.827233,-99.423022,23,Evening
Derailments,1982:03:LA:326725,0,0,9000,60100,0,0,0,WOOD,4:15,1982,1982,"M599,","LA,",1,"M5,","M,",SIDING,Texas,31.827233,-99.423022,4,Midnight
Derailments,1982:02:SSW:K1382,0,0,9000,10750,0,0,0,BOWIE,4:39,1982,1982,"T309,","SSW,",1,"T3,","T,",MAIN,Texas,31.827233,-99.423022,4,Midnight
Derailments,1982:02:SP:U1432,0,0,16500,149050,0,0,0,BASTROP,4:50,1982,1982,"T220,","SP,",1,"T2,","T,",MAIN,Texas,31.827233,-99.423022,4,Midnight
Derailments,1982:02:SP:W2292,0,0,6000,1500,0,0,0,HARRIS,2:30,1982,1982,"T212,","SP,",7,"T2,","T,",YARD,Texas,31.827233,-99.423022,2,Midnight
Derailments,1982:02:LA:331555,0,0,0,4000,0,0,0,CASS,23:00,1982,1982,"H312,","LA,",1,"H3,","H,",YARD,Texas,31.827233,-99.423022,23,Evening
Derailments,1982:02:SP:W2422,0,0,0,25000,2,0,0,HARRIS,17:45,1982,1982,"H025,","SP,",7,"H0,","H,",YARD,Texas,31.827233,-99.423022,17,Evening
Obstruction impact,1982:03:MP:66402T1057,0,3,9000,526000,5,0,0,ATASCOSA,22:30,1982,1982,"M404,","MP,",1,"M4,","M,",MAIN,Texas,31.827233,-99.423022,22,Evening
Derailments,1982:01:SP:W0182,0,0,3800,50000,0,0,0,HARRIS,17:35,1982,1982,"E46L,M405,","SP,",1,"E4,M4,","E,M,",MAIN,Texas,31.827233,-99.423022,17,Evening
Derailments,1982:01:SP:W0982,0,0,6000,97000,0,0,0,HARRIS,21:10,1982,1982,"T106,","SP,",1,"T1,","T,",MAIN,Texas,31.827233,-99.423022,21,Evening
Derailments,1982:01:HBT:AX1A82,0,0,150,5600,0,0,0,HARRIS,17:55,1982,1982,"T311,","HBT,",7,"T3,","T,",YARD,Texas,31.827233,-99.423022,17,Evening
Derailments,1982:01:SP:W0012,0,0,14000,100,0,0,0,HARRIS,1:40,1982,1982,"E46C,","SP,",1,"E4,","E,",YARD,Texas,31.827233,-99.423022,1,Midnight
Derailments,1982:01:SSW:K0192,0,0,30000,54200,0,0,0,TITUS,2:20,1982,1982,"T106,","SSW,",1,"T1,","T,",MAIN,Texas,31.827233,-99.423022,2,Midnight
Side collision,1982:02:KCS:336827,0,2,200,84500,0,0,0,BOWIE,1:10,1982,1982,"H204,H401,","KCS,MP,",11,"H2,H4,","H,",MAIN,Texas,31.827233,-99.423022,1,Midnight
Derailments,1982:02:ATSF:230282102,0,0,625,14500,0,0,0,GALVESTON,1:30,1982,1982,"H601,H312,","ATSF,",7,"H6,H3,","H,",YARD,Texas,31.827233,-99.423022,1,Midnight
Side collision,1982:01:MP:82018,0,0,2000,77100,14,0,0,DALLAS,4:14,1982,1982,"H702,","MP,",71,"H7,","H,",MAIN,Texas,31.827233,-99.423022,4,Midnight
Derailments,1982:01:GHH:756,0,0,10571,85500,8,0,0,GALVESTON,4:12,1982,1982,"H703,","GHH,MP,",1,"H7,","H,",MAIN,Texas,31.827233,-99.423022,4,Midnight
Derailments,1982:01:SP:S0672,0,0,140,12000,1,0,0,EL PASO,3:10,1982,1982,"H020,","SP,",7,"H0,","H,",YARD,Texas,31.827233,-99.423022,3,Midnight
Side collision,1982:02:MKT:AX9N,0,0,1914,56000,0,0,0,MCLENNAN,18:30,1982,1982,"H018,","MKT,",86,"H0,","H,",MAIN,Texas,31.827233,-99.423022,18,Evening
Other impacts,1982:01:SP:W0322,0,0,0,13000,0,0,0,HARRIS,17:30,1982,1982,"H306,","SP,",7,"H3,","H,",YARD,Texas,31.827233,-99.423022,17,Evening
Derailments,1982:03:ATSF:220382101,0,0,10000,2700,3,3,0,BROWN,2:50,1982,1982,"T102,","ATSF,",1,"T1,","T,",YARD,Texas,31.827233,-99.423022,2,Midnight
Derailments,1982:01:SP:W1572,0,0,800,15300,0,0,0,HARRIS,23:30,1982,1982,"H503,","SP,",7,"H5,","H,",YARD,Texas,31.827233,-99.423022,23,Evening
Derailments,1982:03:MKT:AX16S,0,0,3000,5000,0,0,0,HARRIS,20:20,1982,1982,"H702,M503,","MKT,",1,"H7,M5,","H,M,",MAIN,Texas,31.827233,-99.423022,20,Evening
Other impacts,1982:02:SP:F2442,0,0,0,8000,0,0,0,JEFFERSON,1:00,1982,1982,"H018,","SP,",7,"H0,","H,",YARD,Texas,31.827233,-99.423022,1,Midnight
Derailments,1982:02:ATSF:230282110,0,0,300,6800,0,0,0,MILAM,1:35,1982,1982,"E32C,","ATSF,",1,"E3,","E,",MAIN,Texas,31.827233,-99.423022,1,Midnight
Derailments,1982:01:MKT:AX2S,0,0,4600,56200,0,0,0,FAYETTE,4:00,1982,1982,"T220,","MKT,",1,"T2,","T,",MAIN,Texas,31.827233,-99.423022,4,Midnight
Derailments,1982:02:ATSF:230282103,0,0,5200,1230,0,0,0,MILAM,4:10,1982,1982,"T314,H503,","ATSF,",1,"T3,H5,","T,H,",MAIN,Texas,31.827233,-99.423022,4,Midnight
Derailments,1982:01:LA:331535,0,0,4000,2000,0,0,0,MARION,18:40,1982,1982,"T110,","LA,",1,"T1,","T,",YARD,Texas,31.827233,-99.423022,18,Evening
Derailments,1982:02:SP:U1142,0,0,16800,146400,0,0,0,WILLIAMSON,21:00,1982,1982,"T110,","SP,",1,"T1,","T,",MAIN,Texas,31.827233,-99.423022,21,Evening
Side collision,1982:02:HBT:AX5B82,0,0,0,16800,0,0,0,HARRIS,21:30,1982,1982,"H301,","HBT,",67,"H3,","H,",YARD,Texas,31.827233,-99.423022,21,Evening
Side collision,1982:02:MP:82045,0,0,0,4900,1,0,0,BEXAR,23:00,1982,1982,"H018,","MP,",16,"H0,","H,",YARD,Texas,31.827233,-99.423022,23,Evening
Derailments,1982:04:PTRA:APR031982,0,0,50,3729,0,0,0,HARRIS,1:55,1982,1982,"E64C,","PTRA,",7,"E6,","E,",YARD,Texas,31.827233,-99.423022,1,Midnight
Derailments,1982:05:PTRA:MAY0182,0,0,6778,6000,0,0,0,HARRIS,17:25,1982,1982,"T399,","PTRA,",7,"T3,","T,",YARD,Texas,31.827233,-99.423022,17,Evening
Derailments,1982:03:SP:W4542,0,0,5000,1000,0,0,0,COLORADO,17:45,1982,1982,"H702,","SP,",7,"H7,","H,",SIDING,Texas,31.827233,-99.423022,17,Evening
Derailments,1982:03:SSW:K2172,0,0,5200,3200,0,0,0,NAVARRO,23:45,1982,1982,"H702,","SSW,",51,"H7,","H,",YARD,Texas,31.827233,-99.423022,23,Evening
Side collision,1982:05:HBT:AX1E82,0,0,25,3850,0,0,0,HARRIS,20:10,1982,1982,"E39C,H306,","ATSF,HBT,",17,"E3,H3,","E,H,",MAIN,Texas,31.827233,-99.423022,20,Evening
Side collision,1982:05:MKT:AX27S,0,0,500,17600,0,0,0,GRAYSON,19:40,1982,1982,"H306,","MKT,",7,"H3,","H,",YARD,Texas,31.827233,-99.423022,19,Evening
Derailments,1982:05:MKT:AX28S,0,0,3274,1600,0,0,0,GRAYSON,17:55,1982,1982,"T311,","MKT,",7,"T3,","T,",YARD,Texas,31.827233,-99.423022,17,Evening
Raking collision,1982:04:ATSF:200482103,0,0,0,13900,0,0,0,POTTER,4:20,1982,1982,"H702,H302,","ATSF,",85,"H7,H3,H7,H3,","H,",YARD,Texas,31.827233,-99.423022,4,Midnight
Highway-rail impact,1982:04:ATSF:200482101,0,0,4250,4350,0,0,0,GRAY,2:35,1982,1982,"M503,M399,","ATSF,",1,"M5,M3,","M,",MAIN,Texas,31.827233,-99.423022,2,Midnight
Side collision,1982:04:MP:82080,0,0,0,18500,0,0,0,PALO PINTO,20:30,1982,1982,"H302,","MP,",75,"H3,","H,",MAIN,Texas,31.827233,-99.423022,20,Evening
Derailments,1982:04:SP:W7552,0,0,1500,8000,0,0,0,HARRIS,19:15,1982,1982,"H704,","SP,",7,"H7,","H,",YARD,Texas,31.827233,-99.423022,19,Evening
Derailments,1982:02:SP:W2402,0,0,17500,5500,0,0,0,FORT BEND,20:10,1982,1982,"T110,","SP,",1,"T1,","T,",SIDING,Texas,31.827233,-99.423022,20,Evening
Derailments,1982:05:BN:TU191,0,0,500,7500,0,0,0,DALLAS,3:55,1982,1982,"T002,T001,","BN,",1,"T0,","T,",YARD,Texas,31.827233,-99.423022,3,Midnight
Side collision,1982:03:MKT:AX20S,0,0,0,20100,0,0,0,GRAYSON,1:00,1982,1982,"H302,","MKT,",67,"H3,","H,",YARD,Texas,31.827233,-99.423022,1,Midnight
Obstruction impact,1982:03:PTRA:MAR02,0,0,121,200000,0,0,0,HARRIS,18:30,1982,1982,"H702,M501,","PTRA,",7,"H7,M5,","H,M,",SIDING,Texas,31.827233,-99.423022,18,Evening
Derailments,1982:03:SP:U2412,0,0,8000,0,0,0,0,TRAVIS,24:20:00,1982,1982,"H503,","SP,",NA,"H5,","H,",YARD,Texas,31.827233,-99.423022,24,Midnight
Other impacts,1982:04:SP:U3712,0,0,4500,0,0,0,0,BEXAR,3:40,1982,1982,"H699,","SP,",7,"H6,","H,",MAIN,Texas,31.827233,-99.423022,3,Midnight
Other impacts,1982:05:ATSF:230582103,0,0,32900,0,2,0,0,BURLESON,1:15,1982,1982,"M201,","ATSF,",1,"M2,","M,",MAIN,Texas,31.827233,-99.423022,1,Midnight
Derailments,1982:05:MP:82099,0,0,37000,14600,0,0,0,TARRANT,24:20:00,1982,1982,"T221,","MP,",1,"T2,","T,",YARD,Texas,31.827233,-99.423022,24,Midnight
Side collision,1982:05:MP:82095,0,0,0,8500,0,0,0,JEFFERSON,3:30,1982,1982,"H018,","MP,",75,"H0,","H,",YARD,Texas,31.827233,-99.423022,3,Midnight
Derailments,1982:05:ATSF:230582104,0,0,25000,400,0,0,0,MCCULLOCH,21:35,1982,1982,"H699,","ATSF,",1,"H6,","H,",MAIN,Texas,31.827233,-99.423022,21,Evening
Derailments,1992:03:SP:G0962,0,0,7500,12000,0,0,0,CAMERON,17:15,1992,1992,"T109,","SP,",1,"T1,","T,",MAIN,Texas,31.827233,-99.423022,17,Evening
Derailments,1992:01:SP:H0292,0,0,3800,9100,3,0,0,HARRIS,4:30,1992,1992,"H503,","SP,UP,",1,"H5,","H,",MAIN,Texas,31.827233,-99.423022,4,Midnight
Derailments,1983:06:SP:W7273,0,0,3000,2150,0,0,0,HARRIS,17:20,1983,1983,"H999,","SP,",7,"H9,","H,",SIDING,Texas,31.827233,-99.423022,17,Evening
Head on collision,1983:06:MP:66263T0215,0,2,0,5000,0,0,0,ANDERSON,22:00,1983,1983,"H401,","MP,",8,"H4,","H,",YARD,Texas,31.827233,-99.423022,22,Evening
Other impacts,1983:06:MP:83104,0,0,0,7000,4,0,0,BRAZORIA,17:50,1983,1983,"H601,","MP,",6,"H6,","H,",INDUSTRY,Texas,31.827233,-99.423022,17,Evening
Derailments,1983:06:SP:W6973,0,0,8500,0,0,0,0,SAN PATRICIO,17:00,1983,1983,"T113,","SP,",NA,"T1,","T,",MAIN,Texas,31.827233,-99.423022,17,Evening
Derailments,1983:06:SP:W7323,0,0,22000,0,0,0,0,HARRIS,22:10,1983,1983,"T314,","SP,",1,"T3,","T,",MAIN,Texas,31.827233,-99.423022,22,Evening
Derailments,1983:09:MKT:AX38S,0,0,11250,300,0,0,0,TARRANT,19:35,1983,1983,"T303,H503,","MKT,MP,",1,"T3,H5,","T,H,",MAIN,Texas,31.827233,-99.423022,19,Evening
Derailments,1983:06:ATSF:200683104,0,0,400,7050,0,0,0,POTTER,22:40,1983,1983,"T199,","ATSF,BN,",77,"T1,","T,",YARD,Texas,31.827233,-99.423022,22,Evening
Derailments,1983:08:MKT:AX28S,0,0,15341,13270,0,0,0,BEXAR,23:55,1983,1983,"T106,","MKT,",1,"T1,","T,",YARD,Texas,31.827233,-99.423022,23,Evening
Derailments,1983:11:BN:FW502,0,0,300,18494,0,0,0,TARRANT,3:30,1983,1984,"T110,","BN,",7,"T1,","T,",INDUSTRY,Texas,31.827233,-99.423022,3,Midnight
Head on collision,1983:10:BN:FW487,0,6,87000,2140000,0,0,0,DALLAM,22:45,1983,1984,"H702,","BN,",1,"H7,","H,",SIDING,Texas,31.827233,-99.423022,22,Evening
Derailments,1983:08:SP:U5773,0,0,14000,9300,0,0,0,ELLIS,3:15,1983,1983,"E42C,","SP,",1,"E4,","E,",MAIN,Texas,31.827233,-99.423022,3,Midnight
Derailments,1983:09:SRN:833,0,0,2000,12000,0,0,0,JASPER,17:20,1983,1983,"T202,","SRN,",1,"T2,","T,",MAIN,Texas,31.827233,-99.423022,17,Evening
Highway-rail impact,1983:09:SP:X2143,0,0,0,5600,0,0,0,ANGELINA,24:01:00,1983,1983,"M399,","SP,",5,"M3,","M,",MAIN,Texas,31.827233,-99.423022,24,Midnight
Derailments,1983:10:MKT:AX44S,0,0,2300,10900,0,0,0,BASTROP,17:15,1983,1984,"E46C,","MKT,",1,"E4,","E,",YARD,Texas,31.827233,-99.423022,17,Evening
Derailments,1983:09:WRRC:83106,0,0,3200,14800,0,0,0,COMAL,19:40,1983,1983,"T201,H704,H702,","MKT,WRRC,",1,"T2,H7,","T,H,",YARD,Texas,31.827233,-99.423022,19,Evening
Derailments,1983:08:SSW:M3683,0,0,8000,6950,0,0,0,DALLAM,4:30,1983,1983,"T108,H503,","BN,SSW,",1,"T1,H5,","T,H,",YARD,Texas,31.827233,-99.423022,4,Midnight
Side collision,1983:10:PTRA:OCT0183,0,0,300,18800,0,0,0,HARRIS,1:10,1983,1984,"H018,","PTRA,",76,"H0,","H,",YARD,Texas,31.827233,-99.423022,1,Midnight
Derailments,1983:09:SP:X2413,0,0,12800,350,0,0,0,HARRIS,17:00,1983,1983,"E07C,","SP,",7,"E0,","E,",YARD,Texas,31.827233,-99.423022,17,Evening
Derailments,1983:09:SP:X1453,0,0,2500,5350,0,0,0,HARRIS,22:00,1983,1983,"M503,","SP,",1,"M5,","M,",MAIN,Texas,31.827233,-99.423022,22,Evening
Derailments,1983:11:ATSF:231183102,0,0,17000,37350,0,0,0,HILL,3:00,1983,1984,"E07C,","ATSF,",1,"E0,","E,",MAIN,Texas,31.827233,-99.423022,3,Midnight
Raking collision,1983:10:HBT:AX1J83,0,0,0,5620,0,0,0,HARRIS,17:40,1983,1984,"H302,","HBT,",67,"H3,","H,",YARD,Texas,31.827233,-99.423022,17,Evening
Broken train collision,1983:11:MKT:AX58S,0,0,4700,40300,0,0,0,GRAYSON,18:00,1983,1984,"E31C,H099,","MKT,",7,"E3,H0,","E,H,",YARD,Texas,31.827233,-99.423022,18,Evening
Derailments,1983:11:SP:X5273,0,0,2000,9500,0,0,0,HARRIS,21:00,1983,1984,"T111,","SP,",7,"T1,","T,",YARD,Texas,31.827233,-99.423022,21,Evening
Derailments,1983:10:SP:S7143,0,0,15447,7500,8,0,0,EL PASO,17:05,1983,1984,"E40C,","SP,",1,"E4,","E,",YARD,Texas,31.827233,-99.423022,17,Evening
Broken train collision,1983:11:MKT:AX64S,0,0,1850,29200,0,0,0,ELLIS,24:45:00,1983,1984,"E35C,","MKT,",1,"E3,","E,",MAIN,Texas,31.827233,-99.423022,24,Midnight
Derailments,1983:09:MKT:AX48S,0,0,6579,0,0,0,0,BEXAR,23:45,1983,1983,"T220,T110,","MKT,SP,",1,"T2,T1,","T,",MAIN,Texas,31.827233,-99.423022,23,Evening
Derailments,1983:08:SP:X1123,0,0,8500,0,0,0,0,BEE,20:35,1983,1983,"E46C,","SP,",1,"E4,","E,",MAIN,Texas,31.827233,-99.423022,20,Evening
Derailments,1983:08:SP:U5703,0,0,24750,1200,0,0,0,BEXAR,22:00,1983,1983,"T101,","SP,",1,"T1,","T,",MAIN,Texas,31.827233,-99.423022,22,Evening
Derailments,1983:09:BN:FW405,0,0,7000,64300,0,0,0,POTTER,1:15,1983,1983,"T202,","BN,",1,"T2,","T,",MAIN,Texas,31.827233,-99.423022,1,Midnight
Derailments,1983:09:ATSF:220983101,0,0,5000,27700,0,0,0,DALLAS,1:10,1983,1983,"T101,","ATSF,",1,"T1,","T,",MAIN,Texas,31.827233,-99.423022,1,Midnight
Derailments,1983:08:SP:X1293,0,0,3000,10000,0,0,0,HARRIS,3:15,1983,1983,"T110,T111,","SP,",1,"T1,","T,",YARD,Texas,31.827233,-99.423022,3,Midnight
Derailments,1983:08:MP:83160,0,0,7000,35600,0,0,0,GREGG,22:35,1983,1983,"H503,","MP,",1,"H5,","H,",MAIN,Texas,31.827233,-99.423022,22,Evening
Derailments,1983:11:MKT:AX52S,0,0,150,5800,0,0,0,GRAYSON,3:00,1983,1984,"H503,E40C,","MKT,",1,"H5,E4,","H,E,",MAIN,Texas,31.827233,-99.423022,3,Midnight
Derailments,1983:08:SSW:M3803,0,0,11788,2700,0,0,0,DALLAM,1:30,1983,1983,"T314,","SSW,",1,"T3,","T,",YARD,Texas,31.827233,-99.423022,1,Midnight
Derailments,1983:09:MP:83176,0,0,300,5200,0,0,0,ORANGE,17:10,1983,1983,"H306,","MP,SP,",7,"H3,","H,",YARD,Texas,31.827233,-99.423022,17,Evening
Derailments,1983:09:BN:FW456,0,0,11000,24400,0,0,0,TARRANT,18:40,1983,1983,"M405,","BN,",7,"M4,","M,",MAIN,Texas,31.827233,-99.423022,18,Evening
Derailments,1983:11:MP:83192,0,0,11500,4950,0,0,0,TRAVIS,2:00,1983,1984,"H704,H403,","MKT,MP,",1,"H7,H4,","H,",MAIN,Texas,31.827233,-99.423022,2,Midnight
Side collision,1983:11:MKT:AX57S,0,0,0,7000,0,0,0,DALLAS,1:00,1983,1984,"H302,","MKT,",67,"H3,","H,",YARD,Texas,31.827233,-99.423022,1,Midnight
Derailments,1983:09:SP:U6683,0,0,2000,11500,0,0,0,TRAVIS,19:20,1983,1983,"T110,","SP,",1,"T1,","T,",YARD,Texas,31.827233,-99.423022,19,Evening
Derailments,1983:10:MP:83189,0,0,2892,17300,0,0,0,ECTOR,19:15,1983,1984,"T102,","MP,",7,"T1,","T,",YARD,Texas,31.827233,-99.423022,19,Evening
Derailments,1983:10:SP:U7353,0,0,7000,900,0,0,0,NAVARRO,22:05,1983,1984,"T222,","SP,SSW,",1,"T2,","T,",MAIN,Texas,31.827233,-99.423022,22,Evening
Derailments,1983:09:SP:X1883,0,0,1500,4250,0,0,0,HARRIS,20:45,1983,1983,"T311,","SP,",7,"T3,","T,",YARD,Texas,31.827233,-99.423022,20,Evening
Derailments,1983:09:SSW:K6073,0,0,4050,1200,0,0,0,NAVARRO,23:00,1983,1983,"T314,","SSW,",7,"T3,","T,",YARD,Texas,31.827233,-99.423022,23,Evening
Broken train collision,1983:08:SP:X0053,0,0,12000,50050,2,1,1,HARRIS,20:15,1983,1983,"E39C,","SP,",7,"E3,","E,",YARD,Texas,31.827233,-99.423022,20,Evening
Derailments,1983:08:SP:X0763,0,0,1500,10000,0,0,0,HARRIS,3:30,1983,1983,"H503,","SP,",7,"H5,","H,",YARD,Texas,31.827233,-99.423022,3,Midnight
Derailments,1983:09:SP:X1473,0,0,10000,8000,0,0,0,HARRIS,2:30,1983,1983,"T311,","SP,",7,"T3,","T,",YARD,Texas,31.827233,-99.423022,2,Midnight
Derailments,1983:08:MP:83151,0,0,30000,36000,0,0,0,ROBERTSON,24:35:00,1983,1983,"E49C,","MP,",1,"E4,","E,",MAIN,Texas,31.827233,-99.423022,24,Midnight
Derailments,1983:10:OKT:AX24OK,0,0,10000,2250,0,0,0,DALLAS,3:20,1983,1984,"T110,H503,","BN,OKT,",1,"T1,H5,","T,H,",MAIN,Texas,31.827233,-99.423022,3,Midnight
Derailments,1983:10:SP:S7123,0,0,6700,1000,0,0,0,EL PASO,22:00,1983,1984,"T212,","SP,",1,"T2,","T,",YARD,Texas,31.827233,-99.423022,22,Evening
Derailments,1983:10:ATSF:231083102,0,0,4200,4100,0,0,0,BELL,1:20,1983,1984,"T110,T222,","ATSF,",1,"T1,T2,","T,",YARD,Texas,31.827233,-99.423022,1,Midnight
Derailments,1983:10:SSW:K7313,0,0,3000,2700,0,0,0,CHEROKEE,17:10,1983,1984,"T202,T110,","SSW,",7,"T2,T1,","T,",YARD,Texas,31.827233,-99.423022,17,Evening
Derailments,1983:08:SP:X0573,0,0,15000,27500,0,0,0,ANGELINA,20:15,1983,1983,"M405,","SP,",1,"M4,","M,",MAIN,Texas,31.827233,-99.423022,20,Evening
Derailments,1983:11:ATSF:231183101,0,0,1200,10300,0,0,0,JEFFERSON,2:35,1983,1984,"E46C,","ATSF,",7,"E4,","E,",INDUSTRY,Texas,31.827233,-99.423022,2,Midnight
Derailments,1983:10:OKT:AX23OK,0,0,11500,6000,0,0,0,DALLAS,19:55,1983,1984,"T110,","BN,OKT,",1,"T1,","T,",MAIN,Texas,31.827233,-99.423022,19,Evening
Derailments,1983:11:MKT:AX67S,0,0,14400,200,0,0,0,TARRANT,2:00,1983,1984,"H505,T303,","MKT,MP,",1,"H5,T3,","H,T,",MAIN,Texas,31.827233,-99.423022,2,Midnight
Derailments,1983:10:SP:G0473,0,0,1200,7000,10,2,0,JEFFERSON,19:00,1983,1984,"T202,","SP,",7,"T2,","T,",INDUSTRY,Texas,31.827233,-99.423022,19,Evening
Derailments,1983:09:SP:X2053,0,0,8000,17900,1,1,0,HARRIS,20:00,1983,1983,"E30C,","SP,",7,"E3,","E,",YARD,Texas,31.827233,-99.423022,20,Evening
Derailments,1983:08:SP:W9913,0,0,200,67500,0,0,0,HARRIS,3:30,1983,1983,"H503,","SP,",7,"H5,","H,",YARD,Texas,31.827233,-99.423022,3,Midnight
Fire/violent rupture,1983:10:SP:U7533,0,0,0,15000,0,0,0,FREESTONE,1:30,1983,1984,"E06C,","SP,",1,"E0,","E,",MAIN,Texas,31.827233,-99.423022,1,Midnight
Derailments,1983:08:MP:83156,0,0,1200,5300,0,0,0,WEBB,23:15,1983,1983,"E46C,","MP,",7,"E4,","E,",YARD,Texas,31.827233,-99.423022,23,Evening
Derailments,1983:12:SP:X6063,0,0,250,4650,0,0,0,HARRIS,17:25,1983,1984,"H505,","SP,",7,"H5,","H,",YARD,Texas,31.827233,-99.423022,17,Evening
Derailments,1984:01:SP:W0504,0,0,3500,8720,0,0,0,GALVESTON,19:30,1984,1984,"T221,T202,","ATSF,SP,",1,"T2,","T,",YARD,Texas,31.827233,-99.423022,19,Evening
Side collision,1983:12:MP:83220,0,0,610,24600,0,0,0,ECTOR,17:00,1983,1984,"H020,","MP,",67,"H0,","H,",YARD,Texas,31.827233,-99.423022,17,Evening
Derailments,1984:01:MKT:AX5S,0,0,3230,27000,0,0,0,DALLAS,24:50:00,1984,1984,"T110,T101,","LA,MKT,",1,"T1,","T,",YARD,Texas,31.827233,-99.423022,24,Midnight
Derailments,1983:12:SP:X6363,0,0,4350,3000,0,0,0,HARRIS,20:40,1983,1984,"E69C,E66C,","SP,",7,"E6,","E,",YARD,Texas,31.827233,-99.423022,20,Evening
Derailments,1983:12:SP:X6313,0,0,85700,213075,0,0,0,FORT BEND,17:15,1983,1984,"E53C,","ATSF,SP,",1,"E5,","E,",MAIN,Texas,31.827233,-99.423022,17,Evening
Derailments,1983:12:SP:U9783,0,0,700,10200,0,0,0,ELLIS,18:00,1983,1984,"T222,","SP,",7,"T2,","T,",YARD,Texas,31.827233,-99.423022,18,Evening
Derailments,1983:12:MKT:AX69S,0,0,4720,3200,0,0,0,DALLAS,17:15,1983,1984,"T108,","MKT,",7,"T1,","T,",YARD,Texas,31.827233,-99.423022,17,Evening
Derailments,1984:01:ATSF:200184101,0,0,33000,97600,0,0,0,PARMER,4:30,1984,1984,"E61C,","ATSF,",1,"E6,","E,",MAIN,Texas,31.827233,-99.423022,4,Midnight
Derailments,1983:12:SP:U9243,0,0,4000,1850,0,0,0,DALLAS,3:15,1983,1984,"T220,","SP,",7,"T2,","T,",YARD,Texas,31.827233,-99.423022,3,Midnight
Derailments,1983:12:MP:83223,0,0,7200,251500,0,0,0,GRIMES,21:25,1983,1984,"H513,","MP,",1,"H5,","H,",MAIN,Texas,31.827233,-99.423022,21,Evening
Derailments,1984:01:ATSF:230184103,0,0,4000,14000,0,0,0,HARDIN,2:15,1984,1984,"T001,T102,","ATSF,",1,"T0,T1,","T,",MAIN,Texas,31.827233,-99.423022,2,Midnight
Derailments,1983:12:SP:U9573,0,0,25000,18850,0,0,0,FAYETTE,4:45,1983,1984,"T310,","SP,",1,"T3,","T,",SIDING,Texas,31.827233,-99.423022,4,Midnight