AccidentType,inckey,Fatalities,Injuries,TrackDamage,EquipmentDamage,HazmatCars,HazmatCarsDerailed,HazmatCarsReleasing,County,DisplayTime,calendar,Fiscal,AccidentCause,RailroadCodes,RAILEQUIPMENT_TYPE,CauseGroup,CauseDiscipline,TYPE_OF_TRACK,StateName,latitude,longitude,hour,cat
Derailments,1984:01:MP:84003,0,0,2500,7900,0,0,0,MARION,18:15,1984,1984,"E64C,","LA,MP,",15,"E6,","E,",YARD,Texas,31.827233,-99.423022,18,Evening
Derailments,1983:12:IPCZ:INDUSTRY,0,0,5500,255000,0,0,0,BOWIE,2:45,1983,1984,"T101,T215,","KCS,",77,"T1,T2,","T,",INDUSTRY,Texas,31.827233,-99.423022,2,Midnight
Derailments,1983:11:SP:X4503,0,0,600,5700,0,0,0,HARRIS,22:32,1983,1984,"T111,","ATK,SP,",22,"T1,","T,",MAIN,Texas,31.827233,-99.423022,22,Evening
Other impacts,1984:01:ATSF:220184101,0,0,10129,0,0,0,0,COMANCHE,20:20,1984,1984,"H702,","ATSF,",1,"H7,","H,",MAIN,Texas,31.827233,-99.423022,20,Evening
Derailments,1983:12:SP:X6263,0,0,4000,80150,0,0,0,POLK,23:50,1983,1984,"T299,","SP,",1,"T2,","T,",MAIN,Texas,31.827233,-99.423022,23,Evening
Derailments,1984:02:BN:FW65,0,0,15000,11000,0,0,0,DALLAM,18:35,1984,1984,"T314,","BN,",1,"T3,","T,",MAIN,Texas,31.827233,-99.423022,18,Evening
Derailments,1983:11:SP:X4753,0,0,32000,13500,3,3,0,HARRIS,17:30,1983,1984,"T314,","SP,",1,"T3,","T,",YARD,Texas,31.827233,-99.423022,17,Evening
Derailments,1983:12:SP:S9003,0,0,41000,48000,0,0,0,EL PASO,18:25,1983,1984,"T314,T222,E46C,","ATK,SP,",22,"T3,T2,E4,","T,E,",YARD,Texas,31.827233,-99.423022,18,Evening
Derailments,1984:01:MKT:AX4S,0,0,0,12000,0,0,0,BASTROP,1:45,1984,1984,"H701,","MKT,",1,"H7,","H,",MAIN,Texas,31.827233,-99.423022,1,Midnight
Derailments,1984:01:SP:U0214,0,0,500,8230,0,0,0,DALLAS,17:50,1984,1984,"H702,","SP,",7,"H7,","H,",YARD,Texas,31.827233,-99.423022,17,Evening
Derailments,1983:12:HBT:AX1L83,0,2,12000,13800,0,0,0,HARRIS,18:45,1983,1984,"E46C,H503,","HBT,MP,",1,"E4,H5,","E,H,",MAIN,Texas,31.827233,-99.423022,18,Evening
Derailments,1984:01:BN:FW0024,0,0,500,4050,0,0,0,TARRANT,1:15,1984,1984,"T110,","BN,",1,"T1,","T,",MAIN,Texas,31.827233,-99.423022,1,Midnight
Other impacts,1983:10:SP:X3613,0,0,0,20100,0,0,0,HARRIS,1:30,1983,1984,"H302,","SP,",7,"H3,","H,",YARD,Texas,31.827233,-99.423022,1,Midnight
Derailments,1984:01:MP:84005,0,0,5800,23000,0,0,0,GREGG,24:40:00,1984,1984,"E24C,","MP,",1,"E2,","E,",MAIN,Texas,31.827233,-99.423022,24,Midnight
Derailments,1983:11:SP:U8183,0,0,20000,1650,0,0,0,DALLAS,23:20,1983,1984,"E79L,E71L,","MP,SP,",1,"E7,","E,",MAIN,Texas,31.827233,-99.423022,23,Evening
Derailments,1983:12:ATSF:201283104,0,0,33378,3000,0,0,0,SCURRY,17:55,1983,1984,"E53C,","ATSF,",1,"E5,","E,",MAIN,Texas,31.827233,-99.423022,17,Evening
Derailments,1984:02:ATSF:220284101,0,0,4800,12150,0,0,0,JOHNSON,18:45,1984,1984,"H505,","ATSF,",7,"H5,","H,",YARD,Texas,31.827233,-99.423022,18,Evening
Derailments,1984:01:SP:W1104,0,0,400,6500,0,0,0,HARRIS,17:15,1984,1984,"T202,","SP,",1,"T2,","T,",YARD,Texas,31.827233,-99.423022,17,Evening
Derailments,1984:02:MKT:AX7S,0,0,2250,13000,0,0,0,TARRANT,21:50,1984,1984,"T220,","MKT,",7,"T2,","T,",YARD,Texas,31.827233,-99.423022,21,Evening
Side collision,1983:12:SP:S9253,0,0,0,5000,7,0,0,EL PASO,24:05:00,1983,1984,"H602,","SP,",71,"H6,","H,",YARD,Texas,31.827233,-99.423022,24,Midnight
Derailments,1984:01:MP:84011,0,0,8000,36200,0,0,0,ORANGE,18:55,1984,1984,"T311,T314,","MP,SP,",7,"T3,","T,",YARD,Texas,31.827233,-99.423022,18,Evening
Derailments,1984:01:ATSF:230184101,0,0,2800,41750,0,0,0,HARDIN,3:15,1984,1984,"H306,H302,","ATSF,",567,"H3,","H,",YARD,Texas,31.827233,-99.423022,3,Midnight
Derailments,1983:12:MP:83224,0,0,500,12200,0,0,0,TARRANT,24:15:00,1983,1984,"T199,","MP,",1,"T1,","T,",YARD,Texas,31.827233,-99.423022,24,Midnight
Derailments,1983:10:SP:X2983,0,0,6000,29950,6,6,0,HARRIS,4:30,1983,1984,"M404,","SP,",1,"M4,","M,",MAIN,Texas,31.827233,-99.423022,4,Midnight
Highway-rail impact,1983:12:BN:FW578,0,1,23750,12000,0,0,0,POTTER,3:03,1983,1984,"M399,","BN,",1,"M3,","M,",MAIN,Texas,31.827233,-99.423022,3,Midnight
Side collision,1983:12:MP:83221,0,0,0,11320,0,0,0,GREGG,3:50,1983,1984,"H099,","MP,",76,"H0,","H,",YARD,Texas,31.827233,-99.423022,3,Midnight
Derailments,1983:11:SRN:834,0,0,3500,25000,0,0,0,ORANGE,18:15,1983,1984,"E35C,","SRN,",1,"E3,","E,",MAIN,Texas,31.827233,-99.423022,18,Evening
Derailments,1984:02:SP:U1144,0,0,3500,49400,0,0,0,KINNEY,23:45,1984,1984,"E52C,","SP,",1,"E5,","E,",MAIN,Texas,31.827233,-99.423022,23,Evening
Side collision,1984:02:SP:W1604,0,0,0,7500,1,0,0,HARRIS,17:50,1984,1984,"H306,","SP,",78,"H3,","H,",YARD,Texas,31.827233,-99.423022,17,Evening
Derailments,1984:03:BN:FW0530,0,0,500,9550,0,0,0,TARRANT,3:10,1984,1984,"H503,","BN,",7,"H5,","H,",YARD,Texas,31.827233,-99.423022,3,Midnight
Derailments,1984:05:ATSF:230584101,0,0,1100,52000,0,0,0,JEFFERSON,17:00,1984,1984,"T110,","ATSF,",1,"T1,","T,",YARD,Texas,31.827233,-99.423022,17,Evening
Obstruction impact,1984:06:SP:U6054,0,0,0,10000,0,0,0,BURLESON,20:30,1984,1984,"M501,","SP,",5,"M5,","M,",INDUSTRY,Texas,31.827233,-99.423022,20,Evening
Side collision,1984:02:SP:W1594,0,0,0,9000,0,0,0,HARRIS,2:48,1984,1984,"H306,","SP,",7,"H3,","H,",YARD,Texas,31.827233,-99.423022,2,Midnight
Derailments,1984:04:SP:F3774,0,0,3500,17500,2,2,0,JEFFERSON,4:30,1984,1984,"T110,T220,","SP,",1,"T1,T2,","T,",YARD,Texas,31.827233,-99.423022,4,Midnight
Derailments,1984:02:SP:U1174,0,0,5400,23450,0,0,0,ELLIS,19:50,1984,1984,"H503,","SP,",1,"H5,","H,",YARD,Texas,31.827233,-99.423022,19,Evening
Derailments,1984:02:SP:U1184,0,0,11000,18300,0,0,0,TARRANT,20:45,1984,1984,"T110,T001,","OKT,SP,",1,"T1,T0,","T,",MAIN,Texas,31.827233,-99.423022,20,Evening
Other impacts,1984:04:MKT:AX37S,0,0,150,33690,0,0,0,GRAYSON,3:30,1984,1984,"E24C,","MKT,",7,"E2,","E,",YARD,Texas,31.827233,-99.423022,3,Midnight
Derailments,1984:05:BN:FW302,0,0,0,12100,0,0,0,KNOX,2:00,1984,1984,"H307,","BN,",16,"H3,","H,",SIDING,Texas,31.827233,-99.423022,2,Midnight
Derailments,1984:04:SP:W5434,0,0,3000,1800,0,0,0,GALVESTON,21:15,1984,1984,"T314,","SP,",7,"T3,","T,",YARD,Texas,31.827233,-99.423022,21,Evening
Derailments,1984:05:SP:W6944,0,0,25000,198000,1,1,0,HOUSTON,3:50,1984,1984,"M405,","SP,",7,"M4,","M,",YARD,Texas,31.827233,-99.423022,3,Midnight
Derailments,1984:04:SP:S4354,0,0,6000,0,0,0,0,EL PASO,17:15,1984,1984,"T110,","SP,",7,"T1,","T,",YARD,Texas,31.827233,-99.423022,17,Evening
Derailments,1984:03:SP:S2664,0,0,65500,32000,1,0,0,EL PASO,3:30,1984,1984,"M405,","SP,",1,"M4,","M,",YARD,Texas,31.827233,-99.423022,3,Midnight
Derailments,1984:02:SP:S1404,0,0,4000,1400,0,0,0,EL PASO,4:30,1984,1984,"H704,","SP,",7,"H7,","H,",YARD,Texas,31.827233,-99.423022,4,Midnight
Derailments,1984:03:SSW:K1984,0,0,2000,22500,0,0,0,UPSHUR,2:47,1984,1984,"M401,","SSW,",1,"M4,","M,",MAIN,Texas,31.827233,-99.423022,2,Midnight
Derailments,1984:04:ATSF:200484101,0,0,36500,25600,0,0,0,SCURRY,3:30,1984,1984,"E53C,","ATSF,",1,"E5,","E,",MAIN,Texas,31.827233,-99.423022,3,Midnight
Derailments,1984:02:SP:U1344,0,0,15000,165700,0,0,0,BREWSTER,17:15,1984,1984,"E05L,","SP,",1,"E0,","E,",MAIN,Texas,31.827233,-99.423022,17,Evening
Derailments,1984:03:SP:W4184,0,0,22450,26000,0,0,0,HARRIS,4:25,1984,1984,"H702,H704,","SP,",7,"H7,","H,",YARD,Texas,31.827233,-99.423022,4,Midnight
Highway-rail impact,1984:04:SP:W5734,0,0,0,6000,0,0,0,HARRIS,23:20,1984,1984,"M399,","SP,",1,"M3,","M,",MAIN,Texas,31.827233,-99.423022,23,Evening
Derailments,1984:02:SP:W2814,0,0,100,26000,0,0,0,HARRIS,1:00,1984,1984,"T207,","SP,",7,"T2,","T,",YARD,Texas,31.827233,-99.423022,1,Midnight
Derailments,1984:02:SP:S1584,0,0,0,7500,10,0,0,EL PASO,1:45,1984,1984,"T110,","SP,",1,"T1,","T,",SIDING,Texas,31.827233,-99.423022,1,Midnight
Derailments,1984:04:SP:U3694,0,0,0,16000,0,0,0,ROBERTSON,20:30,1984,1984,"E52C,","SP,",1,"E5,","E,",MAIN,Texas,31.827233,-99.423022,20,Evening
Derailments,1984:03:SP:W3054,0,0,2000,2700,0,0,0,HARRIS,1:30,1984,1984,"H702,","SP,",1,"H7,","H,",YARD,Texas,31.827233,-99.423022,1,Midnight
Head on collision,1984:03:SP:W3964,0,0,0,18000,46,0,0,HARRIS,24:30:00,1984,1984,"H602,","SP,",1,"H6,","H,",YARD,Texas,31.827233,-99.423022,24,Midnight
Derailments,1984:06:MKT:AX56S,0,0,1900,19000,0,0,0,WICHITA,19:15,1984,1984,"T110,","MKT,",1,"T1,","T,",INDUSTRY,Texas,31.827233,-99.423022,19,Evening
Derailments,1984:03:MKT:AX28S,0,0,3445,1500,0,0,0,DALLAS,17:00,1984,1984,"T110,","MKT,",7,"T1,","T,",YARD,Texas,31.827233,-99.423022,17,Evening
Broken train collision,1984:04:ATSF:220484101,0,0,1000,25000,0,0,0,BROWN,2:00,1984,1984,"E30C,","ATSF,",61,"E3,","E,",MAIN,Texas,31.827233,-99.423022,2,Midnight
Derailments,1984:03:SP:U2634,0,0,0,32500,0,0,0,EL PASO,2:25,1984,1984,"E06C,","SP,",1,"E0,","E,",MAIN,Texas,31.827233,-99.423022,2,Midnight
Derailments,1984:05:SP:W6314,0,0,3000,10615,1,1,0,HARRIS,17:30,1984,1984,"T210,","SP,",1,"T2,","T,",MAIN,Texas,31.827233,-99.423022,17,Evening
Derailments,1984:04:MKT:AX33S,0,0,10000,36000,0,0,0,DALLAS,24:55:00,1984,1984,"T316,T318,","BN,MKT,",1,"T3,","T,",MAIN,Texas,31.827233,-99.423022,24,Midnight
Derailments,1984:02:SP:W2614,0,0,600,6000,0,0,0,ARANSAS,3:45,1984,1984,"T313,","SP,",1,"T3,","T,",INDUSTRY,Texas,31.827233,-99.423022,3,Midnight
Derailments,1984:03:SP:S2454,0,0,29000,250,1,0,0,EL PASO,3:15,1984,1984,"M405,","SP,",1,"M4,","M,",YARD,Texas,31.827233,-99.423022,3,Midnight
Other impacts,1984:02:SP:U1284,0,0,12000,0,0,0,0,TERRELL,4:45,1984,1984,"H702,","SP,",8,"H7,","H,",SIDING,Texas,31.827233,-99.423022,4,Midnight
Fire/violent rupture,1984:02:SP:U1944,0,0,0,35000,0,0,0,EL PASO,1:03,1984,1984,"E06C,","SP,",1,"E0,","E,",MAIN,Texas,31.827233,-99.423022,1,Midnight
Derailments,1984:04:MKT:AX35S,0,0,950,63300,0,0,0,BELL,20:30,1984,1984,"H020,H018,","ATSF,MKT,",7,"H0,","H,",YARD,Texas,31.827233,-99.423022,20,Evening
Highway-rail impact,1984:05:BN:FW149,1,0,5000,0,0,0,0,HARRIS,2:23,1984,1984,"M399,","BN,",1,"M3,","M,",MAIN,Texas,31.827233,-99.423022,2,Midnight
Head on collision,1984:05:ATSF:220584101,0,0,500,9500,0,0,0,DALLAS,19:00,1984,1984,"H018,H021,","ATSF,LA,",51,"H0,","H,",MAIN,Texas,31.827233,-99.423022,19,Evening
Side collision,1984:06:OKT:AX10OK,0,0,650,10626,0,0,0,TARRANT,3:00,1984,1984,"H020,","OKT,",67,"H0,","H,",YARD,Texas,31.827233,-99.423022,3,Midnight
Side collision,1984:06:BN:FW235,0,0,0,12000,0,0,0,TARRANT,1:30,1984,1984,"H307,","BN,",15,"H3,","H,",YARD,Texas,31.827233,-99.423022,1,Midnight
Derailments,1984:07:SP:S7254,0,0,38850,56000,0,0,0,EL PASO,23:00,1984,1984,"E39C,","SP,",1,"E3,","E,",YARD,Texas,31.827233,-99.423022,23,Evening
Derailments,1984:06:SP:W8584,0,0,3000,8500,2,2,0,HARRIS,17:00,1984,1984,"T211,","SP,",1,"T2,","T,",YARD,Texas,31.827233,-99.423022,17,Evening
Derailments,1984:04:SP:W4804,0,0,6000,2000,0,0,0,HARRIS,3:25,1984,1984,"H210,","SP,",7,"H2,","H,",INDUSTRY,Texas,31.827233,-99.423022,3,Midnight
Side collision,1984:06:HBT:AX1F84,0,0,0,18200,0,0,0,HARRIS,18:45,1984,1984,"H301,","HBT,",67,"H3,","H,",YARD,Texas,31.827233,-99.423022,18,Evening
Derailments,1984:05:MP:84078,0,0,0,6500,0,0,0,ORANGE,19:45,1984,1984,"T311,","SP,",75,"T3,","T,",YARD,Texas,31.827233,-99.423022,19,Evening
Derailments,1984:07:SP:S7384,0,0,8000,5000,0,0,0,EL PASO,4:30,1984,1984,"E40C,","SP,",1,"E4,","E,",YARD,Texas,31.827233,-99.423022,4,Midnight
Derailments,1984:08:SP:S8844,0,0,2000,9450,9,0,0,EL PASO,23:20,1984,1984,"T314,E64C,","SP,",7,"T3,E6,","T,E,",YARD,Texas,31.827233,-99.423022,23,Evening
Derailments,1984:06:SP:U5904,0,0,85000,282600,1,0,0,UVALDE,2:15,1984,1984,"M599,","SP,",1,"M5,","M,",MAIN,Texas,31.827233,-99.423022,2,Midnight
Derailments,1984:05:MKT:AX43S,0,0,1500,6500,0,0,0,GRAYSON,2:30,1984,1984,"E64C,","MKT,",1,"E6,","E,",YARD,Texas,31.827233,-99.423022,2,Midnight
Derailments,1984:07:ATSF:230784101,0,0,3500,65000,0,0,0,HARDIN,20:30,1984,1984,"H303,","ATSF,",67,"H3,","H,",YARD,Texas,31.827233,-99.423022,20,Evening
Derailments,1984:05:SP:S4744,0,0,100,30500,0,0,0,EL PASO,2:20,1984,1984,"H602,","SP,",7,"H6,","H,",YARD,Texas,31.827233,-99.423022,2,Midnight
Derailments,1984:07:HBT:AX1G84,0,0,7500,7700,4,0,0,HARRIS,21:40,1984,1984,"T102,","HBT,MP,",1,"T1,","T,",MAIN,Texas,31.827233,-99.423022,21,Evening
Derailments,1984:05:PTRA:MAY0284,0,0,0,5400,0,0,0,HARRIS,2:50,1984,1984,"T311,","PTRA,",7,"T3,","T,",INDUSTRY,Texas,31.827233,-99.423022,2,Midnight
Derailments,1984:05:SP:W7154,0,0,500,5150,0,0,0,HARRIS,24:30:00,1984,1984,"T108,","SP,",7,"T1,","T,",YARD,Texas,31.827233,-99.423022,24,Midnight
Derailments,1984:07:MKT:AX66S,0,0,450,8500,0,0,0,DALLAS,23:30,1984,1984,"H702,","MKT,",7,"H7,","H,",YARD,Texas,31.827233,-99.423022,23,Evening
Derailments,1984:06:MKT:AX57S,0,0,6000,700,0,0,0,MCLENNAN,4:15,1984,1984,"T110,T314,","MKT,",1,"T1,T3,","T,",YARD,Texas,31.827233,-99.423022,4,Midnight
Side collision,1984:09:LA:347041,0,0,566,24000,0,0,0,HUNT,20:10,1984,1984,"E03L,","LA,",17,"E0,","E,",YARD,Texas,31.827233,-99.423022,20,Evening
Raking collision,1984:06:PTRA:JUNE0184,0,0,0,6307,0,0,0,HARRIS,19:30,1984,1984,"H302,","PTRA,",75,"H3,","H,",YARD,Texas,31.827233,-99.423022,19,Evening
Derailments,1984:06:ATSF:230684101,0,0,7300,1000,0,0,0,GALVESTON,24:45:00,1984,1984,"T309,T111,","ATSF,BN,",1,"T3,T1,","T,",YARD,Texas,31.827233,-99.423022,24,Midnight
Derailments,1984:05:SSW:K3644,0,0,3000,2250,0,0,0,SMITH,22:30,1984,1984,"M204,","SSW,",7,"M2,","M,",MAIN,Texas,31.827233,-99.423022,22,Evening
Derailments,1984:04:SP:F3994,0,0,126000,3650,0,0,0,JEFFERSON,3:41,1984,1984,"M201,T106,","SP,",1,"M2,T1,","M,T,",MAIN,Texas,31.827233,-99.423022,3,Midnight
Derailments,1984:07:SP:X0044,0,0,4800,12050,0,0,0,COLORADO,18:45,1984,1984,"T211,","SP,",1,"T2,","T,",SIDING,Texas,31.827233,-99.423022,18,Evening
Derailments,1984:06:MKT:AX53S,0,0,3500,5750,0,0,0,MCLENNAN,19:45,1984,1984,"H702,","MKT,",1,"H7,","H,",YARD,Texas,31.827233,-99.423022,19,Evening
Derailments,1984:07:SP:W9914,0,0,1500,4000,2,2,0,HARRIS,18:40,1984,1984,"T111,","SP,",7,"T1,","T,",YARD,Texas,31.827233,-99.423022,18,Evening
Derailments,1984:06:MKT:AX59S,0,0,4000,27000,0,0,0,GRAYSON,22:15,1984,1984,"T314,","MKT,",1,"T3,","T,",YARD,Texas,31.827233,-99.423022,22,Evening
Derailments,1984:06:BN:FW0195,0,0,500,4850,1,1,0,TARRANT,23:30,1984,1984,"T108,","BN,",1,"T1,","T,",YARD,Texas,31.827233,-99.423022,23,Evening
Side collision,1984:09:ATSF:230984101,0,0,300,12500,0,0,0,JEFFERSON,21:10,1984,1984,"H306,","ATSF,",67,"H3,","H,",MAIN,Texas,31.827233,-99.423022,21,Evening
Derailments,1984:07:MKT:AX73S,0,0,500,18200,0,0,0,BASTROP,17:20,1984,1984,"H702,","MKT,",51,"H7,","H,",YARD,Texas,31.827233,-99.423022,17,Evening
Other impacts,1984:09:SP:X2364,0,2,300,50000,0,0,0,COLORADO,4:00,1984,1984,"H306,","SP,",7,"H3,","H,",YARD,Texas,31.827233,-99.423022,4,Midnight
Derailments,1984:09:BN:FW334,0,0,12000,326000,0,0,0,DONLEY,3:30,1984,1984,"E64L,T314,","BN,",1,"E6,T3,","E,T,",MAIN,Texas,31.827233,-99.423022,3,Midnight
Side collision,1984:06:MP:84106,0,0,900,8900,0,0,0,WILLIAMSON,21:40,1984,1984,"H401,","MP,",61,"H4,","H,",YARD,Texas,31.827233,-99.423022,21,Evening
Derailments,1984:06:SP:U5794,0,0,6500,300,0,0,0,DALLAS,19:15,1984,1984,"T102,","SP,",1,"T1,","T,",MAIN,Texas,31.827233,-99.423022,19,Evening
Derailments,1984:08:ATSF:220884101,0,0,3000,3600,2,1,0,TARRANT,19:15,1984,1984,"E39L,","ATSF,",1,"E3,","E,",MAIN,Texas,31.827233,-99.423022,19,Evening
Other impacts,1984:06:SP:S6134,0,0,10500,0,0,0,0,EL PASO,3:30,1984,1984,"S008,","SP,",7,"S0,","S,",YARD,Texas,31.827233,-99.423022,3,Midnight
Side collision,1984:05:MKT:AX42S,0,0,0,10000,0,0,0,TARRANT,22:15,1984,1984,"H306,","MKT,",67,"H3,","H,",MAIN,Texas,31.827233,-99.423022,22,Evening
Derailments,1984:04:SSW:K2624,0,0,9200,11800,2,2,1,HUNT,22:05,1984,1984,"T110,","SSW,",1,"T1,","T,",YARD,Texas,31.827233,-99.423022,22,Evening
Derailments,1984:05:SP:W7044,0,0,1000,5615,6,0,0,HARRIS,3:15,1984,1984,"T220,","SP,",7,"T2,","T,",YARD,Texas,31.827233,-99.423022,3,Midnight
Derailments,1984:04:SSW:M1784,0,0,24164,67000,0,0,0,DALLAM,17:58,1984,1984,"E22C,","SSW,",1,"E2,","E,",MAIN,Texas,31.827233,-99.423022,17,Evening
Derailments,1984:06:OKT:AX7OK,0,0,360,5000,0,0,0,TARRANT,2:45,1984,1984,"T110,","OKT,",7,"T1,","T,",YARD,Texas,31.827233,-99.423022,2,Midnight
Derailments,1984:08:BN:FW315,0,0,5000,20500,0,0,0,POTTER,21:45,1984,1984,"T110,","BN,",1,"T1,","T,",YARD,Texas,31.827233,-99.423022,21,Evening
Derailments,1984:07:PTRA:JULY0184,0,0,11739,26100,0,0,0,HARRIS,2:20,1984,1984,"T202,","PTRA,",67,"T2,","T,",YARD,Texas,31.827233,-99.423022,2,Midnight
Derailments,1984:07:MP:84034,0,0,18475,53200,0,0,0,HAYS,17:10,1984,1984,"T199,","MP,",1,"T1,","T,",MAIN,Texas,31.827233,-99.423022,17,Evening
Derailments,1984:08:SP:U8364,0,0,11700,1500,0,0,0,BEXAR,17:43,1984,1984,"T220,","SP,",1,"T2,","T,",YARD,Texas,31.827233,-99.423022,17,Evening
Derailments,1984:07:GHH:838,0,0,5600,72000,0,0,0,GALVESTON,22:20,1984,1984,"T220,T203,","GHH,MP,",1,"T2,","T,",MAIN,Texas,31.827233,-99.423022,22,Evening
Derailments,1984:05:MKT:AX48S,0,0,12500,51400,0,0,0,MCLENNAN,19:15,1984,1984,"T311,","MKT,",7,"T3,","T,",MAIN,Texas,31.827233,-99.423022,19,Evening
Side collision,1984:06:MP:84102,0,0,0,10900,0,0,0,LA SALLE,1:23,1984,1984,"M201,","MP,",11,"M2,","M,",MAIN,Texas,31.827233,-99.423022,1,Midnight
Derailments,1984:07:BN:FW310,0,0,3500,9700,0,0,0,TARRANT,1:00,1984,1984,"T110,H503,","ATSF,BN,",1,"T1,H5,","T,H,",YARD,Texas,31.827233,-99.423022,1,Midnight
Fire/violent rupture,1984:07:ATSF:230784103,0,0,200,14228,0,0,0,BURLESON,3:00,1984,1984,"E73L,","ATSF,",1,"E7,","E,",MAIN,Texas,31.827233,-99.423022,3,Midnight
Derailments,1984:06:SP:S6754,0,0,0,15000,0,0,0,EL PASO,19:00,1984,1984,"M501,","SP,",7,"M5,","M,",YARD,Texas,31.827233,-99.423022,19,Evening
Derailments,1984:08:ATSF:200884103,0,0,24576,13200,0,0,0,BAILEY,17:06,1984,1984,"T399,","ATSF,",1,"T3,","T,",MAIN,Texas,31.827233,-99.423022,17,Evening
Obstruction impact,1984:07:MP:84159,0,0,0,7100,5,0,0,SAN PATRICIO,19:15,1984,1984,"H302,","MP,",51,"H3,","H,",MAIN,Texas,31.827233,-99.423022,19,Evening
Derailments,1984:07:BN:FW311,0,0,2100,16000,0,0,0,TARRANT,24:05:00,1984,1984,"M405,","BN,",1,"M4,","M,",MAIN,Texas,31.827233,-99.423022,24,Midnight
Other impacts,1984:07:PTRA:JULY0284,0,0,500,9000,0,0,0,HARRIS,21:10,1984,1984,"H306,","PTRA,",7,"H3,","H,",INDUSTRY,Texas,31.827233,-99.423022,21,Evening
Derailments,1984:05:MKT:AX41S,0,0,1500,4600,0,0,0,HARRIS,22:10,1984,1984,"T309,","MKT,",1,"T3,","T,",YARD,Texas,31.827233,-99.423022,22,Evening
Derailments,1984:07:SP:S7724,0,0,0,7000,1,1,0,EL PASO,19:30,1984,1984,"H704,","SP,",7,"H7,","H,",YARD,Texas,31.827233,-99.423022,19,Evening
Derailments,1984:08:ATSF:230884102,0,0,6000,4450,0,0,0,GALVESTON,23:50,1984,1984,"H603,T113,","ATSF,",1,"H6,T1,","H,T,",YARD,Texas,31.827233,-99.423022,23,Evening
Derailments,1984:05:MKT:AX46S,0,0,5800,800,0,0,0,DALLAS,3:10,1984,1984,"T110,","BN,MKT,",1,"T1,","T,",MAIN,Texas,31.827233,-99.423022,3,Midnight
Derailments,1984:08:ATSF:220884102,0,0,7500,1200,29,0,0,TARRANT,19:45,1984,1984,"H503,T314,T311,","ATSF,MP,SP,",1,"H5,T3,","H,T,",MAIN,Texas,31.827233,-99.423022,19,Evening
Derailments,1984:09:MKT:AX88S,0,0,12471,49800,0,0,0,GRAYSON,24:30:00,1984,1984,"T314,E64C,","MKT,MP,",1,"T3,E6,T3,","T,E,T,",MAIN,Texas,31.827233,-99.423022,24,Midnight
Derailments,1984:09:SP:U9274,0,0,22000,261100,0,0,0,TARRANT,17:45,1984,1984,"E68C,","SP,",1,"E6,","E,",MAIN,Texas,31.827233,-99.423022,17,Evening
Derailments,1984:09:BN:FW337,0,0,0,4501,0,0,0,WICHITA,24:05:00,1984,1984,"M503,","BN,",1,"M5,","M,",YARD,Texas,31.827233,-99.423022,24,Midnight
Other impacts,1984:10:SP:X3934,0,0,12000,14500,0,0,0,HARRIS,1:30,1984,1985,"E33C,","SP,",7,"E3,","E,",YARD,Texas,31.827233,-99.423022,1,Midnight
Derailments,1984:08:MKT:AX81S,0,2,120000,75000,0,0,0,WILLIAMSON,24:30:00,1984,1984,"E40C,H604,","MKT,",1,"E4,H6,","E,H,",MAIN,Texas,31.827233,-99.423022,24,Midnight
Derailments,1984:10:SP:T0964,0,0,5000,0,0,0,0,EL PASO,19:00,1984,1985,"E39C,","SP,",NA,"E3,","E,",MAIN,Texas,31.827233,-99.423022,19,Evening
Derailments,1984:09:ATSF:230984102,0,0,2500,3800,0,0,0,BELL,19:54,1984,1984,"T102,","ATSF,",1,"T1,","T,",MAIN,Texas,31.827233,-99.423022,19,Evening
Derailments,1984:09:ATSF:200984102,0,0,8200,31700,26,0,0,CARSON,24:30:00,1984,1984,"E79L,","ATSF,",1,"E7,","E,",MAIN,Texas,31.827233,-99.423022,24,Midnight
Derailments,1984:10:SP:G1734,0,0,450,8950,1,1,0,JEFFERSON,4:50,1984,1985,"T001,","SP,",7,"T0,","T,",YARD,Texas,31.827233,-99.423022,4,Midnight
Derailments,1984:10:SP:X4374,0,0,1000,6000,0,0,0,HARRIS,17:00,1984,1985,"T107,","SP,",7,"T1,","T,",YARD,Texas,31.827233,-99.423022,17,Evening
Side collision,1984:10:MP:84185,0,0,210,7100,0,0,0,WILLIAMSON,17:45,1984,1985,"H401,","MP,",1,"H4,","H,",YARD,Texas,31.827233,-99.423022,17,Evening
Derailments,1984:10:BN:FW364,0,0,100,5000,0,0,0,TARRANT,24:30:00,1984,1985,"H099,","BN,",8,"H0,","H,",MAIN,Texas,31.827233,-99.423022,24,Midnight
Highway-rail impact,1984:09:SP:X2474,0,0,5000,5000,0,0,0,FORT BEND,17:00,1984,1984,"M399,","SP,",1,"M3,","M,",MAIN,Texas,31.827233,-99.423022,17,Evening
Derailments,1985:01:BN:FW35,0,0,3450,43000,1,1,0,HALE,4:45,1985,1985,"T110,","BN,",1,"T1,","T,",YARD,Texas,31.827233,-99.423022,4,Midnight