AccidentType,inckey,Fatalities,Injuries,TrackDamage,EquipmentDamage,HazmatCars,HazmatCarsDerailed,HazmatCarsReleasing,County,DisplayTime,calendar,Fiscal,AccidentCause,RailroadCodes,RAILEQUIPMENT_TYPE,CauseGroup,CauseDiscipline,TYPE_OF_TRACK,StateName,latitude,longitude,hour,cat
Derailments,1984:10:ATSF:221084101,0,0,4250,2100,0,0,0,TARRANT,2:25,1984,1985,"M405,","ATSF,",1,"M4,","M,",MAIN,Texas,31.827233,-99.423022,2,Midnight
Other impacts,1984:11:ATSF:231184102,0,0,0,25200,0,0,0,CORYELL,24:05:00,1984,1985,"H404,","ATSF,",15,"H4,","H,",MAIN,Texas,31.827233,-99.423022,24,Midnight
Derailments,1984:08:MKT:AX80S,0,0,1100,6000,0,0,0,ELLIS,21:40,1984,1984,"T311,","MKT,",1,"T3,","T,",YARD,Texas,31.827233,-99.423022,21,Evening
Derailments,1984:10:BN:FW299,0,0,0,12750,0,0,0,POTTER,24:20:00,1984,1985,"T110,","BN,",7,"T1,","T,",YARD,Texas,31.827233,-99.423022,24,Midnight
Derailments,1984:11:MP:84210,0,0,7000,12500,0,0,0,PARKER,20:05,1984,1985,"T220,","MP,",1,"T2,","T,",YARD,Texas,31.827233,-99.423022,20,Evening
Derailments,1984:08:MP:84138,0,0,500,18500,0,0,0,TARRANT,21:15,1984,1984,"T314,","MP,",7,"T3,","T,",YARD,Texas,31.827233,-99.423022,21,Evening
Derailments,1984:10:MP:84188,0,0,3000,21300,0,0,0,TARRANT,20:45,1984,1985,"T110,","MP,",1,"T1,","T,",YARD,Texas,31.827233,-99.423022,20,Evening
Derailments,1984:07:MKT:AX75S,0,0,2200,4000,0,0,0,ROCKWALL,22:45,1984,1984,"H312,","MKT,",1,"H3,","H,",MAIN,Texas,31.827233,-99.423022,22,Evening
Derailments,1984:08:MP:84143,0,0,27000,950,0,0,0,HARRISON,2:45,1984,1984,"E46C,M204,","MP,",1,"E4,M2,","E,M,",MAIN,Texas,31.827233,-99.423022,2,Midnight
Derailments,1984:10:SP:X3924,0,0,27000,3050,0,0,0,HARRIS,22:50,1984,1985,"T202,","SP,",1,"T2,","T,",YARD,Texas,31.827233,-99.423022,22,Evening
Derailments,1984:09:MKT:AX89S,0,0,2750,17340,0,0,0,BASTROP,4:45,1984,1984,"T110,","MKT,",1,"T1,","T,",YARD,Texas,31.827233,-99.423022,4,Midnight
Side collision,1984:09:HBT:AX1I84,0,0,150,34000,0,0,0,HARRIS,22:45,1984,1984,"H021,","HBT,",67,"H0,","H,",YARD,Texas,31.827233,-99.423022,22,Evening
Derailments,1984:09:SP:U9254,0,0,14000,150,0,0,0,VAL VERDE,3:50,1984,1984,"E05C,","SP,",1,"E0,","E,",MAIN,Texas,31.827233,-99.423022,3,Midnight
Derailments,1984:10:SP:X3764,0,0,13000,23500,0,0,0,HARRIS,2:00,1984,1985,"M405,","SP,",7,"M4,","M,",YARD,Texas,31.827233,-99.423022,2,Midnight
Derailments,1984:09:SP:U9164,0,0,4500,1500,0,0,0,TRAVIS,18:45,1984,1984,"T314,","SP,",1,"T3,","T,",YARD,Texas,31.827233,-99.423022,18,Evening
Derailments,1984:12:SP:X6194,0,0,2500,34500,0,0,0,HARRIS,22:38,1984,1985,"E65C,","SP,",7,"E6,","E,",YARD,Texas,31.827233,-99.423022,22,Evening
Derailments,1984:10:HBT:AX2J84,0,0,3934,32750,0,0,0,HARRIS,19:10,1984,1985,"T102,","HBT,MP,",1,"T1,","T,",MAIN,Texas,31.827233,-99.423022,19,Evening
Head on collision,1984:10:ATSF:221084102,0,4,0,14700,0,0,0,COLEMAN,24:01:00,1984,1985,"H404,","ATSF,",11,"H4,","H,",MAIN,Texas,31.827233,-99.423022,24,Midnight
Other impacts,1984:08:SP:F8514,0,0,0,37285,8,0,0,LIBERTY,20:45,1984,1984,"H301,","SP,",7,"H3,","H,",YARD,Texas,31.827233,-99.423022,20,Evening
Derailments,1984:10:BN:FW420,0,0,3375,2000,0,0,0,POTTER,1:15,1984,1985,"T110,","BN,",7,"T1,","T,",YARD,Texas,31.827233,-99.423022,1,Midnight
Derailments,1984:11:MP:84211,0,0,800,19000,0,0,0,MARION,3:30,1984,1985,"E46C,","MP,",1,"E4,","E,",MAIN,Texas,31.827233,-99.423022,3,Midnight
Derailments,1984:10:ATSF:231084101,0,0,6000,8250,0,0,0,BRAZOS,3:10,1984,1985,"T102,","ATSF,",1,"T1,","T,",MAIN,Texas,31.827233,-99.423022,3,Midnight
Derailments,1984:11:ATSF:231184101,0,0,2050,8000,0,0,0,SHELBY,20:30,1984,1985,"T201,","ATSF,",1,"T2,","T,",SIDING,Texas,31.827233,-99.423022,20,Evening
Derailments,1984:09:MP:84173,0,0,9400,58000,22,9,0,MITCHELL,3:00,1984,1984,"E00C,","MP,",1,"E0,","E,",MAIN,Texas,31.827233,-99.423022,3,Midnight
Other impacts,1984:09:SP:F9234,0,0,1500,8251,0,0,0,JEFFERSON,22:45,1984,1984,"H021,","SP,",1,"H0,","H,",YARD,Texas,31.827233,-99.423022,22,Evening
Derailments,1984:09:SP:X3074,0,0,2000,7250,2,2,0,HARRIS,20:55,1984,1984,"H702,","SP,",7,"H7,","H,",INDUSTRY,Texas,31.827233,-99.423022,20,Evening
Derailments,1984:12:MP:84232,0,0,500,18000,0,0,0,ANDERSON,4:45,1984,1985,"T110,","MP,",1,"T1,","T,",SIDING,Texas,31.827233,-99.423022,4,Midnight
Derailments,1984:09:SP:X2464,0,0,1000,12650,5,5,0,HARRIS,17:00,1984,1984,"T111,","SP,",1,"T1,","T,",YARD,Texas,31.827233,-99.423022,17,Evening
Derailments,1984:09:SP:X2204,0,0,18000,55000,0,0,0,HARRIS,21:40,1984,1984,"M599,","SP,",7,"M5,","M,",YARD,Texas,31.827233,-99.423022,21,Evening
Derailments,1984:08:MP:84140,0,0,12000,10515,11,3,0,HARRISON,20:47,1984,1984,"E46C,","MP,",1,"E4,","E,",MAIN,Texas,31.827233,-99.423022,20,Evening
Derailments,1984:08:MKT:AX79S,0,0,39000,4050,5,0,0,HILL,20:30,1984,1984,"H503,","MKT,MP,",1,"H5,","H,",MAIN,Texas,31.827233,-99.423022,20,Evening
Derailments,1984:09:MP:84174,0,0,0,40000,0,0,0,HAYS,4:50,1984,1984,"H601,","MP,",1,"H6,","H,",MAIN,Texas,31.827233,-99.423022,4,Midnight
Raking collision,1985:02:ATSF:200285101,0,0,0,12650,5,3,0,POTTER,1:00,1985,1985,"M404,H304,","ATSF,",57,"M4,H3,M4,H3,","M,H,M,H,",YARD,Texas,31.827233,-99.423022,1,Midnight
Derailments,1985:02:SP:W1455,0,0,5000,750,0,0,0,HARRIS,18:30,1985,1985,"T110,","SP,",7,"T1,","T,",YARD,Texas,31.827233,-99.423022,18,Evening
Derailments,1985:02:ATSF:220285104,0,0,1000,5500,0,0,0,BROWN,19:10,1985,1985,"H503,","ATSF,",7,"H5,","H,",YARD,Texas,31.827233,-99.423022,19,Evening
Derailments,1984:11:SSW:K8394,0,0,6000,3200,0,0,0,COLLIN,2:20,1984,1985,"T210,","SSW,",1,"T2,","T,",SIDING,Texas,31.827233,-99.423022,2,Midnight
Derailments,1984:11:SP:X5064,0,0,7500,0,0,0,0,HARRIS,4:30,1984,1985,"H701,","SP,",1,"H7,","H,",MAIN,Texas,31.827233,-99.423022,4,Midnight
Derailments,1985:01:MP:85012,0,0,1200,17000,0,0,0,SAN PATRICIO,17:30,1985,1985,"T314,","MP,",1,"T3,","T,",SIDING,Texas,31.827233,-99.423022,17,Evening
Derailments,1984:12:MKT:AX105S,0,0,2100,3900,0,0,0,DALLAS,3:10,1984,1985,"T110,","MKT,",7,"T1,","T,",MAIN,Texas,31.827233,-99.423022,3,Midnight
Derailments,1985:02:ATSF:200285104,0,0,1700,13120,0,0,0,RANDALL,2:15,1985,1985,"H018,","ATSF,",7,"H0,","H,",YARD,Texas,31.827233,-99.423022,2,Midnight
Side collision,1984:12:BN:FW495,0,0,500,47280,0,0,0,DALLAM,20:00,1984,1985,"H306,","BN,",1,"H3,","H,",MAIN,Texas,31.827233,-99.423022,20,Evening
Derailments,1985:01:SP:W0185,0,0,3500,6800,0,0,0,HARRIS,4:55,1985,1985,"E46C,","SP,",7,"E4,","E,",YARD,Texas,31.827233,-99.423022,4,Midnight
Derailments,1985:02:MKT:AX19S,0,0,7000,27000,0,0,0,BASTROP,17:40,1985,1985,"T101,","MKT,",1,"T1,","T,",MAIN,Texas,31.827233,-99.423022,17,Evening
Derailments,1984:12:ATSF:201284101,0,0,12600,500,8,0,0,SHERMAN,1:35,1984,1985,"E53C,","ATSF,",1,"E5,","E,",MAIN,Texas,31.827233,-99.423022,1,Midnight
Derailments,1984:10:MP:84190,0,0,3250,71250,0,0,0,SAN PATRICIO,2:40,1984,1985,"E23C,","MP,",1,"E2,","E,",MAIN,Texas,31.827233,-99.423022,2,Midnight
Derailments,1985:02:MP:85037,0,0,4500,89200,23,0,0,FALLS,21:50,1985,1985,"T102,","MP,",1,"T1,","T,",MAIN,Texas,31.827233,-99.423022,21,Evening
Derailments,1985:02:SP:U0765,0,0,4000,19700,3,3,0,DALLAS,2:57,1985,1985,"T110,","SP,",1,"T1,","T,",YARD,Texas,31.827233,-99.423022,2,Midnight
Derailments,1984:12:SP:T3554,0,0,3000,6000,0,0,0,EL PASO,18:05,1984,1985,"T110,","SP,",7,"T1,","T,",YARD,Texas,31.827233,-99.423022,18,Evening
Derailments,1985:01:OKT:AX030,0,0,400,8000,0,0,0,WISE,21:30,1985,1985,"E61C,","OKT,",1,"E6,","E,",MAIN,Texas,31.827233,-99.423022,21,Evening
Derailments,1985:01:SP:F0015,0,0,11800,0,0,0,0,JEFFERSON,21:40,1985,1985,"T305,","SP,",7,"T3,","T,",YARD,Texas,31.827233,-99.423022,21,Evening
Derailments,1985:02:TN:RE1,0,0,10000,13000,0,0,0,MORRIS,24:30:00,1985,1985,"M599,","TN,",1,"M5,","M,",YARD,Texas,31.827233,-99.423022,24,Midnight
Derailments,1985:01:ATSF:220185102,0,0,1000,6350,0,0,0,BROWN,3:45,1985,1985,"H999,","ATSF,",7,"H9,","H,",YARD,Texas,31.827233,-99.423022,3,Midnight
Derailments,1984:12:SP:V1054,0,0,6200,1800,0,0,0,TARRANT,18:35,1984,1985,"T001,","SP,",7,"T0,","T,",INDUSTRY,Texas,31.827233,-99.423022,18,Evening
Side collision,1985:03:MP:85062,0,0,0,24800,0,0,0,TARRANT,21:40,1985,1985,"H020,","MP,",61,"H0,","H,",YARD,Texas,31.827233,-99.423022,21,Evening
Derailments,1985:02:MP:85032,0,0,500,11000,3,0,0,JEFFERSON,20:15,1985,1985,"T311,","MP,",1,"T3,","T,",MAIN,Texas,31.827233,-99.423022,20,Evening
Other impacts,1984:11:BN:FW457,0,0,0,12000,0,0,0,WICHITA,20:35,1984,1985,"E11C,","BN,",1,"E1,","E,",MAIN,Texas,31.827233,-99.423022,20,Evening
Derailments,1984:12:MKT:AX106S,0,0,1200,7650,0,0,0,TARRANT,23:45,1984,1985,"T110,","MKT,",1,"T1,","T,",YARD,Texas,31.827233,-99.423022,23,Evening
Derailments,1984:12:SSW:K9194,0,0,1200,12000,0,0,0,HUNT,23:45,1984,1985,"E00C,","SSW,",1,"E0,","E,",MAIN,Texas,31.827233,-99.423022,23,Evening
Derailments,1985:01:SP:W0305,0,0,8000,77000,0,0,0,HARRIS,17:15,1985,1985,"T111,T110,","SP,",7,"T1,","T,",YARD,Texas,31.827233,-99.423022,17,Evening
Derailments,1985:01:KCS:335586,0,0,952,35400,0,0,0,JEFFERSON,19:30,1985,1985,"T202,","KCS,",6,"T2,","T,",SIDING,Texas,31.827233,-99.423022,19,Evening
Other impacts,1984:11:SP:X5184,0,0,1000,6350,0,0,0,HARRIS,2:00,1984,1985,"T311,","SP,",7,"T3,","T,",YARD,Texas,31.827233,-99.423022,2,Midnight
Derailments,1985:02:ATSF:220285101,0,0,9000,41000,0,0,0,JOHNSON,3:55,1985,1985,"H503,H505,","ATSF,",81,"H5,","H,",YARD,Texas,31.827233,-99.423022,3,Midnight
Derailments,1985:02:SP:F1885,0,0,1500,8700,1,1,0,ORANGE,23:40,1985,1985,"T217,","SP,",7,"T2,","T,",YARD,Texas,31.827233,-99.423022,23,Evening
Derailments,1985:02:BN:FW184,0,0,100,8450,0,0,0,POTTER,19:18,1985,1985,"T110,","BN,",7,"T1,","T,",YARD,Texas,31.827233,-99.423022,19,Evening
Derailments,1984:12:SP:V1034,0,0,5500,1025,0,0,0,ELLIS,17:10,1984,1985,"M501,","SP,",1,"M5,","M,",MAIN,Texas,31.827233,-99.423022,17,Evening
Derailments,1985:02:MKT:AX13S,0,0,250,5600,0,0,0,DALLAS,19:10,1985,1985,"T108,","MKT,",7,"T1,","T,",INDUSTRY,Texas,31.827233,-99.423022,19,Evening
Derailments,1985:02:MKT:AX20S,0,0,900,26280,0,0,0,MCLENNAN,22:00,1985,1985,"T204,","MKT,",7,"T2,","T,",YARD,Texas,31.827233,-99.423022,22,Evening
Derailments,1985:03:ATSF:220385101,0,0,19000,19400,0,0,0,ERATH,4:45,1985,1985,"T102,","ATSF,",1,"T1,","T,",YARD,Texas,31.827233,-99.423022,4,Midnight
Derailments,1985:01:SSW:M0005,0,0,4960,4500,0,0,0,SHERMAN,17:40,1985,1985,"E39C,","SSW,",1,"E3,","E,",MAIN,Texas,31.827233,-99.423022,17,Evening
Derailments,1985:01:SSW:K0535,0,0,2500,4050,0,0,0,BOWIE,18:20,1985,1985,"T111,","SSW,",1,"T1,","T,",YARD,Texas,31.827233,-99.423022,18,Evening
Side collision,1985:01:HBT:AX1A85,0,0,1050,32090,8,2,0,HARRIS,20:15,1985,1985,"H307,","HBT,MP,",76,"H3,","H,",YARD,Texas,31.827233,-99.423022,20,Evening
Derailments,1985:01:SP:W0275,0,0,30300,9000,0,0,0,HARRIS,2:05,1985,1985,"T110,T111,","SP,",1,"T1,","T,",MAIN,Texas,31.827233,-99.423022,2,Midnight
Derailments,1985:02:SP:W2375,0,0,2000,28575,0,0,0,HARRIS,1:50,1985,1985,"T110,T111,","SP,",7,"T1,","T,",YARD,Texas,31.827233,-99.423022,1,Midnight
Derailments,1985:02:SP:W1325,0,0,16500,600,0,0,0,HARRIS,2:10,1985,1985,"E46C,","SP,",7,"E4,","E,",YARD,Texas,31.827233,-99.423022,2,Midnight
Derailments,1985:02:MP:85038,0,0,450,19000,0,0,0,WOOD,22:05,1985,1985,"H503,","MP,",1,"H5,","H,",YARD,Texas,31.827233,-99.423022,22,Evening
Derailments,1985:02:MCZ:INDUSTRY,0,0,7500,2400,2,0,0,BRAZORIA,17:00,1985,1985,"M405,","MP,",7,"M4,","M,",SIDING,Texas,31.827233,-99.423022,17,Evening
Derailments,1984:12:MKT:AX107S,0,0,3250,2000,0,0,0,DALLAS,19:45,1984,1985,"T220,","MKT,",7,"T2,","T,",YARD,Texas,31.827233,-99.423022,19,Evening
Derailments,1984:12:SSW:K9214,0,0,20000,2500,0,0,0,NAVARRO,18:05,1984,1985,"T110,T106,","SSW,",1,"T1,","T,",MAIN,Texas,31.827233,-99.423022,18,Evening
Other impacts,1985:01:BN:FW34,0,0,0,11370,0,0,0,HARTLEY,1:15,1985,1985,"H525,","BN,",1,"H5,","H,",MAIN,Texas,31.827233,-99.423022,1,Midnight
Derailments,1984:12:BN:FW464,0,0,1000,5500,0,0,0,CLAY,22:35,1984,1985,"E36C,","BN,",1,"E3,","E,",MAIN,Texas,31.827233,-99.423022,22,Evening
Side collision,1984:12:PTRA:DEC0184,0,0,500,8700,0,0,0,HARRIS,4:10,1984,1985,"H020,","PTRA,",7,"H0,","H,",YARD,Texas,31.827233,-99.423022,4,Midnight
Derailments,1985:02:BN:FW72,0,0,6832,22950,0,0,0,TARRANT,22:45,1985,1985,"T217,T102,T108,","BN,MP,OKT,",1,"T2,T1,","T,",MAIN,Texas,31.827233,-99.423022,22,Evening
Derailments,1984:12:SP:X6944,0,0,6000,11500,3,3,0,HARRIS,22:45,1984,1985,"E30C,","SP,",7,"E3,","E,",YARD,Texas,31.827233,-99.423022,22,Evening
Derailments,1985:02:SP:S1545,0,0,0,5700,0,0,0,EL PASO,3:05,1985,1985,"H701,","SP,",1,"H7,","H,",YARD,Texas,31.827233,-99.423022,3,Midnight
Side collision,1985:02:PTRA:FEB0185,0,0,800,76350,0,0,0,HARRIS,3:20,1985,1985,"H018,","PTRA,",67,"H0,","H,",MAIN,Texas,31.827233,-99.423022,3,Midnight
Derailments,1985:02:ATSF:200285103,0,0,80000,750,10,0,0,RANDALL,2:15,1985,1985,"E61C,","ATSF,",1,"E6,","E,",MAIN,Texas,31.827233,-99.423022,2,Midnight
Derailments,1984:12:MP:84231,0,0,2000,6200,11,2,0,GREGG,4:00,1984,1985,"T314,","MP,",7,"T3,","T,",YARD,Texas,31.827233,-99.423022,4,Midnight
Derailments,1985:01:SP:W0215,0,0,6900,10900,0,0,0,GALVESTON,24:10:00,1985,1985,"T110,T001,","ATSF,SP,",17,"T1,T0,","T,",YARD,Texas,31.827233,-99.423022,24,Midnight
Other impacts,1984:12:SP:V1444,0,0,1200,6200,0,0,0,NAVARRO,1:45,1984,1985,"H306,","SP,",1,"H3,","H,",YARD,Texas,31.827233,-99.423022,1,Midnight
Derailments,1984:10:MKT:AX93S,0,0,1000,5925,0,0,0,HARRIS,18:00,1984,1985,"T314,","MKT,",7,"T3,","T,",INDUSTRY,Texas,31.827233,-99.423022,18,Evening
Side collision,1985:02:MP:85034,0,0,0,20300,0,0,0,ROBERTSON,24:10:00,1985,1985,"H702,","MP,",61,"H7,","H,",MAIN,Texas,31.827233,-99.423022,24,Midnight
Derailments,1984:12:MP:84229,0,0,200,9950,0,0,0,TARRANT,1:30,1984,1985,"T110,","MP,",7,"T1,","T,",YARD,Texas,31.827233,-99.423022,1,Midnight
Derailments,1985:02:MP:85023,0,0,1850,30500,11,0,0,MITCHELL,23:14,1985,1985,"H503,","MP,",1,"H5,","H,",MAIN,Texas,31.827233,-99.423022,23,Evening
Derailments,1984:10:SP:X3974,0,0,1000,15003,0,0,0,HARRIS,23:20,1984,1985,"T111,","SP,",7,"T1,","T,",YARD,Texas,31.827233,-99.423022,23,Evening
Derailments,1985:01:SP:U0005,0,0,2900,27300,0,0,0,TRAVIS,18:40,1985,1985,"T110,","SP,",1,"T1,","T,",MAIN,Texas,31.827233,-99.423022,18,Evening
Derailments,1984:11:SP:V0584,0,0,6632,5300,0,0,0,GRAYSON,24:05:00,1984,1985,"E53L,E54L,","BN,SP,",1,"E5,","E,",YARD,Texas,31.827233,-99.423022,24,Midnight
Derailments,1984:11:SP:X5684,0,0,1000,40000,1,1,1,HARRIS,23:43,1984,1985,"T311,","SP,",7,"T3,","T,",YARD,Texas,31.827233,-99.423022,23,Evening
Other impacts,1985:03:MP:85060,0,0,960,31000,1,1,0,TARRANT,3:00,1985,1985,"M407,","MP,",67,"M4,","M,",YARD,Texas,31.827233,-99.423022,3,Midnight
Derailments,1985:05:SP:U2825,0,0,7400,0,0,0,0,DALLAS,18:50,1985,1985,"T110,","SP,",7,"T1,","T,",YARD,Texas,31.827233,-99.423022,18,Evening
Derailments,1985:05:ATSF:220585102,0,0,500,5860,0,0,0,DALLAS,19:15,1985,1985,"H503,","ATSF,",1,"H5,","H,",YARD,Texas,31.827233,-99.423022,19,Evening
Derailments,1985:04:SSW:K2445,0,0,5700,37300,0,0,0,NAVARRO,24:00:00,1985,1985,"M405,T102,","SSW,",1,"M4,T1,","M,T,",MAIN,Texas,31.827233,-99.423022,24,Midnight
Derailments,1985:03:MP:85050,0,0,26000,45400,4,0,0,HARRISON,2:15,1985,1985,"E46C,","MP,",1,"E4,","E,",SIDING,Texas,31.827233,-99.423022,2,Midnight
Side collision,1985:03:MP:85052,0,0,900,12350,0,0,0,WILLIAMSON,24:47:00,1985,1985,"E64C,","MP,",61,"E6,","E,",YARD,Texas,31.827233,-99.423022,24,Midnight
Derailments,1985:04:SP:W5085,0,0,200,40000,0,0,0,HARRIS,21:45,1985,1985,"T222,T102,","SP,",1,"T2,T1,","T,",YARD,Texas,31.827233,-99.423022,21,Evening
Derailments,1985:03:MKT:AX27S,0,0,1300,12300,0,0,0,DALLAS,17:35,1985,1985,"T102,","MKT,",7,"T1,","T,",INDUSTRY,Texas,31.827233,-99.423022,17,Evening
Derailments,1985:04:ATSF:230485102,0,0,8800,4800,1,1,0,LAMPASAS,18:45,1985,1985,"E53C,","ATSF,",1,"E5,","E,",MAIN,Texas,31.827233,-99.423022,18,Evening
Derailments,1985:05:ATSF:220585103,0,0,71000,316550,12,8,1,ERATH,17:45,1985,1985,"H503,H604,","ATSF,MP,",1,"H5,H6,","H,",MAIN,Texas,31.827233,-99.423022,17,Evening
Derailments,1985:05:SP:W6695,0,0,7500,30750,0,0,0,HARRIS,22:15,1985,1985,"H503,","SP,",1,"H5,","H,",YARD,Texas,31.827233,-99.423022,22,Evening
Derailments,1985:05:ATSF:220585101,0,0,17900,1200,0,0,0,TARRANT,18:30,1985,1985,"H503,","ATSF,MP,SP,",7,"H5,","H,",MAIN,Texas,31.827233,-99.423022,18,Evening
Side collision,1985:05:MKT:AX40S,0,0,1500,31225,0,0,0,GRAYSON,20:00,1985,1985,"H602,","MKT,",75,"H6,","H,",YARD,Texas,31.827233,-99.423022,20,Evening
Derailments,1985:05:MP:85094,0,0,4000,35000,3,0,0,DENTON,21:00,1985,1985,"E53C,","MP,",1,"E5,","E,",YARD,Texas,31.827233,-99.423022,21,Evening
Other impacts,1985:03:BN:FW114,0,0,0,22000,0,0,0,HARDEMAN,17:00,1985,1985,"H702,","BN,",16,"H7,","H,",MAIN,Texas,31.827233,-99.423022,17,Evening
Derailments,1985:05:SP:W6575,0,0,23000,5000,0,0,0,HARRIS,19:30,1985,1985,"T311,","SP,",1,"T3,","T,",YARD,Texas,31.827233,-99.423022,19,Evening
Other impacts,1985:04:MKT:AX89S,0,0,32839,0,0,0,0,DALLAS,20:05,1985,1985,"M202,","BN,MKT,",4,"M2,","M,",MAIN,Texas,31.827233,-99.423022,20,Evening
Broken train collision,1985:04:BN:FW132,0,0,18900,99000,2,2,0,MONTAGUE,20:25,1985,1985,"E39C,","BN,",61,"E3,","E,",MAIN,Texas,31.827233,-99.423022,20,Evening
Derailments,1985:04:MP:85073,0,0,500,35650,4,0,0,DENTON,23:35,1985,1985,"H503,E00C,","MP,",1,"H5,E0,","H,E,",MAIN,Texas,31.827233,-99.423022,23,Evening
Derailments,1985:04:MKT:AX36S,0,0,930,6050,0,0,0,DALLAS,18:20,1985,1985,"T314,","MKT,",7,"T3,","T,",YARD,Texas,31.827233,-99.423022,18,Evening
Other impacts,1985:05:ATSF:200585104,0,0,1040,4525,3,0,0,BAILEY,1:15,1985,1985,"M202,","ATSF,",1,"M2,","M,",MAIN,Texas,31.827233,-99.423022,1,Midnight
Derailments,1985:05:SP:S5385,0,0,0,15200,0,0,0,EL PASO,17:25,1985,1985,"H513,","SP,",1,"H5,","H,",MAIN,Texas,31.827233,-99.423022,17,Evening
Derailments,1985:04:SP:U2085,0,0,119000,7500,0,0,0,MEDINA,18:20,1985,1985,"E00C,","SP,",1,"E0,","E,",MAIN,Texas,31.827233,-99.423022,18,Evening
Derailments,1985:03:SP:F2695,0,0,0,7500,0,0,0,CHAMBERS,4:00,1985,1985,"T102,","SP,",7,"T1,","T,",INDUSTRY,Texas,31.827233,-99.423022,4,Midnight
Derailments,1985:03:SSW:K1635,0,0,3000,115700,0,0,0,HENDERSON,22:40,1985,1985,"T110,","SSW,",1,"T1,","T,",MAIN,Texas,31.827233,-99.423022,22,Evening
Derailments,1985:06:ATSF:220685101,0,0,11700,11850,0,0,0,TARRANT,23:00,1985,1985,"H503,","ATSF,MKT,",57,"H5,","H,",MAIN,Texas,31.827233,-99.423022,23,Evening
Derailments,1985:03:SP:W3055,0,0,20000,91200,4,4,2,HARRIS,2:30,1985,1985,"E30C,","SP,",7,"E3,","E,",YARD,Texas,31.827233,-99.423022,2,Midnight
Derailments,1985:04:MP:85070,0,0,1000,30500,3,0,0,ORANGE,4:08,1985,1985,"T102,","MP,",1,"T1,","T,",SIDING,Texas,31.827233,-99.423022,4,Midnight
Derailments,1985:05:MP:85092,0,0,1100,10000,3,0,0,WEBB,3:55,1985,1985,"T314,","MP,",1,"T3,","T,",YARD,Texas,31.827233,-99.423022,3,Midnight
Derailments,1985:04:MP:85077,0,0,12000,8700,0,0,0,CASS,18:45,1985,1985,"E53C,","MP,",1,"E5,","E,",MAIN,Texas,31.827233,-99.423022,18,Evening
Derailments,1985:03:MKT:AX31S,0,0,0,10000,0,0,0,GRAYSON,3:30,1985,1985,"M201,","MKT,",7,"M2,","M,",YARD,Texas,31.827233,-99.423022,3,Midnight
Derailments,1985:04:BN:FW156,0,0,4500,3500,0,0,0,WISE,21:14,1985,1985,"E53C,","BN,",1,"E5,","E,",MAIN,Texas,31.827233,-99.423022,21,Evening
Derailments,1985:05:SP:U2815,0,0,0,6840,0,0,0,BEXAR,4:00,1985,1985,"H702,","SP,",1,"H7,","H,",YARD,Texas,31.827233,-99.423022,4,Midnight
Derailments,1985:05:SP:W7395,0,0,8000,800,0,0,0,NACOGDOCHES,2:30,1985,1985,"T110,H505,","SP,",1,"T1,H5,","T,H,",YARD,Texas,31.827233,-99.423022,2,Midnight
Raking collision,1985:03:HBT:AX1C85,0,0,350,12000,0,0,0,HARRIS,20:00,1985,1985,"H702,","HBT,MP,",7,"H7,","H,",YARD,Texas,31.827233,-99.423022,20,Evening
Derailments,1985:05:MP:85101,0,0,9500,174500,0,0,0,HAYS,17:00,1985,1985,"E27C,","MP,",1,"E2,","E,",MAIN,Texas,31.827233,-99.423022,17,Evening
Derailments,1985:04:SP:W5095,0,0,10000,7500,0,0,0,HARRIS,21:45,1985,1985,"M405,","SP,",7,"M4,","M,",YARD,Texas,31.827233,-99.423022,21,Evening
Side collision,1985:03:MP:85066,0,0,1500,39800,0,0,0,TARRANT,3:50,1985,1985,"H020,","MP,",76,"H0,","H,",YARD,Texas,31.827233,-99.423022,3,Midnight
Derailments,1985:06:BN:FW293,0,0,300,7000,0,0,0,TARRANT,3:30,1985,1985,"T110,","BN,",7,"T1,","T,",YARD,Texas,31.827233,-99.423022,3,Midnight
Derailments,1985:03:MP:85063,0,0,0,11500,9,0,0,DENTON,2:40,1985,1985,"H503,","MP,",1,"H5,","H,",MAIN,Texas,31.827233,-99.423022,2,Midnight
Derailments,1985:04:SP:U1935,0,0,60000,166700,3,2,0,BURLESON,20:02,1985,1985,"E39C,","SP,",1,"E3,","E,",MAIN,Texas,31.827233,-99.423022,20,Evening
Derailments,1985:04:SP:W5105,0,0,32000,4700,0,0,0,HARRIS,2:00,1985,1985,"E31C,","SP,",7,"E3,","E,",YARD,Texas,31.827233,-99.423022,2,Midnight
Derailments,1985:03:SP:F2665,0,0,9400,2200,1,1,0,JEFFERSON,23:10,1985,1985,"T314,","SP,",7,"T3,","T,",SIDING,Texas,31.827233,-99.423022,23,Evening
Derailments,1985:02:MKT:AX21S,0,0,24500,128800,0,0,0,BELL,4:45,1985,1985,"M405,T101,","MKT,MP,",1,"M4,T1,","M,T,",MAIN,Texas,31.827233,-99.423022,4,Midnight
Fire/violent rupture,1985:03:BN:FW105,0,0,0,20000,0,0,0,KNOX,24:30:00,1985,1985,"M406,","BN,",5,"M4,","M,",MAIN,Texas,31.827233,-99.423022,24,Midnight