AccidentType,inckey,Fatalities,Injuries,TrackDamage,EquipmentDamage,HazmatCars,HazmatCarsDerailed,HazmatCarsReleasing,County,DisplayTime,calendar,Fiscal,AccidentCause,RailroadCodes,RAILEQUIPMENT_TYPE,CauseGroup,CauseDiscipline,TYPE_OF_TRACK,StateName,latitude,longitude,hour,cat
Derailments,1985:05:SP:W6475,0,0,6100,0,0,0,0,HARRIS,19:30,1985,1985,"T314,","SP,",7,"T3,","T,",YARD,Texas,31.827233,-99.423022,19,Evening
Derailments,1985:05:ATSF:220585105,0,0,5350,250,0,0,0,TARRANT,17:15,1985,1985,"T399,","ATSF,MKT,",7,"T3,","T,",MAIN,Texas,31.827233,-99.423022,17,Evening
Derailments,1985:05:ATSF:230585101,0,0,7300,14500,0,0,0,JASPER,24:25:00,1985,1985,"T222,T309,","ATSF,",1,"T2,T3,","T,",MAIN,Texas,31.827233,-99.423022,24,Midnight
Side collision,1985:05:SP:W6825,0,0,400,19000,0,0,0,HARRIS,23:50,1985,1985,"H999,","SP,",7,"H9,","H,",YARD,Texas,31.827233,-99.423022,23,Evening
Derailments,1985:05:SP:W6865,0,0,10195,0,0,0,0,HARRIS,24:50:00,1985,1985,"M405,","SP,",7,"M4,","M,",MAIN,Texas,31.827233,-99.423022,24,Midnight
Derailments,1985:05:HBT:AX1E85,0,0,34475,81000,0,0,0,HARRIS,17:40,1985,1985,"T311,","HBT,SP,",77,"T3,","T,",YARD,Texas,31.827233,-99.423022,17,Evening
Other impacts,1985:04:ATSF:230485103,0,0,0,15000,0,0,0,FORT BEND,23:45,1985,1985,"M404,","ATSF,",1,"M4,","M,",INDUSTRY,Texas,31.827233,-99.423022,23,Evening
Derailments,1985:06:BN:FW275,0,0,14340,152000,0,0,0,TARRANT,24:40:00,1985,1985,"T110,","BN,",7,"T1,","T,",YARD,Texas,31.827233,-99.423022,24,Midnight
Derailments,1985:01:UEEZ:INDUSTRY,0,0,2500,45300,0,0,0,TARRANT,17:35,1985,1985,"T001,","BN,",7,"T0,","T,",INDUSTRY,Texas,31.827233,-99.423022,17,Evening
Derailments,1985:05:SP:F4915,0,0,1260,6500,0,0,0,TARRANT,17:00,1985,1985,"T311,","SP,",7,"T3,","T,",YARD,Texas,31.827233,-99.423022,17,Evening
Derailments,1985:06:BN:FW245,0,0,2000,25000,1,0,0,BAYLOR,1:55,1985,1985,"T001,","BN,",1,"T0,","T,",MAIN,Texas,31.827233,-99.423022,1,Midnight
Derailments,1985:04:SP:U2055,0,0,6500,0,0,0,0,DALLAS,21:00,1985,1985,"T110,","SP,",7,"T1,","T,",YARD,Texas,31.827233,-99.423022,21,Evening
Other impacts,1985:09:SP:T0075,0,0,11750,0,0,0,0,EL PASO,20:10,1985,1985,"T110,","SP,",8,"T1,","T,",YARD,Texas,31.827233,-99.423022,20,Evening
Highway-rail impact,1985:08:SP:X3405,0,0,5000,0,0,0,0,HARRIS,21:00,1985,1985,"M399,","SP,",1,"M3,","M,",YARD,Texas,31.827233,-99.423022,21,Evening
Derailments,1985:09:SP:X4475,0,0,9320,850,8,8,0,VICTORIA,24:05:00,1985,1985,"E39C,","SP,",1,"E3,","E,",MAIN,Texas,31.827233,-99.423022,24,Midnight
Derailments,1985:08:OKT:AX130,0,0,1350,22500,0,0,0,TARRANT,4:45,1985,1985,"T314,","OKT,",1,"T3,","T,",MAIN,Texas,31.827233,-99.423022,4,Midnight
Derailments,1985:08:MP:85142,0,0,19621,150,0,0,0,WILLIAMSON,21:30,1985,1985,"H503,","MP,",1,"H5,","H,",INDUSTRY,Texas,31.827233,-99.423022,21,Evening
Derailments,1985:11:BN:FW510,0,0,20000,76000,0,0,0,LEON,3:40,1985,1986,"T002,","BN,",1,"T0,","T,",MAIN,Texas,31.827233,-99.423022,3,Midnight
Derailments,1985:09:SP:U5725,0,0,600000,695500,21,21,21,BEXAR,22:40,1985,1985,"M201,","SP,",1,"M2,","M,",MAIN,Texas,31.827233,-99.423022,22,Evening
Derailments,1985:07:HBT:AX2G85,0,0,428,7000,1,0,0,HARRIS,4:30,1985,1985,"E31C,","HBT,",6,"E3,","E,",YARD,Texas,31.827233,-99.423022,4,Midnight
Rear end collision,1985:06:MP:85088,0,0,0,28000,17,0,0,NOLAN,4:10,1985,1985,"H699,","MP,",1,"H6,","H,",MAIN,Texas,31.827233,-99.423022,4,Midnight
Derailments,1985:08:SP:X3425,0,0,2800,5000,4,4,0,HARRIS,22:15,1985,1985,"T111,","SP,",7,"T1,","T,",YARD,Texas,31.827233,-99.423022,22,Evening
Side collision,1985:08:MP:85139,0,0,0,34880,0,0,0,HARRIS,21:50,1985,1985,"H018,","MP,",67,"H0,","H,",YARD,Texas,31.827233,-99.423022,21,Evening
Side collision,1985:09:MP:85163,0,0,0,13800,0,0,0,VICTORIA,18:00,1985,1985,"H306,","MP,",57,"H3,","H,",YARD,Texas,31.827233,-99.423022,18,Evening
Derailments,1985:08:SSW:K5395,0,0,1000,4100,0,0,0,BOWIE,17:25,1985,1985,"T311,","SSW,",1,"T3,","T,",YARD,Texas,31.827233,-99.423022,17,Evening
Derailments,1985:09:SP:X4715,0,0,150000,15000,0,0,0,WHARTON,3:40,1985,1985,"M405,","SP,",1,"M4,","M,",MAIN,Texas,31.827233,-99.423022,3,Midnight
Derailments,1985:09:MP:85150,0,0,550,19550,2,0,0,WOOD,1:40,1985,1985,"E34C,","MP,",1,"E3,","E,",MAIN,Texas,31.827233,-99.423022,1,Midnight
Derailments,1985:08:SP:X3085,0,0,5000,3050,0,0,0,HARRIS,19:15,1985,1985,"T111,","SP,",1,"T1,","T,",INDUSTRY,Texas,31.827233,-99.423022,19,Evening
Derailments,1985:06:SP:U3935,0,0,4000,10100,0,0,0,DALLAS,17:00,1985,1985,"E00C,","SP,",1,"E0,","E,",MAIN,Texas,31.827233,-99.423022,17,Evening
Derailments,1985:07:SP:X0305,0,0,4000,1875,0,0,0,HARRIS,24:10:00,1985,1985,"T210,","SP,",1,"T2,","T,",YARD,Texas,31.827233,-99.423022,24,Midnight
Derailments,1985:07:MP:85142,0,0,6500,11000,7,0,0,BRAZORIA,2:20,1985,1985,"H503,","MP,",7,"H5,","H,",MAIN,Texas,31.827233,-99.423022,2,Midnight
Other impacts,1985:07:ATSF:220785101,0,0,15000,14600,2,0,0,TAYLOR,17:45,1985,1985,"E11C,","ATSF,",1,"E1,","E,",MAIN,Texas,31.827233,-99.423022,17,Evening
Derailments,1985:07:MP:85141,0,0,8000,75300,1,1,0,HARRISON,2:05,1985,1985,"H503,","MP,",1,"H5,","H,",MAIN,Texas,31.827233,-99.423022,2,Midnight
Derailments,1985:09:SP:X5235,0,0,3800,28250,0,0,0,HARRIS,4:15,1985,1985,"H701,","SP,",1,"H7,","H,",MAIN,Texas,31.827233,-99.423022,4,Midnight
Derailments,1985:06:SSW:M2415,0,0,4500,1500,0,0,0,DALLAM,1:15,1985,1985,"M405,","SSW,",7,"M4,","M,",YARD,Texas,31.827233,-99.423022,1,Midnight
Side collision,1985:07:MP:85145,0,0,21500,55990,13,0,0,ROBERTSON,1:20,1985,1985,"E40C,","MP,",61,"E4,","E,",MAIN,Texas,31.827233,-99.423022,1,Midnight
Side collision,1985:06:SP:W8375,0,0,2600,29275,0,0,0,HARRIS,3:22,1985,1985,"H307,H702,","SP,",81,"H3,H7,H3,H7,","H,",YARD,Texas,31.827233,-99.423022,3,Midnight
Other impacts,1985:06:SP:F5945,0,0,0,5600,1,1,0,JEFFERSON,1:50,1985,1985,"T307,","SP,",7,"T3,","T,",YARD,Texas,31.827233,-99.423022,1,Midnight
Other impacts,1985:07:GRR:2,0,0,4000,146191,0,0,0,WILLIAMSON,3:00,1985,1985,"E09C,","GRR,",86,"E0,","E,",YARD,Texas,31.827233,-99.423022,3,Midnight
Derailments,1985:10:ATSF:221085101,0,0,14000,73700,0,0,0,TARRANT,17:15,1985,1986,"M503,","ATSF,",1,"M5,","M,",MAIN,Texas,31.827233,-99.423022,17,Evening
Derailments,1985:09:SP:X4775,0,0,3800,1750,0,0,0,HARRIS,20:15,1985,1985,"M201,","SP,",7,"M2,","M,",YARD,Texas,31.827233,-99.423022,20,Evening
Derailments,1985:06:SP:W8385,0,0,6800,22000,5,5,1,HARRIS,24:00:00,1985,1985,"T311,","SP,",1,"T3,","T,",YARD,Texas,31.827233,-99.423022,24,Midnight
Derailments,1985:08:SP:S8595,0,0,6500,6500,0,0,0,EL PASO,24:24:00,1985,1985,"E79L,","SP,",1,"E7,","E,",YARD,Texas,31.827233,-99.423022,24,Midnight
Derailments,1985:06:MP:85108,0,0,16500,1200,0,0,0,GREGG,18:30,1985,1985,"T314,","MP,",7,"T3,","T,",YARD,Texas,31.827233,-99.423022,18,Evening
Derailments,1985:06:SP:S6025,0,0,23900,8400,0,0,0,EL PASO,22:05,1985,1985,"T399,","SP,",1,"T3,","T,",YARD,Texas,31.827233,-99.423022,22,Evening
Side collision,1985:06:MP:85105,0,0,1200,8300,0,0,0,TARRANT,4:05,1985,1985,"H312,","MP,",57,"H3,","H,",YARD,Texas,31.827233,-99.423022,4,Midnight
Derailments,1985:09:ATSF:230985101,0,0,22000,13450,0,0,0,BELL,2:25,1985,1985,"T210,","ATSF,",1,"T2,","T,",MAIN,Texas,31.827233,-99.423022,2,Midnight
Derailments,1985:09:LCRZ:INDUSTRY,0,0,11800,15075,0,0,0,FAYETTE,18:50,1985,1985,"T110,","MKT,",1,"T1,","T,",INDUSTRY,Texas,31.827233,-99.423022,18,Evening
Derailments,1985:08:SP:S8695,0,0,0,6000,0,0,0,EL PASO,24:00:00,1985,1985,"T221,","SP,",7,"T2,","T,",YARD,Texas,31.827233,-99.423022,24,Midnight
Raking collision,1985:08:MP:85137,0,0,250,10000,0,0,0,TARRANT,2:45,1985,1985,"T305,","MP,",6,"T3,","T,",YARD,Texas,31.827233,-99.423022,2,Midnight
Derailments,1985:08:SP:U5065,0,0,50000,400100,0,0,0,BREWSTER,2:25,1985,1985,"M401,","SP,",1,"M4,","M,",MAIN,Texas,31.827233,-99.423022,2,Midnight
Side collision,1985:09:PTRA:SEPT0285,0,0,3500,37000,0,0,0,HARRIS,4:10,1985,1985,"H018,H306,","PTRA,",76,"H0,H3,H0,H3,","H,",YARD,Texas,31.827233,-99.423022,4,Midnight
Derailments,1985:07:GWF:3265,0,0,13063,6000,0,0,0,GALVESTON,17:10,1985,1985,"T110,T111,","ATSF,GWF,",1,"T1,","T,",YARD,Texas,31.827233,-99.423022,17,Evening
Derailments,1985:07:ATSF:200785101,0,0,10600,104130,0,0,0,LIPSCOMB,24:55:00,1985,1985,"T109,","ATSF,",1,"T1,","T,",MAIN,Texas,31.827233,-99.423022,24,Midnight
Derailments,1985:07:MKT:AX61S,0,0,3550,1550,0,0,0,DALLAS,2:05,1985,1985,"T314,","BN,MKT,",1,"T3,","T,",MAIN,Texas,31.827233,-99.423022,2,Midnight
Derailments,1985:11:SP:U7375,0,0,35000,42000,0,0,0,COLORADO,4:05,1985,1986,"M405,","SP,",1,"M4,","M,",MAIN,Texas,31.827233,-99.423022,4,Midnight
Derailments,1985:11:SP:G2105,0,0,7500,3750,0,0,0,JEFFERSON,21:40,1985,1986,"T311,","SP,",1,"T3,","T,",INDUSTRY,Texas,31.827233,-99.423022,21,Evening
Other impacts,1985:10:MTZ:INDUSTRY,0,0,0,14000,0,0,0,TARRANT,2:45,1985,1986,"H310,","BN,",76,"H3,","H,",INDUSTRY,Texas,31.827233,-99.423022,2,Midnight
Derailments,1985:09:SP:T0165,0,0,100,10400,0,0,0,EL PASO,21:10,1985,1985,"T110,","SP,",7,"T1,","T,",YARD,Texas,31.827233,-99.423022,21,Evening
Derailments,1985:08:MKT:AX70S,0,0,1200,17200,0,0,0,MCLENNAN,3:40,1985,1985,"H999,","MKT,",67,"H9,","H,",YARD,Texas,31.827233,-99.423022,3,Midnight
Derailments,1985:07:SSW:K4285,0,0,10700,5300,0,0,0,BOWIE,21:23,1985,1985,"T314,","SSW,",1,"T3,","T,",YARD,Texas,31.827233,-99.423022,21,Evening
Derailments,1985:08:PTRA:AUG0185,0,0,200,7000,0,0,0,HARRIS,4:25,1985,1985,"H503,","PTRA,",7,"H5,","H,",MAIN,Texas,31.827233,-99.423022,4,Midnight
Side collision,1985:08:MP:85138,0,0,0,15000,0,0,0,BRAZOS,18:30,1985,1985,"H699,","MP,",68,"H6,","H,",MAIN,Texas,31.827233,-99.423022,18,Evening
Raking collision,1985:08:MP:85143,0,0,75,60145,0,0,0,WILLIAMSON,21:45,1985,1985,"H020,","MP,",61,"H0,","H,",YARD,Texas,31.827233,-99.423022,21,Evening
Other impacts,1985:09:PTRA:SEPT0185,0,0,0,12000,0,0,0,HARRIS,3:00,1985,1985,"H018,","PTRA,",7,"H0,","H,",YARD,Texas,31.827233,-99.423022,3,Midnight
Derailments,1985:06:MP:85111,0,0,5000,12400,3,2,0,BRAZORIA,23:20,1985,1985,"T309,","MP,",1,"T3,","T,",YARD,Texas,31.827233,-99.423022,23,Evening
Derailments,1985:08:MP:85140,0,0,6800,15700,2,0,0,TARRANT,18:15,1985,1985,"H503,E00C,","MP,",1,"H5,E0,","H,E,",MAIN,Texas,31.827233,-99.423022,18,Evening
Side collision,1985:07:MP:85144,0,0,200,6365,0,0,0,BEXAR,4:00,1985,1985,"H306,","MP,",67,"H3,","H,",YARD,Texas,31.827233,-99.423022,4,Midnight
Derailments,1985:06:PTRA:JUNE0285,0,0,8070,17500,0,0,0,HARRIS,1:10,1985,1985,"T101,","PTRA,",7,"T1,","T,",MAIN,Texas,31.827233,-99.423022,1,Midnight
Derailments,1985:07:HBT:AX1G85,0,0,41000,5500,1,0,0,HARRIS,21:43,1985,1985,"M503,","HBT,",7,"M5,","M,",MAIN,Texas,31.827233,-99.423022,21,Evening
Derailments,1985:07:SP:S7605,0,0,0,17640,0,0,0,EL PASO,2:23,1985,1985,"E64L,","SP,",1,"E6,","E,",YARD,Texas,31.827233,-99.423022,2,Midnight
Raking collision,1985:08:ATSF:220885101,0,0,300,17160,0,0,0,DALLAS,21:30,1985,1985,"H401,","ATSF,BN,",77,"H4,","H,",YARD,Texas,31.827233,-99.423022,21,Evening
Derailments,1985:09:MKT:AX83S,0,0,3930,1500,0,0,0,DALLAS,20:00,1985,1985,"E53C,T314,E46C,","ATSF,BN,MKT,",71,"E5,T3,E4,","E,T,E,",YARD,Texas,31.827233,-99.423022,20,Evening
Derailments,1985:10:SP:X5585,0,0,8000,1000,0,0,0,HARRIS,4:20,1985,1986,"T306,","SP,",1,"T3,","T,",YARD,Texas,31.827233,-99.423022,4,Midnight
Derailments,1985:10:ATSF:231085101,0,0,0,4850,0,0,0,JEFFERSON,3:00,1985,1986,"T311,","MP,",7,"T3,","T,",MAIN,Texas,31.827233,-99.423022,3,Midnight
Derailments,1985:12:SP:X8825,0,0,12000,0,3,3,0,GALVESTON,4:30,1985,1986,"T220,","SP,",1,"T2,","T,",YARD,Texas,31.827233,-99.423022,4,Midnight
Derailments,1985:11:ATSF:201185101,0,0,38750,2900,1,0,0,GARZA,3:00,1985,1986,"E51C,","ATSF,",1,"E5,","E,",MAIN,Texas,31.827233,-99.423022,3,Midnight
Derailments,1985:11:SP:X7635,0,0,6173,14175,0,0,0,HARRIS,21:50,1985,1986,"H020,","SP,",1,"H0,","H,",YARD,Texas,31.827233,-99.423022,21,Evening
Side collision,1985:11:MKT:AX110S,0,0,0,13000,1,1,0,TARRANT,4:15,1985,1986,"E0HC,","MKT,",65,"E0,","E,",YARD,Texas,31.827233,-99.423022,4,Midnight
Derailments,1986:01:ATSF:200186101,0,0,94500,391100,0,0,0,POTTER,19:25,1986,1986,"E61C,","ATSF,",1,"E6,","E,",MAIN,Texas,31.827233,-99.423022,19,Evening
Derailments,1986:01:MKT:AX2S,0,0,2850,5700,0,0,0,DALLAS,19:30,1986,1986,"T102,","MKT,",7,"T1,","T,",YARD,Texas,31.827233,-99.423022,19,Evening
Derailments,1985:11:BN:FW491,0,0,14000,39205,0,0,0,OLDHAM,22:00,1985,1986,"T207,","BN,",1,"T2,","T,",MAIN,Texas,31.827233,-99.423022,22,Evening
Derailments,1986:01:ATSF:230186102,0,0,10000,4500,0,0,0,BRAZORIA,4:40,1986,1986,"E53C,","ATSF,",1,"E5,","E,",MAIN,Texas,31.827233,-99.423022,4,Midnight
Derailments,1985:10:SP:U6615,0,0,195750,236000,0,0,0,BEXAR,23:40,1985,1986,"M503,","MKT,MP,SP,",1,"M5,","M,",MAIN,Texas,31.827233,-99.423022,23,Evening
Derailments,1986:01:SP:W0436,0,0,12000,18900,1,1,1,HARRIS,3:15,1986,1986,"T221,","SP,",7,"T2,","T,",YARD,Texas,31.827233,-99.423022,3,Midnight
Highway-rail impact,1986:01:SP:U0136,0,0,14000,0,0,0,0,BEXAR,23:40,1986,1986,"M399,","SP,",1,"M3,","M,",MAIN,Texas,31.827233,-99.423022,23,Evening
Derailments,1985:10:MKT:AX101S,0,0,3000,12200,0,0,0,HARRIS,20:25,1985,1986,"T220,","MKT,",1,"T2,","T,",YARD,Texas,31.827233,-99.423022,20,Evening
Derailments,1985:11:BN:FW501,0,0,5600,64835,0,0,0,FLOYD,1:25,1985,1986,"T215,","BN,",1,"T2,","T,",MAIN,Texas,31.827233,-99.423022,1,Midnight
Raking collision,1985:12:HBT:AX2L85,0,0,1400,47500,4,0,0,HARRIS,22:10,1985,1986,"H307,","HBT,",7,"H3,","H,",YARD,Texas,31.827233,-99.423022,22,Evening
Derailments,1985:10:PTRA:OCT0185,0,0,2000,12500,0,0,0,HARRIS,23:55,1985,1986,"T311,","PTRA,",7,"T3,","T,",YARD,Texas,31.827233,-99.423022,23,Evening
Highway-rail impact,1985:08:SP:X2165,2,0,15000,0,0,0,0,WHARTON,19:40,1985,1985,"M399,","SP,",1,"M3,","M,",MAIN,Texas,31.827233,-99.423022,19,Evening
Derailments,1985:11:BN:FW495,0,0,500,9000,0,0,0,POTTER,22:05,1985,1986,"H699,","BN,",1,"H6,","H,",SIDING,Texas,31.827233,-99.423022,22,Evening
Derailments,1985:12:SP:X8795,0,0,17000,42250,0,0,0,GALVESTON,21:05,1985,1986,"T311,","SP,",7,"T3,","T,",YARD,Texas,31.827233,-99.423022,21,Evening
Derailments,1985:10:SP:U6665,0,0,500,8350,0,0,0,ELLIS,1:15,1985,1986,"H021,","SP,",7,"H0,","H,",YARD,Texas,31.827233,-99.423022,1,Midnight
Derailments,1985:11:MP:85201,0,0,0,4900,5,0,0,TARRANT,19:00,1985,1986,"T311,","MP,",7,"T3,","T,",YARD,Texas,31.827233,-99.423022,19,Evening
Other impacts,1986:01:PTRA:JAN0186,0,0,1000,7500,0,0,0,HARRIS,22:00,1986,1986,"H999,","PTRA,",7,"H9,","H,",INDUSTRY,Texas,31.827233,-99.423022,22,Evening
Derailments,1985:10:SP:X6495,0,0,7100,7800,16,0,0,HARRIS,4:40,1985,1986,"T402,","SP,",7,"T4,","T,",YARD,Texas,31.827233,-99.423022,4,Midnight
Derailments,1986:01:UP:0186KV203,0,0,2500,9300,2,0,0,BRAZORIA,17:40,1986,1986,"T314,","UP,",7,"T3,","T,",YARD,Texas,31.827233,-99.423022,17,Evening
Derailments,1985:12:SSW:K7835,0,0,9900,300,0,0,0,DALLAS,21:50,1985,1986,"M201,","SSW,",7,"M2,","M,",YARD,Texas,31.827233,-99.423022,21,Evening
Derailments,1985:12:MKT:AX128S,0,0,900,10000,0,0,0,GRAYSON,21:00,1985,1986,"T110,","MKT,",1,"T1,","T,",MAIN,Texas,31.827233,-99.423022,21,Evening
Derailments,1985:11:SP:X7775,0,0,1400,25500,0,0,0,HARRIS,23:45,1985,1986,"M407,","SP,",1,"M4,","M,",YARD,Texas,31.827233,-99.423022,23,Evening
Derailments,1985:12:ATSF:231285102,0,0,16000,250,0,0,0,LIBERTY,3:15,1985,1986,"T002,","ATSF,",1,"T0,","T,",MAIN,Texas,31.827233,-99.423022,3,Midnight
Derailments,1985:12:SP:X8665,0,0,30000,2600,0,0,0,HARRIS,21:00,1985,1986,"T202,","SP,",7,"T2,","T,",YARD,Texas,31.827233,-99.423022,21,Evening
Derailments,1985:10:SP:T0815,0,0,12500,3800,0,0,0,EL PASO,17:15,1985,1986,"T002,","SP,",7,"T0,","T,",YARD,Texas,31.827233,-99.423022,17,Evening
Derailments,1985:11:SP:U7225,0,0,14300,0,0,0,0,GRAYSON,21:30,1985,1986,"T314,H603,","BN,SP,",1,"T3,H6,","T,H,",YARD,Texas,31.827233,-99.423022,21,Evening
Derailments,1985:10:KCS:346490,0,0,7500,17375,0,0,0,JEFFERSON,24:00:00,1985,1986,"H503,","KCS,",7,"H5,","H,",YARD,Texas,31.827233,-99.423022,24,Midnight
Derailments,1985:10:MKT:AX97S,0,0,1450,11000,0,0,0,MCLENNAN,22:15,1985,1986,"T309,","MKT,",7,"T3,","T,",YARD,Texas,31.827233,-99.423022,22,Evening
Side collision,1985:11:PTRA:NOV0185,0,0,500,5750,0,0,0,HARRIS,2:50,1985,1986,"H999,","PTRA,",7,"H9,","H,",YARD,Texas,31.827233,-99.423022,2,Midnight
Derailments,1985:12:SP:U7995,0,0,13200,26000,0,0,0,LIMESTONE,23:10,1985,1986,"E53C,","SP,",1,"E5,","E,",MAIN,Texas,31.827233,-99.423022,23,Evening
Other impacts,1985:10:SP:U6475,0,0,500,10991,0,0,0,BEXAR,23:30,1985,1986,"H704,","SP,",7,"H7,","H,",YARD,Texas,31.827233,-99.423022,23,Evening
Derailments,1985:11:ATSF:201185102,0,0,33000,4475,9,0,0,RANDALL,2:05,1985,1986,"T314,T199,","ATSF,",1,"T3,T1,","T,",YARD,Texas,31.827233,-99.423022,2,Midnight
Derailments,1985:11:BN:FW502,0,0,0,5450,0,0,0,CLAY,24:40:00,1985,1986,"H503,","BN,",1,"H5,","H,",SIDING,Texas,31.827233,-99.423022,24,Midnight
Derailments,1985:12:SP:X8675,0,0,9000,1250,1,1,0,GALVESTON,1:55,1985,1986,"T210,","SP,",1,"T2,","T,",MAIN,Texas,31.827233,-99.423022,1,Midnight
Derailments,1985:12:SP:X8635,0,0,10600,700,0,0,0,HARRIS,1:25,1985,1986,"T110,","SP,",7,"T1,","T,",YARD,Texas,31.827233,-99.423022,1,Midnight
Obstruction impact,1985:10:PBZ:INDUSTRY,0,0,0,6000,0,0,0,HARRIS,22:45,1985,1986,"H401,","MKT,",7,"H4,","H,",INDUSTRY,Texas,31.827233,-99.423022,22,Evening
Derailments,1986:04:UP:0486KV203,0,0,0,9500,0,0,0,BEXAR,22:30,1986,1986,"H312,","UP,",67,"H3,","H,",YARD,Texas,31.827233,-99.423022,22,Evening
Derailments,1986:04:UP:0486RG205,0,0,250,5800,1,1,0,HOWARD,19:40,1986,1986,"H999,","UP,",1,"H9,","H,",MAIN,Texas,31.827233,-99.423022,19,Evening
Derailments,1986:04:SP:W3606,0,0,1500,10625,0,0,0,GALVESTON,19:20,1986,1986,"T210,","SP,",7,"T2,","T,",YARD,Texas,31.827233,-99.423022,19,Evening
Derailments,1986:03:PTRA:MAR0286,0,0,0,7000,0,0,0,HARRIS,4:00,1986,1986,"H702,","PTRA,",7,"H7,","H,",INDUSTRY,Texas,31.827233,-99.423022,4,Midnight
Derailments,1986:07:TCZ:INDUSTRY,0,0,0,155000,5,5,0,JEFFERSON,4:00,1986,1986,"T101,","KCS,",7,"T1,","T,",INDUSTRY,Texas,31.827233,-99.423022,4,Midnight
Highway-rail impact,1986:03:SP:W2666,0,2,7450,1525,0,0,0,HARRIS,21:30,1986,1986,"M399,","ATSF,SP,",1,"M3,","M,",MAIN,Texas,31.827233,-99.423022,21,Evening
Other impacts,1986:05:SP:U2016,0,0,1500,35000,0,0,0,BEXAR,20:20,1986,1986,"H307,H302,","SP,",7,"H3,","H,",YARD,Texas,31.827233,-99.423022,20,Evening
Derailments,1986:06:UP:0686RR202,0,0,10200,250,2,0,0,ANDERSON,1:40,1986,1986,"H503,","UP,",1,"H5,","H,",MAIN,Texas,31.827233,-99.423022,1,Midnight
Derailments,1986:03:MKT:AX14S,0,0,10000,17350,0,0,0,TARRANT,23:45,1986,1986,"M503,","MKT,",1,"M5,","M,",MAIN,Texas,31.827233,-99.423022,23,Evening
Side collision,1986:04:MKT:AX18S,0,0,200,14000,0,0,0,HARRIS,19:30,1986,1986,"H018,","MKT,",67,"H0,","H,",YARD,Texas,31.827233,-99.423022,19,Evening
Derailments,1986:03:UP:0386RG202,0,0,0,19500,0,0,0,TARRANT,17:35,1986,1986,"H017,","UP,",84,"H0,","H,",YARD,Texas,31.827233,-99.423022,17,Evening
Derailments,1986:04:SP:W3506,0,0,2500,4000,2,2,1,HARRIS,4:55,1986,1986,"M405,","SP,",7,"M4,","M,",INDUSTRY,Texas,31.827233,-99.423022,4,Midnight
Derailments,1986:03:SP:W2456,0,0,7500,57900,0,0,0,HARRIS,3:15,1986,1986,"E40C,T101,","ATSF,SP,",1,"E4,T1,E4,","E,T,E,",MAIN,Texas,31.827233,-99.423022,3,Midnight
Side collision,1986:02:PTRA:FEB0186,0,0,0,13450,0,0,0,HARRIS,1:30,1986,1986,"H020,","PTRA,",76,"H0,","H,",YARD,Texas,31.827233,-99.423022,1,Midnight
Side collision,1986:02:MKT:AX7S,0,0,0,7900,0,0,0,MCLENNAN,20:15,1986,1986,"H021,","MKT,",57,"H0,","H,",YARD,Texas,31.827233,-99.423022,20,Evening
Derailments,1986:02:SP:W1156,0,0,8296,1500,0,0,0,ANGELINA,22:05,1986,1986,"M503,","SP,",7,"M5,","M,",YARD,Texas,31.827233,-99.423022,22,Evening
Derailments,1986:02:SP:U0766,0,0,11000,3900,0,0,0,GRAYSON,3:30,1986,1986,"T201,","BN,SP,",1,"T2,","T,",MAIN,Texas,31.827233,-99.423022,3,Midnight
Derailments,1986:05:SP:W4326,0,0,2732,8500,0,0,0,NUECES,18:00,1986,1986,"T110,","SP,",1,"T1,","T,",YARD,Texas,31.827233,-99.423022,18,Evening
Derailments,1986:05:UP:0586RR209,0,0,12000,2000,0,0,0,BOWIE,17:25,1986,1986,"T101,","UP,",1,"T1,","T,",MAIN,Texas,31.827233,-99.423022,17,Evening
Other impacts,1986:05:ATSF:200586105,0,0,13700,1564750,0,0,0,CARSON,22:35,1986,1986,"M199,","ATSF,",1,"M1,","M,",MAIN,Texas,31.827233,-99.423022,22,Evening
Other impacts,1986:05:SP:W7565,0,0,200,10500,0,0,0,HARRIS,2:30,1986,1986,"M407,","SP,",7,"M4,","M,",YARD,Texas,31.827233,-99.423022,2,Midnight
Raking collision,1985:12:HBT:AX1L85,0,0,525,34200,18,1,0,HARRIS,21:35,1985,1986,"H307,","HBT,",7,"H3,","H,",YARD,Texas,31.827233,-99.423022,21,Evening
Other impacts,1986:04:MKT:AX17S,0,0,30000,44200,0,0,0,HUNT,1:05,1986,1986,"T002,","MKT,",1,"T0,","T,",MAIN,Texas,31.827233,-99.423022,1,Midnight
Side collision,1986:03:PTRA:MAR0186,0,0,2000,39000,1,1,0,HARRIS,23:50,1986,1986,"H020,","PTRA,",676,"H0,","H,",YARD,Texas,31.827233,-99.423022,23,Evening
Derailments,1986:04:MKT:AX19S,0,0,11100,3500,3,0,0,DALLAS,22:15,1986,1986,"T314,","MKT,UP,",1,"T3,","T,",MAIN,Texas,31.827233,-99.423022,22,Evening