AccidentType,inckey,Fatalities,Injuries,TrackDamage,EquipmentDamage,HazmatCars,HazmatCarsDerailed,HazmatCarsReleasing,County,DisplayTime,calendar,Fiscal,AccidentCause,RailroadCodes,RAILEQUIPMENT_TYPE,CauseGroup,CauseDiscipline,TYPE_OF_TRACK,StateName,latitude,longitude,hour,cat
Fire/violent rupture,1986:02:ATSF:230286101,0,0,0,37849,0,0,0,MCLENNAN,2:19,1986,1986,"E73L,","ATSF,",1,"E7,","E,",MAIN,Texas,31.827233,-99.423022,2,Midnight
Derailments,1986:05:MKT:AX24S,0,0,2070,11830,0,0,0,DALLAS,3:10,1986,1986,"H503,","MKT,",57,"H5,","H,",YARD,Texas,31.827233,-99.423022,3,Midnight
Derailments,1986:03:HBT:AX1C86,0,0,20000,63500,3,0,0,HARRIS,18:15,1986,1986,"E46C,","HBT,UP,",1,"E4,","E,",MAIN,Texas,31.827233,-99.423022,18,Evening
Other impacts,1986:02:BN:FW19,0,0,12486,0,0,0,0,WILBARGER,17:20,1986,1986,"E86C,","BN,",4,"E8,","E,",SIDING,Texas,31.827233,-99.423022,17,Evening
Derailments,1986:05:SP:W4206,0,0,9389,3650,0,0,0,HARRIS,17:47,1986,1986,"T314,","SP,",7,"T3,","T,",YARD,Texas,31.827233,-99.423022,17,Evening
Derailments,1986:03:KCS:344589,0,0,5093,10283,0,0,0,BOWIE,23:50,1986,1986,"T314,","KCS,",1,"T3,","T,",MAIN,Texas,31.827233,-99.423022,23,Evening
Derailments,1986:04:PTRA:APR0186,0,0,1000,12000,0,0,0,HARRIS,17:55,1986,1986,"T311,","PTRA,",1,"T3,","T,",YARD,Texas,31.827233,-99.423022,17,Evening
Derailments,1986:05:ATSF:200586103,0,0,3600,134239,12,1,1,HALE,3:00,1986,1986,"M503,","ATSF,",1,"M5,","M,",MAIN,Texas,31.827233,-99.423022,3,Midnight
Derailments,1986:03:SP:W2306,0,0,36000,3750,0,0,0,HARRIS,3:30,1986,1986,"M599,","SP,",7,"M5,","M,",YARD,Texas,31.827233,-99.423022,3,Midnight
Derailments,1985:12:SSW:K7695,0,0,2000,4050,0,0,0,SMITH,21:15,1985,1986,"T311,","SSW,",7,"T3,","T,",YARD,Texas,31.827233,-99.423022,21,Evening
Derailments,1986:05:UP:0586RG204,0,0,15100,4750,2,0,0,TARRANT,22:45,1986,1986,"H503,","UP,",7,"H5,","H,",YARD,Texas,31.827233,-99.423022,22,Evening
Derailments,1986:03:SP:W2296,0,0,13500,1100,0,0,0,HARRIS,19:54,1986,1986,"T402,","SP,",7,"T4,","T,",YARD,Texas,31.827233,-99.423022,19,Evening
Other impacts,1986:03:SP:W2536,0,0,150,6500,0,0,0,HARRIS,18:45,1986,1986,"M407,","SP,",8,"M4,","M,",YARD,Texas,31.827233,-99.423022,18,Evening
Derailments,1986:02:SP:F0826,0,0,300,9300,0,0,0,CHAMBERS,4:50,1986,1986,"H702,","SP,",7,"H7,","H,",YARD,Texas,31.827233,-99.423022,4,Midnight
Derailments,1986:06:ATSF:230686102,0,0,7500,72050,0,0,0,MILAM,3:40,1986,1986,"T109,","ATSF,",1,"T1,","T,",MAIN,Texas,31.827233,-99.423022,3,Midnight
Derailments,1986:07:SSW:K2786,0,0,29000,31000,2,0,0,DALLAS,17:55,1986,1986,"T102,","SSW,",1,"T1,","T,",MAIN,Texas,31.827233,-99.423022,17,Evening
Raking collision,1986:10:MKT:AX60S,0,0,500,20400,0,0,0,TARRANT,19:30,1986,1987,"H306,","MKT,",57,"H3,","H,",YARD,Texas,31.827233,-99.423022,19,Evening
Derailments,1986:09:HBT:AX1I86,0,0,12000,2200,8,1,0,HARRIS,20:10,1986,1986,"H503,","HBT,",7,"H5,","H,",YARD,Texas,31.827233,-99.423022,20,Evening
Derailments,1986:06:SP:W5126,0,0,6000,800,0,0,0,VICTORIA,21:45,1986,1986,"M405,","SP,",1,"M4,","M,",MAIN,Texas,31.827233,-99.423022,21,Evening
Derailments,1986:06:MKT:AX29S,0,0,8200,0,0,0,0,ELLIS,24:15:00,1986,1986,"T110,","MKT,",1,"T1,","T,",MAIN,Texas,31.827233,-99.423022,24,Midnight
Rear end collision,1986:06:SP:U2436,0,0,0,17000,0,0,0,JEFF DAVIS,17:30,1986,1986,"H999,","SP,",45,"H9,","H,",YARD,Texas,31.827233,-99.423022,17,Evening
Side collision,1986:07:PTRA:JULY0186,0,0,1000,12300,0,0,0,HARRIS,4:30,1986,1986,"H306,","PTRA,",67,"H3,","H,",YARD,Texas,31.827233,-99.423022,4,Midnight
Derailments,1986:07:SP:W5696,0,0,30000,15050,0,0,0,SAN PATRICIO,3:10,1986,1986,"T220,","SP,",1,"T2,","T,",MAIN,Texas,31.827233,-99.423022,3,Midnight
Other impacts,1986:07:SP:U2806,0,0,0,12000,0,0,0,BREWSTER,24:15:00,1986,1986,"H601,","SP,",1,"H6,","H,",SIDING,Texas,31.827233,-99.423022,24,Midnight
Side collision,1986:09:PTRA:SEPT0186,0,0,5000,85000,2,2,0,HARRIS,3:00,1986,1986,"H020,H999,H018,","PTRA,SP,",67,"H0,H9,H0,","H,",YARD,Texas,31.827233,-99.423022,3,Midnight
Derailments,1986:08:SP:S4916,0,0,1200,4000,0,0,0,EL PASO,3:00,1986,1986,"T110,","SP,",1,"T1,","T,",YARD,Texas,31.827233,-99.423022,3,Midnight
Derailments,1986:07:MKT:AX37S,0,0,8300,60,0,0,0,DALLAS,2:00,1986,1986,"T102,","MKT,",7,"T1,","T,",MAIN,Texas,31.827233,-99.423022,2,Midnight
Derailments,1986:07:OKT:AX360,0,0,800,30600,0,0,0,TARRANT,2:00,1986,1986,"H503,","OKT,",7,"H5,","H,",MAIN,Texas,31.827233,-99.423022,2,Midnight
Derailments,1986:08:MKT:AX50S,0,0,0,7000,0,0,0,GRAYSON,4:20,1986,1986,"T222,","MKT,",57,"T2,","T,",YARD,Texas,31.827233,-99.423022,4,Midnight
Derailments,1986:10:ATSF:231086102,0,0,10500,72500,0,0,0,COLORADO,18:35,1986,1987,"T221,","ATSF,SP,",1,"T2,","T,",MAIN,Texas,31.827233,-99.423022,18,Evening
Derailments,1986:06:SP:U2406,0,0,20000,108450,0,0,0,BREWSTER,21:50,1986,1986,"E32C,","SP,",1,"E3,","E,",MAIN,Texas,31.827233,-99.423022,21,Evening
Derailments,1986:09:UP:0986GU204,0,0,10000,500,3,0,0,ANDERSON,23:40,1986,1986,"E40C,","UP,",1,"E4,","E,",YARD,Texas,31.827233,-99.423022,23,Evening
Derailments,1986:08:MKT:AX46S,0,0,5700,8800,0,0,0,WILLIAMSON,18:05,1986,1986,"T101,","MKT,",1,"T1,","T,",YARD,Texas,31.827233,-99.423022,18,Evening
Derailments,1986:07:BN:TU333,0,0,0,9500,0,0,0,HARDEMAN,18:15,1986,1986,"H505,","BN,",1,"H5,","H,",MAIN,Texas,31.827233,-99.423022,18,Evening
Derailments,1986:10:HBT:AX1J86,0,0,9547,9400,4,0,0,HARRIS,18:40,1986,1987,"H503,","HBT,",7,"H5,","H,",YARD,Texas,31.827233,-99.423022,18,Evening
Derailments,1986:07:PTRA:JULY0386,0,0,10000,150000,0,0,0,HARRIS,24:40:00,1986,1986,"T110,","PTRA,",7,"T1,","T,",YARD,Texas,31.827233,-99.423022,24,Midnight
Derailments,1986:09:SP:W7776,0,0,0,8300,0,0,0,HARRIS,1:15,1986,1986,"M407,","SP,",7,"M4,","M,",YARD,Texas,31.827233,-99.423022,1,Midnight
Side collision,1986:07:PTRA:JULY0286,0,0,3000,21400,0,0,0,HARRIS,2:30,1986,1986,"H310,","PTRA,",57,"H3,","H,",YARD,Texas,31.827233,-99.423022,2,Midnight
Derailments,1986:08:PTRA:AUGUST0186,0,0,0,16000,0,0,0,HARRIS,23:40,1986,1986,"T110,","PTRA,",7,"T1,","T,",INDUSTRY,Texas,31.827233,-99.423022,23,Evening
Side collision,1986:08:PTRA:AUGUST0286,0,0,0,5100,0,0,0,HARRIS,19:20,1986,1986,"H306,","PTRA,",67,"H3,","H,",INDUSTRY,Texas,31.827233,-99.423022,19,Evening
Derailments,1986:06:UP:0686RG205,0,0,7500,10100,0,0,0,TARRANT,1:30,1986,1986,"T101,","UP,",1,"T1,","T,",YARD,Texas,31.827233,-99.423022,1,Midnight
Side collision,1986:06:PTRA:JUNE0186,0,0,500,9500,0,0,0,HARRIS,22:00,1986,1986,"H020,","PTRA,",76,"H0,","H,",YARD,Texas,31.827233,-99.423022,22,Evening
Derailments,1986:06:MKT:AX30S1,0,0,3000,16600,0,0,0,TARRANT,4:35,1986,1986,"H701,","MKT,",575,"H7,","H,",YARD,Texas,31.827233,-99.423022,4,Midnight
Derailments,1986:10:PTRA:OCT0186,0,0,1000,6500,0,0,0,HARRIS,4:55,1986,1987,"H401,","PTRA,",7,"H4,","H,",INDUSTRY,Texas,31.827233,-99.423022,4,Midnight
Side collision,1986:07:UP:0786GU205,0,0,5000,7700,0,0,0,BEXAR,19:30,1986,1986,"H306,","UP,",76,"H3,","H,",YARD,Texas,31.827233,-99.423022,19,Evening
Derailments,1986:06:UP:0686RG204,0,0,600,4695,3,0,0,TARRANT,17:15,1986,1986,"M201,","UP,",7,"M2,","M,",YARD,Texas,31.827233,-99.423022,17,Evening
Side collision,1986:08:UP:0886GU204,0,0,17200,61500,4,0,0,HAYS,19:45,1986,1986,"H020,","UP,",61,"H0,","H,",MAIN,Texas,31.827233,-99.423022,19,Evening
Side collision,1986:08:PTRA:AUGUST0386,0,0,1000,8750,0,0,0,HARRIS,24:40:00,1986,1986,"H025,","PTRA,",7,"H0,","H,",YARD,Texas,31.827233,-99.423022,24,Midnight
Derailments,1986:11:ATSF:201186101,0,0,5800,3100,3,3,0,GRAY,23:30,1986,1987,"H704,","ATSF,",1,"H7,","H,",YARD,Texas,31.827233,-99.423022,23,Evening
Derailments,1987:02:SP:W1157,0,0,250000,38900,0,0,0,BEE,21:30,1987,1987,"E40C,","SP,",1,"E4,","E,",MAIN,Texas,31.827233,-99.423022,21,Evening
Derailments,1987:02:ATSF:230287101,0,0,250,18500,0,0,0,JEFFERSON,1:30,1987,1987,"T210,T001,","ATSF,",7,"T2,T0,","T,",YARD,Texas,31.827233,-99.423022,1,Midnight
Derailments,1986:12:ATSF:231286101,0,0,2600,20875,0,0,0,MATAGORDA,24:30:00,1986,1987,"T001,T102,","ATSF,",1,"T0,T1,","T,",MAIN,Texas,31.827233,-99.423022,24,Midnight
Derailments,1986:12:UP:1286TX201,0,0,5000,726000,15,13,2,EASTLAND,18:35,1986,1987,"E53C,","UP,",1,"E5,","E,",MAIN,Texas,31.827233,-99.423022,18,Evening
Derailments,1986:12:UP:1286GU202,0,0,12000,0,0,0,0,BEXAR,24:30:00,1986,1987,"E46C,","UP,",4,"E4,","E,",MAIN,Texas,31.827233,-99.423022,24,Midnight
Other impacts,1986:10:SP:U3996,0,0,0,72000,0,0,0,BEXAR,23:30,1986,1987,"M504,","SP,",1,"M5,","M,",INDUSTRY,Texas,31.827233,-99.423022,23,Evening
Derailments,1987:03:BN:TU147,0,2,762000,0,0,0,0,WISE,22:30,1987,1987,"H503,","BN,",1,"H5,","H,",MAIN,Texas,31.827233,-99.423022,22,Evening
Derailments,1987:03:ATSF:200387102,0,0,3200,6800,3,0,0,POTTER,20:50,1987,1987,"H021,","ATSF,",6,"H0,","H,",YARD,Texas,31.827233,-99.423022,20,Evening
Derailments,1986:12:SP:U4656,0,0,22000,0,0,0,0,HARRIS,4:15,1986,1987,"E99C,","SP,",1,"E9,","E,",MAIN,Texas,31.827233,-99.423022,4,Midnight
Derailments,1987:01:UP:0187TX201,0,0,10080,85850,0,0,0,DENTON,19:43,1987,1987,"E27C,","UP,",1,"E2,","E,",MAIN,Texas,31.827233,-99.423022,19,Evening
Highway-rail impact,1987:01:ATSF:230187101,0,2,2023,4491,0,0,0,FORT BEND,1:02,1987,1987,"M399,","ATSF,",1,"M3,","M,",MAIN,Texas,31.827233,-99.423022,1,Midnight
Derailments,1986:12:SP:X0636,0,0,45700,75000,2,2,2,HARRIS,23:39,1986,1987,"M407,","SP,",7,"M4,","M,",YARD,Texas,31.827233,-99.423022,23,Evening
Derailments,1987:01:KCS:343914,0,0,300,33285,1,0,0,BOWIE,23:55,1987,1987,"H702,","KCS,",1,"H7,","H,",YARD,Texas,31.827233,-99.423022,23,Evening
Derailments,1986:12:UP:1286TX202,0,0,8800,164200,3,0,0,DENTON,3:15,1986,1987,"E00C,","UP,",1,"E0,","E,",MAIN,Texas,31.827233,-99.423022,3,Midnight
Side collision,1987:02:ATSF:220287102,0,0,32300,7657,0,0,0,JOHNSON,20:45,1987,1987,"H021,","ATSF,",76,"H0,","H,",YARD,Texas,31.827233,-99.423022,20,Evening
Derailments,1987:02:UP:0287TX205,0,0,2800,4500,0,0,0,PARKER,24:45:00,1987,1987,"T202,","UP,",1,"T2,","T,",MAIN,Texas,31.827233,-99.423022,24,Midnight
Derailments,1987:01:UP:0187GU201,0,0,0,6500,0,0,0,WEBB,17:25,1987,1987,"H312,","UP,",7,"H3,","H,",YARD,Texas,31.827233,-99.423022,17,Evening
Derailments,1987:01:SP:W0627,0,0,1200,6450,0,0,0,GALVESTON,24:50:00,1987,1987,"T199,","SP,",1,"T1,","T,",YARD,Texas,31.827233,-99.423022,24,Midnight
Derailments,1986:11:UP:1186AR203,0,0,4800,400,0,0,0,LAMAR,19:00,1986,1987,"M503,","UP,",1,"M5,","M,",MAIN,Texas,31.827233,-99.423022,19,Evening
Derailments,1986:11:AUNW:D0003,0,0,5559,0,0,0,0,TRAVIS,17:40,1986,1987,"T110,","AUNW,",1,"T1,","T,",MAIN,Texas,31.827233,-99.423022,17,Evening
Derailments,1987:01:SP:W0557,0,0,140000,58000,0,0,0,GRIMES,3:35,1987,1987,"E99C,","SP,",1,"E9,","E,",MAIN,Texas,31.827233,-99.423022,3,Midnight
Side collision,1986:12:PTRA:DEC0286,0,0,300,19400,2,2,0,HARRIS,22:35,1986,1987,"H025,","PTRA,",7,"H0,","H,",YARD,Texas,31.827233,-99.423022,22,Evening
Derailments,1986:10:SSW:K3826,0,0,3885,3150,0,0,0,BOWIE,4:15,1986,1987,"T110,","SSW,",7,"T1,","T,",YARD,Texas,31.827233,-99.423022,4,Midnight
Derailments,1987:01:SP:F0137,0,0,0,24500,1,1,1,JEFFERSON,23:10,1987,1987,"T103,","SP,",7,"T1,","T,",INDUSTRY,Texas,31.827233,-99.423022,23,Evening
Derailments,1987:02:SP:W1287,0,0,27500,8300,0,0,0,HARRIS,23:00,1987,1987,"T314,","SP,",1,"T3,","T,",YARD,Texas,31.827233,-99.423022,23,Evening
Derailments,1986:11:UP:1186TX201,0,0,17650,950,0,0,0,TARRANT,23:45,1986,1987,"T110,","MKT,UP,",1,"T1,","T,",YARD,Texas,31.827233,-99.423022,23,Evening
Other impacts,1986:10:SP:W8356,0,2,9000,160085,1,1,1,HARRIS,1:45,1986,1987,"H212,","SP,",71,"H2,","H,",YARD,Texas,31.827233,-99.423022,1,Midnight
Derailments,1987:02:SP:W2787,0,0,1200,18125,0,0,0,WHARTON,17:30,1987,1987,"T221,","SP,",1,"T2,","T,",YARD,Texas,31.827233,-99.423022,17,Evening
Derailments,1986:12:ATSF:201286101,0,0,13000,0,2,0,0,LAMB,21:40,1986,1987,"E29C,","ATSF,",1,"E2,","E,",MAIN,Texas,31.827233,-99.423022,21,Evening
Derailments,1986:10:SP:W8496,0,0,1600,6700,0,0,0,HARRIS,20:05,1986,1987,"T220,","SP,",7,"T2,","T,",INDUSTRY,Texas,31.827233,-99.423022,20,Evening
Derailments,1987:02:MKT:AX8S,0,0,13930,61000,0,0,0,ROCKWALL,18:10,1987,1987,"T220,","MKT,",1,"T2,","T,",MAIN,Texas,31.827233,-99.423022,18,Evening
Derailments,1986:10:SP:W8366,0,0,4800,10250,1,1,0,HARRIS,24:15:00,1986,1987,"M503,","SP,",1,"M5,","M,",SIDING,Texas,31.827233,-99.423022,24,Midnight
Derailments,1986:12:SP:X0956,0,0,700,8000,1,1,0,HARRIS,1:55,1986,1987,"T110,","SP,",7,"T1,","T,",YARD,Texas,31.827233,-99.423022,1,Midnight
Derailments,1986:11:BN:TU568,0,0,600,8600,0,0,0,LEON,4:15,1986,1987,"E46C,","BN,",1,"E4,","E,",MAIN,Texas,31.827233,-99.423022,4,Midnight
Derailments,1986:12:ATSF:201286102,0,0,72000,177800,0,0,0,CASTRO,24:45:00,1986,1987,"T001,","ATSF,",1,"T0,","T,",SIDING,Texas,31.827233,-99.423022,24,Midnight
Derailments,1986:10:SSW:K4096,0,0,5000,18000,0,0,0,DALLAS,20:40,1986,1987,"T001,","SSW,",1,"T0,","T,",MAIN,Texas,31.827233,-99.423022,20,Evening
Derailments,1986:12:SP:X0756,0,0,600,6000,0,0,0,HARRIS,21:55,1986,1987,"T110,T111,","SP,",7,"T1,","T,",YARD,Texas,31.827233,-99.423022,21,Evening
Side collision,1987:01:ASZ:INDUSTRY,0,0,0,13200,0,0,0,CASTRO,18:50,1987,1987,"H025,","BN,",16,"H0,","H,",INDUSTRY,Texas,31.827233,-99.423022,18,Evening
Derailments,1986:11:UP:1186TX202,0,0,3530,7350,0,0,0,GRAYSON,24:45:00,1986,1987,"T202,","UP,",1,"T2,","T,",MAIN,Texas,31.827233,-99.423022,24,Midnight
Derailments,1986:09:SP:W7166,0,0,250,13000,0,0,0,HARRIS,20:30,1986,1986,"T001,","SP,",7,"T0,","T,",YARD,Texas,31.827233,-99.423022,20,Evening
Side collision,1987:02:BN:TU107,0,0,0,26500,0,0,0,GRAYSON,21:30,1987,1987,"H021,","BN,",16,"H0,","H,",SIDING,Texas,31.827233,-99.423022,21,Evening
Derailments,1986:10:SP:U3976,0,0,5664,900,0,0,0,NAVARRO,20:45,1986,1987,"H603,","SP,SSW,",1,"H6,","H,",MAIN,Texas,31.827233,-99.423022,20,Evening
Derailments,1986:11:ATSF:231186101,0,0,2000,5900,3,3,0,AUSTIN,24:40:00,1986,1987,"T110,","ATSF,",1,"T1,","T,",YARD,Texas,31.827233,-99.423022,24,Midnight
Derailments,1987:01:UP:0187AR201,0,0,28482,0,0,0,0,HARRISON,24:01:00,1987,1987,"T299,","UP,",7,"T2,","T,",INDUSTRY,Texas,31.827233,-99.423022,24,Midnight
Raking collision,1986:12:MKT:AX68S,0,0,0,24380,0,0,0,DALLAS,4:15,1986,1987,"H401,","MKT,",77,"H4,","H,",MAIN,Texas,31.827233,-99.423022,4,Midnight
Derailments,1986:11:AUNW:D0002,0,0,3000,4500,0,0,0,WILLIAMSON,19:40,1986,1987,"H503,T001,","AUNW,",1,"H5,T0,","H,T,",MAIN,Texas,31.827233,-99.423022,19,Evening
Derailments,1986:11:SP:U4256,0,0,25000,41300,4,4,0,ELLIS,19:10,1986,1987,"T001,","SP,",1,"T0,","T,",MAIN,Texas,31.827233,-99.423022,19,Evening
Side collision,1987:01:UP:0187TX202,0,0,300,6500,0,0,0,TARRANT,4:00,1987,1987,"H306,","UP,",8,"H3,","H,",YARD,Texas,31.827233,-99.423022,4,Midnight
Derailments,1986:11:SP:U4226,0,0,11949,9850,0,0,0,ROBERTSON,24:50:00,1986,1987,"E64C,T311,","SP,",1,"E6,T3,","E,T,",MAIN,Texas,31.827233,-99.423022,24,Midnight
Derailments,1986:12:HPEZ:INDUSTRY,0,0,0,22120,0,0,0,HARRIS,19:30,1986,1987,"H704,","PTRA,",7,"H7,","H,",YARD,Texas,31.827233,-99.423022,19,Evening
Derailments,1987:01:UP:0187AR203,0,0,3880,9000,0,0,0,HARRISON,24:05:00,1987,1987,"E24C,","UP,",1,"E2,","E,",YARD,Texas,31.827233,-99.423022,24,Midnight
Derailments,1986:12:UP:1286GU201,0,0,100000,155000,3,0,0,BEXAR,17:30,1986,1987,"M599,","UP,",1,"M5,","M,",MAIN,Texas,31.827233,-99.423022,17,Evening
Derailments,1986:12:UP:1286GU203,0,0,3500,1500,0,0,0,WEBB,24:15:00,1986,1987,"T314,","UP,",1,"T3,","T,",YARD,Texas,31.827233,-99.423022,24,Midnight
Derailments,1986:12:SP:U4646,0,0,7000,19500,20,3,0,TARRANT,21:20,1986,1987,"E64C,","SP,",1,"E6,","E,",MAIN,Texas,31.827233,-99.423022,21,Evening
Side collision,1986:11:UP:1186TX204,0,0,0,8050,0,0,0,TARRANT,19:25,1986,1987,"H999,","UP,",6,"H9,","H,",YARD,Texas,31.827233,-99.423022,19,Evening
Derailments,1987:01:BN:TU41,0,0,0,12700,0,0,0,WICHITA,19:00,1987,1987,"T110,","BN,",1,"T1,","T,",YARD,Texas,31.827233,-99.423022,19,Evening
Derailments,1986:11:AUNW:D0005,0,0,5500,0,0,0,0,TRAVIS,17:30,1986,1987,"T110,","AUNW,",1,"T1,","T,",MAIN,Texas,31.827233,-99.423022,17,Evening
Derailments,1987:03:BN:CO132,0,0,34500,172000,0,0,0,DALLAM,2:25,1987,1987,"T215,","BN,",1,"T2,","T,",MAIN,Texas,31.827233,-99.423022,2,Midnight
Derailments,1987:01:UP:0187TX203,0,0,2500,10750,0,0,0,PARKER,20:00,1987,1987,"T110,","UP,",1,"T1,","T,",MAIN,Texas,31.827233,-99.423022,20,Evening
Derailments,1987:03:ATSF:210387101,0,2,100,75000,9,2,1,EL PASO,19:40,1987,1987,"E06L,H017,","ATSF,",1,"E0,H0,","E,H,",YARD,Texas,31.827233,-99.423022,19,Evening
Derailments,1987:05:SP:W4027,0,0,1200,6975,4,4,0,HARRIS,21:20,1987,1987,"M409,","SP,",7,"M4,","M,",MAIN,Texas,31.827233,-99.423022,21,Evening
Derailments,1987:04:ATSF:200487101,0,0,10000,6750,0,0,0,HARDEMAN,17:45,1987,1987,"T101,","ATSF,",1,"T1,","T,",MAIN,Texas,31.827233,-99.423022,17,Evening
Derailments,1987:04:BN:TU256,0,0,0,12000,0,0,0,CHILDRESS,24:55:00,1987,1987,"T110,","BN,",1,"T1,","T,",YARD,Texas,31.827233,-99.423022,24,Midnight
Derailments,1987:05:SP:W3917,0,0,500,15000,0,0,0,COLORADO,1:00,1987,1987,"T110,","SP,",7,"T1,","T,",YARD,Texas,31.827233,-99.423022,1,Midnight
Other impacts,1987:06:MKT:AX25S1,0,0,1800,38500,0,0,0,BELL,22:00,1987,1987,"H310,","MKT,",61,"H3,","H,",SIDING,Texas,31.827233,-99.423022,22,Evening
Derailments,1987:05:UP:0587TX010,0,0,29000,139250,0,0,0,HOWARD,3:25,1987,1987,"T002,","UP,",1,"T0,","T,",MAIN,Texas,31.827233,-99.423022,3,Midnight
Derailments,1987:05:UP:0587AR201,0,0,0,11175,0,0,0,GREGG,3:30,1987,1987,"H999,","UP,",1,"H9,","H,",YARD,Texas,31.827233,-99.423022,3,Midnight
Head on collision,1987:04:KCS:347221,0,0,4352,29947,0,0,0,BOWIE,21:23,1987,1987,"H216,","KCS,UP,",11,"H2,","H,",MAIN,Texas,31.827233,-99.423022,21,Evening
Rear end collision,1987:05:SP:W4147,0,0,1200,21375,0,0,0,HARRIS,21:45,1987,1987,"T110,","SP,",7,"T1,","T,",YARD,Texas,31.827233,-99.423022,21,Evening
Highway-rail impact,1987:05:HBT:XA1E87,0,19,8653,575,0,0,0,HARRIS,18:20,1987,1987,"M399,","HBT,UP,",1,"M3,","M,",MAIN,Texas,31.827233,-99.423022,18,Evening
Derailments,1987:03:SP:W2017,0,0,6100,3250,0,0,0,HARRIS,19:50,1987,1987,"T311,","SP,",7,"T3,","T,",YARD,Texas,31.827233,-99.423022,19,Evening
Other impacts,1987:03:SP:W2227,0,0,850,24500,0,0,0,HARRIS,2:10,1987,1987,"H306,","SP,",7,"H3,","H,",YARD,Texas,31.827233,-99.423022,2,Midnight
Rear end collision,1987:07:BN:TU450,0,4,0,28000,0,0,0,DALLAS,1:15,1987,1987,"H603,","BN,",1,"H6,","H,",YARD,Texas,31.827233,-99.423022,1,Midnight
Side collision,1987:08:ATSF:220887101,0,0,60,13575,0,0,0,BROWN,20:30,1987,1987,"H020,","ATSF,",57,"H0,","H,",YARD,Texas,31.827233,-99.423022,20,Evening
Fire/violent rupture,1987:06:ATSF:220687101,0,0,80000,25000,3,3,0,ERATH,23:20,1987,1987,"T499,","ATSF,",1,"T4,","T,",MAIN,Texas,31.827233,-99.423022,23,Evening
Derailments,1987:03:UP:0387GU202,0,0,7000,4000,0,0,0,BEXAR,17:10,1987,1987,"T102,","UP,",1,"T1,","T,",MAIN,Texas,31.827233,-99.423022,17,Evening
Side collision,1987:04:ATSF:230487101,0,4,48000,690726,0,0,0,MILAM,17:40,1987,1987,"H204,","ATSF,",1,"H2,","H,",MAIN,Texas,31.827233,-99.423022,17,Evening
Derailments,1987:04:SP:U1147,0,0,8000,53050,0,0,0,ELLIS,20:55,1987,1987,"T220,","SP,",16,"T2,","T,",YARD,Texas,31.827233,-99.423022,20,Evening
Other impacts,1987:04:PTRA:APR0187,0,0,0,50000,0,0,0,HARRIS,21:20,1987,1987,"E27C,","PTRA,",7,"E2,","E,",MAIN,Texas,31.827233,-99.423022,21,Evening
Other impacts,1987:06:UP:0687TX201,0,0,0,27000,0,0,0,TARRANT,4:15,1987,1987,"H308,","UP,",7,"H3,","H,",YARD,Texas,31.827233,-99.423022,4,Midnight
Derailments,1987:07:ATSF:200787103,0,0,12000,1300,0,0,0,POTTER,17:20,1987,1987,"T110,T111,","ATSF,",4,"T1,","T,",YARD,Texas,31.827233,-99.423022,17,Evening
Derailments,1987:05:COG:INDUSTRY,0,0,0,8000,0,0,0,POTTER,18:00,1987,1987,"H312,","BN,",6,"H3,","H,",INDUSTRY,Texas,31.827233,-99.423022,18,Evening
Derailments,1987:05:MKT:AX20S,0,0,10000,37750,0,0,0,TARRANT,4:45,1987,1987,"T109,","MKT,",7,"T1,","T,",MAIN,Texas,31.827233,-99.423022,4,Midnight
Derailments,1987:03:MKT:AX12S,0,0,0,6475,0,0,0,DALLAS,1:15,1987,1987,"T110,","MKT,",7,"T1,","T,",YARD,Texas,31.827233,-99.423022,1,Midnight
Broken train collision,1987:06:UP:0687GU201,0,0,30000,48700,10,4,0,HOUSTON,18:30,1987,1987,"M503,","UP,",1,"M5,","M,",MAIN,Texas,31.827233,-99.423022,18,Evening
Derailments,1987:08:UP:0887LA203,0,0,0,13000,0,0,0,ORANGE,23:00,1987,1987,"T314,","UP,",7,"T3,","T,",YARD,Texas,31.827233,-99.423022,23,Evening
Derailments,1987:06:SP:U2057,0,0,27000,134125,0,0,0,TARRANT,17:00,1987,1987,"T199,","SP,",1,"T1,","T,",MAIN,Texas,31.827233,-99.423022,17,Evening
Derailments,1987:07:BN:CO600,0,0,2000,63350,4,0,0,POTTER,23:35,1987,1987,"H521,","BN,",1,"H5,","H,",SIDING,Texas,31.827233,-99.423022,23,Evening
Derailments,1987:06:MKT:AX29S,0,0,22750,197746,0,0,0,WILLIAMSON,18:00,1987,1987,"T108,","MKT,",1,"T1,","T,",MAIN,Texas,31.827233,-99.423022,18,Evening
Highway-rail impact,1987:04:SP:W2857,0,0,3250,5250,0,0,0,WHARTON,24:10:00,1987,1987,"M399,","SP,",1,"M3,","M,",MAIN,Texas,31.827233,-99.423022,24,Midnight
Side collision,1987:05:UP:0587LA201,0,0,800,20150,0,0,0,JEFFERSON,21:00,1987,1987,"H306,","UP,",76,"H3,","H,",YARD,Texas,31.827233,-99.423022,21,Evening