AccidentType,inckey,Fatalities,Injuries,TrackDamage,EquipmentDamage,HazmatCars,HazmatCarsDerailed,HazmatCarsReleasing,County,DisplayTime,calendar,Fiscal,AccidentCause,RailroadCodes,RAILEQUIPMENT_TYPE,CauseGroup,CauseDiscipline,TYPE_OF_TRACK,StateName,latitude,longitude,hour,cat
Derailments,1987:04:ATSF:220487102,0,0,58000,47600,0,0,0,COOKE,17:45,1987,1987,"E49C,","ATSF,",1,"E4,","E,",MAIN,Texas,31.827233,-99.423022,17,Evening
Derailments,1987:06:SP:W4837,0,0,0,8100,2,2,0,HARRIS,23:55,1987,1987,"M407,","SP,",7,"M4,","M,",YARD,Texas,31.827233,-99.423022,23,Evening
Derailments,1987:06:UP:0687AR201,0,0,4800,12500,1,0,0,HARRISON,3:18,1987,1987,"E24C,","UP,",1,"E2,","E,",MAIN,Texas,31.827233,-99.423022,3,Midnight
Derailments,1987:07:BN:CO396,0,0,2500,63000,0,0,0,POTTER,23:37,1987,1987,"H513,","BN,",1,"H5,","H,",MAIN,Texas,31.827233,-99.423022,23,Evening
Derailments,1987:09:BN:TU642,0,0,0,17000,0,0,0,HARDEMAN,21:00,1987,1987,"T112,","BN,",1,"T1,","T,",YARD,Texas,31.827233,-99.423022,21,Evening
Derailments,1987:08:HBT:AX2H87,0,0,2000,38500,3,0,0,HARRIS,24:30:00,1987,1987,"T101,","HBT,",74,"T1,","T,",YARD,Texas,31.827233,-99.423022,24,Midnight
Raking collision,1987:08:ATSF:220887102,0,0,0,11238,0,0,0,DALLAS,23:45,1987,1987,"H306,","ATSF,",56,"H3,","H,",YARD,Texas,31.827233,-99.423022,23,Evening
Derailments,1987:09:HBT:AX1I87,0,0,500,5000,14,0,0,HARRIS,1:15,1987,1987,"T314,","HBT,",7,"T3,","T,",YARD,Texas,31.827233,-99.423022,1,Midnight
Derailments,1987:10:HBT:AX2J87,0,0,0,7500,6,1,0,HARRIS,22:40,1987,1988,"E32C,","HBT,",7,"E3,","E,",YARD,Texas,31.827233,-99.423022,22,Evening
Other impacts,1987:10:SP:W7887,0,0,2100,17500,8,4,0,HARRIS,23:35,1987,1988,"H702,","SP,",7,"H7,","H,",INDUSTRY,Texas,31.827233,-99.423022,23,Evening
Derailments,1987:10:ATSF:201087103,0,0,4700,26050,1,1,0,POTTER,19:40,1987,1988,"T202,","ATSF,",1,"T2,","T,",YARD,Texas,31.827233,-99.423022,19,Evening
Derailments,1987:09:SP:U3147,0,0,11000,70000,0,0,0,NAVARRO,20:27,1987,1987,"M599,","SP,",1,"M5,","M,",MAIN,Texas,31.827233,-99.423022,20,Evening
Derailments,1987:10:SP:W7817,0,0,9500,16275,0,0,0,HARRIS,20:35,1987,1988,"E35C,","SP,",7,"E3,","E,",YARD,Texas,31.827233,-99.423022,20,Evening
Other impacts,1987:11:ATSF:221187101,0,0,37500,2000,0,0,0,COLEMAN,17:45,1987,1988,"M206,","ATSF,",1,"M2,","M,",MAIN,Texas,31.827233,-99.423022,17,Evening
Derailments,1987:09:ATSF:220987101,0,0,10000,13000,0,0,0,DALLAS,21:10,1987,1987,"T106,","ATSF,",1,"T1,","T,",MAIN,Texas,31.827233,-99.423022,21,Evening
Derailments,1987:09:SP:W7047,0,0,250,9600,0,0,0,ANGELINA,3:25,1987,1987,"T110,","SP,",1,"T1,","T,",YARD,Texas,31.827233,-99.423022,3,Midnight
Derailments,1987:08:ATSF:230887102,0,0,10200,8600,0,0,0,AUSTIN,2:25,1987,1987,"T314,","ATSF,",1,"T3,","T,",YARD,Texas,31.827233,-99.423022,2,Midnight
Other impacts,1987:08:SP:W6397,0,0,0,6600,0,0,0,HARRIS,18:20,1987,1987,"H021,","SP,",7,"H0,","H,",YARD,Texas,31.827233,-99.423022,18,Evening
Derailments,1987:10:MKT:AX51S,0,0,3000,8600,0,0,0,TARRANT,2:40,1987,1988,"T311,","MKT,",1,"T3,","T,",YARD,Texas,31.827233,-99.423022,2,Midnight
Raking collision,1987:08:KCS:346684,0,0,1500,55150,0,0,0,JEFFERSON,19:50,1987,1987,"M501,","KCS,",67,"M5,","M,",YARD,Texas,31.827233,-99.423022,19,Evening
Derailments,1987:07:SP:W5647,0,0,3650,24875,0,0,0,HARRIS,18:30,1987,1987,"T202,","SP,",1,"T2,","T,",YARD,Texas,31.827233,-99.423022,18,Evening
Head on collision,1987:11:HBT:AX2K87,0,0,2250,10000,8,0,0,HARRIS,17:30,1987,1988,"E40C,","HBT,",7,"E4,","E,",YARD,Texas,31.827233,-99.423022,17,Evening
Derailments,1987:10:ATSF:231087101,0,1,10000,910000,0,0,0,WASHINGTON,17:35,1987,1988,"T106,","ATSF,",1,"T1,","T,",MAIN,Texas,31.827233,-99.423022,17,Evening
Derailments,1987:07:PTRA:JULY0287,0,0,1000,5300,0,0,0,HARRIS,18:33,1987,1987,"E86C,","PTRA,",7,"E8,","E,",SIDING,Texas,31.827233,-99.423022,18,Evening
Derailments,1987:08:UP:0887TX201,0,0,42000,4800,0,0,0,TARRANT,20:15,1987,1987,"H306,","UP,",1,"H3,","H,",SIDING,Texas,31.827233,-99.423022,20,Evening
Other impacts,1987:11:SP:U4097,0,0,500,50600,0,0,0,KINNEY,18:15,1987,1988,"H702,","SP,",1,"H7,","H,",SIDING,Texas,31.827233,-99.423022,18,Evening
Derailments,1987:09:SSW:K3197,0,0,2500,6750,0,0,0,NAVARRO,23:50,1987,1987,"T311,","SSW,",1,"T3,","T,",SIDING,Texas,31.827233,-99.423022,23,Evening
Derailments,1987:10:HBT:AX1J87,0,0,1500,4500,0,0,0,HARRIS,23:00,1987,1988,"H211,","HBT,",7,"H2,","H,",YARD,Texas,31.827233,-99.423022,23,Evening
Derailments,1987:08:SP:U2897,0,0,4250,26580,0,0,0,GONZALES,22:40,1987,1987,"E00C,","SP,",1,"E0,","E,",MAIN,Texas,31.827233,-99.423022,22,Evening
Derailments,1987:11:ATSF:231187101,0,0,2000,8000,0,0,0,FORT BEND,20:35,1987,1988,"E46C,","ATSF,",1,"E4,","E,",MAIN,Texas,31.827233,-99.423022,20,Evening
Derailments,1987:08:ATSF:230887101,0,0,49500,103500,1,1,0,MILAM,18:35,1987,1987,"T314,","ATSF,",1,"T3,","T,",MAIN,Texas,31.827233,-99.423022,18,Evening
Derailments,1987:11:SP:U4077,0,0,26200,1650,0,0,0,GRAYSON,18:20,1987,1988,"T314,","BN,SP,",1,"T3,","T,",MAIN,Texas,31.827233,-99.423022,18,Evening
Derailments,1987:06:BN:TU340,0,0,1200,20300,1,1,0,HALE,23:15,1987,1987,"M405,","BN,",1,"M4,","M,",MAIN,Texas,31.827233,-99.423022,23,Evening
Side collision,1987:11:PTRA:NOV0187,0,0,0,15000,0,0,0,HARRIS,3:00,1987,1988,"H020,","PTRA,",7,"H0,","H,",MAIN,Texas,31.827233,-99.423022,3,Midnight
Highway-rail impact,1987:07:SP:F3167,1,0,0,66146,18,0,0,HARRIS,24:49:00,1987,1987,"M399,","SP,",1,"M3,","M,",MAIN,Texas,31.827233,-99.423022,24,Midnight
Derailments,1987:09:SP:W7107,0,0,45000,18900,4,4,1,HARRIS,2:00,1987,1987,"T311,","SP,",1,"T3,","T,",MAIN,Texas,31.827233,-99.423022,2,Midnight
Derailments,1987:10:SP:W7827,0,1,30000,60150,0,0,0,FAYETTE,22:30,1987,1988,"T210,","SP,",1,"T2,","T,",MAIN,Texas,31.827233,-99.423022,22,Evening
Derailments,1988:01:HBT:AX1A88,0,0,16168,800,13,0,0,HARRIS,22:15,1988,1988,"H601,","HBT,",7,"H6,","H,",MAIN,Texas,31.827233,-99.423022,22,Evening
Derailments,1988:02:ATSF:220288101,0,0,16500,27550,0,0,0,JOHNSON,23:30,1988,1988,"H099,","ATSF,",1,"H0,","H,",YARD,Texas,31.827233,-99.423022,23,Evening
Derailments,1987:08:POHZ:INDUSTRY,0,0,0,5500,0,0,0,HARRIS,3:30,1987,1987,"T311,","PTRA,",7,"T3,","T,",INDUSTRY,Texas,31.827233,-99.423022,3,Midnight
Derailments,1987:11:SP:W8647,0,0,8000,12000,0,0,0,HARRIS,23:20,1987,1988,"H306,","SP,",7,"H3,","H,",INDUSTRY,Texas,31.827233,-99.423022,23,Evening
Highway-rail impact,1988:01:UP:0188HW208,0,0,0,7028,0,0,0,HAYS,20:50,1988,1988,"M399,","ATK,",2,"M3,","M,",MAIN,Texas,31.827233,-99.423022,20,Evening
Derailments,1987:10:ATSF:201087104,0,0,3000,2900,0,0,0,POTTER,1:00,1987,1988,"T202,","ATSF,",7,"T2,","T,",INDUSTRY,Texas,31.827233,-99.423022,1,Midnight
Highway-rail impact,1987:07:UP:0787GU034,0,1,2200,8300,0,0,0,CAMERON,24:15:00,1987,1987,"M399,","UP,",1,"M3,","M,",MAIN,Texas,31.827233,-99.423022,24,Midnight
Derailments,1987:09:MKT:AX46S,0,0,1400,11500,0,0,0,DALLAS,1:00,1987,1987,"T102,","MKT,",7,"T1,","T,",MAIN,Texas,31.827233,-99.423022,1,Midnight
Derailments,1987:08:MKT:AX42S,0,0,6000,0,0,0,0,GRAYSON,20:50,1987,1987,"T212,T110,","BN,MKT,",1,"T2,T1,","T,",YARD,Texas,31.827233,-99.423022,20,Evening
Derailments,1987:12:ATSF:221287101,0,0,1300,4850,0,0,0,LAMAR,24:20:00,1987,1988,"E24C,","ATSF,",1,"E2,","E,",MAIN,Texas,31.827233,-99.423022,24,Midnight
Derailments,1987:10:SP:W7957,0,0,110000,28125,0,0,0,HARRIS,22:05,1987,1988,"E24C,","SP,",1,"E2,","E,",MAIN,Texas,31.827233,-99.423022,22,Evening
Derailments,1987:08:HBT:AX1H87,0,0,3700,8000,0,0,0,HARRIS,4:20,1987,1987,"H601,","HBT,",7,"H6,","H,",YARD,Texas,31.827233,-99.423022,4,Midnight
Derailments,1988:03:PTRA:MAR0288,0,0,1000,13500,0,0,0,HARRIS,22:45,1988,1988,"T311,","PTRA,",7,"T3,","T,",YARD,Texas,31.827233,-99.423022,22,Evening
Derailments,1988:03:SP:Y1098,0,0,500,5400,0,0,0,HARRIS,3:30,1988,1988,"H025,","SP,",7,"H0,","H,",INDUSTRY,Texas,31.827233,-99.423022,3,Midnight
Derailments,1988:02:UP:0288FW217,0,0,200,10000,0,0,0,DALLAS,20:45,1988,1988,"T110,","UP,",1,"T1,","T,",YARD,Texas,31.827233,-99.423022,20,Evening
Derailments,1988:03:ATSF:230388101,0,0,15080,4500,0,0,0,MILAM,3:10,1988,1988,"E52C,","ATSF,",1,"E5,","E,",MAIN,Texas,31.827233,-99.423022,3,Midnight
Derailments,1988:03:SSW:M0818,0,0,3180,4500,0,0,0,DALLAM,24:45:00,1988,1988,"H704,","SSW,",7,"H7,","H,",YARD,Texas,31.827233,-99.423022,24,Midnight
Derailments,1988:04:ATSF:200488102,0,0,52860,6950,1,0,0,POTTER,18:30,1988,1988,"H603,","ATSF,",1,"H6,","H,",YARD,Texas,31.827233,-99.423022,18,Evening
Derailments,1987:12:HBT:AX2L87,0,0,14000,500,0,0,0,HARRIS,24:50:00,1987,1988,"H702,","HBT,",7,"H7,","H,",MAIN,Texas,31.827233,-99.423022,24,Midnight
Side collision,1988:01:PTRA:JAN0188,0,0,0,16500,0,0,0,HARRIS,17:45,1988,1988,"H025,","PTRA,",76,"H0,","H,",YARD,Texas,31.827233,-99.423022,17,Evening
Derailments,1988:03:MKT:AX10S,0,0,2800,24500,0,0,0,HARRIS,1:45,1988,1988,"T220,","MKT,",7,"T2,","T,",SIDING,Texas,31.827233,-99.423022,1,Midnight
Derailments,1988:01:HBT:AX3A88,0,0,0,12000,2,0,0,HARRIS,2:15,1988,1988,"H018,","HBT,",7,"H0,","H,",YARD,Texas,31.827233,-99.423022,2,Midnight
Derailments,1988:04:ATSF:200488101,0,0,44460,293550,7,7,0,RANDALL,20:25,1988,1988,"E34C,","ATSF,",1,"E3,","E,",MAIN,Texas,31.827233,-99.423022,20,Evening
Derailments,1988:01:SP:U0008,0,0,47000,23400,1,1,0,GRAYSON,17:45,1988,1988,"T110,","BN,SP,",1,"T1,","T,",MAIN,Texas,31.827233,-99.423022,17,Evening
Derailments,1988:01:ATSF:220188101,0,0,0,16500,30,0,0,BROWN,2:00,1988,1988,"E34C,","ATSF,",1,"E3,","E,",YARD,Texas,31.827233,-99.423022,2,Midnight
Derailments,1987:09:UP:0987GU201,0,0,0,11100,0,0,0,SAN PATRICIO,17:35,1987,1987,"H503,","UP,",7,"H5,","H,",YARD,Texas,31.827233,-99.423022,17,Evening
Derailments,1988:02:SP:Y0598,0,0,500,16000,0,0,0,HARRIS,4:20,1988,1988,"H025,","SP,",7,"H0,","H,",YARD,Texas,31.827233,-99.423022,4,Midnight
Derailments,1988:01:UP:0188TX207,0,0,27500,67000,1,1,1,MITCHELL,1:00,1988,1988,"E62C,","UP,",1,"E6,","E,",MAIN,Texas,31.827233,-99.423022,1,Midnight
Derailments,1988:01:SP:Y0268,0,0,18354,0,2,0,0,GALVESTON,3:00,1988,1988,"T210,","SP,",1,"T2,","T,",MAIN,Texas,31.827233,-99.423022,3,Midnight
Side collision,1987:12:MKT:AX57S1,0,0,0,6850,0,0,0,TARRANT,4:30,1987,1988,"H020,","MKT,",57,"H0,","H,",YARD,Texas,31.827233,-99.423022,4,Midnight
Derailments,1988:02:SP:Y0388,0,0,15556,1650,0,0,0,HARRIS,18:27,1988,1988,"M407,","SP,",7,"M4,","M,",YARD,Texas,31.827233,-99.423022,18,Evening
Derailments,1988:03:BN:TU183,0,0,0,8500,5,0,0,FREESTONE,3:10,1988,1988,"H503,","BN,",1,"H5,","H,",MAIN,Texas,31.827233,-99.423022,3,Midnight
Derailments,1988:03:MKT:AX23S,0,0,1500,4800,0,0,0,MCLENNAN,2:40,1988,1988,"H702,","MKT,",7,"H7,","H,",YARD,Texas,31.827233,-99.423022,2,Midnight
Derailments,1988:03:GVSR:1188,0,0,500,6000,0,0,0,GALVESTON,21:30,1988,1988,"H799,","GVSR,",1,"H7,","H,",YARD,Texas,31.827233,-99.423022,21,Evening
Other impacts,1988:01:BN:CO49,0,0,250,8370,0,0,0,POTTER,17:50,1988,1988,"H018,","BN,",15,"H0,","H,",YARD,Texas,31.827233,-99.423022,17,Evening
Derailments,1988:04:ATSF:230488101,0,0,22000,0,0,0,0,BURLESON,24:30:00,1988,1988,"E32C,","ATSF,",1,"E3,","E,",MAIN,Texas,31.827233,-99.423022,24,Midnight
Derailments,1987:10:SP:U3597,0,0,80600,16300,0,0,0,EL PASO,22:00,1987,1988,"H503,","SP,",1,"H5,","H,",MAIN,Texas,31.827233,-99.423022,22,Evening
Derailments,1987:12:SP:U4407,0,0,0,7000,0,0,0,UVALDE,22:15,1987,1988,"E53C,","SP,",1,"E5,","E,",MAIN,Texas,31.827233,-99.423022,22,Evening
Derailments,1988:02:UP:0288SA010,0,1,10000,140000,11,11,0,KENEDY,2:10,1988,1988,"T210,","UP,",1,"T2,","T,",MAIN,Texas,31.827233,-99.423022,2,Midnight
Other impacts,1988:01:UP:0188HO202,0,0,0,15000,0,0,0,JEFFERSON,23:00,1988,1988,"H601,","UP,",1,"H6,","H,",YARD,Texas,31.827233,-99.423022,23,Evening
Highway-rail impact,1988:03:SP:U0878,0,0,28000,4500,0,0,0,ELLIS,17:35,1988,1988,"M399,","SP,",1,"M3,","M,",MAIN,Texas,31.827233,-99.423022,17,Evening
Derailments,1988:02:SP:U0518,0,0,4900,26500,0,0,0,COLLIN,18:24,1988,1988,"E40C,","SP,",1,"E4,","E,",SIDING,Texas,31.827233,-99.423022,18,Evening
Derailments,1988:03:HBT:AX1C88,0,0,6900,7000,0,0,0,HARRIS,21:40,1988,1988,"H702,","HBT,UP,",11,"H7,","H,",SIDING,Texas,31.827233,-99.423022,21,Evening
Derailments,1988:04:BN:TU216,0,0,2500,5900,0,0,0,TARRANT,19:45,1988,1988,"T314,","BN,",1,"T3,","T,",YARD,Texas,31.827233,-99.423022,19,Evening
Side collision,1987:12:GHH:889,0,0,999,10000,0,0,0,GALVESTON,2:00,1987,1988,"H099,H401,","GHH,TCT,",7,"H0,H4,","H,",YARD,Texas,31.827233,-99.423022,2,Midnight
Side collision,1987:12:PTRA:DEC0387,0,0,3000,30000,0,0,0,HARRIS,20:30,1987,1988,"H702,","HBT,PTRA,",87,"H7,","H,",YARD,Texas,31.827233,-99.423022,20,Evening
Other impacts,1988:01:SP:Y0028,0,0,1200,20700,0,0,0,HARRIS,2:45,1988,1988,"H401,","SP,",7,"H4,","H,",YARD,Texas,31.827233,-99.423022,2,Midnight
Derailments,1988:01:UP:0188SA201,0,0,500,15500,0,0,0,NUECES,23:00,1988,1988,"H505,","UP,",6,"H5,","H,",YARD,Texas,31.827233,-99.423022,23,Evening
Derailments,1988:07:PTRA:JULY0188,0,0,5000,60240,0,0,0,HARRIS,1:20,1988,1988,"T102,","PTRA,",7,"T1,","T,",YARD,Texas,31.827233,-99.423022,1,Midnight
Derailments,1988:06:MKT:AX17S,0,0,5100,1200,0,0,0,GRAYSON,17:15,1988,1988,"T110,","MKT,",7,"T1,","T,",INDUSTRY,Texas,31.827233,-99.423022,17,Evening
Derailments,1988:05:SP:S1658,0,0,11250,2500,0,0,0,EL PASO,3:20,1988,1988,"T111,","SP,",1,"T1,","T,",YARD,Texas,31.827233,-99.423022,3,Midnight
Derailments,1988:06:ATSF:260688102,0,1,28000,5000,0,0,0,LIBERTY,24:45:00,1988,1988,"T109,","ATSF,",1,"T1,","T,",MAIN,Texas,31.827233,-99.423022,24,Midnight
Derailments,1988:07:SP:S2498,0,0,22800,1800,21,0,0,EL PASO,18:10,1988,1988,"T316,","SP,",1,"T3,","T,",MAIN,Texas,31.827233,-99.423022,18,Evening
Other impacts,1988:05:BN:TU290,0,0,300,7500,1,1,0,TARRANT,18:15,1988,1988,"H021,","BN,",67,"H0,","H,",YARD,Texas,31.827233,-99.423022,18,Evening
Derailments,1988:06:ATSF:340688102,0,0,5700,28370,0,0,0,WILBARGER,23:55,1988,1988,"H404,","ATSF,",1,"H4,","H,",MAIN,Texas,31.827233,-99.423022,23,Evening
Derailments,1988:07:SP:Y2948,0,0,4800,1470,0,0,0,HARRIS,3:35,1988,1988,"T110,","SP,",7,"T1,","T,",YARD,Texas,31.827233,-99.423022,3,Midnight
Derailments,1988:06:LA:451163,0,0,1437,11135,0,0,0,HUNT,4:30,1988,1988,"H505,","LA,",1,"H5,","H,",INDUSTRY,Texas,31.827233,-99.423022,4,Midnight
Side collision,1988:05:PTRA:MAY0288,0,0,0,7000,0,0,0,HARRIS,18:20,1988,1988,"H020,","PTRA,",57,"H0,","H,",YARD,Texas,31.827233,-99.423022,18,Evening
Derailments,1988:05:HBT:AX1E88,0,0,3183,11500,1,0,0,HARRIS,19:50,1988,1988,"M503,H799,","BN,HBT,",1,"M5,H7,","M,H,",MAIN,Texas,31.827233,-99.423022,19,Evening
Raking collision,1988:07:MKT:AX24S1,0,0,0,12000,0,0,0,DALLAS,24:15:00,1988,1988,"H020,","MKT,",76,"H0,","H,",YARD,Texas,31.827233,-99.423022,24,Midnight
Derailments,1988:05:UP:0588SA006,0,1,500,22600,1,1,0,CAMERON,19:15,1988,1988,"H702,","UP,",1,"H7,","H,",INDUSTRY,Texas,31.827233,-99.423022,19,Evening
Derailments,1988:08:ATSF:340888107,0,0,10400,5350,0,0,0,POTTER,21:20,1988,1988,"E46C,","ATSF,",1,"E4,","E,",YARD,Texas,31.827233,-99.423022,21,Evening
Derailments,1988:04:UP:0488TX202,0,0,5000,6000,18,0,0,ECTOR,21:50,1988,1988,"E64L,","UP,",1,"E6,","E,",YARD,Texas,31.827233,-99.423022,21,Evening
Derailments,1988:07:UEEZ:INDUSTRY,0,0,0,5500,0,0,0,HARRIS,1:50,1988,1988,"T202,","PTRA,",7,"T2,","T,",INDUSTRY,Texas,31.827233,-99.423022,1,Midnight
Derailments,1988:05:SP:U1738,0,0,23000,309930,0,0,0,UVALDE,19:45,1988,1988,"E53C,","SP,",1,"E5,","E,",MAIN,Texas,31.827233,-99.423022,19,Evening
Side collision,1988:07:UP:0788RR211,0,0,700,8500,0,0,0,SMITH,18:45,1988,1988,"M503,","UP,",65,"M5,","M,",INDUSTRY,Texas,31.827233,-99.423022,18,Evening
Derailments,1988:04:MKT:AX14S,0,0,5000,3100,0,0,0,TARRANT,18:25,1988,1988,"T110,T199,","MKT,UP,",1,"T1,","T,",MAIN,Texas,31.827233,-99.423022,18,Evening
Derailments,1988:04:SP:Y1198,0,0,9000,2500,1,1,0,HARRIS,17:50,1988,1988,"T305,","SP,",7,"T3,","T,",YARD,Texas,31.827233,-99.423022,17,Evening
Derailments,1988:07:PTRA:JULY0288,0,0,2000,8200,3,0,0,HARRIS,18:35,1988,1988,"T311,","PTRA,",7,"T3,","T,",YARD,Texas,31.827233,-99.423022,18,Evening
Other impacts,1988:06:SP:Y2628,0,0,6000,0,0,0,0,HARRIS,23:00,1988,1988,"H702,","SP,",7,"H7,","H,",MAIN,Texas,31.827233,-99.423022,23,Evening
Derailments,1988:04:MKT:AX13S,0,0,8500,900,0,0,0,BASTROP,22:40,1988,1988,"H704,M503,","MKT,",1,"H7,M5,","H,M,",YARD,Texas,31.827233,-99.423022,22,Evening
Side collision,1988:09:ATSF:340988103,0,0,0,12700,0,0,0,POTTER,1:30,1988,1988,"H018,","ATSF,",86,"H0,","H,",YARD,Texas,31.827233,-99.423022,1,Midnight
Derailments,1988:07:MKT:AX27S,0,0,4500,11005,0,0,0,DALLAS,3:20,1988,1988,"T110,","MKT,",7,"T1,","T,",SIDING,Texas,31.827233,-99.423022,3,Midnight
Derailments,1988:05:SP:Y2068,0,0,500,7000,0,0,0,HARRIS,3:30,1988,1988,"M503,","SP,",7,"M5,","M,",MAIN,Texas,31.827233,-99.423022,3,Midnight
Derailments,1988:06:SP:ZZZZZZZZZZ,0,0,0,15800,0,0,0,BRAZOS,2:50,1988,1988,"E31C,","UP,",1,"E3,","E,",MAIN,Texas,31.827233,-99.423022,2,Midnight
Derailments,1988:05:UP:0588FW202,0,0,1000,6250,0,0,0,TARRANT,17:05,1988,1988,"H303,","UP,",7,"H3,","H,",YARD,Texas,31.827233,-99.423022,17,Evening
Fire/violent rupture,1988:07:ATSF:260788101,0,0,92446,141600,0,0,0,JASPER,23:13,1988,1988,"M406,","ATSF,",6,"M4,","M,",YARD,Texas,31.827233,-99.423022,23,Evening
Derailments,1988:02:UP:0288RR202,0,0,20000,5800,0,0,0,GREGG,17:55,1988,1988,"E07C,","UP,",1,"E0,","E,",MAIN,Texas,31.827233,-99.423022,17,Evening
Derailments,1988:05:PTRA:MAY0188,0,0,30000,725,2,2,0,HARRIS,2:55,1988,1988,"H215,H704,","PTRA,SP,",7,"H2,H7,","H,",YARD,Texas,31.827233,-99.423022,2,Midnight
Other impacts,1988:06:UP:0688SA204,0,0,1500,6750,1,1,0,BEXAR,17:55,1988,1988,"H018,","UP,",7,"H0,","H,",YARD,Texas,31.827233,-99.423022,17,Evening
Derailments,1988:07:ATSF:250788103,0,0,0,39000,0,0,0,HUTCHINSON,22:25,1988,1988,"H017,","ATSF,",8,"H0,","H,",MAIN,Texas,31.827233,-99.423022,22,Evening
Derailments,1988:06:MKT:AX25S,0,0,14000,50000,0,0,0,FAYETTE,22:35,1988,1988,"T001,","MKT,",1,"T0,","T,",INDUSTRY,Texas,31.827233,-99.423022,22,Evening
Other impacts,1988:04:SP:Y1188,0,0,2300,10525,3,2,0,HARRIS,1:20,1988,1988,"E79L,","SP,",7,"E7,","E,",YARD,Texas,31.827233,-99.423022,1,Midnight
Side collision,1988:07:PTRA:JULY0488,0,0,0,8000,0,0,0,HARRIS,21:00,1988,1988,"H018,","PTRA,",67,"H0,","H,",YARD,Texas,31.827233,-99.423022,21,Evening
Derailments,1988:05:SSW:M1668,0,0,1000,24500,0,0,0,DALLAM,1:40,1988,1988,"E33C,","SSW,",1,"E3,","E,",MAIN,Texas,31.827233,-99.423022,1,Midnight
Derailments,1988:05:ATSF:260588101,0,0,26000,3000,0,0,0,AUSTIN,19:50,1988,1988,"E53C,","ATSF,",1,"E5,","E,",MAIN,Texas,31.827233,-99.423022,19,Evening
Highway-rail impact,1988:05:UP:0588RR001,0,1,5000,3000,0,0,0,KAUFMAN,22:20,1988,1988,"M399,","UP,",1,"M3,","M,",MAIN,Texas,31.827233,-99.423022,22,Evening
Derailments,1988:07:ATSF:340788104,0,0,20000,41150,0,0,0,PARMER,2:40,1988,1988,"E61C,","ATSF,",1,"E6,","E,",MAIN,Texas,31.827233,-99.423022,2,Midnight
Derailments,1988:06:AUNW:62388,0,0,2000,6000,0,0,0,TRAVIS,20:05,1988,1988,"H704,","AUNW,",1,"H7,","H,",MAIN,Texas,31.827233,-99.423022,20,Evening
Other impacts,1988:04:SP:U1408,0,0,0,65000,0,0,0,SAN PATRICIO,2:00,1988,1988,"H601,","SP,",1,"H6,","H,",MAIN,Texas,31.827233,-99.423022,2,Midnight
Highway-rail impact,1988:06:SP:U2008,0,1,45000,803430,0,0,0,LEE,17:35,1988,1988,"M399,","SP,",1,"M3,","M,",MAIN,Texas,31.827233,-99.423022,17,Evening
Derailments,1988:09:SP:Y3808,0,0,27500,30500,0,0,0,JEFFERSON,20:25,1988,1988,"T110,","SP,",1,"T1,","T,",SIDING,Texas,31.827233,-99.423022,20,Evening
Side collision,1988:05:PTRA:MAY0388,0,0,0,8000,0,0,0,HARRIS,18:45,1988,1988,"H999,H302,","PTRA,",57,"H9,H3,H9,H3,","H,",YARD,Texas,31.827233,-99.423022,18,Evening
Fire/violent rupture,1988:07:ATSF:340788105,0,0,0,28128,1,1,1,DEAF SMITH,2:45,1988,1988,"M406,","ATSF,",1,"M4,","M,",MAIN,Texas,31.827233,-99.423022,2,Midnight
Derailments,1988:08:UP:0888SA205,0,0,58500,3200,0,0,0,BEXAR,4:25,1988,1988,"H702,","UP,",1,"H7,","H,",YARD,Texas,31.827233,-99.423022,4,Midnight
Derailments,1988:09:ATSF:340988104,0,0,0,9550,0,0,0,POTTER,4:42,1988,1988,"T316,","ATSF,",61,"T3,","T,",YARD,Texas,31.827233,-99.423022,4,Midnight
Head on collision,1988:11:UP:1188FW211,0,0,2442,54000,0,0,0,CULBERSON,3:49,1988,1989,"H999,","UP,",68,"H9,","H,",SIDING,Texas,31.827233,-99.423022,3,Midnight
Derailments,1988:10:OKKT:AX43O,0,0,1500,7400,7,0,0,TARRANT,20:25,1988,1989,"T314,T308,","BN,OKKT,",1,"T3,","T,",MAIN,Texas,31.827233,-99.423022,20,Evening
Derailments,1988:10:PTRA:OCT0188,0,0,0,12980,0,0,0,HARRIS,2:50,1988,1989,"T313,","PTRA,",7,"T3,","T,",INDUSTRY,Texas,31.827233,-99.423022,2,Midnight
Derailments,1988:10:SP:Y4558,0,0,500,15250,0,0,0,COLORADO,21:00,1988,1989,"E46C,","SP,",1,"E4,","E,",YARD,Texas,31.827233,-99.423022,21,Evening
Rear end collision,1988:09:UP:0988FW210,0,0,0,17295,4,0,0,DALLAS,1:15,1988,1988,"H305,","UP,",61,"H3,","H,",YARD,Texas,31.827233,-99.423022,1,Midnight
Other impacts,1988:06:UP:0688FW204,0,0,8000,400,0,0,0,TARRANT,17:10,1988,1988,"T314,","UP,",7,"T3,","T,",YARD,Texas,31.827233,-99.423022,17,Evening