AccidentType,inckey,Fatalities,Injuries,TrackDamage,EquipmentDamage,HazmatCars,HazmatCarsDerailed,HazmatCarsReleasing,County,DisplayTime,calendar,Fiscal,AccidentCause,RailroadCodes,RAILEQUIPMENT_TYPE,CauseGroup,CauseDiscipline,TYPE_OF_TRACK,StateName,latitude,longitude,hour,cat
Derailments,1988:11:MKT:AX47S,0,0,300,10000,0,0,0,MCLENNAN,22:40,1988,1989,"H503,","MKT,",1,"H5,","H,",MAIN,Texas,31.827233,-99.423022,22,Evening
Derailments,1988:11:UP:1188FW208,0,0,13500,4000,0,0,0,DALLAS,3:00,1988,1989,"E46C,","UP,",1,"E4,","E,",MAIN,Texas,31.827233,-99.423022,3,Midnight
Derailments,1988:09:UP:0988FW204,0,0,500,11350,0,0,0,TARRANT,20:20,1988,1988,"E31C,","UP,",5,"E3,","E,",YARD,Texas,31.827233,-99.423022,20,Evening
Side collision,1988:12:ATSF:341288101,0,0,0,10000,5,0,0,POTTER,17:30,1988,1989,"H307,","ATSF,",67,"H3,","H,",YARD,Texas,31.827233,-99.423022,17,Evening
Derailments,1988:08:GVSR:1888,0,0,0,8500,0,0,0,GALVESTON,2:30,1988,1988,"H307,","GVSR,",1,"H3,","H,",YARD,Texas,31.827233,-99.423022,2,Midnight
Derailments,1988:10:SP:Y4498,0,0,10000,13600,0,0,0,HARRIS,17:15,1988,1989,"E46C,","SP,",7,"E4,","E,",YARD,Texas,31.827233,-99.423022,17,Evening
Other impacts,1988:11:SP:Y4878,0,0,33000,16175,0,0,0,HARRIS,21:45,1988,1989,"H602,","SP,",7,"H6,","H,",YARD,Texas,31.827233,-99.423022,21,Evening
Derailments,1988:08:UP:0888HO207,0,0,500,9000,15,0,0,BRAZORIA,4:00,1988,1988,"T314,","UP,",1,"T3,","T,",YARD,Texas,31.827233,-99.423022,4,Midnight
Derailments,1988:11:SP:Y4958,0,0,18000,450,0,0,0,HARRIS,20:15,1988,1989,"T110,","SP,",7,"T1,","T,",YARD,Texas,31.827233,-99.423022,20,Evening
Derailments,1988:12:ATSF:261288101,0,0,31200,104000,0,0,0,BROWN,19:05,1988,1989,"E53C,","ATSF,",1,"E5,","E,",MAIN,Texas,31.827233,-99.423022,19,Evening
Derailments,1988:09:UP:0988FW203,0,0,10000,15000,0,0,0,DALLAS,21:35,1988,1988,"H503,","UP,",1,"H5,","H,",MAIN,Texas,31.827233,-99.423022,21,Evening
Derailments,1988:10:SSW:M3618,0,0,22000,25600,0,0,0,DALLAM,24:27:00,1988,1989,"E21C,","SSW,",1,"E2,","E,",MAIN,Texas,31.827233,-99.423022,24,Midnight
Derailments,1988:08:SP:U2988,0,0,30000,319000,0,0,0,HUDSPETH,22:33,1988,1988,"H999,","SP,",1,"H9,","H,",MAIN,Texas,31.827233,-99.423022,22,Evening
Highway-rail impact,1988:11:UP:1188RR001,0,3,0,30000,62,1,0,HARRISON,17:40,1988,1989,"M399,","UP,",1,"M3,","M,",MAIN,Texas,31.827233,-99.423022,17,Evening
Side collision,1988:08:UP:0888RR208,0,0,0,14400,0,0,0,GREGG,4:35,1988,1988,"H018,","UP,",68,"H0,","H,",YARD,Texas,31.827233,-99.423022,4,Midnight
Derailments,1988:11:ATSF:341188101,0,0,46600,174500,0,0,0,DEAF SMITH,21:30,1988,1989,"E64C,","ATSF,",1,"E6,","E,",SIDING,Texas,31.827233,-99.423022,21,Evening
Side collision,1988:09:MKT:AX41S,0,0,0,5700,0,0,0,TARRANT,17:00,1988,1988,"H302,","MKT,",58,"H3,","H,",YARD,Texas,31.827233,-99.423022,17,Evening
Derailments,1988:08:MKT:AX32S,0,0,23000,570,0,0,0,WICHITA,22:30,1988,1988,"H503,","MKT,",4,"H5,","H,",MAIN,Texas,31.827233,-99.423022,22,Evening
Derailments,1988:10:SP:Y4418,0,0,5500,15800,2,2,0,HARRIS,20:40,1988,1989,"T001,","SP,",7,"T0,","T,",YARD,Texas,31.827233,-99.423022,20,Evening
Other impacts,1988:08:SP:U2908,0,0,6500,0,0,0,0,DALLAS,24:15:00,1988,1988,"H702,","SP,",NA,"H7,","H,",YARD,Texas,31.827233,-99.423022,24,Midnight
Derailments,1988:10:SP:Y4698,0,0,11875,0,1,1,0,HARRIS,21:30,1988,1989,"T307,","SP,",1,"T3,","T,",MAIN,Texas,31.827233,-99.423022,21,Evening
Derailments,1988:08:GVSR:1788,0,0,0,6600,0,0,0,GALVESTON,22:30,1988,1988,"H307,","GVSR,",1,"H3,","H,",YARD,Texas,31.827233,-99.423022,22,Evening
Derailments,1988:11:MKT:AX50S,0,0,0,11800,0,0,0,TARRANT,2:15,1988,1989,"H017,","MKT,",8,"H0,","H,",YARD,Texas,31.827233,-99.423022,2,Midnight
Derailments,1988:10:UP:1088FW207,0,0,0,24925,0,0,0,TARRANT,19:10,1988,1989,"E30C,","UP,",1,"E3,","E,",YARD,Texas,31.827233,-99.423022,19,Evening
Derailments,1988:09:SP:Y4168,0,0,4500,37350,0,0,0,HARRIS,21:50,1988,1988,"M501,","SP,",7,"M5,","M,",YARD,Texas,31.827233,-99.423022,21,Evening
Derailments,1988:08:UP:0888FW202,0,0,0,9000,0,0,0,TARRANT,4:00,1988,1988,"H210,","UP,",7,"H2,","H,",INDUSTRY,Texas,31.827233,-99.423022,4,Midnight
Derailments,1988:09:SP:Y4188,0,0,1500,4000,0,0,0,HARRIS,4:10,1988,1988,"T311,","SP,",1,"T3,","T,",YARD,Texas,31.827233,-99.423022,4,Midnight
Derailments,1988:10:UP:1088RR208,0,0,55,8000,0,0,0,MARION,21:30,1988,1989,"E40C,","UP,",1,"E4,","E,",MAIN,Texas,31.827233,-99.423022,21,Evening
Raking collision,1988:08:UP:0888FW211,0,0,800,20500,0,0,0,TARRANT,3:00,1988,1988,"T306,","UP,",56,"T3,","T,",YARD,Texas,31.827233,-99.423022,3,Midnight
Derailments,1988:10:SP:Y4708,0,0,1000,9200,0,0,0,HARRIS,3:45,1988,1989,"T220,","SP,",7,"T2,","T,",YARD,Texas,31.827233,-99.423022,3,Midnight
Other impacts,1988:09:SP:Y3918,0,0,30000,600,0,0,0,HARRIS,2:33,1988,1988,"M599,","SP,",7,"M5,","M,",YARD,Texas,31.827233,-99.423022,2,Midnight
Other impacts,1988:09:PTRA:SEPT0188,0,0,0,10780,0,0,0,HARRIS,20:55,1988,1988,"H018,","PTRA,",7,"H0,","H,",YARD,Texas,31.827233,-99.423022,20,Evening
Side collision,1988:10:PTRA:OCT0388,0,0,0,8900,0,0,0,HARRIS,21:00,1988,1989,"H302,","PTRA,",67,"H3,","H,",YARD,Texas,31.827233,-99.423022,21,Evening
Derailments,1988:06:SP:Y2708,0,0,10000,1875,0,0,0,HARRIS,19:10,1988,1988,"T110,","SP,",1,"T1,","T,",YARD,Texas,31.827233,-99.423022,19,Evening
Derailments,1988:08:UP:0888HO200,0,0,25180,493700,38,13,4,BRAZORIA,21:00,1988,1988,"M599,","UP,",1,"M5,","M,",MAIN,Texas,31.827233,-99.423022,21,Evening
Derailments,1988:08:UP:0888RR201,0,0,1000,10000,0,0,0,SMITH,22:35,1988,1988,"E53C,","UP,",1,"E5,","E,",MAIN,Texas,31.827233,-99.423022,22,Evening
Derailments,1988:08:BN:TU560,0,0,40000,125600,4,0,0,WISE,18:15,1988,1988,"E09C,","BN,",1,"E0,","E,",MAIN,Texas,31.827233,-99.423022,18,Evening
Side collision,1988:09:ATSF:340988102,0,0,0,14340,0,0,0,POTTER,22:30,1988,1988,"H302,","ATSF,",67,"H3,","H,",YARD,Texas,31.827233,-99.423022,22,Evening
Other impacts,1988:11:BN:FW92,0,0,250,15000,1,1,0,TARRANT,1:00,1988,1989,"H702,","BN,",67,"H7,","H,",YARD,Texas,31.827233,-99.423022,1,Midnight
Derailments,1988:09:UP:0988HO205,0,0,0,7000,0,0,0,HARRIS,22:45,1988,1988,"H702,","UP,",7,"H7,","H,",INDUSTRY,Texas,31.827233,-99.423022,22,Evening
Side collision,1988:08:PTRA:AUG0188,0,0,1000,15000,10,0,0,HARRIS,24:10:00,1988,1988,"H601,","PTRA,",676,"H6,","H,",MAIN,Texas,31.827233,-99.423022,24,Midnight
Rear end collision,1988:10:MKT:AX44S,0,0,0,53000,8,0,0,MCLENNAN,4:35,1988,1989,"H101,H999,","MKT,",61,"H1,H9,H1,H9,","H,",MAIN,Texas,31.827233,-99.423022,4,Midnight
Derailments,1988:10:HBT:AX1J88,0,0,8546,22000,0,0,0,HARRIS,24:18:00,1988,1989,"E40C,","HBT,UP,",1,"E4,","E,",MAIN,Texas,31.827233,-99.423022,24,Midnight
Derailments,1988:11:UP:1188RR212,0,2,24600,928800,3,3,1,VAN ZANDT,19:30,1988,1989,"M199,","UP,",1,"M1,","M,",MAIN,Texas,31.827233,-99.423022,19,Evening
Derailments,1988:08:UP:0888HW202,0,0,7700,6500,0,0,0,HARRIS,21:25,1988,1988,"H601,","UP,",1,"H6,","H,",MAIN,Texas,31.827233,-99.423022,21,Evening
Other impacts,1988:08:SP:U2948,0,0,1500,13000,0,0,0,BEXAR,17:35,1988,1988,"H302,","SP,",7,"H3,","H,",MAIN,Texas,31.827233,-99.423022,17,Evening
Derailments,1988:09:KCS:ZZZZZZZZZZ,0,0,0,20800,0,0,0,JEFFERSON,23:40,1988,1988,"T311,","SP,",7,"T3,","T,",INDUSTRY,Texas,31.827233,-99.423022,23,Evening
Derailments,1989:02:SP:Y0849,0,0,5000,26450,0,0,0,JEFFERSON,17:45,1989,1989,"T311,","SP,",7,"T3,","T,",SIDING,Texas,31.827233,-99.423022,17,Evening
Obstruction impact,1989:01:BN:FW66,0,0,0,6000,0,0,0,DENTON,17:45,1989,1989,"H402,","BN,",65,"H4,","H,",MAIN,Texas,31.827233,-99.423022,17,Evening
Other impacts,1989:02:BN:FW89,0,0,0,34300,2,1,0,TARRANT,4:15,1989,1989,"H018,","BN,",67,"H0,","H,",YARD,Texas,31.827233,-99.423022,4,Midnight
Derailments,1989:01:UP:0189PL205,0,0,2200,6670,0,0,0,ROBERTS,1:45,1989,1989,"T202,","UP,",1,"T2,","T,",MAIN,Texas,31.827233,-99.423022,1,Midnight
Derailments,1989:01:BN:FW20,0,0,1000,15870,0,0,0,WILBARGER,20:08,1989,1989,"E07C,T311,","BN,",1,"E0,T3,","E,T,",MAIN,Texas,31.827233,-99.423022,20,Evening
Derailments,1988:12:SP:Y5678,0,0,4500,33000,0,0,0,HARRIS,21:30,1988,1989,"T110,","SP,",7,"T1,","T,",YARD,Texas,31.827233,-99.423022,21,Evening
Derailments,1989:02:UP:0289PL206,0,0,305000,207255,0,0,0,ROBERTSON,3:15,1989,1989,"T202,","UP,",1,"T2,","T,",MAIN,Texas,31.827233,-99.423022,3,Midnight
Other impacts,1988:12:MKT:AX53S,0,0,400,13100,0,0,0,DALLAS,2:30,1988,1989,"H020,","MKT,",67,"H0,","H,",YARD,Texas,31.827233,-99.423022,2,Midnight
Derailments,1989:03:GVSR:2589,0,0,500,8900,0,0,0,GALVESTON,24:30:00,1989,1989,"H999,S012,","GVSR,",7,"H9,S0,","H,S,",INDUSTRY,Texas,31.827233,-99.423022,24,Midnight
Derailments,1989:03:HBT:AX1C89,0,0,20765,23600,50,0,0,HARRIS,18:05,1989,1989,"E46C,","HBT,UP,",1,"E4,","E,",MAIN,Texas,31.827233,-99.423022,18,Evening
Derailments,1989:03:HBT:AX2C89,0,0,16266,42500,0,0,0,HARRIS,17:15,1989,1989,"H999,","HBT,UP,",1,"H9,","H,",MAIN,Texas,31.827233,-99.423022,17,Evening
Derailments,1989:03:GRSZ:INDUSTRY,0,0,0,48000,0,0,0,TARRANT,23:45,1989,1989,"H018,","BN,",6,"H0,","H,",INDUSTRY,Texas,31.827233,-99.423022,23,Evening
Derailments,1989:05:ATSF:340589101,0,0,0,7200,0,0,0,RANDALL,17:45,1989,1989,"M199,","ATSF,",1,"M1,","M,",SIDING,Texas,31.827233,-99.423022,17,Evening
Derailments,1988:12:MKT:AX54S,0,0,1000,4250,0,0,0,WILLIAMSON,19:40,1988,1989,"H505,","MKT,",1,"H5,","H,",YARD,Texas,31.827233,-99.423022,19,Evening
Other impacts,1989:01:UP:0189SA212,0,0,0,75000,0,0,0,BEXAR,3:00,1989,1989,"M599,","UP,",5,"M5,","M,",YARD,Texas,31.827233,-99.423022,3,Midnight
Derailments,1989:03:SP:Y1179,0,0,48,15625,5,0,0,HARRIS,2:30,1989,1989,"T110,","SP,",7,"T1,","T,",INDUSTRY,Texas,31.827233,-99.423022,2,Midnight
Derailments,1989:03:UP:0389TO207,0,0,4500,42681,1,1,1,GRAYSON,4:55,1989,1989,"T314,","UP,",1,"T3,","T,",YARD,Texas,31.827233,-99.423022,4,Midnight
Derailments,1988:12:ZLDC:INDUSTRY,0,0,500,6400,0,0,0,HARRIS,20:00,1988,1989,"T108,","PTRA,",7,"T1,","T,",INDUSTRY,Texas,31.827233,-99.423022,20,Evening
Highway-rail impact,1989:02:UP:0289RR003,1,4,110705,824930,2,2,0,DALLAS,24:10:00,1989,1989,"M399,","UP,",1,"M3,","M,",MAIN,Texas,31.827233,-99.423022,24,Midnight
Derailments,1989:01:PTRA:JAN0189,0,0,500,12000,0,0,0,HARRIS,17:45,1989,1989,"H310,","PTRA,",7,"H3,","H,",YARD,Texas,31.827233,-99.423022,17,Evening
Side collision,1989:03:UP:0389RR212,0,0,0,8500,0,0,0,GREGG,2:30,1989,1989,"H302,","UP,",57,"H3,","H,",YARD,Texas,31.827233,-99.423022,2,Midnight
Derailments,1989:01:SP:Y0359,0,0,250,9000,0,0,0,HARRIS,20:45,1989,1989,"E79L,","SP,",1,"E7,","E,",INDUSTRY,Texas,31.827233,-99.423022,20,Evening
Rear end collision,1989:01:ATSF:260189101,0,0,350,30000,0,0,0,TARRANT,2:05,1989,1989,"H702,","ATSF,",16,"H7,","H,",MAIN,Texas,31.827233,-99.423022,2,Midnight
Derailments,1989:03:SP:Y1449,0,0,1675,9975,0,0,0,GALVESTON,19:45,1989,1989,"T110,","SP,",7,"T1,","T,",YARD,Texas,31.827233,-99.423022,19,Evening
Other impacts,1989:01:BN:FW24,0,0,0,15000,0,0,0,TARRANT,22:30,1989,1989,"E27C,","BN,",1,"E2,","E,",MAIN,Texas,31.827233,-99.423022,22,Evening
Derailments,1989:03:HBT:AX3C89,0,1,33123,222092,20,1,1,HARRIS,17:05,1989,1989,"E64C,","HBT,",7,"E6,","E,",YARD,Texas,31.827233,-99.423022,17,Evening
Rear end collision,1989:05:ATSF:340589103,4,4,0,659600,0,0,0,RANDALL,2:10,1989,1989,"M599,","ATSF,",61,"M5,","M,",MAIN,Texas,31.827233,-99.423022,2,Midnight
Derailments,1989:02:GVSR:2489,0,0,6500,0,0,0,0,GALVESTON,4:30,1989,1989,"T113,","GVSR,UP,",1,"T1,","T,",YARD,Texas,31.827233,-99.423022,4,Midnight
Derailments,1989:03:UP:0389RR207,0,0,3600,14000,43,5,0,BOWIE,22:56,1989,1989,"E40C,E46C,","UP,",1,"E4,","E,",MAIN,Texas,31.827233,-99.423022,22,Evening
Derailments,1989:01:UP:0189FW210,0,0,40812,52888,0,0,0,NOLAN,4:00,1989,1989,"E09C,","UP,",1,"E0,","E,",MAIN,Texas,31.827233,-99.423022,4,Midnight
Derailments,1988:12:BN:FW175,0,1,800,8700,0,0,0,HASKELL,2:35,1988,1989,"T210,","BN,",1,"T2,","T,",MAIN,Texas,31.827233,-99.423022,2,Midnight
Derailments,1988:12:SP:Y5598,0,0,5000,40000,0,0,0,HARRIS,24:00:00,1988,1989,"T110,","PTRA,SP,",7,"T1,","T,",YARD,Texas,31.827233,-99.423022,24,Midnight
Derailments,1989:02:BN:FW140,0,0,100,7000,0,0,0,BAYLOR,23:50,1989,1989,"E09C,","BN,",1,"E0,","E,",MAIN,Texas,31.827233,-99.423022,23,Evening
Derailments,1989:03:BN:FW155,0,3,0,6000,0,0,0,WISE,1:05,1989,1989,"H999,E36C,","BN,",1,"H9,E3,","H,E,",MAIN,Texas,31.827233,-99.423022,1,Midnight
Derailments,1989:01:UP:0189FW201,0,0,7000,525,0,0,0,TARRANT,2:45,1989,1989,"T314,","UP,",1,"T3,","T,",MAIN,Texas,31.827233,-99.423022,2,Midnight
Derailments,1989:01:UP:0189FW228,0,0,83557,1250,20,6,0,DALLAS,4:15,1989,1989,"T110,","BN,UP,",1,"T1,","T,",MAIN,Texas,31.827233,-99.423022,4,Midnight
Derailments,1989:02:UP:0289TO200,0,0,300,5499,0,0,0,GRAYSON,21:45,1989,1989,"T111,","UP,",6,"T1,","T,",YARD,Texas,31.827233,-99.423022,21,Evening
Derailments,1988:12:UP:1288HO202,0,0,300,6000,15,1,0,GALVESTON,23:55,1988,1989,"T314,","UP,",1,"T3,","T,",YARD,Texas,31.827233,-99.423022,23,Evening
Derailments,1989:03:SP:Y1109,0,0,28000,17425,0,0,0,HARRIS,3:30,1989,1989,"H525,","SP,",7,"H5,","H,",YARD,Texas,31.827233,-99.423022,3,Midnight
Derailments,1989:06:SP:Y3479,0,0,200,10000,0,0,0,HARRIS,17:00,1989,1989,"T399,","SP,",6,"T3,","T,",YARD,Texas,31.827233,-99.423022,17,Evening
Derailments,1989:06:GVSR:2889,0,0,8500,1000,0,0,0,GALVESTON,20:00,1989,1989,"T314,E64C,","GVSR,",1,"T3,E6,","T,E,",YARD,Texas,31.827233,-99.423022,20,Evening
Other impacts,1989:06:BN:FW555,0,0,1000,10000,3,0,0,TARRANT,21:00,1989,1989,"H018,","BN,",176,"H0,","H,",YARD,Texas,31.827233,-99.423022,21,Evening
Derailments,1989:06:BN:FW501,0,0,1000,16500,0,0,0,WICHITA,23:30,1989,1989,"T001,T101,","BN,",1,"T0,T1,","T,",MAIN,Texas,31.827233,-99.423022,23,Evening
Derailments,1989:04:SP:Y2069,0,0,50000,18000,0,0,0,HARRIS,23:00,1989,1989,"E40C,","SP,",1,"E4,","E,",MAIN,Texas,31.827233,-99.423022,23,Evening
Derailments,1989:04:SP:Y1939,0,0,25000,18350,0,0,0,HARRIS,17:00,1989,1989,"H701,","SP,",1,"H7,","H,",MAIN,Texas,31.827233,-99.423022,17,Evening
Derailments,1989:06:SP:U2029,0,1,85000,560497,0,0,0,ROBERTSON,19:10,1989,1989,"T108,","SP,",1,"T1,","T,",MAIN,Texas,31.827233,-99.423022,19,Evening
Derailments,1989:06:ATSF:260689101,0,0,500,20000,0,0,0,HARRIS,23:15,1989,1989,"H503,","ATSF,",1,"H5,","H,",YARD,Texas,31.827233,-99.423022,23,Evening
Derailments,1989:07:ATSF:340789102,0,0,100000,218400,10,0,0,LAMB,4:55,1989,1989,"E46C,","ATSF,",1,"E4,","E,",MAIN,Texas,31.827233,-99.423022,4,Midnight
Derailments,1989:05:UP:0589PL207,0,0,4200,2320,0,0,0,WILLIAMSON,23:30,1989,1989,"T314,","UP,",1,"T3,","T,",YARD,Texas,31.827233,-99.423022,23,Evening
Other impacts,1989:04:BN:FW264,0,2,0,6000,0,0,0,TARRANT,22:05,1989,1989,"H310,","BN,",76,"H3,","H,",YARD,Texas,31.827233,-99.423022,22,Evening
Derailments,1989:04:LA:446087,0,0,4145,30000,2,0,0,MARION,17:50,1989,1989,"H503,","LA,",1,"H5,","H,",SIDING,Texas,31.827233,-99.423022,17,Evening
Derailments,1989:04:GVSR:2789,0,0,8500,0,0,0,0,GALVESTON,20:30,1989,1989,"E99C,","GVSR,",7,"E9,","E,",MAIN,Texas,31.827233,-99.423022,20,Evening
Derailments,1989:06:UP:0689FW008,0,2,1600,16455,0,0,0,TARRANT,18:30,1989,1989,"H306,","UP,",7,"H3,","H,",YARD,Texas,31.827233,-99.423022,18,Evening
Side collision,1989:06:PTRA:060289,0,0,0,8000,0,0,0,HARRIS,4:25,1989,1989,"H799,","PTRA,",67,"H7,","H,",YARD,Texas,31.827233,-99.423022,4,Midnight
Derailments,1989:03:ATSF:260389101,0,0,3650,43250,0,0,0,BOSQUE,1:00,1989,1989,"E06C,","ATSF,",1,"E0,","E,",MAIN,Texas,31.827233,-99.423022,1,Midnight
Derailments,1989:05:UP:0589TO204,0,0,600,11900,0,0,0,MONTAGUE,22:10,1989,1989,"T002,","UP,",1,"T0,","T,",MAIN,Texas,31.827233,-99.423022,22,Evening
Other impacts,1989:05:UP:0589SA215,0,0,0,100000,0,0,0,BEXAR,18:45,1989,1989,"M205,","UP,",1,"M2,","M,",MAIN,Texas,31.827233,-99.423022,18,Evening
Derailments,1989:06:SP:Y3399,0,0,750,7875,0,0,0,COLORADO,22:30,1989,1989,"T311,","SP,",1,"T3,","T,",YARD,Texas,31.827233,-99.423022,22,Evening
Derailments,1989:05:UP:0589PL208,0,0,10810,4500,0,0,0,BASTROP,21:00,1989,1989,"E64C,","UP,",1,"E6,","E,",YARD,Texas,31.827233,-99.423022,21,Evening
Side collision,1989:04:UP:0489SA206,0,0,0,16750,0,0,0,WEBB,19:10,1989,1989,"H018,","UP,",1,"H0,","H,",MAIN,Texas,31.827233,-99.423022,19,Evening
Derailments,1989:05:ATSF:340589102,0,0,30000,108700,2,0,0,EL PASO,20:15,1989,1989,"T207,T222,","ATSF,",1,"T2,","T,",MAIN,Texas,31.827233,-99.423022,20,Evening
Derailments,1989:05:SP:Y2649,0,0,1200,13800,2,2,0,HARRIS,20:45,1989,1989,"T311,","SP,",1,"T3,","T,",YARD,Texas,31.827233,-99.423022,20,Evening
Derailments,1989:06:HBT:AX1F89,0,0,7082,9300,23,0,0,HARRIS,4:35,1989,1989,"T314,","HBT,UP,",1,"T3,","T,",MAIN,Texas,31.827233,-99.423022,4,Midnight
Derailments,1989:05:PTRA:MAY0189,0,0,2000,12000,0,0,0,HARRIS,23:30,1989,1989,"H306,","PTRA,",7,"H3,","H,",INDUSTRY,Texas,31.827233,-99.423022,23,Evening
Other impacts,1989:04:BN:FW365,0,0,0,46000,0,0,0,CHILDRESS,18:00,1989,1989,"M406,","BN,",5,"M4,","M,",YARD,Texas,31.827233,-99.423022,18,Evening
Obstruction impact,1989:05:SP:Y3059,0,0,0,8297,0,0,0,COLORADO,24:06:00,1989,1989,"H999,","SP,",18,"H9,","H,",MAIN,Texas,31.827233,-99.423022,24,Midnight
Derailments,1989:04:SP:Y1959,0,0,7000,125,0,0,0,HARRIS,22:00,1989,1989,"M404,","SP,",7,"M4,","M,",YARD,Texas,31.827233,-99.423022,22,Evening
Derailments,1989:05:ATSF:260589101,0,1,50000,318000,0,0,0,PANOLA,20:50,1989,1989,"T311,M501,","ATSF,",1,"T3,M5,","T,M,",MAIN,Texas,31.827233,-99.423022,20,Evening
Derailments,1989:05:SSW:K1929,0,0,3200,7500,0,0,0,HUNT,19:35,1989,1989,"H601,T110,","SSW,UP,",7,"H6,T1,","H,T,",YARD,Texas,31.827233,-99.423022,19,Evening
Derailments,1989:06:SSW:K2229,0,0,94000,117900,0,0,0,TITUS,1:15,1989,1989,"E33C,","SSW,",1,"E3,","E,",MAIN,Texas,31.827233,-99.423022,1,Midnight
Other impacts,1989:06:SP:Y3659,0,0,0,7000,0,0,0,HARRIS,1:00,1989,1989,"H999,","SP,",1,"H9,","H,",SIDING,Texas,31.827233,-99.423022,1,Midnight
Derailments,1989:05:SP:U1689,0,0,9500,2500,0,0,0,BEXAR,2:40,1989,1989,"T402,","SP,",1,"T4,","T,",YARD,Texas,31.827233,-99.423022,2,Midnight
Derailments,1989:04:UP:0489FW204,0,0,10274,82440,0,0,0,TARRANT,17:05,1989,1989,"T314,","UP,",1,"T3,","T,",MAIN,Texas,31.827233,-99.423022,17,Evening
Derailments,1989:04:KCS:439604,0,0,2000,5735,0,0,0,JEFFERSON,18:00,1989,1989,"T314,","KCS,",1,"T3,","T,",YARD,Texas,31.827233,-99.423022,18,Evening
Derailments,1989:06:SP:Y3189,0,0,500,40150,1,1,0,HARRIS,24:30:00,1989,1989,"H018,","SP,",7,"H0,","H,",YARD,Texas,31.827233,-99.423022,24,Midnight
Highway-rail impact,1989:04:UP:0489HO004,1,0,0,6079,8,0,0,MATAGORDA,2:25,1989,1989,"M399,","UP,",1,"M3,","M,",MAIN,Texas,31.827233,-99.423022,2,Midnight
Obstruction impact,1989:07:BN:FW719,0,0,0,23550,0,0,0,DALLAS,1:00,1989,1989,"E36C,H503,","BN,",1,"E3,H5,","E,H,",MAIN,Texas,31.827233,-99.423022,1,Midnight
Derailments,1989:05:SP:Y2739,0,0,3000,4000,17,1,0,HARRIS,19:50,1989,1989,"T102,","SP,",7,"T1,","T,",INDUSTRY,Texas,31.827233,-99.423022,19,Evening
Derailments,1989:04:UP:0489FW212,0,0,5000,18250,0,0,0,ECTOR,18:15,1989,1989,"H503,","UP,",7,"H5,","H,",YARD,Texas,31.827233,-99.423022,18,Evening
Derailments,1990:01:ATSF:260190101,0,0,0,27900,0,0,0,DALLAS,17:00,1990,1990,"M503,","ATSF,",1,"M5,","M,",INDUSTRY,Texas,31.827233,-99.423022,17,Evening
Derailments,1989:08:UP:0889HO201,0,0,18000,61918,31,2,0,BRAZORIA,20:50,1989,1989,"T314,","UP,",1,"T3,","T,",YARD,Texas,31.827233,-99.423022,20,Evening
Derailments,1989:08:ATSF:340889101,0,0,8300,0,0,0,0,SCURRY,21:15,1989,1989,"T314,E46C,","ATSF,",1,"T3,E4,","T,E,",MAIN,Texas,31.827233,-99.423022,21,Evening
Derailments,1989:11:ATSF:251189101,0,0,13860,4330,0,0,0,COOKE,24:10:00,1989,1990,"T110,","ATSF,",1,"T1,","T,",YARD,Texas,31.827233,-99.423022,24,Midnight
Derailments,1989:08:UP:0889HO203,0,0,63000,3900,0,0,0,SAN PATRICIO,17:00,1989,1989,"H702,","UP,",7,"H7,","H,",YARD,Texas,31.827233,-99.423022,17,Evening
Derailments,1989:06:SP:U2009,0,0,8000,10325,0,0,0,LAVACA,17:35,1989,1989,"T109,","SP,",1,"T1,","T,",MAIN,Texas,31.827233,-99.423022,17,Evening
Derailments,1989:11:AUNW:D112089,0,0,2500,17310,0,0,0,TRAVIS,23:45,1989,1990,"T110,T101,","AUNW,",1,"T1,","T,",MAIN,Texas,31.827233,-99.423022,23,Evening
Derailments,1989:08:UP:0889HO204,0,0,0,49000,0,0,0,BRAZORIA,18:45,1989,1989,"T110,","UP,",7,"T1,","T,",YARD,Texas,31.827233,-99.423022,18,Evening
Derailments,1989:10:UP:1089SA202,0,0,0,62902,0,0,0,BEXAR,23:00,1989,1990,"H303,","UP,",1,"H3,","H,",MAIN,Texas,31.827233,-99.423022,23,Evening
Derailments,1989:07:UP:0789FW203,0,0,0,16350,0,0,0,TARRANT,19:30,1989,1989,"H999,","UP,",76,"H9,","H,",YARD,Texas,31.827233,-99.423022,19,Evening
Derailments,1989:07:SP:Y4229,0,0,0,6925,2,2,0,HARRIS,21:30,1989,1989,"M405,","SP,",1,"M4,","M,",SIDING,Texas,31.827233,-99.423022,21,Evening
Side collision,1989:09:UP:0989LU201,0,0,0,6500,0,0,0,JEFFERSON,23:45,1989,1989,"H305,","UP,",78,"H3,","H,",INDUSTRY,Texas,31.827233,-99.423022,23,Evening
Derailments,1989:09:UP:0989RR201,0,0,150000,15050,0,0,0,WOOD,1:35,1989,1989,"H503,","UP,",1,"H5,","H,",MAIN,Texas,31.827233,-99.423022,1,Midnight
Derailments,1989:07:UP:0789FW215,0,0,300,17120,0,0,0,DALLAS,2:00,1989,1989,"H017,","UP,",86,"H0,","H,",YARD,Texas,31.827233,-99.423022,2,Midnight