AccidentType,inckey,Fatalities,Injuries,TrackDamage,EquipmentDamage,HazmatCars,HazmatCarsDerailed,HazmatCarsReleasing,County,DisplayTime,calendar,Fiscal,AccidentCause,RailroadCodes,RAILEQUIPMENT_TYPE,CauseGroup,CauseDiscipline,TYPE_OF_TRACK,StateName,latitude,longitude,hour,cat
Derailments,1989:10:SP:Y6119,0,0,5000,1250,0,0,0,HARRIS,21:20,1989,1990,"T110,","SP,",7,"T1,","T,",YARD,Texas,31.827233,-99.423022,21,Evening
Derailments,1989:07:UP:0789FW204,0,0,200,9200,0,0,0,TARRANT,17:10,1989,1989,"T317,","UP,",5,"T3,","T,",YARD,Texas,31.827233,-99.423022,17,Evening
Derailments,1989:07:UP:0789TO201,0,0,1250,35240,0,0,0,GRAYSON,4:10,1989,1989,"T110,","UP,",1,"T1,","T,",MAIN,Texas,31.827233,-99.423022,4,Midnight
Derailments,1989:08:SP:Y4839,0,0,40000,5550,11,11,0,HARRIS,24:40:00,1989,1989,"E46C,","SP,",1,"E4,","E,",YARD,Texas,31.827233,-99.423022,24,Midnight
Derailments,1989:08:ATSF:260889101,0,0,22000,48380,0,0,0,NOLAN,20:00,1989,1989,"H704,","ATSF,",1,"H7,","H,",YARD,Texas,31.827233,-99.423022,20,Evening
Derailments,1989:09:BN:FW908,0,0,38500,22300,0,0,0,WICHITA,22:30,1989,1989,"T001,T102,","BN,",1,"T0,T1,","T,",MAIN,Texas,31.827233,-99.423022,22,Evening
Derailments,1989:07:SP:Y3859,0,0,1000,15000,0,0,0,HARRIS,3:15,1989,1989,"E40C,","SP,",1,"E4,","E,",MAIN,Texas,31.827233,-99.423022,3,Midnight
Derailments,1989:09:ATSF:260989101,0,0,1100,6650,0,0,0,NOLAN,21:10,1989,1989,"H505,","ATSF,",1,"H5,","H,",YARD,Texas,31.827233,-99.423022,21,Evening
Derailments,1989:09:KCS:339535,0,0,1906,12670,0,0,0,ORANGE,18:20,1989,1989,"T499,","KCS,",1,"T4,","T,",SIDING,Texas,31.827233,-99.423022,18,Evening
Derailments,1989:09:SP:Y5479,0,0,1100,10500,0,0,0,HARRIS,24:50:00,1989,1989,"T110,","SP,",1,"T1,","T,",INDUSTRY,Texas,31.827233,-99.423022,24,Midnight
Derailments,1989:11:ATSF:251189103,0,0,9286,800,0,0,0,HUTCHINSON,1:00,1989,1990,"H303,H704,","ATSF,",1,"H3,H7,","H,",YARD,Texas,31.827233,-99.423022,1,Midnight
Derailments,1989:10:UP:1089TO205,0,0,1450,9714,0,0,0,GRAYSON,22:20,1989,1990,"H503,","UP,",1,"H5,","H,",YARD,Texas,31.827233,-99.423022,22,Evening
Derailments,1989:11:ATSF:261189102,0,0,1000,30200,0,0,0,TARRANT,19:15,1989,1990,"H702,","ATSF,",1,"H7,","H,",YARD,Texas,31.827233,-99.423022,19,Evening
Derailments,1989:10:UP:1089FW210,0,0,20200,800,0,0,0,TARRANT,3:10,1989,1990,"T314,","UP,",7,"T3,","T,",YARD,Texas,31.827233,-99.423022,3,Midnight
Derailments,1989:06:SRN:893,0,0,12000,7000,0,0,0,ORANGE,19:30,1989,1989,"E24C,","SRN,",1,"E2,","E,",MAIN,Texas,31.827233,-99.423022,19,Evening
Side collision,1989:08:UP:0889FW227,0,0,0,14300,0,0,0,TARRANT,2:05,1989,1989,"H999,","UP,",75,"H9,","H,",YARD,Texas,31.827233,-99.423022,2,Midnight
Derailments,1989:07:SP:Y3849,0,1,15000,0,0,0,0,HARRIS,1:55,1989,1989,"T311,","SP,",7,"T3,","T,",YARD,Texas,31.827233,-99.423022,1,Midnight
Side collision,1989:09:PTRA:SEPT0289,0,0,700,7200,0,0,0,HARRIS,1:30,1989,1989,"H306,","PTRA,",67,"H3,","H,",INDUSTRY,Texas,31.827233,-99.423022,1,Midnight
Raking collision,1989:10:UP:1089SA211,0,0,0,9350,0,0,0,COMAL,24:45:00,1989,1990,"H306,","UP,",1,"H3,","H,",INDUSTRY,Texas,31.827233,-99.423022,24,Midnight
Derailments,1989:08:UP:0889FW209,0,0,5000,26185,0,0,0,TARRANT,20:27,1989,1989,"T314,","UP,",1,"T3,","T,",YARD,Texas,31.827233,-99.423022,20,Evening
Derailments,1989:08:SP:Y4639,0,0,25000,4875,0,0,0,HARRIS,22:45,1989,1989,"E09C,","SP,",7,"E0,","E,",YARD,Texas,31.827233,-99.423022,22,Evening
Derailments,1989:09:UP:0989FW204,0,0,12590,1950,0,0,0,TARRANT,19:55,1989,1989,"H503,","UP,",7,"H5,","H,",YARD,Texas,31.827233,-99.423022,19,Evening
Derailments,1989:07:UP:0789FW211,0,0,0,33290,0,0,0,TARRANT,22:30,1989,1989,"H302,","UP,",67,"H3,","H,",YARD,Texas,31.827233,-99.423022,22,Evening
Side collision,1989:11:PTRA:NOV0189,0,0,0,10832,0,0,0,HARRIS,18:45,1989,1990,"H306,","PTRA,",7,"H3,","H,",YARD,Texas,31.827233,-99.423022,18,Evening
Derailments,1989:07:SP:Y3969,0,0,4000,7600,0,0,0,JEFFERSON,23:45,1989,1989,"H704,","SP,",8,"H7,","H,",YARD,Texas,31.827233,-99.423022,23,Evening
Derailments,1989:10:UP:1089HO203,0,0,700,9050,0,0,0,CAMERON,1:10,1989,1990,"H702,","UP,",1,"H7,","H,",YARD,Texas,31.827233,-99.423022,1,Midnight
Derailments,1989:08:PTRA:AUG0189,0,0,11500,10855,19,1,0,HARRIS,20:30,1989,1989,"E64C,","PTRA,",7,"E6,","E,",YARD,Texas,31.827233,-99.423022,20,Evening
Highway-rail impact,1989:08:SP:Y4709,1,0,6000,800,0,0,0,FORT BEND,22:33,1989,1989,"M399,","SP,",1,"M3,","M,",MAIN,Texas,31.827233,-99.423022,22,Evening
Side collision,1989:06:PTRA:060189,0,0,0,8915,0,0,0,HARRIS,23:00,1989,1989,"H302,","PTRA,",67,"H3,","H,",YARD,Texas,31.827233,-99.423022,23,Evening
Side collision,1989:06:GRR:19891,0,0,2425,15704,0,0,0,WILLIAMSON,22:40,1989,1989,"H017,","GRR,UP,",18,"H0,","H,",MAIN,Texas,31.827233,-99.423022,22,Evening
Derailments,1989:10:BN:FW1050,0,0,6700,19000,0,0,0,TARRANT,22:30,1989,1990,"H702,","BN,SP,",8,"H7,","H,",MAIN,Texas,31.827233,-99.423022,22,Evening
Rear end collision,1989:09:UP:0989PL205,0,2,77403,497782,0,0,0,BASTROP,20:45,1989,1989,"H603,","UP,",1,"H6,","H,",MAIN,Texas,31.827233,-99.423022,20,Evening
Derailments,1989:09:UP:0989HO204,0,0,3500,9500,5,0,0,HARRIS,17:45,1989,1989,"T314,","UP,",1,"T3,","T,",YARD,Texas,31.827233,-99.423022,17,Evening
Raking collision,1989:09:HBT:AX2I89,0,0,208,43500,0,0,0,HARRIS,2:20,1989,1989,"H702,","HBT,",8,"H7,","H,",YARD,Texas,31.827233,-99.423022,2,Midnight
Derailments,1989:07:UP:0789FW208,0,0,4200,5800,0,0,0,TARRANT,22:55,1989,1989,"T222,","UP,",6,"T2,","T,",YARD,Texas,31.827233,-99.423022,22,Evening
Derailments,1989:10:TM:89147,0,0,11800,17000,0,0,0,WEBB,19:15,1989,1990,"T211,","TM,",7,"T2,","T,",MAIN,Texas,31.827233,-99.423022,19,Evening
Derailments,1989:08:UP:0889FW210,0,0,5300,1000,0,0,0,TARRANT,2:15,1989,1989,"E31C,","UP,",7,"E3,","E,",YARD,Texas,31.827233,-99.423022,2,Midnight
Derailments,1989:08:SP:U2999,0,0,8000,9000,0,0,0,NUECES,20:30,1989,1989,"H602,T110,","SP,TM,",7,"H6,T1,","H,T,",INDUSTRY,Texas,31.827233,-99.423022,20,Evening
Rear end collision,1989:09:PTRA:SEPT0189,0,0,1000,8760,5,0,0,HARRIS,17:40,1989,1989,"H401,","PTRA,",67,"H4,","H,",SIDING,Texas,31.827233,-99.423022,17,Evening
Derailments,1989:07:SP:Y4009,0,0,800,26000,0,0,0,JEFFERSON,22:20,1989,1989,"T110,","SP,",7,"T1,","T,",YARD,Texas,31.827233,-99.423022,22,Evening
Derailments,1989:11:SP:Y6709,0,0,12500,400,0,0,0,HARRIS,24:10:00,1989,1990,"T101,","SP,",1,"T1,","T,",YARD,Texas,31.827233,-99.423022,24,Midnight
Derailments,1990:01:SP:Q0070,0,0,23000,0,0,0,0,BEXAR,18:40,1990,1990,"M207,","SP,",1,"M2,","M,",YARD,Texas,31.827233,-99.423022,18,Evening
Derailments,1989:11:SP:Y6579,0,0,10000,1925,3,3,0,HARRIS,3:00,1989,1990,"T311,","SP,",1,"T3,","T,",MAIN,Texas,31.827233,-99.423022,3,Midnight
Derailments,1990:01:UP:0190PL202,0,0,0,20000,0,0,0,MCLENNAN,22:00,1990,1990,"E21C,","UP,",1,"E2,","E,",MAIN,Texas,31.827233,-99.423022,22,Evening
Other impacts,1990:02:PTRA:FEB0190,0,0,1500,48000,0,0,0,HARRIS,4:30,1990,1990,"H306,H302,","PTRA,",67,"H3,","H,",YARD,Texas,31.827233,-99.423022,4,Midnight
Derailments,1989:12:ATSF:341289104,0,0,9600,55600,0,0,0,HALE,22:40,1989,1990,"T202,T207,","ATSF,BN,",1,"T2,","T,",SIDING,Texas,31.827233,-99.423022,22,Evening
Highway-rail impact,1990:03:ATSF:340390105,2,0,11719,600,0,0,0,LUBBOCK,17:25,1990,1990,"M399,","ATSF,BN,",1,"M3,","M,",MAIN,Texas,31.827233,-99.423022,17,Evening
Side collision,1990:02:UP:0290FW245,0,0,7000,8000,0,0,0,TARRANT,17:15,1990,1990,"H503,","UP,",57,"H5,","H,",YARD,Texas,31.827233,-99.423022,17,Evening
Derailments,1990:01:SP:S0220,0,0,18000,2250,0,0,0,HARRIS,1:05,1990,1990,"H704,","SP,",1,"H7,","H,",YARD,Texas,31.827233,-99.423022,1,Midnight
Derailments,1989:11:SP:Y6719,0,0,3800,16875,0,0,0,HARRIS,19:35,1989,1990,"T110,","SP,",1,"T1,","T,",YARD,Texas,31.827233,-99.423022,19,Evening
Derailments,1990:03:PTRA:MAR0190,0,0,500,6000,0,0,0,HARRIS,2:30,1990,1990,"H303,","PTRA,",7,"H3,","H,",INDUSTRY,Texas,31.827233,-99.423022,2,Midnight
Derailments,1990:03:ATSF:340390104,0,0,10000,19900,1,1,0,EL PASO,22:20,1990,1990,"T110,","ATSF,",1,"T1,","T,",YARD,Texas,31.827233,-99.423022,22,Evening
Derailments,1989:11:UP:1189HO200,0,0,0,6600,1,1,0,BRAZORIA,18:30,1989,1990,"H312,","UP,",7,"H3,","H,",YARD,Texas,31.827233,-99.423022,18,Evening
Derailments,1990:02:UP:0290HO204,0,0,0,100800,45,9,0,BRAZORIA,19:15,1990,1990,"H704,","UP,",7,"H7,","H,",YARD,Texas,31.827233,-99.423022,19,Evening
Derailments,1990:03:SP:I1160,0,0,1400,8000,0,0,0,EL PASO,4:00,1990,1990,"T303,","SP,",1,"T3,","T,",MAIN,Texas,31.827233,-99.423022,4,Midnight
Highway-rail impact,1989:10:ATSF:261089102,1,0,17188,3200,0,0,0,ERATH,17:20,1989,1990,"M399,","ATSF,",1,"M3,","M,",MAIN,Texas,31.827233,-99.423022,17,Evening
Head on collision,1989:11:UP:1189PL204,0,0,0,11000,0,0,0,ANDERSON,2:30,1989,1990,"H018,","UP,",16,"H0,","H,",MAIN,Texas,31.827233,-99.423022,2,Midnight
Derailments,1990:02:UP:0290FW236,0,0,16250,25800,0,0,0,DALLAS,4:20,1990,1990,"H505,E05C,","BN,UP,",1,"H5,E0,H5,","H,E,H,",MAIN,Texas,31.827233,-99.423022,4,Midnight
Other impacts,1989:12:UP:1289PL205,0,0,0,23853,0,0,0,MILAM,18:20,1989,1990,"E21C,","UP,",1,"E2,","E,",SIDING,Texas,31.827233,-99.423022,18,Evening
Derailments,1990:02:UP:0290PL206,0,0,348503,6700,0,0,0,MONTGOMERY,20:20,1990,1990,"E68C,","UP,",1,"E6,","E,",MAIN,Texas,31.827233,-99.423022,20,Evening
Side collision,1990:01:ATSF:250190102,0,2,30000,69500,0,0,0,HUTCHINSON,21:15,1990,1990,"H603,","ATSF,",61,"H6,","H,",YARD,Texas,31.827233,-99.423022,21,Evening
Side collision,1990:01:UP:0190FW222,0,0,450,13550,0,0,0,TARRANT,3:45,1990,1990,"E29C,","UP,",76,"E2,","E,",YARD,Texas,31.827233,-99.423022,3,Midnight
Derailments,1989:12:BN:FW1322,0,0,3200,35500,0,0,0,POTTER,3:40,1989,1990,"T202,","BN,",1,"T2,","T,",SIDING,Texas,31.827233,-99.423022,3,Midnight
Derailments,1990:01:SP:Y0070,0,0,10000,18750,0,0,0,HARRIS,3:20,1990,1990,"M599,","SP,",7,"M5,","M,",YARD,Texas,31.827233,-99.423022,3,Midnight
Derailments,1990:02:BN:FW0205,0,0,500,15900,0,0,0,POTTER,1:53,1990,1990,"T207,","BN,",1,"T2,","T,",SIDING,Texas,31.827233,-99.423022,1,Midnight
Derailments,1990:03:ATSF:250390104,0,0,12000,3550,0,0,0,MOORE,19:30,1990,1990,"T314,","ATSF,",1,"T3,","T,",INDUSTRY,Texas,31.827233,-99.423022,19,Evening
Derailments,1990:02:GVSR:3390,0,0,5500,500,0,0,0,GALVESTON,21:00,1990,1990,"T399,","GVSR,",7,"T3,","T,",YARD,Texas,31.827233,-99.423022,21,Evening
Derailments,1989:11:TM:89164,0,0,21800,1500,3,0,0,DUVAL,18:05,1989,1990,"E54C,","TM,",1,"E5,","E,",MAIN,Texas,31.827233,-99.423022,18,Evening
Other impacts,1990:03:PTRA:MAR0290,0,0,700,5500,0,0,0,HARRIS,24:15:00,1990,1990,"H312,","PTRA,",7,"H3,","H,",YARD,Texas,31.827233,-99.423022,24,Midnight
Derailments,1990:03:BN:FW0276,0,0,250,49200,0,0,0,KNOX,17:50,1990,1990,"T221,","BN,",1,"T2,","T,",MAIN,Texas,31.827233,-99.423022,17,Evening
Derailments,1989:12:SP:Y7349,0,0,45000,75050,4,3,0,HARRIS,19:20,1989,1990,"T110,","SP,",7,"T1,","T,",YARD,Texas,31.827233,-99.423022,19,Evening
Derailments,1990:01:UP:0190HO200,0,0,20000,409623,14,14,11,JACKSON,2:30,1990,1990,"E53C,","UP,",1,"E5,","E,",MAIN,Texas,31.827233,-99.423022,2,Midnight
Derailments,1989:12:PTRA:DEC0189,0,0,0,10500,0,0,0,HARRIS,2:00,1989,1990,"H312,","PTRA,",6,"H3,","H,",YARD,Texas,31.827233,-99.423022,2,Midnight
Derailments,1990:01:UP:0190FW234,0,0,72894,65250,0,0,0,TARRANT,17:45,1990,1990,"E07C,","UP,",1,"E0,","E,",MAIN,Texas,31.827233,-99.423022,17,Evening
Head on collision,1990:01:UP:0190HO003,0,2,4500,313261,0,0,0,HARRIS,19:20,1990,1990,"H999,","HBT,UP,",77,"H9,","H,",MAIN,Texas,31.827233,-99.423022,19,Evening
Derailments,1990:05:BN:FW0538,0,0,10000,2500,3,0,0,WICHITA,21:55,1990,1990,"E46C,E49C,","BN,",1,"E4,","E,",MAIN,Texas,31.827233,-99.423022,21,Evening
Derailments,1990:06:UP:0690HO203,0,0,1500,6000,0,0,0,NUECES,20:20,1990,1990,"M201,","UP,",7,"M2,","M,",YARD,Texas,31.827233,-99.423022,20,Evening
Derailments,1990:06:SP:ZZZZZZZZZZ,0,0,0,7075,0,0,0,TARRANT,17:15,1990,1990,"T109,T110,","BN,",7,"T1,","T,",YARD,Texas,31.827233,-99.423022,17,Evening
Derailments,1990:03:UP:0390PL204,0,0,0,13500,1,1,1,ROBERTSON,1:00,1990,1990,"H306,","UP,",1,"H3,","H,",YARD,Texas,31.827233,-99.423022,1,Midnight
Derailments,1990:04:HBT:AX2D90,0,0,600,83300,2,0,0,HARRIS,23:25,1990,1990,"E64C,","HBT,UP,",1,"E6,","E,",YARD,Texas,31.827233,-99.423022,23,Evening
Derailments,1990:07:ATSF:340790101,0,0,6000,10000,0,0,0,HASKELL,2:35,1990,1990,"T221,","ATSF,",1,"T2,","T,",MAIN,Texas,31.827233,-99.423022,2,Midnight
Derailments,1990:05:ATSF:260590102,0,0,1150,9700,0,0,0,DALLAS,4:15,1990,1990,"H503,","ATSF,",1,"H5,","H,",YARD,Texas,31.827233,-99.423022,4,Midnight
Derailments,1990:06:BN:FW0619,0,0,1000,6000,0,0,0,TARRANT,2:35,1990,1990,"H505,","BN,",7,"H5,","H,",YARD,Texas,31.827233,-99.423022,2,Midnight
Derailments,1990:05:UP:0590FW201,0,0,8000,8450,2,0,0,DALLAS,20:10,1990,1990,"T314,","UP,",1,"T3,","T,",MAIN,Texas,31.827233,-99.423022,20,Evening
Derailments,1990:05:UP:0590FW230,0,0,1200,5440,0,0,0,DALLAS,3:15,1990,1990,"T110,","UP,",7,"T1,","T,",YARD,Texas,31.827233,-99.423022,3,Midnight
Other impacts,1990:05:BN:FW0563,0,0,0,25000,0,0,0,POTTER,20:30,1990,1990,"H210,H302,","BN,",75,"H2,H3,H2,H3,","H,",YARD,Texas,31.827233,-99.423022,20,Evening
Derailments,1990:05:UP:0590FW215,0,0,64607,129500,0,0,0,DALLAS,22:15,1990,1990,"M202,","BN,UP,",1,"M2,","M,",MAIN,Texas,31.827233,-99.423022,22,Evening
Derailments,1990:06:SP:Q1800,0,0,75000,188200,32,21,1,KINNEY,17:25,1990,1990,"E00C,","SP,",1,"E0,","E,",MAIN,Texas,31.827233,-99.423022,17,Evening
Derailments,1990:06:AUNW:D9001,0,0,5600,5532,0,0,0,AUSTIN,17:15,1990,1990,"E46C,T110,","AUNW,",1,"E4,T1,","E,T,",MAIN,Texas,31.827233,-99.423022,17,Evening
Derailments,1990:06:UP:0690HO204,0,0,2120,37150,0,0,0,HARRIS,23:20,1990,1990,"T314,","UP,",7,"T3,","T,",YARD,Texas,31.827233,-99.423022,23,Evening
Other impacts,1990:06:UP:0690TO004,0,2,0,10000,0,0,0,TAYLOR,19:00,1990,1990,"H601,","UP,",8,"H6,","H,",MAIN,Texas,31.827233,-99.423022,19,Evening
Other impacts,1990:06:ATSF:260690102,0,0,0,15300,0,0,0,BELL,18:15,1990,1990,"H601,","ATSF,",67,"H6,","H,",YARD,Texas,31.827233,-99.423022,18,Evening
Derailments,1990:05:SP:S2190,0,0,2400,30000,14,1,1,HARRIS,22:05,1990,1990,"H313,","SP,",7,"H3,","H,",YARD,Texas,31.827233,-99.423022,22,Evening
Derailments,1990:05:SP:Q1720,0,0,1100,22800,0,0,0,MAVERICK,19:00,1990,1990,"H306,H303,","SP,",7,"H3,","H,",YARD,Texas,31.827233,-99.423022,19,Evening
Derailments,1990:06:ATSF:250690101,0,0,8700,2400,13,0,0,COOKE,19:25,1990,1990,"E64C,","ATSF,",1,"E6,","E,",YARD,Texas,31.827233,-99.423022,19,Evening
Derailments,1990:06:UP:0690HO207,0,0,250,33566,28,0,0,VICTORIA,1:30,1990,1990,"H306,","UP,",618,"H3,","H,",YARD,Texas,31.827233,-99.423022,1,Midnight
Derailments,1990:05:PTRA:MAY0190,0,0,481,6019,0,0,0,HARRIS,17:30,1990,1990,"T110,","PTRA,",7,"T1,","T,",YARD,Texas,31.827233,-99.423022,17,Evening
Derailments,1990:07:BN:FW0890,0,0,500,16100,0,0,0,TARRANT,19:15,1990,1990,"H303,","BN,",1,"H3,","H,",YARD,Texas,31.827233,-99.423022,19,Evening
Side collision,1990:06:UP:0690FW205,0,0,0,12000,0,0,0,TARRANT,2:30,1990,1990,"H307,","UP,",17,"H3,","H,",YARD,Texas,31.827233,-99.423022,2,Midnight
Derailments,1990:04:UP:0490LU213,0,0,200,10595,0,0,0,JEFFERSON,17:00,1990,1990,"T314,","UP,",1,"T3,","T,",INDUSTRY,Texas,31.827233,-99.423022,17,Evening
Derailments,1990:07:BN:FW0749,0,0,0,10450,0,0,0,TARRANT,3:30,1990,1990,"H307,","BN,",7,"H3,","H,",YARD,Texas,31.827233,-99.423022,3,Midnight
Derailments,1990:04:SP:S1630,0,0,27000,92050,0,0,0,HARRIS,19:40,1990,1990,"T110,","SP,",7,"T1,","T,",YARD,Texas,31.827233,-99.423022,19,Evening
Derailments,1990:05:UP:0590FW236,0,0,7180,21070,0,0,0,HUNT,1:55,1990,1990,"M503,","LA,UP,",1,"M5,","M,",MAIN,Texas,31.827233,-99.423022,1,Midnight
Side collision,1990:05:ATSF:340590103,0,0,2100,14500,0,0,0,POTTER,3:10,1990,1990,"H021,","ATSF,",56,"H0,","H,",YARD,Texas,31.827233,-99.423022,3,Midnight
Derailments,1990:04:UP:0490SA212,0,0,1000,7097,0,0,0,BEXAR,17:25,1990,1990,"H525,","UP,",1,"H5,","H,",YARD,Texas,31.827233,-99.423022,17,Evening
Derailments,1990:06:ATSF:260690104,0,0,7000,33500,0,0,0,BELL,1:30,1990,1990,"E86C,","ATSF,",16,"E8,","E,",YARD,Texas,31.827233,-99.423022,1,Midnight
Derailments,1990:06:SP:S2460,0,0,1500,4700,0,0,0,HARRIS,19:30,1990,1990,"T110,","SP,",7,"T1,","T,",YARD,Texas,31.827233,-99.423022,19,Evening
Derailments,1990:03:UP:0390PL209,0,0,0,6000,0,0,0,BRAZOS,3:55,1990,1990,"H503,","UP,",1,"H5,","H,",MAIN,Texas,31.827233,-99.423022,3,Midnight
Derailments,1990:03:SP:T3270,0,0,6000,0,0,0,0,JEFFERSON,20:58,1990,1990,"T110,","SP,",1,"T1,","T,",MAIN,Texas,31.827233,-99.423022,20,Evening
Derailments,1990:06:UP:0690FW220,0,0,1000,5000,0,0,0,DALLAS,17:50,1990,1990,"E64C,","UP,",1,"E6,","E,",YARD,Texas,31.827233,-99.423022,17,Evening
Derailments,1990:06:UP:0690HO209,0,0,200,8900,0,0,0,BRAZORIA,23:30,1990,1990,"T314,","UP,",7,"T3,","T,",YARD,Texas,31.827233,-99.423022,23,Evening
Derailments,1990:05:UP:0590FW239,0,0,944300,7619,0,0,0,TARRANT,4:15,1990,1990,"E39C,","UP,",7,"E3,","E,",YARD,Texas,31.827233,-99.423022,4,Midnight
Derailments,1990:05:SP:S2210,0,0,18000,5500,0,0,0,HARRIS,18:00,1990,1990,"T110,","SP,",7,"T1,","T,",YARD,Texas,31.827233,-99.423022,18,Evening
Derailments,1990:07:ATSF:340790102,0,0,2500,5000,0,0,0,EL PASO,19:30,1990,1990,"H503,H505,","ATSF,",7,"H5,","H,",YARD,Texas,31.827233,-99.423022,19,Evening
Derailments,1990:05:UP:0590RR202,0,0,135976,264189,1,0,0,CHEROKEE,4:00,1990,1990,"T220,","UP,",1,"T2,","T,",MAIN,Texas,31.827233,-99.423022,4,Midnight
Derailments,1990:06:ATSF:260690103,0,0,11350,1150,0,0,0,TARRANT,24:20:00,1990,1990,"M503,","ATSF,",1,"M5,","M,",MAIN,Texas,31.827233,-99.423022,24,Midnight
Derailments,1990:04:UP:0490LU220,0,0,200,10595,0,0,0,JEFFERSON,17:00,1990,1990,"T314,","UP,",61,"T3,","T,",INDUSTRY,Texas,31.827233,-99.423022,17,Evening
Derailments,1990:07:ATSF:ZZZZZZZZZZ,0,0,0,21300,0,0,0,TARRANT,19:38,1990,1990,"H503,","UP,",1,"H5,","H,",MAIN,Texas,31.827233,-99.423022,19,Evening
Derailments,1990:05:UP:0590SA209,0,0,3500,12040,0,0,0,BEXAR,17:30,1990,1990,"H521,","UP,",1,"H5,","H,",MAIN,Texas,31.827233,-99.423022,17,Evening
Derailments,1990:06:ATSF:260690106,0,0,12000,3580,0,0,0,DALLAS,2:50,1990,1990,"H513,","ATSF,LA,",1,"H5,","H,",YARD,Texas,31.827233,-99.423022,2,Midnight
Derailments,1990:04:UP:0490LU219,0,0,600,1440,0,0,0,JEFFERSON,17:45,1990,1990,"T314,","UP,",7,"T3,","T,",YARD,Texas,31.827233,-99.423022,17,Evening
Derailments,1990:07:UP:0790TO206,0,0,60172,14100,7,0,0,HOWARD,24:17:00,1990,1990,"T313,","UP,",1,"T3,","T,",YARD,Texas,31.827233,-99.423022,24,Midnight
Derailments,1990:07:SP:S2860,0,0,8000,4750,0,0,0,HARRIS,22:30,1990,1990,"T110,","SP,",1,"T1,","T,",INDUSTRY,Texas,31.827233,-99.423022,22,Evening
Other impacts,1990:09:PTRA:SEPT0290,0,0,0,12303,0,0,0,HARRIS,4:05,1990,1990,"H018,","PTRA,",7,"H0,","H,",MAIN,Texas,31.827233,-99.423022,4,Midnight
Derailments,1990:08:BN:FW0928,0,0,1200,103000,0,0,0,HALE,18:20,1990,1990,"M503,","BN,",1,"M5,","M,",MAIN,Texas,31.827233,-99.423022,18,Evening
Derailments,1990:07:HBT:AX2G90,0,0,274,16850,0,0,0,HARRIS,4:00,1990,1990,"H503,","HBT,",7,"H5,","H,",YARD,Texas,31.827233,-99.423022,4,Midnight
Derailments,1990:08:UP:0890HO203,0,0,5000,28089,0,0,0,HARRIS,20:30,1990,1990,"H503,","UP,",1,"H5,","H,",MAIN,Texas,31.827233,-99.423022,20,Evening
Derailments,1990:11:UP:1190HO200,0,0,4000,2000,1,0,0,HARRIS,21:00,1990,1991,"T314,","UP,",1,"T3,","T,",YARD,Texas,31.827233,-99.423022,21,Evening
Highway-rail impact,1990:08:UP:ZZZZZZZZZZ,0,0,0,7900,0,0,0,BEXAR,23:27,1990,1990,"M399,","ATK,",2,"M3,","M,",MAIN,Texas,31.827233,-99.423022,23,Evening
Side collision,1990:09:PTRA:SEPT0190,0,0,0,7298,0,0,0,HARRIS,3:05,1990,1990,"H306,H302,","PTRA,",67,"H3,","H,",YARD,Texas,31.827233,-99.423022,3,Midnight
Obstruction impact,1990:08:BN:FW0952,0,0,0,7250,0,0,0,WICHITA,18:00,1990,1990,"E33C,","BN,",7,"E3,","E,",MAIN,Texas,31.827233,-99.423022,18,Evening
Derailments,1990:09:UP:0990RR206,0,0,2000,13500,0,0,0,FANNIN,18:55,1990,1990,"T102,","UP,",1,"T1,","T,",MAIN,Texas,31.827233,-99.423022,18,Evening
Broken train collision,1990:09:BN:FW1127,0,0,1000,232000,0,0,0,POTTER,4:45,1990,1990,"E30C,","BN,",1,"E3,","E,",MAIN,Texas,31.827233,-99.423022,4,Midnight
Derailments,1990:09:SP:R3100,0,0,35000,10400,0,0,0,GRAYSON,2:00,1990,1990,"M204,M405,","BN,SP,",1,"M2,M4,","M,",MAIN,Texas,31.827233,-99.423022,2,Midnight
Derailments,1990:11:AUNW:D9004,0,0,18920,2200,0,0,0,WILLIAMSON,21:30,1990,1991,"T106,T101,","AUNW,",1,"T1,","T,",MAIN,Texas,31.827233,-99.423022,21,Evening
Side collision,1990:07:UP:0790FW006,0,2,200,76042,0,0,0,DALLAS,18:20,1990,1990,"H018,","UP,",76,"H0,","H,",INDUSTRY,Texas,31.827233,-99.423022,18,Evening
Derailments,1990:08:AUNW:D9002,0,0,13028,32100,0,0,0,WILLIAMSON,21:45,1990,1990,"H503,T110,","AUNW,",1,"H5,T1,","H,T,",MAIN,Texas,31.827233,-99.423022,21,Evening
Side collision,1990:08:UP:0890SA208,0,0,300,7400,0,0,0,WEBB,23:20,1990,1990,"H503,","UP,",18,"H5,","H,",YARD,Texas,31.827233,-99.423022,23,Evening
Other impacts,1990:07:SP:T4210,0,0,2000,25800,0,0,0,JEFFERSON,18:40,1990,1990,"H702,","SP,",7,"H7,","H,",YARD,Texas,31.827233,-99.423022,18,Evening