AccidentType,inckey,Fatalities,Injuries,TrackDamage,EquipmentDamage,HazmatCars,HazmatCarsDerailed,HazmatCarsReleasing,County,DisplayTime,calendar,Fiscal,AccidentCause,RailroadCodes,RAILEQUIPMENT_TYPE,CauseGroup,CauseDiscipline,TYPE_OF_TRACK,StateName,latitude,longitude,hour,cat
Derailments,1990:07:KCS:439683,0,0,2000,18500,7,0,0,JEFFERSON,2:10,1990,1990,"H306,","KCS,",7,"H3,","H,",YARD,Texas,31.827233,-99.423022,2,Midnight
Derailments,1990:11:UP:1190HO204,0,0,0,11200,0,0,0,HARRIS,3:30,1990,1991,"H099,","UP,",7,"H0,","H,",INDUSTRY,Texas,31.827233,-99.423022,3,Midnight
Other impacts,1990:10:SSW:U5620,0,0,0,18000,0,0,0,SHERMAN,18:15,1990,1991,"H999,","SSW,",1,"H9,","H,",SIDING,Texas,31.827233,-99.423022,18,Evening
Side collision,1990:07:SP:S2820,0,0,8200,106000,0,0,0,HARRIS,23:50,1990,1990,"H018,H099,","PTRA,SP,",617,"H0,","H,",YARD,Texas,31.827233,-99.423022,23,Evening
Derailments,1990:07:UP:0790FW205,0,0,2100,13500,0,0,0,TARRANT,21:00,1990,1990,"H503,","UP,",7,"H5,","H,",YARD,Texas,31.827233,-99.423022,21,Evening
Derailments,1990:09:ATSF:040990101,0,0,4700,17985,0,0,0,COLLIN,24:45:00,1990,1990,"T102,H503,","ATSF,LA,",1,"T1,H5,T1,","T,H,T,",MAIN,Texas,31.827233,-99.423022,24,Midnight
Derailments,1990:07:UP:0790LU228,0,0,7800,3500,1,0,0,ORANGE,20:00,1990,1990,"T110,M599,","SP,UP,",1,"T1,M5,","T,M,",SIDING,Texas,31.827233,-99.423022,20,Evening
Derailments,1990:09:ATSF:040990103,0,0,900,14480,0,0,0,JOHNSON,2:35,1990,1990,"H503,","ATSF,",1,"H5,","H,",YARD,Texas,31.827233,-99.423022,2,Midnight
Derailments,1990:09:UP:0990PL202,0,0,500,23000,0,0,0,HARRIS,23:15,1990,1990,"T314,","UP,",1,"T3,","T,",YARD,Texas,31.827233,-99.423022,23,Evening
Highway-rail impact,1990:10:UP:1090SA601,2,0,0,30000,0,0,0,COMAL,21:44,1990,1991,"M399,","ATK,",2,"M3,","M,",MAIN,Texas,31.827233,-99.423022,21,Evening
Derailments,1990:10:SP:Q2870,0,1,19500,7100,0,0,0,BEXAR,4:50,1990,1991,"T314,","SP,",1,"T3,","T,",YARD,Texas,31.827233,-99.423022,4,Midnight
Derailments,1990:10:BN:FW1310,0,0,20000,800,0,0,0,CASTRO,21:10,1990,1991,"T110,","BN,",1,"T1,","T,",YARD,Texas,31.827233,-99.423022,21,Evening
Derailments,1990:07:PTRA:JULY0490,0,0,3000,56426,4,4,0,HARRIS,17:50,1990,1990,"T314,","PTRA,",7,"T3,","T,",YARD,Texas,31.827233,-99.423022,17,Evening
Side collision,1990:11:PTRA:NOV0490,0,0,0,15080,0,0,0,HARRIS,1:20,1990,1991,"H018,","PTRA,",67,"H0,","H,",INDUSTRY,Texas,31.827233,-99.423022,1,Midnight
Derailments,1990:07:SP:S2800,0,0,6600,0,0,0,0,HARRIS,17:35,1990,1990,"T399,","SP,",NA,"T3,","T,",YARD,Texas,31.827233,-99.423022,17,Evening
Derailments,1990:08:SP:I3060,0,0,10000,14400,0,0,0,EL PASO,18:40,1990,1990,"H521,","SP,",1,"H5,","H,",YARD,Texas,31.827233,-99.423022,18,Evening
Derailments,1990:10:UP:1090HO205,0,0,3000,5000,0,0,0,BRAZORIA,17:55,1990,1991,"T314,","UP,",1,"T3,","T,",YARD,Texas,31.827233,-99.423022,17,Evening
Derailments,1990:10:UP:1090FW211,0,0,8350,5500,0,0,0,TARRANT,17:15,1990,1991,"E64C,","UP,",1,"E6,","E,",MAIN,Texas,31.827233,-99.423022,17,Evening
Derailments,1990:10:TM:90131,0,0,48451,1221,6,0,0,DUVAL,18:00,1990,1991,"T106,H699,","TM,",1,"T1,H6,","T,H,",MAIN,Texas,31.827233,-99.423022,18,Evening
Derailments,1990:10:SP:Q2900,0,0,1800,4500,0,0,0,MAVERICK,23:00,1990,1991,"H702,","SP,",1,"H7,","H,",YARD,Texas,31.827233,-99.423022,23,Evening
Side collision,1990:07:PTRA:JULY0390,0,0,1462,14538,0,0,0,HARRIS,3:40,1990,1990,"H310,","PTRA,",7,"H3,","H,",YARD,Texas,31.827233,-99.423022,3,Midnight
Derailments,1990:08:SP:S3080,0,0,7000,36000,0,0,0,HARRIS,17:30,1990,1990,"E19C,","SP,",7,"E1,","E,",YARD,Texas,31.827233,-99.423022,17,Evening
Derailments,1990:07:UEFZ:INDUSTRY,0,0,7075,1000,0,0,0,TARRANT,18:00,1990,1990,"H503,","BN,",1,"H5,","H,",INDUSTRY,Texas,31.827233,-99.423022,18,Evening
Derailments,1990:12:UP:1290HO202,0,0,0,28000,0,0,0,VICTORIA,22:30,1990,1991,"S012,","UP,",7,"S0,","S,",YARD,Texas,31.827233,-99.423022,22,Evening
Derailments,1990:09:SP:S3660,0,0,7500,3000,0,0,0,HARRIS,21:30,1990,1990,"H704,","SP,",1,"H7,","H,",YARD,Texas,31.827233,-99.423022,21,Evening
Side collision,1990:10:UP:1090HO203,0,0,1500,89000,40,2,0,BRAZORIA,23:45,1990,1991,"H306,","UP,",67,"H3,","H,",YARD,Texas,31.827233,-99.423022,23,Evening
Derailments,1990:11:BN:FW1336,0,0,3270,8000,0,0,0,ELLIS,3:35,1990,1991,"T101,","BN,",1,"T1,","T,",MAIN,Texas,31.827233,-99.423022,3,Midnight
Derailments,1990:09:BN:FW1066,0,0,49032,122600,0,0,0,TARRANT,19:55,1990,1990,"H603,","BN,",1,"H6,","H,",YARD,Texas,31.827233,-99.423022,19,Evening
Side collision,1990:08:UP:0890ES006,0,2,1200,27788,0,0,0,TARRANT,2:54,1990,1990,"H018,","UP,",61,"H0,","H,",YARD,Texas,31.827233,-99.423022,2,Midnight
Derailments,1990:10:SP:S4010,0,0,5700,5125,0,0,0,HARRIS,2:10,1990,1991,"E66C,","SP,",7,"E6,","E,",YARD,Texas,31.827233,-99.423022,2,Midnight
Side collision,1990:09:UP:0990FW220,0,0,5300,29000,0,0,0,TARRANT,3:50,1990,1990,"H306,","UP,",71,"H3,","H,",MAIN,Texas,31.827233,-99.423022,3,Midnight
Other impacts,1990:11:BN:FW1364,0,0,800,8500,0,0,0,TARRANT,17:15,1990,1991,"H021,","BN,",7,"H0,","H,",YARD,Texas,31.827233,-99.423022,17,Evening
Derailments,1990:08:UP:0890FW202,0,0,4500,2000,0,0,0,DALLAS,23:20,1990,1990,"H503,","UP,",7,"H5,","H,",YARD,Texas,31.827233,-99.423022,23,Evening
Derailments,1990:11:SP:S4390,0,0,13200,3750,1,1,0,HARRIS,4:05,1990,1991,"T202,","SP,",1,"T2,","T,",YARD,Texas,31.827233,-99.423022,4,Midnight
Derailments,1990:08:SP:S3170,0,0,11000,600,1,1,0,HARRIS,17:40,1990,1990,"T314,","SP,",7,"T3,","T,",YARD,Texas,31.827233,-99.423022,17,Evening
Side collision,1990:08:UP:0890FW003,0,0,450,12000,0,0,0,TARRANT,24:05:00,1990,1990,"H999,","UP,",7,"H9,","H,",YARD,Texas,31.827233,-99.423022,24,Midnight
Derailments,1990:08:UP:0890PL213,0,0,0,6490,0,0,0,WILLIAMSON,19:34,1990,1990,"H701,","ATK,",2,"H7,","H,",MAIN,Texas,31.827233,-99.423022,19,Evening
Derailments,1990:09:SP:I3400,0,0,93715,20500,0,0,0,EL PASO,3:25,1990,1990,"M404,","SP,",1,"M4,","M,",MAIN,Texas,31.827233,-99.423022,3,Midnight
Derailments,1990:09:AUNW:D9003,0,0,5162,4300,0,0,0,WILLIAMSON,21:30,1990,1990,"T113,H503,","AUNW,",1,"T1,H5,","T,H,",MAIN,Texas,31.827233,-99.423022,21,Evening
Derailments,1990:10:UP:1090HO204,0,0,10000,0,9,0,0,CAMERON,21:35,1990,1991,"T110,","UP,",7,"T1,","T,",INDUSTRY,Texas,31.827233,-99.423022,21,Evening
Derailments,1990:09:BN:FW1106,0,4,30361,219500,0,0,0,LEON,22:30,1990,1990,"T002,","BN,",1,"T0,","T,",MAIN,Texas,31.827233,-99.423022,22,Evening
Side collision,1990:07:PTRA:JULY0290,0,0,1800,20199,0,0,0,HARRIS,24:00:00,1990,1990,"H306,","PTRA,",67,"H3,","H,",YARD,Texas,31.827233,-99.423022,24,Midnight
Derailments,1990:08:SP:Q2200,0,0,40000,1256963,0,0,0,TERRELL,18:02,1990,1990,"M599,","SP,",1,"M5,","M,",MAIN,Texas,31.827233,-99.423022,18,Evening
Derailments,1990:09:ATSF:040990102,0,0,14000,18250,0,0,0,DALLAS,24:30:00,1990,1990,"H503,T110,","ATSF,LA,",1,"H5,T1,","H,T,",MAIN,Texas,31.827233,-99.423022,24,Midnight
Highway-rail impact,1990:11:SP:R3620,0,1,1500,102533,0,0,0,TARRANT,24:30:00,1990,1991,"M399,","SP,",1,"M3,","M,",MAIN,Texas,31.827233,-99.423022,24,Midnight
Other impacts,1991:01:UP:0191LU210,0,0,0,8000,2,2,0,JEFFERSON,20:30,1991,1991,"H999,","UP,",7,"H9,","H,",YARD,Texas,31.827233,-99.423022,20,Evening
Derailments,1991:03:UP:0391ES020,0,1,0,20000,0,0,0,LEON,24:15:00,1991,1991,"H402,","UP,",5,"H4,","H,",MAIN,Texas,31.827233,-99.423022,24,Midnight
Derailments,1991:01:UP:0191TO213,0,0,0,15873,0,0,0,DENTON,17:40,1991,1991,"E22C,","UP,",1,"E2,","E,",MAIN,Texas,31.827233,-99.423022,17,Evening
Other impacts,1991:01:SP:H0051,0,0,12000,0,0,0,0,HARRIS,2:15,1991,1991,"H306,","SP,",8,"H3,","H,",YARD,Texas,31.827233,-99.423022,2,Midnight
Side collision,1991:01:PTRA:JAN0191,0,0,0,9165,9,0,0,HARRIS,24:20:00,1991,1991,"H018,","PTRA,",7,"H0,","H,",YARD,Texas,31.827233,-99.423022,24,Midnight
Derailments,1990:11:SP:R3650,0,0,6818,800,1,0,0,ELLIS,1:35,1990,1991,"E23C,","SP,",1,"E2,","E,",MAIN,Texas,31.827233,-99.423022,1,Midnight
Derailments,1990:12:UP:1290FW217,0,0,2500,3250,0,0,0,TARRANT,3:00,1990,1991,"T110,","UP,",7,"T1,","T,",YARD,Texas,31.827233,-99.423022,3,Midnight
Derailments,1991:01:LA:452022,0,0,64232,134465,0,0,0,CAMP,20:15,1991,1991,"H503,","LA,",1,"H5,","H,",MAIN,Texas,31.827233,-99.423022,20,Evening
Side collision,1991:01:ATSF:020191104,0,0,0,35000,0,0,0,POTTER,17:30,1991,1991,"H401,","ATSF,",76,"H4,","H,",YARD,Texas,31.827233,-99.423022,17,Evening
Other impacts,1991:01:SP:H0061,0,0,12500,0,0,0,0,HARRIS,19:45,1991,1991,"H306,","SP,",8,"H3,","H,",YARD,Texas,31.827233,-99.423022,19,Evening
Other impacts,1991:02:UP:0291RR215,0,0,100,43667,0,0,0,GREGG,19:00,1991,1991,"H018,","UP,",7,"H0,","H,",MAIN,Texas,31.827233,-99.423022,19,Evening
Derailments,1991:05:BN:FW0469,0,0,0,42000,0,0,0,DALLAM,3:00,1991,1991,"T202,","BN,",16,"T2,","T,",YARD,Texas,31.827233,-99.423022,3,Midnight
Other impacts,1991:01:ATSF:040191104,0,0,0,22120,0,0,0,JOHNSON,21:50,1991,1991,"H017,","ATSF,",8,"H0,","H,",YARD,Texas,31.827233,-99.423022,21,Evening
Derailments,1990:11:MTZ:INDUSTRY,0,0,2600,10200,0,0,0,TARRANT,2:00,1990,1991,"T399,","BN,",7,"T3,","T,",INDUSTRY,Texas,31.827233,-99.423022,2,Midnight
Derailments,1991:03:ATSF:020391104,0,0,2500,8480,0,0,0,POTTER,22:40,1991,1991,"T110,","ATSF,",1,"T1,","T,",YARD,Texas,31.827233,-99.423022,22,Evening
Highway-rail impact,1990:12:SP:S4840,0,2,10000,150,0,0,0,HARRIS,19:15,1990,1991,"M399,","SP,",1,"M3,","M,",MAIN,Texas,31.827233,-99.423022,19,Evening
Derailments,1991:03:ATSF:040391105,0,0,5300,7050,0,0,0,BELL,17:30,1991,1991,"H503,","ATSF,",7,"H5,","H,",YARD,Texas,31.827233,-99.423022,17,Evening
Derailments,1990:11:UP:1190HO203,0,0,3000,5000,0,0,0,BRAZORIA,17:55,1990,1991,"T314,","UP,",1,"T3,","T,",YARD,Texas,31.827233,-99.423022,17,Evening
Derailments,1990:12:UP:1290FW201,0,0,0,8500,0,0,0,DALLAS,24:25:00,1990,1991,"H306,","UP,",1,"H3,","H,",YARD,Texas,31.827233,-99.423022,24,Midnight
Derailments,1990:12:SRN:902,0,0,14000,67000,0,0,0,JASPER,18:35,1990,1991,"T220,","SRN,",1,"T2,","T,",MAIN,Texas,31.827233,-99.423022,18,Evening
Derailments,1991:03:ATSF:010391103,0,0,8700,15160,0,0,0,GRAY,1:00,1991,1991,"H704,","ATSF,",15,"H7,","H,",YARD,Texas,31.827233,-99.423022,1,Midnight
Highway-rail impact,1991:02:SP:H0641,0,0,23000,2100,0,0,0,HARRIS,18:22,1991,1991,"M399,","SP,",1,"M3,","M,",MAIN,Texas,31.827233,-99.423022,18,Evening
Side collision,1991:02:SP:H0731,0,0,500,9300,4,2,0,HARRIS,2:45,1991,1991,"H306,","SP,",61,"H3,","H,",YARD,Texas,31.827233,-99.423022,2,Midnight
Derailments,1990:11:UP:1190PL205,0,0,3800,6500,0,0,0,WILLIAMSON,21:40,1990,1991,"E06C,","UP,",1,"E0,","E,",MAIN,Texas,31.827233,-99.423022,21,Evening
Derailments,1991:03:UP:0391FW224,0,0,10000,300,0,0,0,TARRANT,2:20,1991,1991,"H312,","UP,",7,"H3,","H,",YARD,Texas,31.827233,-99.423022,2,Midnight
Derailments,1990:10:SP:S3940,0,0,4000,25000,14,0,0,HARRIS,21:02,1990,1991,"T110,","SP,",1,"T1,","T,",YARD,Texas,31.827233,-99.423022,21,Evening
Derailments,1991:02:BN:FW0142,0,0,7000,15100,0,0,0,ARCHER,23:55,1991,1991,"T101,","BN,",1,"T1,","T,",MAIN,Texas,31.827233,-99.423022,23,Evening
Derailments,1991:03:SP:J3301,0,0,3000,18000,0,0,0,JEFFERSON,22:25,1991,1991,"T314,","SP,",1,"T3,","T,",YARD,Texas,31.827233,-99.423022,22,Evening
Derailments,1991:01:SP:L0081,0,0,11000,3000,0,0,0,CULBERSON,3:45,1991,1991,"H215,","SP,",1,"H2,","H,",MAIN,Texas,31.827233,-99.423022,3,Midnight
Derailments,1991:01:UP:0191RR202,0,0,300,11325,0,0,0,ANDERSON,18:40,1991,1991,"H505,","UP,",1,"H5,","H,",YARD,Texas,31.827233,-99.423022,18,Evening
Derailments,1990:11:UP:1190FW202,0,0,37000,188900,0,0,0,TARRANT,17:09,1990,1991,"H999,","UP,",1,"H9,","H,",MAIN,Texas,31.827233,-99.423022,17,Evening
Derailments,1991:02:ATSF:010291105,0,0,3500,30000,0,0,0,HUTCHINSON,18:10,1991,1991,"H020,","ATSF,",6,"H0,","H,",YARD,Texas,31.827233,-99.423022,18,Evening
Derailments,1991:03:UP:0391HO205,0,0,337000,107701,0,0,0,BRAZOS,17:10,1991,1991,"T102,T001,","UP,",1,"T1,T0,","T,",MAIN,Texas,31.827233,-99.423022,17,Evening
Side collision,1991:02:ATSF:020291104,0,0,0,7700,0,0,0,DEAF SMITH,1:30,1991,1991,"H401,","ATSF,",6,"H4,","H,",YARD,Texas,31.827233,-99.423022,1,Midnight
Derailments,1991:01:ATSF:040191101,0,0,2500,21000,0,0,0,BELL,2:45,1991,1991,"H503,","ATSF,",1,"H5,","H,",MAIN,Texas,31.827233,-99.423022,2,Midnight
Side collision,1991:02:ATSF:020291103,0,0,0,9110,0,0,0,POTTER,18:30,1991,1991,"H018,","ATSF,",51,"H0,","H,",YARD,Texas,31.827233,-99.423022,18,Evening
Derailments,1991:01:SP:H0171,0,0,0,6400,0,0,0,COLORADO,1:30,1991,1991,"H306,","SP,",1,"H3,","H,",INDUSTRY,Texas,31.827233,-99.423022,1,Midnight
Derailments,1990:12:SP:S4740,0,0,0,9000,0,0,0,HARRIS,20:30,1990,1991,"H306,","SP,",7,"H3,","H,",YARD,Texas,31.827233,-99.423022,20,Evening
Derailments,1991:01:UP:0191LU201,0,0,8555,0,0,0,0,JEFFERSON,1:45,1991,1991,"T110,M599,","SP,UP,",1,"T1,M5,","T,M,",SIDING,Texas,31.827233,-99.423022,1,Midnight
Other impacts,1990:10:SP:S3860,0,0,0,13000,0,0,0,HARRIS,22:03,1990,1991,"H306,","SP,",8,"H3,","H,",YARD,Texas,31.827233,-99.423022,22,Evening
Derailments,1991:03:PTRA:MAR0291,0,0,10000,34017,0,0,0,HARRIS,19:00,1991,1991,"T207,","PTRA,",7,"T2,","T,",YARD,Texas,31.827233,-99.423022,19,Evening
Derailments,1990:11:SP:T5370,0,0,6000,41000,0,0,0,JEFFERSON,17:15,1990,1991,"M409,","SP,",7,"M4,","M,",YARD,Texas,31.827233,-99.423022,17,Evening
Side collision,1990:11:PTRA:NOV0190,0,0,500,41924,0,0,0,HARRIS,3:35,1990,1991,"H306,","PTRA,",7,"H3,","H,",YARD,Texas,31.827233,-99.423022,3,Midnight
Derailments,1990:10:BN:FW1234,0,0,37000,95000,0,0,0,ARMSTRONG,18:55,1990,1991,"E53C,H999,","BN,",1,"E5,H9,","E,H,",MAIN,Texas,31.827233,-99.423022,18,Evening
Derailments,1990:12:PTRA:DEC0190,0,0,2000,56171,0,0,0,HARRIS,2:40,1990,1991,"M405,","PTRA,",67,"M4,","M,",YARD,Texas,31.827233,-99.423022,2,Midnight
Fire/violent rupture,1991:02:UP:0291HO208,0,0,500,7740,0,0,0,HARRIS,18:00,1991,1991,"T110,","UP,",7,"T1,","T,",INDUSTRY,Texas,31.827233,-99.423022,18,Evening
Highway-rail impact,1991:03:UP:0391FW211,1,0,10000,0,0,0,0,DALLAS,19:15,1991,1991,"M399,","BN,UP,",1,"M3,","M,",MAIN,Texas,31.827233,-99.423022,19,Evening
Derailments,1991:02:SP:V1901,0,0,51000,504728,4,4,4,GRIMES,21:45,1991,1991,"H521,","SP,",1,"H5,","H,",MAIN,Texas,31.827233,-99.423022,21,Evening
Derailments,1991:02:UP:0291HO206,0,0,10000,28655,0,0,0,MCLENNAN,18:15,1991,1991,"T110,","UP,",7,"T1,","T,",YARD,Texas,31.827233,-99.423022,18,Evening
Other impacts,1991:01:ATSF:040191103,0,0,0,25500,0,0,0,JOHNSON,20:30,1991,1991,"E08L,","ATSF,",8,"E0,","E,",YARD,Texas,31.827233,-99.423022,20,Evening
Derailments,1991:01:SP:H0211,0,0,250,8700,3,3,0,HARRIS,24:10:00,1991,1991,"H020,","SP,",1,"H0,","H,",YARD,Texas,31.827233,-99.423022,24,Midnight
Highway-rail impact,1990:09:UP:0990HO204,0,0,1000,8000,0,0,0,NUECES,24:30:00,1990,1990,"M399,","UP,",7,"M3,","M,",MAIN,Texas,31.827233,-99.423022,24,Midnight
Derailments,1991:02:UP:0291FW208,0,0,0,95750,13,1,0,DALLAS,2:45,1991,1991,"H521,H999,","BN,UP,",1,"H5,H9,H5,","H,",MAIN,Texas,31.827233,-99.423022,2,Midnight
Derailments,1990:12:BN:FW1486,0,0,200,7500,0,0,0,ARCHER,19:15,1990,1991,"T220,","BN,",1,"T2,","T,",MAIN,Texas,31.827233,-99.423022,19,Evening
Derailments,1991:02:UP:0291HO200,0,0,158000,153020,30,2,0,GRIMES,3:45,1991,1991,"T102,T106,","UP,",1,"T1,","T,",MAIN,Texas,31.827233,-99.423022,3,Midnight
Derailments,1991:06:SP:H2311,0,0,39300,4000,0,0,0,HARRIS,4:30,1991,1991,"T103,","SP,",7,"T1,","T,",YARD,Texas,31.827233,-99.423022,4,Midnight
Derailments,1991:07:UP:0791HO006,0,0,83817,5740,0,0,0,MCLENNAN,17:00,1991,1991,"T110,","UP,",1,"T1,","T,",YARD,Texas,31.827233,-99.423022,17,Evening
Derailments,1991:05:UEFZ:INDUSTRY,0,0,1500,21050,0,0,0,TARRANT,21:50,1991,1991,"T001,T110,","BN,",7,"T0,T1,","T,",INDUSTRY,Texas,31.827233,-99.423022,21,Evening
Derailments,1991:07:SP:H2511,0,0,28000,8000,0,0,0,HARRIS,19:43,1991,1991,"T110,","SP,",7,"T1,","T,",YARD,Texas,31.827233,-99.423022,19,Evening
Derailments,1991:04:SP:H1411,0,0,3114,3500,0,0,0,NACOGDOCHES,17:00,1991,1991,"T110,","SP,",4,"T1,","T,",YARD,Texas,31.827233,-99.423022,17,Evening
Side collision,1991:07:SP:H2601,0,0,0,6700,0,0,0,HARRIS,1:30,1991,1991,"H602,","SP,",7,"H6,","H,",YARD,Texas,31.827233,-99.423022,1,Midnight
Derailments,1991:06:ATSF:040691106,0,0,3100,25000,8,0,0,DALLAS,18:45,1991,1991,"H503,","ATSF,LA,",1,"H5,","H,",YARD,Texas,31.827233,-99.423022,18,Evening
Derailments,1991:07:BN:FW0680,0,0,0,11700,0,0,0,MONTGOMERY,19:50,1991,1991,"E46C,","BN,",1,"E4,","E,",MAIN,Texas,31.827233,-99.423022,19,Evening
Fire/violent rupture,1991:04:UP:0491TO903,0,0,0,40000,0,0,0,DENTON,21:10,1991,1991,"E79L,","UP,",1,"E7,","E,",MAIN,Texas,31.827233,-99.423022,21,Evening
Derailments,1991:07:ATSF:020791107,0,0,10000,600,0,0,0,NOLAN,18:15,1991,1991,"T110,","ATSF,",7,"T1,","T,",INDUSTRY,Texas,31.827233,-99.423022,18,Evening
Side collision,1991:05:UP:0591RR014,0,0,0,13000,0,0,0,ANDERSON,1:00,1991,1991,"H702,","UP,",76,"H7,","H,",YARD,Texas,31.827233,-99.423022,1,Midnight
Derailments,1991:05:UP:0591HO008,0,0,130393,289000,15,2,1,JACKSON,19:45,1991,1991,"E49C,T001,","UP,",1,"E4,T0,","E,T,",MAIN,Texas,31.827233,-99.423022,19,Evening
Derailments,1991:05:SP:J4201,0,0,5000,7600,4,4,0,ORANGE,23:00,1991,1991,"T222,","SP,",7,"T2,","T,",YARD,Texas,31.827233,-99.423022,23,Evening
Derailments,1991:07:UP:0791RR017,0,0,5200,5000,0,0,0,BOWIE,3:50,1991,1991,"E32C,","UP,",1,"E3,","E,",YARD,Texas,31.827233,-99.423022,3,Midnight
Derailments,1991:06:ATSF:040691101,0,0,3000,9240,0,0,0,BELL,3:00,1991,1991,"H702,","ATSF,",7,"H7,","H,",YARD,Texas,31.827233,-99.423022,3,Midnight
Derailments,1991:05:SSW:V2341,0,0,10000,400,0,0,0,BOWIE,1:50,1991,1991,"M201,","SSW,",1,"M2,","M,",MAIN,Texas,31.827233,-99.423022,1,Midnight
Derailments,1991:03:PTRA:MAR0191,0,0,2000,45980,4,0,0,HARRIS,20:30,1991,1991,"T202,","PTRA,",7,"T2,","T,",YARD,Texas,31.827233,-99.423022,20,Evening
Derailments,1991:07:HBT:AX1G91,0,0,6464,7500,5,0,0,HARRIS,20:20,1991,1991,"E64C,","HBT,",87,"E6,","E,",YARD,Texas,31.827233,-99.423022,20,Evening
Derailments,1991:04:UP:0491HO921,0,0,0,20000,0,0,0,VICTORIA,19:15,1991,1991,"E23C,E40C,","SP,UP,",1,"E2,E4,","E,",MAIN,Texas,31.827233,-99.423022,19,Evening
Side collision,1991:05:BN:FW0441,0,0,0,21000,0,0,0,POTTER,1:30,1991,1991,"H025,","BN,",71,"H0,","H,",YARD,Texas,31.827233,-99.423022,1,Midnight
Derailments,1991:06:SP:L1541,0,0,59000,110900,1,0,0,EL PASO,24:00:00,1991,1991,"T301,","SP,",11,"T3,","T,",MAIN,Texas,31.827233,-99.423022,24,Midnight
Derailments,1991:05:UP:0591FW015,0,0,3600,3200,0,0,0,DALLAS,1:05,1991,1991,"T314,","UP,",7,"T3,","T,",MAIN,Texas,31.827233,-99.423022,1,Midnight
Derailments,1991:07:LA:449275,0,0,9889,41080,5,5,0,HOPKINS,21:00,1991,1991,"H503,","LA,",1,"H5,","H,",MAIN,Texas,31.827233,-99.423022,21,Evening
Derailments,1991:06:ATSF:040691104,0,0,62700,86450,0,0,0,CORYELL,17:40,1991,1991,"M405,","ATSF,",1,"M4,","M,",MAIN,Texas,31.827233,-99.423022,17,Evening
Derailments,1991:05:UP:0591HO006,0,0,31303,1360,0,0,0,MCLENNAN,20:20,1991,1991,"T314,","UP,",7,"T3,","T,",YARD,Texas,31.827233,-99.423022,20,Evening
Derailments,1991:01:UP:0191FW223,0,0,1450,5050,0,0,0,WISE,20:00,1991,1991,"T316,","UP,",1,"T3,","T,",INDUSTRY,Texas,31.827233,-99.423022,20,Evening
Derailments,1991:06:UP:0691RR006,0,0,24242,800,0,0,0,ANDERSON,2:45,1991,1991,"H306,","UP,",1,"H3,","H,",YARD,Texas,31.827233,-99.423022,2,Midnight
Derailments,1991:07:UP:0791RR006,0,0,166450,78950,9,0,0,ANDERSON,2:10,1991,1991,"H521,","UP,",1,"H5,","H,",MAIN,Texas,31.827233,-99.423022,2,Midnight
Highway-rail impact,1991:06:UP:0691HO018,0,1,1500,10000,0,0,0,NUECES,19:20,1991,1991,"M399,","UP,",1,"M3,","M,",MAIN,Texas,31.827233,-99.423022,19,Evening
Derailments,1991:05:SP:H1691,0,0,4000,8000,0,0,0,HARRIS,20:30,1991,1991,"T101,","SP,",7,"T1,","T,",YARD,Texas,31.827233,-99.423022,20,Evening
Derailments,1991:04:BN:FW0407,0,0,100,7500,0,0,0,ARCHER,2:20,1991,1991,"T101,","BN,",1,"T1,","T,",MAIN,Texas,31.827233,-99.423022,2,Midnight
Derailments,1991:07:UP:0791HO023,0,0,15000,10900,25,4,0,HARRIS,2:10,1991,1991,"T110,","UP,",1,"T1,","T,",YARD,Texas,31.827233,-99.423022,2,Midnight
Other impacts,1991:06:UP:0691SA019,0,0,0,11000,0,0,0,BEXAR,2:15,1991,1991,"H302,","UP,",7,"H3,","H,",YARD,Texas,31.827233,-99.423022,2,Midnight
Derailments,1991:04:UP:0491TO907,0,0,1500,10400,0,0,0,ECTOR,20:20,1991,1991,"H505,","UP,",1,"H5,","H,",MAIN,Texas,31.827233,-99.423022,20,Evening
Other impacts,1991:07:ATSF:010791109,0,0,0,30000,0,0,0,HUTCHINSON,17:00,1991,1991,"H208,","ATSF,",8,"H2,","H,",YARD,Texas,31.827233,-99.423022,17,Evening
Derailments,1991:06:ATSF:020691101,0,0,22000,43000,4,0,0,PARMER,18:05,1991,1991,"E46C,","ATSF,",1,"E4,","E,",MAIN,Texas,31.827233,-99.423022,18,Evening
Derailments,1991:04:UP:0491FW918,0,0,750,7500,0,0,0,DALLAS,24:25:00,1991,1991,"T314,","UP,",1,"T3,","T,",MAIN,Texas,31.827233,-99.423022,24,Midnight
Obstruction impact,1991:05:WTUZ:INDUSTRY,0,0,0,6805,0,0,0,WILBARGER,1:40,1991,1991,"M404,","BN,",1,"M4,","M,",INDUSTRY,Texas,31.827233,-99.423022,1,Midnight
Other impacts,1991:06:LA:333960,0,0,29826,57500,0,0,0,HARRISON,19:05,1991,1991,"H310,","LA,",7,"H3,","H,",INDUSTRY,Texas,31.827233,-99.423022,19,Evening