AccidentType,inckey,Fatalities,Injuries,TrackDamage,EquipmentDamage,HazmatCars,HazmatCarsDerailed,HazmatCarsReleasing,County,DisplayTime,calendar,Fiscal,AccidentCause,RailroadCodes,RAILEQUIPMENT_TYPE,CauseGroup,CauseDiscipline,TYPE_OF_TRACK,StateName,latitude,longitude,hour,cat
Other impacts,1991:04:ATSF:040491104,0,0,100,14820,0,0,0,DALLAS,19:15,1991,1991,"M503,","ATSF,",7,"M5,","M,",INDUSTRY,Texas,31.827233,-99.423022,19,Evening
Derailments,1991:04:SP:H1401,0,0,26000,5000,0,0,0,HARRIS,3:00,1991,1991,"M599,","SP,",1,"M5,","M,",YARD,Texas,31.827233,-99.423022,3,Midnight
Head on collision,1991:04:HBT:AX1D91,0,1,0,36875,3,0,0,HARRIS,23:45,1991,1991,"H204,","BN,HBT,",17,"H2,","H,",MAIN,Texas,31.827233,-99.423022,23,Evening
Derailments,1991:06:SP:V2481,0,0,1000,14000,0,0,0,ROBERTSON,4:15,1991,1991,"H703,","SP,",1,"H7,","H,",YARD,Texas,31.827233,-99.423022,4,Midnight
Derailments,1991:04:SP:H1491,0,0,0,14625,0,0,0,HARRIS,17:30,1991,1991,"H312,H306,","SP,",1,"H3,","H,",YARD,Texas,31.827233,-99.423022,17,Evening
Raking collision,1991:06:SP:H2221,0,0,0,7600,0,0,0,HARRIS,21:00,1991,1991,"H018,","SP,",7,"H0,","H,",YARD,Texas,31.827233,-99.423022,21,Evening
Other impacts,1991:04:UP:0491HO905,0,1,0,22740,7,0,0,BRAZORIA,22:45,1991,1991,"H601,","UP,",7,"H6,","H,",MAIN,Texas,31.827233,-99.423022,22,Evening
Derailments,1991:05:SP:H1731,0,0,1000,24500,4,4,0,HARRIS,20:15,1991,1991,"T199,T110,","SP,",1,"T1,","T,",SIDING,Texas,31.827233,-99.423022,20,Evening
Other impacts,1991:06:UP:0691FW022,0,0,4220,11300,0,0,0,TARRANT,1:15,1991,1991,"H308,","UP,",7,"H3,","H,",YARD,Texas,31.827233,-99.423022,1,Midnight
Derailments,1991:07:SP:H2461,0,0,13500,22000,0,0,0,HARRIS,22:55,1991,1991,"H704,","SP,",1,"H7,","H,",MAIN,Texas,31.827233,-99.423022,22,Evening
Derailments,1991:04:UP:0491LU921,0,0,6000,13000,0,0,0,ORANGE,21:57,1991,1991,"T314,","SP,UP,",1,"T3,","T,",YARD,Texas,31.827233,-99.423022,21,Evening
Derailments,1991:08:UP:0891SA016,0,0,0,8250,0,0,0,BEXAR,3:45,1991,1991,"T309,","UP,",1,"T3,","T,",YARD,Texas,31.827233,-99.423022,3,Midnight
Derailments,1991:09:UP:0991FW004,0,0,15000,32500,0,0,0,DALLAS,18:10,1991,1991,"T314,","UP,",4,"T3,","T,",MAIN,Texas,31.827233,-99.423022,18,Evening
Derailments,1991:07:UP:0791HO005,0,0,9000,1000,0,0,0,MCLENNAN,3:15,1991,1991,"T310,","UP,",1,"T3,","T,",MAIN,Texas,31.827233,-99.423022,3,Midnight
Side collision,1991:11:SP:H4131,0,0,18000,24875,0,0,0,HARRIS,19:45,1991,1992,"H602,H525,","SP,",7,"H6,H5,","H,",YARD,Texas,31.827233,-99.423022,19,Evening
Other impacts,1991:07:TM:9190,0,0,0,29461,0,0,0,WEBB,17:10,1991,1991,"H310,","TM,",1,"H3,","H,",YARD,Texas,31.827233,-99.423022,17,Evening
Derailments,1991:08:SSW:V2871,0,0,56000,133250,2,2,1,UPSHUR,23:10,1991,1991,"H521,","SSW,",1,"H5,","H,",MAIN,Texas,31.827233,-99.423022,23,Evening
Derailments,1991:10:UP:1091LU015,0,0,2500,166300,10,7,0,ORANGE,1:05,1991,1992,"H306,H999,","UP,",1,"H3,H9,","H,",MAIN,Texas,31.827233,-99.423022,1,Midnight
Derailments,1991:09:TM:91130,0,0,8100,30000,1,0,0,WEBB,1:10,1991,1991,"T110,","TM,",7,"T1,","T,",MAIN,Texas,31.827233,-99.423022,1,Midnight
Derailments,1991:11:SP:V3371,0,0,6500,26200,0,0,0,ROBERTSON,17:38,1991,1992,"T102,","SP,",1,"T1,","T,",MAIN,Texas,31.827233,-99.423022,17,Evening
Derailments,1991:07:UP:0791SA027,0,0,1500,12480,0,0,0,BELL,4:25,1991,1991,"T309,","UP,",1,"T3,","T,",MAIN,Texas,31.827233,-99.423022,4,Midnight
Derailments,1991:08:UP:0891FW014,0,0,0,24407,0,0,0,TARRANT,21:15,1991,1991,"E39C,","UP,",7,"E3,","E,",YARD,Texas,31.827233,-99.423022,21,Evening
Derailments,1991:08:BN:FW0820,0,0,3500,14515,0,0,0,GRAYSON,4:30,1991,1991,"T311,","BN,",1,"T3,","T,",YARD,Texas,31.827233,-99.423022,4,Midnight
Derailments,1991:12:BN:FW1231,0,0,0,7100,25,0,0,FREESTONE,4:30,1991,1992,"H702,","BN,",1,"H7,","H,",YARD,Texas,31.827233,-99.423022,4,Midnight
Other impacts,1992:01:UP:0192FW005,0,0,1400,21100,0,0,0,TARRANT,4:30,1992,1992,"H401,","UP,",71,"H4,","H,",YARD,Texas,31.827233,-99.423022,4,Midnight
Highway-rail impact,1991:10:SP:H3651,1,0,15000,0,12,0,0,POLK,18:40,1991,1992,"M399,","SP,",1,"M3,","M,",MAIN,Texas,31.827233,-99.423022,18,Evening
Derailments,1991:12:UP:1291RR016,0,0,0,20000,0,0,0,HOUSTON,20:30,1991,1992,"E00C,","UP,",1,"E0,","E,",MAIN,Texas,31.827233,-99.423022,20,Evening
Derailments,1991:10:SP:G2371,0,0,45000,3100,0,0,0,GUADALUPE,18:25,1991,1992,"E53C,","SP,",1,"E5,","E,",MAIN,Texas,31.827233,-99.423022,18,Evening
Other impacts,1991:11:PTRA:NOV0491,0,0,0,11320,4,0,0,HARRIS,2:40,1991,1992,"H020,","PTRA,",76,"H0,","H,",MAIN,Texas,31.827233,-99.423022,2,Midnight
Derailments,1991:10:UP:1091FW018,0,0,7000,3200,0,0,0,TARRANT,22:50,1991,1992,"T314,","UP,",7,"T3,","T,",YARD,Texas,31.827233,-99.423022,22,Evening
Derailments,1991:12:ATSF:041291102,0,0,22000,169940,0,0,0,HARDIN,23:30,1991,1992,"H306,","ATSF,",7,"H3,","H,",YARD,Texas,31.827233,-99.423022,23,Evening
Derailments,1991:09:ATSF:040991101,0,0,64000,203900,0,0,0,NOLAN,17:30,1991,1991,"E49C,","ATSF,",1,"E4,","E,",MAIN,Texas,31.827233,-99.423022,17,Evening
Derailments,1991:08:SP:H3021,0,0,875,11500,0,0,0,HARRIS,19:50,1991,1991,"M405,","SP,",7,"M4,","M,",YARD,Texas,31.827233,-99.423022,19,Evening
Derailments,1991:08:SP:H2991,0,0,8100,6000,0,0,0,HARRIS,4:30,1991,1991,"T399,","SP,",1,"T3,","T,",YARD,Texas,31.827233,-99.423022,4,Midnight
Derailments,1991:11:UP:1191HO002,0,0,41166,3930,0,0,0,HARRIS,23:45,1991,1992,"T314,","UP,",7,"T3,","T,",YARD,Texas,31.827233,-99.423022,23,Evening
Derailments,1991:08:UP:0891FW018,0,0,13500,4700,0,0,0,TARRANT,4:15,1991,1991,"H503,","UP,",7,"H5,","H,",YARD,Texas,31.827233,-99.423022,4,Midnight
Other impacts,1991:10:UP:1091RR006,0,0,0,15000,0,0,0,ANDERSON,2:10,1991,1992,"E27C,","UP,",1,"E2,","E,",MAIN,Texas,31.827233,-99.423022,2,Midnight
Other impacts,1991:10:SP:H3661,0,0,0,18500,0,0,0,HARRIS,18:30,1991,1992,"H305,","SP,",71,"H3,","H,",YARD,Texas,31.827233,-99.423022,18,Evening
Derailments,1991:06:SP:H2341,0,0,250,15625,0,0,0,HARRIS,18:30,1991,1991,"M404,","SP,",7,"M4,","M,",INDUSTRY,Texas,31.827233,-99.423022,18,Evening
Derailments,1991:08:BN:FW0789,0,0,92700,700000,0,0,0,MONTGOMERY,23:55,1991,1991,"H521,","BN,",1,"H5,","H,",MAIN,Texas,31.827233,-99.423022,23,Evening
Derailments,1991:08:SP:H2881,0,0,700,9960,0,0,0,HARRIS,3:30,1991,1991,"H312,","SP,",7,"H3,","H,",YARD,Texas,31.827233,-99.423022,3,Midnight
Derailments,1991:09:KCS:439428,0,0,884,11600,0,0,0,JEFFERSON,19:00,1991,1991,"E33C,","KCS,",7,"E3,","E,",YARD,Texas,31.827233,-99.423022,19,Evening
Other impacts,1991:11:PTRA:NOV0291,0,0,500,25962,0,0,0,HARRIS,22:20,1991,1992,"H702,","PTRA,",7,"H7,","H,",YARD,Texas,31.827233,-99.423022,22,Evening
Derailments,1991:09:ATSF:040991104,0,0,4000,8880,0,0,0,BROWN,2:10,1991,1991,"T210,","ATSF,",1,"T2,","T,",YARD,Texas,31.827233,-99.423022,2,Midnight
Derailments,1991:09:ATSF:040991102,0,0,1300,16780,0,0,0,DALLAS,1:00,1991,1991,"T001,","ATSF,",7,"T0,","T,",YARD,Texas,31.827233,-99.423022,1,Midnight
Derailments,1991:08:HBT:AX2H91,0,0,39333,4000,0,0,0,HARRIS,21:20,1991,1991,"T314,","ATSF,HBT,",1,"T3,","T,",MAIN,Texas,31.827233,-99.423022,21,Evening
Derailments,1991:08:ATSF:040891101,0,0,45000,75565,0,0,0,DENTON,21:50,1991,1991,"H503,","ATSF,",1,"H5,","H,",MAIN,Texas,31.827233,-99.423022,21,Evening
Derailments,1991:08:ATSF:020891102,0,0,46000,45160,0,0,0,POTTER,21:00,1991,1991,"H603,","ATSF,",1,"H6,","H,",YARD,Texas,31.827233,-99.423022,21,Evening
Derailments,1991:11:SP:V3451,0,0,2000,7625,1,1,0,ROBERTSON,19:00,1991,1992,"T314,","SP,",1,"T3,","T,",YARD,Texas,31.827233,-99.423022,19,Evening
Derailments,1991:10:SP:V3211,0,0,57000,41000,0,0,0,WALLER,23:53,1991,1992,"E40C,","SP,",1,"E4,","E,",MAIN,Texas,31.827233,-99.423022,23,Evening
Derailments,1991:11:TM:91151,0,0,9200,2150,2,0,0,WEBB,17:55,1991,1992,"E53C,","TM,",1,"E5,","E,",MAIN,Texas,31.827233,-99.423022,17,Evening
Raking collision,1991:08:SP:H2931,0,0,0,17650,0,0,0,HARRIS,4:20,1991,1991,"H018,","SP,",7,"H0,","H,",YARD,Texas,31.827233,-99.423022,4,Midnight
Derailments,1991:08:AUNW:D9102,0,0,5790,18000,0,0,0,TRAVIS,24:45:00,1991,1991,"T220,","AUNW,",1,"T2,","T,",MAIN,Texas,31.827233,-99.423022,24,Midnight
Derailments,1991:09:CHRC:0191,0,0,3150,3600,0,0,0,LAMAR,21:30,1991,1991,"T101,","CHRC,",1,"T1,","T,",MAIN,Texas,31.827233,-99.423022,21,Evening
Highway-rail impact,1992:02:UP:0292FW003,0,2,0,25000,0,0,0,DALLAS,24:05:00,1992,1992,"M302,","UP,",5,"M3,","M,",MAIN,Texas,31.827233,-99.423022,24,Midnight
Other impacts,1991:11:SP:G2561,0,0,10000,0,0,0,0,BEXAR,22:50,1991,1992,"H209,","SP,",7,"H2,","H,",SIDING,Texas,31.827233,-99.423022,22,Evening
Derailments,1992:01:ATSF:040192102,1,1,500,6200,0,0,0,BELL,23:20,1992,1992,"H303,","ATSF,",1,"H3,","H,",INDUSTRY,Texas,31.827233,-99.423022,23,Evening
Derailments,1992:01:KCS:439814,0,0,6066,79275,0,0,0,JEFFERSON,20:40,1992,1992,"H312,","KCS,",1,"H3,","H,",YARD,Texas,31.827233,-99.423022,20,Evening
Other impacts,1992:04:ATSF:020492102,0,0,0,34500,1,1,0,MOORE,17:00,1992,1992,"H018,","ATSF,",7,"H0,","H,",INDUSTRY,Texas,31.827233,-99.423022,17,Evening
Derailments,1992:02:SP:G0692,0,0,2000,13700,0,0,0,GUADALUPE,24:50:00,1992,1992,"E36C,","SP,",1,"E3,","E,",MAIN,Texas,31.827233,-99.423022,24,Midnight
Derailments,1992:04:SP:G1262,0,0,12000,277079,0,0,0,CAMERON,17:35,1992,1992,"T109,","SP,",1,"T1,","T,",MAIN,Texas,31.827233,-99.423022,17,Evening
Broken train collision,1991:12:PTRA:9112066,0,1,1000,55259,0,0,0,HARRIS,1:30,1991,1992,"E30C,","PTRA,",7,"E3,","E,",MAIN,Texas,31.827233,-99.423022,1,Midnight
Other impacts,1992:04:BN:FW0312,0,0,0,20000,0,0,0,MONTAGUE,3:08,1992,1992,"E27C,","BN,",1,"E2,","E,",MAIN,Texas,31.827233,-99.423022,3,Midnight
Derailments,1991:12:PTRA:DEC0291,0,0,5100,13046,0,0,0,HARRIS,1:25,1991,1992,"T110,","PTRA,",7,"T1,","T,",YARD,Texas,31.827233,-99.423022,1,Midnight
Highway-rail impact,1992:04:SP:H1382,0,0,2340,14500,0,0,0,HARRIS,21:55,1992,1992,"M301,","SP,",7,"M3,","M,",YARD,Texas,31.827233,-99.423022,21,Evening
Derailments,1991:12:SP:V3481,0,0,1400,73340,1,0,0,ELLIS,21:50,1991,1992,"H601,","SP,",1,"H6,","H,",YARD,Texas,31.827233,-99.423022,21,Evening
Derailments,1992:02:UP:0292HO006,0,0,46282,2500,1,0,0,HARRIS,2:05,1992,1992,"E62C,","UP,",1,"E6,","E,",MAIN,Texas,31.827233,-99.423022,2,Midnight
Derailments,1992:03:UP:0392HO004,0,0,13023,200,0,0,0,HARRIS,3:20,1992,1992,"T314,","UP,",1,"T3,","T,",INDUSTRY,Texas,31.827233,-99.423022,3,Midnight
Obstruction impact,1992:02:SP:F0632,0,0,0,40000,0,0,0,EL PASO,19:00,1992,1992,"H017,","SP,",15,"H0,","H,",YARD,Texas,31.827233,-99.423022,19,Evening
Derailments,1992:01:UP:0192HO025,0,0,48542,600,0,0,0,CAMERON,22:30,1992,1992,"T001,","UP,",7,"T0,","T,",MAIN,Texas,31.827233,-99.423022,22,Evening
Derailments,1992:01:TM:92007,0,0,16379,609,4,1,0,NUECES,22:20,1992,1992,"T001,H503,","SP,TM,",1,"T0,H5,","T,H,",YARD,Texas,31.827233,-99.423022,22,Evening
Derailments,1992:04:ATSF:010492106,0,0,1000,8080,0,0,0,HUTCHINSON,4:45,1992,1992,"M599,","ATSF,",7,"M5,","M,",YARD,Texas,31.827233,-99.423022,4,Midnight
Derailments,1992:02:UP:0292FW009,0,0,28022,2650,0,0,0,TARRANT,17:00,1992,1992,"T311,","UP,",1,"T3,","T,",YARD,Texas,31.827233,-99.423022,17,Evening
Other impacts,1992:01:SP:H0312,0,0,0,22500,1,1,0,HARRIS,24:35:00,1992,1992,"H020,","SP,",1,"H0,","H,",YARD,Texas,31.827233,-99.423022,24,Midnight
Derailments,1992:03:SP:V0412,0,1,7600,18000,0,0,0,ELLIS,3:20,1992,1992,"T202,","SP,",1,"T2,","T,",MAIN,Texas,31.827233,-99.423022,3,Midnight
Derailments,1991:12:UP:1291HO004,0,0,7500,95000,0,0,0,HARRIS,19:10,1991,1992,"T110,","UP,",7,"T1,","T,",YARD,Texas,31.827233,-99.423022,19,Evening
Other impacts,1992:04:UP:0492SA034,0,0,0,14125,0,0,0,BEXAR,19:00,1992,1992,"H310,","UP,",7,"H3,","H,",YARD,Texas,31.827233,-99.423022,19,Evening
Derailments,1992:01:BN:FW0065,0,0,500,12000,0,0,0,BAYLOR,21:05,1992,1992,"T221,","BN,",1,"T2,","T,",MAIN,Texas,31.827233,-99.423022,21,Evening
Other impacts,1992:04:PTRA:APR0392,0,0,3500,16498,0,0,0,HARRIS,3:30,1992,1992,"H306,","PTRA,",76,"H3,","H,",YARD,Texas,31.827233,-99.423022,3,Midnight
Derailments,1992:04:ATSF:040492103,0,0,9600,8370,0,0,0,BROWN,17:05,1992,1992,"T110,","ATSF,",1,"T1,","T,",YARD,Texas,31.827233,-99.423022,17,Evening
Derailments,1992:03:BN:FW0258,0,0,0,7000,0,0,0,HARRIS,18:40,1992,1992,"H306,","BN,",1,"H3,","H,",YARD,Texas,31.827233,-99.423022,18,Evening
Highway-rail impact,1992:01:UP:0192RR021,0,1,74024,12521,0,0,0,WALKER,22:15,1992,1992,"M302,","UP,",1,"M3,","M,",MAIN,Texas,31.827233,-99.423022,22,Evening
Other impacts,1992:01:SP:H0152,0,0,0,7250,0,0,0,HARRIS,21:20,1992,1992,"H702,","SP,",1,"H7,","H,",YARD,Texas,31.827233,-99.423022,21,Evening
Obstruction impact,1991:12:SP:L3391,0,0,7200,500,0,0,0,EL PASO,1:55,1991,1992,"M404,","SP,",1,"M4,","M,",MAIN,Texas,31.827233,-99.423022,1,Midnight
Other impacts,1991:12:UP:1291FW016,0,0,22024,40900,0,0,0,TARRANT,18:15,1991,1992,"H018,","UP,",7,"H0,","H,",YARD,Texas,31.827233,-99.423022,18,Evening
Derailments,1992:04:UP:0492FW021,0,0,0,11600,0,0,0,TARRANT,17:00,1992,1992,"H018,","UP,",7,"H0,","H,",YARD,Texas,31.827233,-99.423022,17,Evening
Derailments,1992:01:BN:FW0007,0,0,2000,20400,0,0,0,HALE,21:30,1992,1992,"T207,","BN,",1,"T2,","T,",MAIN,Texas,31.827233,-99.423022,21,Evening
Other impacts,1992:02:UP:0292SA018,0,0,0,8000,0,0,0,BEXAR,20:00,1992,1992,"H302,","UP,",7,"H3,","H,",YARD,Texas,31.827233,-99.423022,20,Evening
Derailments,1991:12:SP:G3161,0,0,7000,21550,0,0,0,BEXAR,17:20,1991,1992,"H021,","SP,",7,"H0,","H,",YARD,Texas,31.827233,-99.423022,17,Evening
Derailments,1991:12:SP:H4641,0,0,5000,40000,0,0,0,HARRIS,2:20,1991,1992,"T110,","SP,",1,"T1,","T,",YARD,Texas,31.827233,-99.423022,2,Midnight
Derailments,1992:03:UP:0392FW003,0,0,10000,2950,0,0,0,TARRANT,23:50,1992,1992,"T220,","UP,",7,"T2,","T,",YARD,Texas,31.827233,-99.423022,23,Evening
Other impacts,1992:04:PTRA:APR0192,0,0,5000,75000,0,0,0,HARRIS,1:20,1992,1992,"T314,H399,","PTRA,",7,"T3,H3,","T,H,",YARD,Texas,31.827233,-99.423022,1,Midnight
Derailments,1992:02:UP:0292SA029,0,0,0,23500,0,0,0,WEBB,1:30,1992,1992,"H503,","UP,",7,"H5,","H,",YARD,Texas,31.827233,-99.423022,1,Midnight
Side collision,1992:01:PTRA:JAN0192,0,0,0,41977,0,0,0,HARRIS,20:20,1992,1992,"H601,","PTRA,",76,"H6,","H,",YARD,Texas,31.827233,-99.423022,20,Evening
Side collision,1992:04:SP:H1482,0,0,27000,1800,0,0,0,HARRIS,19:25,1992,1992,"H306,","SP,",17,"H3,","H,",YARD,Texas,31.827233,-99.423022,19,Evening
Derailments,1992:03:PTRA:MAR0192,0,0,3000,22721,0,0,0,HARRIS,19:45,1992,1992,"T110,","PTRA,",7,"T1,","T,",YARD,Texas,31.827233,-99.423022,19,Evening
Highway-rail impact,1992:03:KCS:116170,0,1,192,10000,0,0,0,CAMP,4:45,1992,1992,"M399,","KCS,",1,"M3,","M,",MAIN,Texas,31.827233,-99.423022,4,Midnight
Derailments,1992:01:UP:0192HO016,0,0,48319,21300,0,0,0,MCLENNAN,22:00,1992,1992,"T110,T105,","UP,",7,"T1,","T,",YARD,Texas,31.827233,-99.423022,22,Evening
Derailments,1992:03:SP:V0432,0,0,4000,5250,0,0,0,ROBERTSON,23:15,1992,1992,"T314,","SP,",1,"T3,","T,",YARD,Texas,31.827233,-99.423022,23,Evening
Derailments,1992:02:ATSF:040292102,0,0,2700,6800,0,0,0,TARRANT,21:30,1992,1992,"H704,","ATSF,",7,"H7,","H,",YARD,Texas,31.827233,-99.423022,21,Evening
Other impacts,1992:03:ATSF:020392101,0,0,0,12000,0,0,0,LUBBOCK,20:30,1992,1992,"H306,","ATSF,",7,"H3,","H,",YARD,Texas,31.827233,-99.423022,20,Evening
RR crossing collision,1992:02:ATSF:040292101,0,3,500,12155,1,0,0,TARRANT,1:10,1992,1992,"H204,H216,","ATSF,SP,",11,"H2,","H,",MAIN,Texas,31.827233,-99.423022,1,Midnight
Other impacts,1992:03:SP:H0852,0,0,12000,0,0,0,0,HARRIS,18:50,1992,1992,"H307,","SP,",1,"H3,","H,",MAIN,Texas,31.827233,-99.423022,18,Evening
Other impacts,1991:10:PTRA:OCT0291,0,0,0,44651,0,0,0,HARRIS,19:45,1991,1992,"H302,","PTRA,",7,"H3,","H,",YARD,Texas,31.827233,-99.423022,19,Evening
Obstruction impact,1992:01:BN:FW0023,0,0,700,23265,1,1,0,TARRANT,2:00,1992,1992,"H020,","BN,",7,"H0,","H,",YARD,Texas,31.827233,-99.423022,2,Midnight
Derailments,1992:04:UP:0492RR011,0,0,0,7855,0,0,0,GREGG,18:00,1992,1992,"H507,","UP,",7,"H5,","H,",INDUSTRY,Texas,31.827233,-99.423022,18,Evening
Derailments,1992:04:UP:0492HO004,0,0,33130,20800,0,0,0,CAMERON,23:15,1992,1992,"T113,H503,","SP,UP,",1,"T1,H5,","T,H,",INDUSTRY,Texas,31.827233,-99.423022,23,Evening
Other impacts,1992:01:SP:G0052,0,0,200,18300,0,0,0,VICTORIA,24:05:00,1992,1992,"H020,","SP,",7,"H0,","H,",YARD,Texas,31.827233,-99.423022,24,Midnight
Derailments,1992:09:ATSF:040992160,0,0,14400,14100,0,0,0,TARRANT,1:17,1992,1992,"H503,T205,H507,","ATSF,BN,",7,"H5,T2,H5,","H,T,H,",YARD,Texas,31.827233,-99.423022,1,Midnight
Derailments,1992:06:SP:H2062,0,0,0,15600,11,3,0,HARRIS,22:15,1992,1992,"H021,","SP,",1,"H0,","H,",MAIN,Texas,31.827233,-99.423022,22,Evening
Derailments,1992:06:ATSF:040692102,0,0,65750,5380,0,0,0,TARRANT,1:20,1992,1992,"H303,","ATSF,",1,"H3,","H,",YARD,Texas,31.827233,-99.423022,1,Midnight
Other impacts,1992:06:UP:0692RR026,0,0,0,10178,0,0,0,GREGG,19:20,1992,1992,"H306,","UP,",8,"H3,","H,",YARD,Texas,31.827233,-99.423022,19,Evening
Highway-rail impact,1992:08:SP:G2982,0,0,8000,500,0,0,0,EL PASO,22:45,1992,1992,"M399,","SP,",1,"M3,","M,",MAIN,Texas,31.827233,-99.423022,22,Evening
Derailments,1992:06:BN:FW0566,0,0,1000,21400,0,0,0,TARRANT,19:20,1992,1992,"H506,M405,","BN,",1,"H5,M4,","H,M,",YARD,Texas,31.827233,-99.423022,19,Evening
Derailments,1992:05:PTRA:MAY0292,0,0,2500,25062,0,0,0,HARRIS,20:15,1992,1992,"T001,","PTRA,",7,"T0,","T,",YARD,Texas,31.827233,-99.423022,20,Evening
Derailments,1992:06:UP:0692FW012,0,0,21755,8700,1,0,0,ELLIS,4:00,1992,1992,"M207,T102,","BN,UP,",1,"M2,T1,","M,T,",MAIN,Texas,31.827233,-99.423022,4,Midnight
Derailments,1992:05:SP:H1012,0,0,4000,7000,0,0,0,HARRIS,18:10,1992,1992,"H703,","SP,",1,"H7,","H,",INDUSTRY,Texas,31.827233,-99.423022,18,Evening
Derailments,1992:07:SP:G2492,0,0,3500,40900,0,0,0,TERRELL,1:10,1992,1992,"T311,","SP,",1,"T3,","T,",YARD,Texas,31.827233,-99.423022,1,Midnight
Derailments,1992:08:UP:0892SA011,0,0,0,23000,0,0,0,WEBB,23:40,1992,1992,"H020,","UP,",1,"H0,","H,",YARD,Texas,31.827233,-99.423022,23,Evening
Derailments,1992:05:SP:H1762,0,0,900,6000,0,0,0,HARRIS,2:40,1992,1992,"M503,","SP,",7,"M5,","M,",YARD,Texas,31.827233,-99.423022,2,Midnight
Raking collision,1992:09:ATSF:010992107,0,0,1000,24000,5,1,0,HEMPHILL,19:53,1992,1992,"E29C,M201,","ATSF,",1,"E2,M2,","E,M,",MAIN,Texas,31.827233,-99.423022,19,Evening
Derailments,1992:05:UP:0592FW014,0,0,500,6050,0,0,0,TARRANT,24:15:00,1992,1992,"E34C,","UP,",7,"E3,","E,",YARD,Texas,31.827233,-99.423022,24,Midnight
Derailments,1992:07:BN:FW0633,0,0,200,6600,0,0,0,HARRIS,23:40,1992,1992,"T314,","BN,",1,"T3,","T,",YARD,Texas,31.827233,-99.423022,23,Evening
Derailments,1992:05:ATSF:020592104,0,0,37000,91200,20,1,0,HALE,23:40,1992,1992,"E53C,","ATSF,",1,"E5,","E,",MAIN,Texas,31.827233,-99.423022,23,Evening
Derailments,1992:07:KCS:451579,0,0,2092,93700,16,3,0,HUNT,21:40,1992,1992,"T110,H504,","KCS,",1,"T1,H5,","T,H,",MAIN,Texas,31.827233,-99.423022,21,Evening
Derailments,1992:08:ATSF:040892107,0,0,5000,6580,0,0,0,DALLAS,1:20,1992,1992,"T399,","ATSF,",1,"T3,","T,",MAIN,Texas,31.827233,-99.423022,1,Midnight
Derailments,1992:07:BN:FW0628,0,0,500,10100,0,0,0,BAYLOR,17:00,1992,1992,"T299,","BN,",1,"T2,","T,",SIDING,Texas,31.827233,-99.423022,17,Evening
Derailments,1992:08:UP:0892SA009,0,0,0,750,0,0,0,BEXAR,1:20,1992,1992,"H025,","UP,",6,"H0,","H,",YARD,Texas,31.827233,-99.423022,1,Midnight
Derailments,1992:08:HBT:AX0802,0,0,6800,3900,3,1,0,HARRIS,20:05,1992,1992,"H503,","HBT,",7,"H5,","H,",YARD,Texas,31.827233,-99.423022,20,Evening
Other impacts,1992:07:HBT:AX0701,0,0,155,10350,3,2,0,HARRIS,4:15,1992,1992,"H301,","HBT,",76,"H3,","H,",YARD,Texas,31.827233,-99.423022,4,Midnight
Derailments,1992:06:BN:FW0757,0,0,350,6000,0,0,0,HASKELL,23:00,1992,1992,"T210,","BN,",1,"T2,","T,",SIDING,Texas,31.827233,-99.423022,23,Evening
Derailments,1992:05:ATSF:040592101,0,0,89420,51042,0,0,0,MONTGOMERY,22:50,1992,1992,"E53C,","ATSF,",1,"E5,","E,",MAIN,Texas,31.827233,-99.423022,22,Evening
Highway-rail impact,1992:06:BN:FW0563,0,0,8000,0,0,0,0,DALLAM,24:37:00,1992,1992,"M303,","BN,",1,"M3,","M,",MAIN,Texas,31.827233,-99.423022,24,Midnight
Derailments,1992:06:UP:0692RR008,0,0,223357,3000,0,0,0,MILAM,4:05,1992,1992,"E07C,","UP,",1,"E0,","E,",MAIN,Texas,31.827233,-99.423022,4,Midnight
Derailments,1992:08:ATSF:020892128,0,0,5500,4160,4,4,0,MOORE,24:30:00,1992,1992,"T110,","ATSF,",1,"T1,","T,",YARD,Texas,31.827233,-99.423022,24,Midnight
Derailments,1992:09:ATSF:020992103,0,0,6500,7000,0,0,0,LUBBOCK,17:40,1992,1992,"T110,","ATSF,",1,"T1,","T,",YARD,Texas,31.827233,-99.423022,17,Evening
Side collision,1992:05:SP:F1752,0,0,500,11200,1,1,0,EL PASO,24:15:00,1992,1992,"H306,","SP,",7,"H3,","H,",YARD,Texas,31.827233,-99.423022,24,Midnight
Derailments,1992:05:BN:FW0404,0,0,0,10100,0,0,0,DALLAS,20:30,1992,1992,"H503,","BN,",1,"H5,","H,",YARD,Texas,31.827233,-99.423022,20,Evening
Derailments,1992:07:UP:0792RR017,0,0,58795,0,0,0,0,HARRISON,17:25,1992,1992,"M599,","UP,",5,"M5,","M,",MAIN,Texas,31.827233,-99.423022,17,Evening
Derailments,1992:07:UP:0792HO007,0,0,25622,2800,0,0,0,HARRIS,21:50,1992,1992,"T314,","UP,",7,"T3,","T,",YARD,Texas,31.827233,-99.423022,21,Evening