AccidentType,inckey,Fatalities,Injuries,TrackDamage,EquipmentDamage,HazmatCars,HazmatCarsDerailed,HazmatCarsReleasing,County,DisplayTime,calendar,Fiscal,AccidentCause,RailroadCodes,RAILEQUIPMENT_TYPE,CauseGroup,CauseDiscipline,TYPE_OF_TRACK,StateName,latitude,longitude,hour,cat
Other impacts,1992:09:PTRA:SEPT0492,0,0,0,22451,0,0,0,HARRIS,2:30,1992,1992,"H302,","PTRA,",7,"H3,","H,",YARD,Texas,31.827233,-99.423022,2,Midnight
Derailments,1992:08:HBT:AX920801,0,0,6200,12585,0,0,0,HARRIS,4:33,1992,1992,"T314,","HBT,",7,"T3,","T,",YARD,Texas,31.827233,-99.423022,4,Midnight
Derailments,1992:07:ATSF:040792101,0,0,0,11260,0,0,0,DALLAS,20:30,1992,1992,"H306,","ATSF,",7,"H3,","H,",INDUSTRY,Texas,31.827233,-99.423022,20,Evening
Other impacts,1992:06:UP:0692SA013,0,0,0,24500,0,0,0,BEXAR,17:15,1992,1992,"H307,","UP,",7,"H3,","H,",YARD,Texas,31.827233,-99.423022,17,Evening
Derailments,1992:06:UP:0692RR017,0,0,85433,4785,0,0,0,BOWIE,21:15,1992,1992,"T314,","UP,",1,"T3,","T,",MAIN,Texas,31.827233,-99.423022,21,Evening
Side collision,1992:08:UP:0892RR015,0,0,1195,15413,0,0,0,GREGG,22:45,1992,1992,"H603,","UP,",7,"H6,","H,",YARD,Texas,31.827233,-99.423022,22,Evening
Derailments,1992:05:UP:0592HO014,0,0,29120,300,2,0,0,CAMERON,1:30,1992,1992,"T102,T110,","UP,",7,"T1,","T,",YARD,Texas,31.827233,-99.423022,1,Midnight
Side collision,1992:06:TCT:581209,0,0,0,16200,2,0,0,GALVESTON,1:20,1992,1992,"H212,","TCT,UP,",77,"H2,","H,",MAIN,Texas,31.827233,-99.423022,1,Midnight
Derailments,1992:07:BN:FW0673,0,0,100,13000,0,0,0,JONES,18:50,1992,1992,"T101,","BN,",1,"T1,","T,",MAIN,Texas,31.827233,-99.423022,18,Evening
Derailments,1992:08:PTRA:AUG0192,0,0,7900,102100,0,0,0,HARRIS,24:40:00,1992,1992,"T110,","PTRA,",7,"T1,","T,",YARD,Texas,31.827233,-99.423022,24,Midnight
Derailments,1992:06:UP:0692HO023,0,0,1150,9890,0,0,0,HARRIS,24:55:00,1992,1992,"H501,","UP,",1,"H5,","H,",YARD,Texas,31.827233,-99.423022,24,Midnight
Derailments,1992:08:SP:G2812,0,0,300,7800,0,0,0,MAVERICK,20:30,1992,1992,"H309,","SP,",7,"H3,","H,",YARD,Texas,31.827233,-99.423022,20,Evening
Side collision,1992:08:SP:H3352,0,0,16500,123455,1,1,0,HARRIS,18:30,1992,1992,"H306,","SP,",71,"H3,","H,",YARD,Texas,31.827233,-99.423022,18,Evening
Derailments,1992:08:UP:0892TO003,0,0,11400,2500,17,0,0,PARKER,24:35:00,1992,1992,"E52C,","UP,",1,"E5,","E,",MAIN,Texas,31.827233,-99.423022,24,Midnight
Highway-rail impact,1992:08:SP:H3222,0,0,10000,500,0,0,0,HARRIS,24:38:00,1992,1992,"M399,","SP,",1,"M3,","M,",MAIN,Texas,31.827233,-99.423022,24,Midnight
Derailments,1992:09:HBT:AX920903,0,0,7200,55300,0,0,0,HARRIS,17:45,1992,1992,"T314,","BN,HBT,",1,"T3,","T,",MAIN,Texas,31.827233,-99.423022,17,Evening
Derailments,1992:05:ATSF:040592103,0,0,5700,35420,1,1,0,JOHNSON,18:45,1992,1992,"H603,T001,","ATSF,",1,"H6,T0,","H,T,",YARD,Texas,31.827233,-99.423022,18,Evening
Other impacts,1992:05:PTRA:MAY0192,0,0,0,7712,0,0,0,HARRIS,2:15,1992,1992,"H310,","PTRA,",7,"H3,","H,",YARD,Texas,31.827233,-99.423022,2,Midnight
Derailments,1992:11:UP:1192HO025,0,0,71958,3100,0,0,0,CAMERON,20:50,1992,1993,"H506,M405,","UP,",1,"H5,M4,","H,M,",INDUSTRY,Texas,31.827233,-99.423022,20,Evening
Derailments,1992:11:BN:AO0025,0,0,5000,22700,0,0,0,DALLAM,3:50,1992,1993,"T113,","BN,",1,"T1,","T,",YARD,Texas,31.827233,-99.423022,3,Midnight
Derailments,1992:10:SP:G3562,0,0,20000,65840,0,0,0,GONZALES,2:13,1992,1993,"S011,","SP,",1,"S0,","S,",MAIN,Texas,31.827233,-99.423022,2,Midnight
Derailments,1992:12:SP:G4462,0,0,12000,25310,0,0,0,BEXAR,24:15:00,1992,1993,"E51C,","SP,",1,"E5,","E,",MAIN,Texas,31.827233,-99.423022,24,Midnight
Derailments,1992:11:SRN:926,0,0,13815,8400,0,0,0,ORANGE,1:30,1992,1993,"M405,","SRN,",1,"M4,","M,",MAIN,Texas,31.827233,-99.423022,1,Midnight
Derailments,1993:01:SP:H0323,0,0,6363,3752,2,2,0,HARRIS,19:20,1993,1993,"T314,","SP,",7,"T3,","T,",YARD,Texas,31.827233,-99.423022,19,Evening
Derailments,1992:11:HBT:AX1102,0,0,4500,7800,0,0,0,HARRIS,22:15,1992,1993,"M201,H601,","HBT,UP,",7,"M2,H6,M2,","M,H,M,",MAIN,Texas,31.827233,-99.423022,22,Evening
Derailments,1992:12:ATSF:021292119,0,0,260000,122200,0,0,0,SCURRY,4:25,1992,1993,"E62C,","ATSF,",1,"E6,","E,",MAIN,Texas,31.827233,-99.423022,4,Midnight
Derailments,1993:03:SSW:Y0233,0,0,6000,27800,2,0,0,DALLAM,3:30,1993,1993,"T309,","SSW,",7,"T3,","T,",YARD,Texas,31.827233,-99.423022,3,Midnight
Derailments,1992:11:ATSF:041192116,0,0,5500,13860,0,0,0,DENTON,2:10,1992,1993,"E11C,T399,","ATSF,",1,"E1,T3,","E,T,",MAIN,Texas,31.827233,-99.423022,2,Midnight
Other impacts,1993:01:ATSF:020193111,0,0,1000,6750,0,0,0,DEAF SMITH,21:10,1993,1993,"H021,","ATSF,",7,"H0,","H,",YARD,Texas,31.827233,-99.423022,21,Evening
Derailments,1992:10:UP:1092FW005,0,0,3800,19200,0,0,0,TARRANT,23:00,1992,1993,"T202,","UP,",7,"T2,","T,",YARD,Texas,31.827233,-99.423022,23,Evening
Derailments,1993:01:SP:G0083,0,0,0,13960,0,0,0,CALDWELL,22:37,1993,1993,"H508,","SP,",1,"H5,","H,",MAIN,Texas,31.827233,-99.423022,22,Evening
Derailments,1992:11:SP:V2542,0,0,1500,10800,0,0,0,ROBERTSON,21:20,1992,1993,"H702,","SP,",1,"H7,","H,",MAIN,Texas,31.827233,-99.423022,21,Evening
Derailments,1992:09:ZLPY:INDUSTRY,0,0,0,19200,0,0,0,HARRIS,22:30,1992,1992,"T110,","PTRA,",7,"T1,","T,",INDUSTRY,Texas,31.827233,-99.423022,22,Evening
Derailments,1992:11:HBT:AX1101,0,0,600,10320,16,1,0,HARRIS,21:45,1992,1993,"H099,","HBT,UP,",76,"H0,","H,",MAIN,Texas,31.827233,-99.423022,21,Evening
Derailments,1993:01:UP:0193VB012,0,0,1500,20697,6,0,0,GRAYSON,3:35,1993,1993,"T210,","UP,",1,"T2,","T,",YARD,Texas,31.827233,-99.423022,3,Midnight
Derailments,1992:10:SP:H4472,0,0,0,15000,0,0,0,HARRIS,22:20,1992,1993,"H306,","SP,",7,"H3,","H,",INDUSTRY,Texas,31.827233,-99.423022,22,Evening
Derailments,1992:10:UP:1092FW004,0,0,25267,21650,0,0,0,TARRANT,17:00,1992,1993,"S011,","UP,",7,"S0,","S,",YARD,Texas,31.827233,-99.423022,17,Evening
Derailments,1993:02:BN:AO0018,0,0,500,15500,2,0,0,OLDHAM,23:05,1993,1993,"T102,M599,","BN,",1,"T1,M5,","T,M,",MAIN,Texas,31.827233,-99.423022,23,Evening
Derailments,1993:01:ATSF:070193156,0,0,16300,1900,0,0,0,POTTER,23:15,1993,1993,"T110,","ATSF,BN,",7,"T1,","T,",YARD,Texas,31.827233,-99.423022,23,Evening
Derailments,1992:11:ATSF:011192151,0,0,250,8000,3,3,0,HUTCHINSON,20:45,1992,1993,"M503,","ATSF,",7,"M5,","M,",YARD,Texas,31.827233,-99.423022,20,Evening
Derailments,1992:10:UP:1092HO006,0,0,20777,100,0,0,0,CAMERON,19:00,1992,1993,"E64C,T314,","UP,",1,"E6,T3,","E,T,",MAIN,Texas,31.827233,-99.423022,19,Evening
Derailments,1993:01:ATSF:020193119,0,0,4800,8000,17,3,0,MOORE,21:30,1993,1993,"T210,","ATSF,",1,"T2,","T,",SIDING,Texas,31.827233,-99.423022,21,Evening
Other impacts,1992:12:SSW:V2942,0,0,16000,0,0,0,0,CAMP,18:45,1992,1993,"H702,","SSW,",1,"H7,","H,",MAIN,Texas,31.827233,-99.423022,18,Evening
Derailments,1992:12:ATSF:041292114,0,0,23000,680,0,0,0,NOLAN,17:25,1992,1993,"T201,","ATSF,",7,"T2,","T,",YARD,Texas,31.827233,-99.423022,17,Evening
Derailments,1992:12:UP:1292FW005,0,0,0,15600,0,0,0,DALLAS,1:20,1992,1993,"T307,T399,","BN,UP,",1,"T3,","T,",YARD,Texas,31.827233,-99.423022,1,Midnight
Other impacts,1992:10:PTRA:OCT0192,0,0,500,33143,0,0,0,HARRIS,1:40,1992,1993,"H702,","PTRA,",77,"H7,","H,",INDUSTRY,Texas,31.827233,-99.423022,1,Midnight
Derailments,1993:03:UP:0393HO018,0,0,53716,14000,0,0,0,CAMERON,2:15,1993,1993,"T314,T317,","UP,",7,"T3,","T,",INDUSTRY,Texas,31.827233,-99.423022,2,Midnight
Derailments,1992:10:ATSF:041092119,0,0,11975,1400,0,0,0,HARDIN,21:40,1992,1993,"M503,","ATSF,",1,"M5,","M,",YARD,Texas,31.827233,-99.423022,21,Evening
Derailments,1993:02:BN:FW0031,0,0,0,18000,0,0,0,KNOX,3:54,1993,1993,"T221,","BN,",1,"T2,","T,",MAIN,Texas,31.827233,-99.423022,3,Midnight
Highway-rail impact,1993:01:SP:H0103,0,1,25000,0,0,0,0,HARRIS,22:30,1993,1993,"M399,","SP,",1,"M3,","M,",MAIN,Texas,31.827233,-99.423022,22,Evening
Derailments,1992:10:SP:H4332,0,0,4500,5031,0,0,0,HARRIS,23:09,1992,1993,"S010,","SP,",8,"S0,","S,",MAIN,Texas,31.827233,-99.423022,23,Evening
Derailments,1993:01:UP:0193HO001,0,0,33062,8000,0,0,0,CAMERON,3:10,1993,1993,"T001,M405,","UP,",1,"T0,M4,","T,M,",MAIN,Texas,31.827233,-99.423022,3,Midnight
Derailments,1992:11:UP:1192TO003,0,0,36626,3500,0,0,0,NOLAN,23:35,1992,1993,"T110,","UP,",7,"T1,","T,",INDUSTRY,Texas,31.827233,-99.423022,23,Evening
Other impacts,1993:02:PTRA:FEB0193,0,0,2000,7000,0,0,0,HARRIS,19:25,1993,1993,"H306,","PTRA,",7,"H3,","H,",INDUSTRY,Texas,31.827233,-99.423022,19,Evening
Derailments,1992:11:SWGR:D3,0,0,25000,24000,5,0,0,TERRY,18:25,1992,1993,"T110,T099,","SWGR,",1,"T1,T0,","T,",MAIN,Texas,31.827233,-99.423022,18,Evening
Derailments,1992:09:UP:0992HO011,0,1,500,30150,0,0,0,HARRIS,17:30,1992,1992,"H702,","UP,",7,"H7,","H,",INDUSTRY,Texas,31.827233,-99.423022,17,Evening
Other impacts,1992:10:UP:1092HO007,0,0,0,8000,12,0,0,BRAZORIA,1:00,1992,1993,"H302,","UP,",7,"H3,","H,",YARD,Texas,31.827233,-99.423022,1,Midnight
Derailments,1992:09:UP:0992LU019,0,0,50000,15800,1,1,0,JEFFERSON,2:00,1992,1992,"H799,H999,","UP,",7,"H7,H9,","H,",YARD,Texas,31.827233,-99.423022,2,Midnight
Derailments,1992:10:KCS:451593,0,0,6836,190986,10,7,0,HARRISON,2:42,1992,1993,"T202,","KCS,",1,"T2,","T,",MAIN,Texas,31.827233,-99.423022,2,Midnight
Derailments,1992:09:UP:0992RR009,0,0,4130,2500,0,0,0,GREGG,4:40,1992,1992,"T311,","UP,",7,"T3,","T,",YARD,Texas,31.827233,-99.423022,4,Midnight
Other impacts,1993:01:SP:F0093,0,0,56000,0,0,0,0,EL PASO,17:30,1993,1993,"M201,","SP,",1,"M2,","M,",MAIN,Texas,31.827233,-99.423022,17,Evening
Other impacts,1992:11:KCS:440957,0,0,45000,0,0,0,0,JEFFERSON,1:30,1992,1993,"E13C,E19C,","KCS,SP,",1,"E1,","E,",MAIN,Texas,31.827233,-99.423022,1,Midnight
Other impacts,1993:03:SP:H1333,0,0,0,14550,0,0,0,LIBERTY,4:20,1993,1993,"H307,","SP,",7,"H3,","H,",YARD,Texas,31.827233,-99.423022,4,Midnight
Derailments,1993:02:ATSF:040293126,0,0,19176,2000,0,0,0,BROWN,22:40,1993,1993,"E53C,","ATSF,",1,"E5,","E,",MAIN,Texas,31.827233,-99.423022,22,Evening
Derailments,1992:12:KCS:346916,0,0,1000,11350,0,0,0,JEFFERSON,17:20,1992,1993,"T202,","KCS,",7,"T2,","T,",YARD,Texas,31.827233,-99.423022,17,Evening
Derailments,1992:11:ATK:21129MWDBB,0,0,0,30188,0,0,0,BEXAR,23:25,1992,1993,"H303,","ATK,",2,"H3,","H,",YARD,Texas,31.827233,-99.423022,23,Evening
Derailments,1992:11:TM:92174,0,0,25500,3400,0,0,0,NUECES,2:35,1992,1993,"E53C,","TM,",1,"E5,","E,",MAIN,Texas,31.827233,-99.423022,2,Midnight
Derailments,1993:02:UP:0293SA011,0,0,9076,2550,0,0,0,BEXAR,20:40,1993,1993,"H505,","UP,",1,"H5,","H,",YARD,Texas,31.827233,-99.423022,20,Evening
Derailments,1992:10:KCS:439625,0,0,1199,10580,0,0,0,JEFFERSON,18:30,1992,1993,"T315,","KCS,",7,"T3,","T,",YARD,Texas,31.827233,-99.423022,18,Evening
Derailments,1992:09:UP:0992RR025,0,0,0,48550,2,0,0,HARRISON,2:10,1992,1992,"E08C,","UP,",15,"E0,","E,",YARD,Texas,31.827233,-99.423022,2,Midnight
Derailments,1992:09:UP:0992HO009,0,0,35134,200,0,0,0,HIDALGO,19:00,1992,1992,"T110,T111,","UP,",7,"T1,","T,",INDUSTRY,Texas,31.827233,-99.423022,19,Evening
Derailments,1992:11:GVSR:1392,0,0,6000,29000,0,0,0,GALVESTON,24:30:00,1992,1993,"E69C,","GVSR,",1,"E6,","E,",MAIN,Texas,31.827233,-99.423022,24,Midnight
Derailments,1993:03:UP:0393FW017,0,0,100,12902,0,0,0,TARRANT,17:10,1993,1993,"E07C,","UP,",7,"E0,","E,",YARD,Texas,31.827233,-99.423022,17,Evening
Derailments,1992:12:UP:1292HO005,0,0,500,29600,0,0,0,CAMERON,3:20,1992,1993,"T001,T102,","UP,",7,"T0,T1,","T,",INDUSTRY,Texas,31.827233,-99.423022,3,Midnight
Derailments,1992:09:UP:0992FW001,0,0,15000,5200,0,0,0,TARRANT,20:30,1992,1992,"E07C,","UP,",7,"E0,","E,",YARD,Texas,31.827233,-99.423022,20,Evening
Derailments,1993:02:BN:FW0045,0,0,4000,2500,0,0,0,DALLAS,2:45,1993,1993,"H702,","BN,",1,"H7,","H,",YARD,Texas,31.827233,-99.423022,2,Midnight
Derailments,1992:10:BN:A00007,0,0,7300,3000,0,0,0,OLDHAM,17:10,1992,1993,"H503,","BN,",1,"H5,","H,",MAIN,Texas,31.827233,-99.423022,17,Evening
Derailments,1993:05:SP:H2023,0,0,20000,1400,0,0,0,HARRIS,22:25,1993,1993,"T305,","SP,",8,"T3,","T,",YARD,Texas,31.827233,-99.423022,22,Evening
Derailments,1993:06:KCS:441355,0,0,3204,90500,0,0,0,JEFFERSON,20:45,1993,1993,"T202,","KCS,",1,"T2,","T,",YARD,Texas,31.827233,-99.423022,20,Evening
Derailments,1993:04:SP:H1753,0,0,24600,60000,0,0,0,HARRIS,20:00,1993,1993,"T311,E67C,","SP,",7,"T3,E6,","T,E,",YARD,Texas,31.827233,-99.423022,20,Evening
Derailments,1993:04:GVSR:1893,0,0,3000,6400,0,0,0,GALVESTON,18:30,1993,1993,"T319,","GVSR,",7,"T3,","T,",YARD,Texas,31.827233,-99.423022,18,Evening
Derailments,1993:05:ATSF:060593107,0,0,14730,240,0,0,0,GALVESTON,20:30,1993,1993,"M503,","ATSF,",1,"M5,","M,",YARD,Texas,31.827233,-99.423022,20,Evening
Derailments,1993:06:BN:FW0298,0,0,38000,5000,0,0,0,TARRANT,3:30,1993,1993,"T106,","BN,",1,"T1,","T,",MAIN,Texas,31.827233,-99.423022,3,Midnight
Derailments,1993:02:UP:0293HO003,0,0,65000,59070,0,0,0,CAMERON,3:15,1993,1993,"T314,E64C,","SP,UP,",1,"T3,E6,T3,","T,E,T,",YARD,Texas,31.827233,-99.423022,3,Midnight
Derailments,1993:07:SP:G1353,0,0,4000,10800,0,0,0,MAVERICK,3:45,1993,1993,"H504,H506,","SP,",1,"H5,","H,",YARD,Texas,31.827233,-99.423022,3,Midnight
Derailments,1993:04:UP:0493HO006,0,0,0,18000,1,1,0,HARRIS,17:50,1993,1993,"H602,","UP,",75,"H6,","H,",YARD,Texas,31.827233,-99.423022,17,Evening
Derailments,1993:02:SP:H0763,0,0,5200,27420,0,0,0,COLORADO,2:30,1993,1993,"H701,","SP,",1,"H7,","H,",SIDING,Texas,31.827233,-99.423022,2,Midnight
Obstruction impact,1993:05:SP:G0953,0,0,0,9150,0,0,0,BEXAR,22:30,1993,1993,"M503,","SP,",1,"M5,","M,",INDUSTRY,Texas,31.827233,-99.423022,22,Evening
Other impacts,1993:06:PTRA:JUNE0193,0,0,0,59000,0,0,0,HARRIS,20:30,1993,1993,"H020,","PTRA,",76,"H0,","H,",MAIN,Texas,31.827233,-99.423022,20,Evening
Other impacts,1993:03:HBT:AX930301,0,0,3000,3900,0,0,0,HARRIS,24:50:00,1993,1993,"H312,","HBT,",7,"H3,","H,",YARD,Texas,31.827233,-99.423022,24,Midnight
Derailments,1993:05:UP:0593FW002,0,2,190000,265000,24,0,0,HOWARD,23:59,1993,1993,"T002,","UP,",1,"T0,","T,",MAIN,Texas,31.827233,-99.423022,23,Evening
Derailments,1993:05:ATSF:070593140,0,0,30000,86722,4,0,0,SWISHER,19:30,1993,1993,"M503,","ATSF,",1,"M5,","M,",MAIN,Texas,31.827233,-99.423022,19,Evening
Side collision,1993:03:PTRA:MAR0193,0,0,0,38000,0,0,0,HARRIS,1:30,1993,1993,"H702,","BN,PTRA,",17,"H7,","H,",YARD,Texas,31.827233,-99.423022,1,Midnight
Other impacts,1993:03:PTRA:MAR0393,0,0,1000,11962,0,0,0,HARRIS,22:50,1993,1993,"H021,","PTRA,",7,"H0,","H,",YARD,Texas,31.827233,-99.423022,22,Evening
Derailments,1993:06:HBT:AX930601,0,0,2000,13560,0,0,0,HARRIS,24:15:00,1993,1993,"T110,T112,","HBT,UP,",7,"T1,","T,",MAIN,Texas,31.827233,-99.423022,24,Midnight
Derailments,1993:05:KCS:441107,0,0,9,9250,0,0,0,JEFFERSON,19:30,1993,1993,"T314,","KCS,",7,"T3,","T,",YARD,Texas,31.827233,-99.423022,19,Evening
Derailments,1993:03:SP:H0903,0,0,5500,35000,0,0,0,HARRIS,17:30,1993,1993,"T314,","SP,",7,"T3,","T,",MAIN,Texas,31.827233,-99.423022,17,Evening
Side collision,1993:04:SP:H1653,0,0,0,10168,0,0,0,HARRIS,24:10:00,1993,1993,"H307,","PTRA,SP,",71,"H3,","H,",YARD,Texas,31.827233,-99.423022,24,Midnight
Derailments,1993:05:SP:H2003,0,0,20200,25000,1,1,1,HARRIS,4:15,1993,1993,"T305,","SP,",5,"T3,","T,",YARD,Texas,31.827233,-99.423022,4,Midnight
Derailments,1993:05:SP:F1533,0,0,185000,15000,0,0,0,EL PASO,17:50,1993,1993,"M505,","SP,",1,"M5,","M,",MAIN,Texas,31.827233,-99.423022,17,Evening
Derailments,1993:06:BN:FW0279,0,0,7300,4000,0,0,0,WICHITA,2:00,1993,1993,"T110,","BN,",7,"T1,","T,",YARD,Texas,31.827233,-99.423022,2,Midnight
Other impacts,1993:03:ATSF:080393103,0,0,2500,15000,14,0,0,POTTER,23:55,1993,1993,"H306,","ATSF,",1,"H3,","H,",YARD,Texas,31.827233,-99.423022,23,Evening
Derailments,1993:01:UP:0193FW004,0,0,2000,4859,0,0,0,ECTOR,19:00,1993,1993,"T221,","UP,",1,"T2,","T,",YARD,Texas,31.827233,-99.423022,19,Evening
Derailments,1993:06:UP:0693VB016,0,0,0,26500,0,0,0,GRAYSON,20:05,1993,1993,"T314,","UP,",1,"T3,","T,",YARD,Texas,31.827233,-99.423022,20,Evening
Derailments,1993:02:SP:J0403,0,0,3500,10500,0,0,0,CAMERON,18:45,1993,1993,"M503,","SP,",7,"M5,","M,",YARD,Texas,31.827233,-99.423022,18,Evening
Derailments,1993:03:SP:H0823,0,0,125000,871354,23,23,9,FAYETTE,23:30,1993,1993,"E24C,","SP,",1,"E2,","E,",MAIN,Texas,31.827233,-99.423022,23,Evening
Obstruction impact,1993:03:BN:AO0213,0,0,0,70000,0,0,0,DALLAM,2:00,1993,1993,"H018,","BN,",85,"H0,","H,",MAIN,Texas,31.827233,-99.423022,2,Midnight
Other impacts,1993:04:BN:FW0243,0,0,0,33000,0,0,0,FREESTONE,20:00,1993,1993,"H601,","BN,",1,"H6,","H,",YARD,Texas,31.827233,-99.423022,20,Evening
Obstruction impact,1993:02:UP:0293SA018,0,0,0,6692,0,0,0,MEDINA,1:15,1993,1993,"M402,","UP,",1,"M4,","M,",MAIN,Texas,31.827233,-99.423022,1,Midnight
Other impacts,1993:06:SP:H2563,0,0,0,10500,12,1,0,HARRIS,19:30,1993,1993,"T399,","SP,",7,"T3,","T,",YARD,Texas,31.827233,-99.423022,19,Evening
Derailments,1993:02:TNER:020993,0,0,1500,5000,3,2,0,GRAYSON,4:00,1993,1993,"T310,T315,","TNER,",7,"T3,","T,",YARD,Texas,31.827233,-99.423022,4,Midnight
Derailments,1993:04:ATSF:070493102,0,0,25000,3000,0,0,0,HALE,24:10:00,1993,1993,"T201,T221,","ATSF,BN,",1,"T2,","T,",YARD,Texas,31.827233,-99.423022,24,Midnight
Derailments,1993:04:SP:H1783,0,0,61500,260900,0,0,0,LIBERTY,20:50,1993,1993,"T102,E40C,","SP,",1,"T1,E4,","T,E,",MAIN,Texas,31.827233,-99.423022,20,Evening
Derailments,1993:04:UP:0493SA009,0,0,0,12400,0,0,0,WEBB,24:25:00,1993,1993,"H307,","UP,",7,"H3,","H,",YARD,Texas,31.827233,-99.423022,24,Midnight
Derailments,1993:02:TM:93012,0,0,11906,3262,0,0,0,DUVAL,1:45,1993,1993,"H503,H505,","TM,",1,"H5,","H,",MAIN,Texas,31.827233,-99.423022,1,Midnight
Derailments,1993:11:UP:1193RR003,0,0,0,10370,2,0,0,ANDERSON,21:30,1993,1994,"H307,","UP,",1,"H3,","H,",YARD,Texas,31.827233,-99.423022,21,Evening
Derailments,1993:09:TNER:92162,0,0,4000,25000,0,0,0,LAMAR,24:15:00,1993,1993,"T110,","TNER,",1,"T1,","T,",MAIN,Texas,31.827233,-99.423022,24,Midnight
Highway-rail impact,1993:06:UP:0693SA010,1,0,50000,500,0,0,0,CALDWELL,4:25,1993,1993,"M399,","UP,",1,"M3,","M,",MAIN,Texas,31.827233,-99.423022,4,Midnight
Highway-rail impact,1993:07:SP:H2813,0,1,200,9674,0,0,0,LIBERTY,24:20:00,1993,1993,"M304,","SP,",1,"M3,","M,",MAIN,Texas,31.827233,-99.423022,24,Midnight
Derailments,1993:07:BN:AO0275,0,0,1300,13750,0,0,0,HARDEMAN,4:15,1993,1993,"T101,","BN,",1,"T1,","T,",YARD,Texas,31.827233,-99.423022,4,Midnight
Highway-rail impact,1993:04:UP:0493SA021,1,1,5414,4000,0,0,0,COMAL,17:55,1993,1993,"M399,","UP,",1,"M3,","M,",MAIN,Texas,31.827233,-99.423022,17,Evening
Derailments,1993:09:ATSF:080993100,0,0,1500,10500,4,0,0,HOCKLEY,19:30,1993,1993,"E33C,","ATSF,",1,"E3,","E,",MAIN,Texas,31.827233,-99.423022,19,Evening
Derailments,1993:09:TNER:92158,0,0,4000,3500,0,0,0,RED RIVER,2:30,1993,1993,"T101,","TNER,",1,"T1,","T,",MAIN,Texas,31.827233,-99.423022,2,Midnight
Derailments,1993:09:UP:0993FW010,0,0,400,11160,0,0,0,TARRANT,24:45:00,1993,1993,"H018,","UP,",7,"H0,","H,",YARD,Texas,31.827233,-99.423022,24,Midnight
Other impacts,1993:09:PTRA:SEPT0193,0,0,0,22000,0,0,0,HARRIS,4:00,1993,1993,"H018,","PTRA,",7,"H0,","H,",SIDING,Texas,31.827233,-99.423022,4,Midnight
Other impacts,1993:08:ATSF:070893101,0,0,0,17000,0,0,0,JONES,2:00,1993,1993,"H307,","ATSF,",1,"H3,","H,",YARD,Texas,31.827233,-99.423022,2,Midnight
Derailments,1993:05:UP:0593HO010,0,0,31572,80000,0,0,0,HARRIS,23:20,1993,1993,"T222,H523,","UP,",7,"T2,H5,","T,H,",YARD,Texas,31.827233,-99.423022,23,Evening
Derailments,1993:07:BN:FW0321,0,0,14750,23000,5,0,0,CLAY,24:01:00,1993,1993,"E53C,","BN,",1,"E5,","E,",MAIN,Texas,31.827233,-99.423022,24,Midnight
Derailments,1993:07:ATSF:050793105,0,0,7000,1880,0,0,0,DALLAS,3:05,1993,1993,"H504,T314,","ATSF,KCS,",1,"H5,T3,","H,T,",YARD,Texas,31.827233,-99.423022,3,Midnight
Derailments,1993:10:SP:G2163,0,0,2400,6585,2,2,0,MAVERICK,22:05,1993,1994,"H704,H799,","SP,",1,"H7,","H,",YARD,Texas,31.827233,-99.423022,22,Evening
Derailments,1993:07:TNER:93148,0,1,44000,105000,0,0,0,GRAYSON,23:45,1993,1993,"M405,","TNER,",1,"M4,","M,",MAIN,Texas,31.827233,-99.423022,23,Evening
Derailments,1993:08:UP:0893SA017,0,0,9100,500,0,0,0,CALDWELL,17:20,1993,1993,"T108,","UP,",1,"T1,","T,",MAIN,Texas,31.827233,-99.423022,17,Evening
Derailments,1993:10:ELTX:INDUSTRY,0,0,2257,11200,0,0,0,HARRIS,2:45,1993,1994,"T110,","PTRA,",7,"T1,","T,",INDUSTRY,Texas,31.827233,-99.423022,2,Midnight
Derailments,1993:06:UP:0693HO031,0,0,5940,670,3,0,0,HARRIS,2:20,1993,1993,"T314,","UP,",1,"T3,","T,",YARD,Texas,31.827233,-99.423022,2,Midnight
Derailments,1993:08:HBT:AX080193,0,0,11000,8620,21,7,0,HARRIS,18:45,1993,1993,"T110,","HBT,UP,",1,"T1,","T,",MAIN,Texas,31.827233,-99.423022,18,Evening
Derailments,1993:07:HBT:AX930701,0,0,10000,19750,58,14,0,HARRIS,24:30:00,1993,1993,"T101,","HBT,UP,",1,"T1,","T,",MAIN,Texas,31.827233,-99.423022,24,Midnight
Derailments,1993:08:ATSF:070893112,0,0,45000,19000,8,2,0,MOORE,23:40,1993,1993,"T110,T101,","ATSF,",7,"T1,","T,",YARD,Texas,31.827233,-99.423022,23,Evening
Derailments,1993:09:SP:G1723,0,0,4200,8260,0,0,0,MAVERICK,1:30,1993,1993,"T311,","SP,",7,"T3,","T,",YARD,Texas,31.827233,-99.423022,1,Midnight
Derailments,1993:12:SP:H4833,0,0,1500,12480,25,4,0,HARRIS,3:35,1993,1994,"H702,M503,","SP,",7,"H7,M5,","H,M,",YARD,Texas,31.827233,-99.423022,3,Midnight