AccidentType,inckey,Fatalities,Injuries,TrackDamage,EquipmentDamage,HazmatCars,HazmatCarsDerailed,HazmatCarsReleasing,County,DisplayTime,calendar,Fiscal,AccidentCause,RailroadCodes,RAILEQUIPMENT_TYPE,CauseGroup,CauseDiscipline,TYPE_OF_TRACK,StateName,latitude,longitude,hour,cat
Derailments,1993:07:ATSF:080793114,0,0,25500,640,14,1,0,LUBBOCK,18:30,1993,1993,"T202,","ATSF,",7,"T2,","T,",YARD,Texas,31.827233,-99.423022,18,Evening
Other impacts,1993:07:SP:H2683,0,0,0,45000,0,0,0,HARRIS,17:00,1993,1993,"H601,","SP,",7,"H6,","H,",YARD,Texas,31.827233,-99.423022,17,Evening
Derailments,1993:07:UP:0793FW003,0,0,3000,11850,0,0,0,TARRANT,21:15,1993,1993,"H312,","UP,",7,"H3,","H,",YARD,Texas,31.827233,-99.423022,21,Evening
Highway-rail impact,1993:09:UP:0993RR004,0,1,8000,2500,1,1,0,DALLAS,2:15,1993,1993,"M302,","UP,",1,"M3,","M,",MAIN,Texas,31.827233,-99.423022,2,Midnight
Derailments,1993:07:ATSF:070793108,0,0,3000,130700,3,3,0,MOORE,23:20,1993,1993,"T102,","ATSF,",1,"T1,","T,",SIDING,Texas,31.827233,-99.423022,23,Evening
Other impacts,1993:07:SP:G1443,0,0,0,9500,0,0,0,BEXAR,17:50,1993,1993,"H399,","SP,",7,"H3,","H,",YARD,Texas,31.827233,-99.423022,17,Evening
Derailments,1993:07:UEFZ:INDUSTRY,0,0,2200,27200,0,0,0,TARRANT,2:35,1993,1993,"H504,","BN,",7,"H5,","H,",INDUSTRY,Texas,31.827233,-99.423022,2,Midnight
Other impacts,1993:11:KCS:441365,0,0,0,14500,0,0,0,JEFFERSON,20:20,1993,1994,"H022,","KCS,",7,"H0,","H,",INDUSTRY,Texas,31.827233,-99.423022,20,Evening
Other impacts,1993:10:ATSF:061093103,0,0,0,14350,0,0,0,BELL,3:30,1993,1994,"H020,","ATSF,",7,"H0,","H,",YARD,Texas,31.827233,-99.423022,3,Midnight
Derailments,1993:08:SP:G1613,0,0,120000,480738,0,0,0,FAYETTE,20:50,1993,1993,"H522,","SP,",1,"H5,","H,",MAIN,Texas,31.827233,-99.423022,20,Evening
Obstruction impact,1993:09:SP:G2443,0,0,0,6301,0,0,0,GUADALUPE,3:07,1993,1993,"M402,","ATK,SP,",2,"M4,","M,",MAIN,Texas,31.827233,-99.423022,3,Midnight
Derailments,1993:10:BN:FW0414,0,0,1250,16200,0,0,0,TARRANT,4:12,1993,1994,"T110,","BN,",7,"T1,","T,",YARD,Texas,31.827233,-99.423022,4,Midnight
Derailments,1993:07:HBT:AX930702,0,0,8000,40000,0,0,0,HARRIS,24:55:00,1993,1993,"T101,M203,","BN,HBT,",1,"T1,M2,T1,","T,M,T,",MAIN,Texas,31.827233,-99.423022,24,Midnight
Highway-rail impact,1993:07:SP:G1403,3,3,30000,0,0,0,0,GONZALES,24:55:00,1993,1993,"M399,","ATK,SP,",2,"M3,","M,",MAIN,Texas,31.827233,-99.423022,24,Midnight
Derailments,1993:06:SP:H2253,0,0,7000,9500,14,1,0,HARRIS,3:15,1993,1993,"H799,","SP,",7,"H7,","H,",YARD,Texas,31.827233,-99.423022,3,Midnight
Derailments,1993:07:GVSR:2493,0,0,3000,42000,0,0,0,GALVESTON,17:30,1993,1993,"T311,","GVSR,",7,"T3,","T,",YARD,Texas,31.827233,-99.423022,17,Evening
Derailments,1993:06:UP:0693FW021,0,0,23791,1805,0,0,0,TARRANT,19:45,1993,1993,"T314,","UP,",7,"T3,","T,",YARD,Texas,31.827233,-99.423022,19,Evening
Derailments,1993:10:KCS:441252,0,0,0,57500,0,0,0,JEFFERSON,2:10,1993,1994,"E32L,","KCS,",7,"E3,","E,",YARD,Texas,31.827233,-99.423022,2,Midnight
Side collision,1993:07:UP:0793RR012,0,0,6910,33150,0,0,0,SMITH,18:30,1993,1993,"H306,","UP,",16,"H3,","H,",MAIN,Texas,31.827233,-99.423022,18,Evening
Derailments,1993:06:BN:FW0280,0,0,5700,6750,0,0,0,KNOX,4:30,1993,1993,"T210,","BN,",1,"T2,","T,",MAIN,Texas,31.827233,-99.423022,4,Midnight
Side collision,1993:10:SP:H4043,0,0,600,16500,0,0,0,HARRIS,3:30,1993,1994,"H307,","SP,",16,"H3,","H,",YARD,Texas,31.827233,-99.423022,3,Midnight
Derailments,1993:07:SP:G1273,0,0,42000,13910,0,0,0,BEXAR,17:30,1993,1993,"H507,","SP,",7,"H5,","H,",YARD,Texas,31.827233,-99.423022,17,Evening
Derailments,1993:09:DGNO:929933,0,0,2700,5000,0,0,0,ROCKWALL,17:00,1993,1993,"M599,","DGNO,",1,"M5,","M,",MAIN,Texas,31.827233,-99.423022,17,Evening
Derailments,1993:09:UP:0993RR003,0,0,8815,0,0,0,0,LEON,24:55:00,1993,1993,"T110,","UP,",1,"T1,","T,",MAIN,Texas,31.827233,-99.423022,24,Midnight
Derailments,1993:07:BN:FW0331,0,0,12000,48000,16,7,0,FREESTONE,24:40:00,1993,1993,"H702,","BN,",1,"H7,","H,",YARD,Texas,31.827233,-99.423022,24,Midnight
Other impacts,1993:10:PTRA:OCT0193,0,0,3043,21849,2,2,0,HARRIS,18:15,1993,1994,"H799,","PTRA,",7,"H7,","H,",MAIN,Texas,31.827233,-99.423022,18,Evening
Derailments,1993:07:ATSF:060793107,0,0,23000,1840,0,0,0,BELL,17:15,1993,1993,"E64C,","ATSF,",1,"E6,","E,",SIDING,Texas,31.827233,-99.423022,17,Evening
Derailments,1993:09:UP:0993HO025,0,0,12000,1130,2,0,0,HARRIS,21:00,1993,1993,"T220,","UP,",1,"T2,","T,",YARD,Texas,31.827233,-99.423022,21,Evening
Other impacts,1993:07:BN:FW0302,0,0,0,8700,0,0,0,FREESTONE,4:00,1993,1993,"H021,","BN,",61,"H0,","H,",YARD,Texas,31.827233,-99.423022,4,Midnight
Derailments,1993:06:UEFZ:INDUSTRY,0,0,1250,17200,0,0,0,TARRANT,17:00,1993,1993,"T314,","BN,",7,"T3,","T,",INDUSTRY,Texas,31.827233,-99.423022,17,Evening
Derailments,1993:07:UP:0793LU028,0,0,400,7725,0,0,0,JEFFERSON,20:30,1993,1993,"T199,","UP,",7,"T1,","T,",YARD,Texas,31.827233,-99.423022,20,Evening
Derailments,1993:09:UP:0993HO017,2,6,134373,477420,0,0,0,MCLENNAN,1:25,1993,1993,"H025,","UP,",16,"H0,","H,",INDUSTRY,Texas,31.827233,-99.423022,1,Midnight
Derailments,1993:08:UP:0893SA016,0,0,0,10800,0,0,0,WEBB,21:30,1993,1993,"T110,","UP,",7,"T1,","T,",YARD,Texas,31.827233,-99.423022,21,Evening
Derailments,1993:08:ATSF:050893101,0,0,40000,5250,3,0,0,DALLAS,4:15,1993,1993,"E52C,","ATSF,",1,"E5,","E,",MAIN,Texas,31.827233,-99.423022,4,Midnight
Derailments,1993:10:ATSF:081093101,0,0,11000,5620,3,0,0,LUBBOCK,18:12,1993,1994,"T109,","ATSF,",7,"T1,","T,",YARD,Texas,31.827233,-99.423022,18,Evening
Other impacts,1993:11:HBT:AX931102,0,0,800,19700,3,0,0,HARRIS,1:30,1993,1994,"H018,H602,","HBT,",76,"H0,H6,H0,H6,","H,",YARD,Texas,31.827233,-99.423022,1,Midnight
Derailments,1994:02:UP:0294FW012,0,0,77412,12600,0,0,0,TARRANT,20:00,1994,1994,"H308,","UP,",7,"H3,","H,",YARD,Texas,31.827233,-99.423022,20,Evening
Derailments,1993:12:UP:1293HO022,0,0,665,8050,0,0,0,HARRIS,2:00,1993,1994,"H306,","UP,",7,"H3,","H,",YARD,Texas,31.827233,-99.423022,2,Midnight
Derailments,1993:11:SP:H4453,0,0,3000,40500,9,5,0,HARRIS,3:08,1993,1994,"H310,","SP,",7,"H3,","H,",YARD,Texas,31.827233,-99.423022,3,Midnight
Other impacts,1994:01:UP:0194FW014,0,0,650,21000,0,0,0,TARRANT,19:50,1994,1994,"S007,","UP,",7,"S0,","S,",YARD,Texas,31.827233,-99.423022,19,Evening
Derailments,1994:03:ATSF:050394100,0,0,9500,13740,0,0,0,DENTON,19:35,1994,1994,"T001,T108,","ATSF,",1,"T0,T1,","T,",MAIN,Texas,31.827233,-99.423022,19,Evening
Derailments,1994:02:BN:AO0024,0,0,1000,22750,0,0,0,POTTER,18:10,1994,1994,"H306,","BN,",1,"H3,","H,",YARD,Texas,31.827233,-99.423022,18,Evening
Derailments,1993:12:UP:1293HO009,0,0,70000,240600,24,4,0,FLOYD,19:30,1993,1994,"E61C,","UP,",1,"E6,","E,",MAIN,Texas,31.827233,-99.423022,19,Evening
Derailments,1994:01:UP:0194FW011,0,0,60522,400,0,0,0,TARRANT,21:00,1994,1994,"H310,","UP,",7,"H3,","H,",YARD,Texas,31.827233,-99.423022,21,Evening
Derailments,1993:12:ATSF:061293100,0,0,23500,950,0,0,0,BRAZORIA,4:30,1993,1994,"H306,","ATSF,",7,"H3,","H,",YARD,Texas,31.827233,-99.423022,4,Midnight
Derailments,1993:11:UP:1193FW021,0,0,1050,23025,0,0,0,TARRANT,2:35,1993,1994,"T220,","UP,",16,"T2,","T,",YARD,Texas,31.827233,-99.423022,2,Midnight
Derailments,1994:02:SP:G0254,0,0,2500,9350,0,0,0,SAN PATRICIO,20:49,1994,1994,"H704,","SP,",1,"H7,","H,",INDUSTRY,Texas,31.827233,-99.423022,20,Evening
Side collision,1993:12:PTRA:DEC0193,0,0,1338,35600,0,0,0,HARRIS,3:00,1993,1994,"H306,","PTRA,",76,"H3,","H,",INDUSTRY,Texas,31.827233,-99.423022,3,Midnight
Derailments,1994:02:UP:0294SA010,0,0,2500,28180,0,0,0,DALLAS,21:55,1994,1994,"H306,","UP,",7,"H3,","H,",MAIN,Texas,31.827233,-99.423022,21,Evening
Side collision,1994:01:PTRA:JAN0294,0,0,2344,5950,1,1,0,HARRIS,1:40,1994,1994,"H399,","PTRA,",76,"H3,","H,",YARD,Texas,31.827233,-99.423022,1,Midnight
Derailments,1993:12:ATSF:061293104,0,0,3000,6370,1,1,0,BROWN,4:10,1993,1994,"H507,","ATSF,",1,"H5,","H,",YARD,Texas,31.827233,-99.423022,4,Midnight
Other impacts,1993:11:UP:1193FW003,0,2,35000,4050,2,1,1,TARRANT,19:00,1993,1994,"H314,","UP,",7,"H3,","H,",YARD,Texas,31.827233,-99.423022,19,Evening
Derailments,1993:12:SP:H4603,0,0,1800,28576,0,0,0,WHARTON,20:50,1993,1994,"T110,","SP,",7,"T1,","T,",MAIN,Texas,31.827233,-99.423022,20,Evening
Derailments,1993:11:UP:1193HO021,0,0,60604,55300,0,0,0,VICTORIA,17:00,1993,1994,"M505,","UP,",7,"M5,","M,",INDUSTRY,Texas,31.827233,-99.423022,17,Evening
Derailments,1994:02:SP:H0504,0,0,16000,2000,0,0,0,HARRIS,24:30:00,1994,1994,"T110,","SP,",8,"T1,","T,",YARD,Texas,31.827233,-99.423022,24,Midnight
Derailments,1993:12:UP:1293FW016,0,0,2800,16850,0,0,0,TARRANT,20:40,1993,1994,"E32C,","UP,",7,"E3,","E,",YARD,Texas,31.827233,-99.423022,20,Evening
Derailments,1993:12:UP:1293HO014,0,0,30560,12140,28,0,0,HARRIS,2:00,1993,1994,"H702,","UP,",1,"H7,","H,",YARD,Texas,31.827233,-99.423022,2,Midnight
Derailments,1993:11:SP:H4133,0,0,850,24000,2,2,1,HARRIS,18:00,1993,1994,"T110,","SP,",7,"T1,","T,",INDUSTRY,Texas,31.827233,-99.423022,18,Evening
Derailments,1993:12:UP:1293FW010,0,0,15000,13600,0,0,0,DALLAS,20:50,1993,1994,"T110,","SP,UP,",77,"T1,","T,",YARD,Texas,31.827233,-99.423022,20,Evening
Derailments,1993:11:UP:1193SA002,0,0,1000,8950,2,0,0,COMAL,1:15,1993,1994,"T314,","UP,",1,"T3,","T,",YARD,Texas,31.827233,-99.423022,1,Midnight
Derailments,1993:11:UP:1193FW016,0,0,3000,11900,0,0,0,TARRANT,18:15,1993,1994,"T220,","UP,",1,"T2,","T,",YARD,Texas,31.827233,-99.423022,18,Evening
Derailments,1993:11:ATSF:051193100,0,0,18000,31000,3,0,0,DALLAS,4:40,1993,1994,"T101,","ATSF,",1,"T1,","T,",MAIN,Texas,31.827233,-99.423022,4,Midnight
Derailments,1993:11:SP:H4533,0,0,150,63740,0,0,0,HARRIS,22:30,1993,1994,"H306,","SP,",1,"H3,","H,",YARD,Texas,31.827233,-99.423022,22,Evening
Derailments,1993:12:HBT:AX931202,0,0,6500,2800,0,0,0,HARRIS,23:00,1993,1994,"T220,","HBT,UP,",1,"T2,","T,",MAIN,Texas,31.827233,-99.423022,23,Evening
Derailments,1994:02:SP:H0384,0,0,0,14500,0,0,0,HARRIS,18:45,1994,1994,"H995,","SP,",7,"H9,","H,",YARD,Texas,31.827233,-99.423022,18,Evening
Derailments,1994:02:KCS:441115,0,0,1301,7000,0,0,0,JEFFERSON,3:50,1994,1994,"T314,","KCS,",7,"T3,","T,",YARD,Texas,31.827233,-99.423022,3,Midnight
Derailments,1994:02:SP:J0164,0,0,400,6900,0,0,0,JEFFERSON,20:05,1994,1994,"T110,","SP,",1,"T1,","T,",YARD,Texas,31.827233,-99.423022,20,Evening
Other impacts,1994:01:PTRA:JAN0194,0,0,754,14500,1,1,0,HARRIS,4:30,1994,1994,"H310,","PTRA,",77,"H3,","H,",INDUSTRY,Texas,31.827233,-99.423022,4,Midnight
Derailments,1994:01:ATSF:070194102,0,0,27000,24000,29,0,0,SWISHER,24:20:00,1994,1994,"M409,","ATSF,",1,"M4,","M,",MAIN,Texas,31.827233,-99.423022,24,Midnight
Derailments,1994:01:KCS:441369,0,0,1711,4750,0,0,0,JEFFERSON,23:50,1994,1994,"T314,","KCS,",7,"T3,","T,",YARD,Texas,31.827233,-99.423022,23,Evening
Derailments,1994:03:ATSF:050394101,0,0,4500,61400,0,0,0,TARRANT,22:50,1994,1994,"E34C,","ATSF,",1,"E3,","E,",MAIN,Texas,31.827233,-99.423022,22,Evening
Derailments,1993:12:HBT:AX931201,0,0,21500,29190,18,0,0,HARRIS,19:00,1993,1994,"H704,","HBT,UP,",7,"H7,","H,",YARD,Texas,31.827233,-99.423022,19,Evening
Derailments,1994:01:HBT:AX940101,0,0,7500,23800,55,0,0,HARRIS,21:15,1994,1994,"T314,","HBT,UP,",1,"T3,","T,",MAIN,Texas,31.827233,-99.423022,21,Evening
Derailments,1993:12:HBT:AX931203,0,0,7097,2720,0,0,0,HARRIS,19:15,1993,1994,"T111,","HBT,",7,"T1,","T,",MAIN,Texas,31.827233,-99.423022,19,Evening
Derailments,1993:08:SP:G1713,0,0,500,7238,0,0,0,VICTORIA,24:20:00,1993,1993,"T110,","SP,",1,"T1,","T,",YARD,Texas,31.827233,-99.423022,24,Midnight
Other impacts,1994:01:SP:H0224,0,0,0,10000,0,0,0,HARRIS,1:08,1994,1994,"T305,","SP,",7,"T3,","T,",YARD,Texas,31.827233,-99.423022,1,Midnight
Derailments,1994:02:SP:G0384,0,0,250000,322029,9,0,0,VAL VERDE,21:53,1994,1994,"E46C,","SP,",1,"E4,","E,",MAIN,Texas,31.827233,-99.423022,21,Evening
Other impacts,1993:11:PTRA:NOV0293,0,0,0,16000,5,1,0,HARRIS,3:20,1993,1994,"H306,","PTRA,",6,"H3,","H,",YARD,Texas,31.827233,-99.423022,3,Midnight
Derailments,1993:11:SP:H4223,0,0,0,6900,1,0,0,HARRIS,23:15,1993,1994,"T306,","SP,",7,"T3,","T,",YARD,Texas,31.827233,-99.423022,23,Evening
Other impacts,1993:11:SP:G2253,0,1,0,29500,0,0,0,MAVERICK,4:10,1993,1994,"H601,H525,","SP,",8,"H6,H5,","H,",YARD,Texas,31.827233,-99.423022,4,Midnight
Derailments,1994:02:UP:0294ST014,0,0,8000,1070,0,0,0,HARRIS,24:30:00,1994,1994,"T110,T001,","UP,",7,"T1,T0,","T,",INDUSTRY,Texas,31.827233,-99.423022,24,Midnight
Derailments,1994:02:UP:0294HO013,0,0,47184,6000,1,0,0,HARRISON,19:25,1994,1994,"E51L,","UP,",1,"E5,","E,",MAIN,Texas,31.827233,-99.423022,19,Evening
Derailments,1993:11:UP:1193HO007,0,0,3500,4620,0,0,0,MCLENNAN,18:00,1993,1994,"T202,","UP,",1,"T2,","T,",YARD,Texas,31.827233,-99.423022,18,Evening
Other impacts,1994:04:HBT:AX940402,0,0,1200,7800,0,0,0,HARRIS,1:50,1994,1994,"H020,","HBT,UP,",76,"H0,","H,",MAIN,Texas,31.827233,-99.423022,1,Midnight
Derailments,1994:06:BRG:A62,0,0,7503,0,0,0,0,CAMERON,1:45,1994,1994,"T001,T309,T314,","BRG,UP,",7,"T0,T3,","T,",INDUSTRY,Texas,31.827233,-99.423022,1,Midnight
Derailments,1994:03:TM:94026,0,0,20600,0,0,0,0,WEBB,18:05,1994,1994,"E40C,E46C,","TM,",7,"E4,","E,",MAIN,Texas,31.827233,-99.423022,18,Evening
Derailments,1994:05:UP:0594HO025,0,0,31000,13550,5,1,0,BRAZORIA,4:45,1994,1994,"H702,","UP,",7,"H7,","H,",YARD,Texas,31.827233,-99.423022,4,Midnight
Derailments,1994:06:BN:AO0084,0,0,27000,216000,0,0,0,POTTER,2:45,1994,1994,"H704,","BN,",1,"H7,","H,",MAIN,Texas,31.827233,-99.423022,2,Midnight
Derailments,1994:06:SWGR:D12,0,0,15000,0,5,2,0,TERRY,19:00,1994,1994,"T109,","SWGR,",1,"T1,","T,",MAIN,Texas,31.827233,-99.423022,19,Evening
Derailments,1994:06:SP:H2224,0,0,0,11600,0,0,0,HARRIS,20:00,1994,1994,"H210,","SP,",7,"H2,","H,",INDUSTRY,Texas,31.827233,-99.423022,20,Evening
Derailments,1994:05:UP:0594SA006,0,0,1100,8400,0,0,0,WEBB,23:05,1994,1994,"H704,","UP,",1,"H7,","H,",MAIN,Texas,31.827233,-99.423022,23,Evening
Other impacts,1994:03:UP:0394FW009,0,0,0,7550,0,0,0,TARRANT,2:45,1994,1994,"T314,","UP,",7,"T3,","T,",INDUSTRY,Texas,31.827233,-99.423022,2,Midnight
Derailments,1994:06:UP:0694FW009,0,0,2000,4500,0,0,0,TARRANT,2:00,1994,1994,"T110,","UP,",1,"T1,","T,",YARD,Texas,31.827233,-99.423022,2,Midnight
Derailments,1994:04:UP:0494HO026,0,0,5500,14400,9,2,0,BRAZORIA,20:50,1994,1994,"E07C,","UP,",1,"E0,","E,",YARD,Texas,31.827233,-99.423022,20,Evening
Highway-rail impact,1994:04:CHRC:0294,0,0,0,32000,0,0,0,LAMAR,17:10,1994,1994,"M304,","CHRC,",1,"M3,","M,",MAIN,Texas,31.827233,-99.423022,17,Evening
Derailments,1994:03:DGNO:3941,0,0,1048,7400,0,0,0,DALLAS,21:45,1994,1994,"T314,","DGNO,",1,"T3,","T,",YARD,Texas,31.827233,-99.423022,21,Evening
Derailments,1994:06:SP:H2304,0,0,15000,87800,0,0,0,SHELBY,4:39,1994,1994,"E21C,","SP,",1,"E2,","E,",MAIN,Texas,31.827233,-99.423022,4,Midnight
Derailments,1994:04:BN:FW0099,0,0,65650,900,0,0,0,TARRANT,24:55:00,1994,1994,"T101,","BN,UP,",1,"T1,","T,",MAIN,Texas,31.827233,-99.423022,24,Midnight
Other impacts,1994:05:PTRA:MAY0194,0,0,757,10000,0,0,0,HARRIS,21:30,1994,1994,"H310,","PTRA,",7,"H3,","H,",YARD,Texas,31.827233,-99.423022,21,Evening
Other impacts,1994:05:ATSF:060594101,0,0,0,6802,0,0,0,MILLS,2:00,1994,1994,"M502,","ATSF,",4,"M5,","M,",SIDING,Texas,31.827233,-99.423022,2,Midnight
Derailments,1994:05:ATSF:060594105,0,0,12000,12580,1,0,0,PANOLA,21:55,1994,1994,"T110,","ATSF,",1,"T1,","T,",YARD,Texas,31.827233,-99.423022,21,Evening
Other impacts,1994:05:PTRA:MAY0294,0,0,383,16700,0,0,0,HARRIS,20:30,1994,1994,"H601,","PTRA,",7,"H6,","H,",YARD,Texas,31.827233,-99.423022,20,Evening
Side collision,1994:02:PTRA:FEB9402,0,0,4343,108750,1,1,0,HARRIS,3:00,1994,1994,"H020,","PTRA,",67,"H0,","H,",YARD,Texas,31.827233,-99.423022,3,Midnight
Derailments,1994:05:SP:J0604,0,0,2000,8313,0,0,0,JEFFERSON,21:30,1994,1994,"T110,","SP,",7,"T1,","T,",YARD,Texas,31.827233,-99.423022,21,Evening
Derailments,1994:04:ATSF:070494101,0,0,9500,2600,0,0,0,HALE,18:05,1994,1994,"T314,","ATSF,BN,",1,"T3,","T,",SIDING,Texas,31.827233,-99.423022,18,Evening
Derailments,1994:05:UP:0594SA005,0,0,6000,1500,11,0,0,PALO PINTO,21:45,1994,1994,"E4TC,","UP,",1,"E4,","E,",MAIN,Texas,31.827233,-99.423022,21,Evening
Derailments,1994:03:SP:G0654,0,0,1000,16560,0,0,0,FAYETTE,23:55,1994,1994,"M599,","SP,",6,"M5,","M,",YARD,Texas,31.827233,-99.423022,23,Evening
Highway-rail impact,1994:04:UP:0494SA021,0,3,30000,290750,14,0,0,REFUGIO,24:20:00,1994,1994,"M302,","UP,",1,"M3,","M,",MAIN,Texas,31.827233,-99.423022,24,Midnight
Derailments,1994:05:UP:0594SA028,0,0,9000,2500,0,0,0,HOWARD,17:50,1994,1994,"T110,","UP,",7,"T1,","T,",YARD,Texas,31.827233,-99.423022,17,Evening
Derailments,1994:05:GVSR:0694,0,0,1342,14052,0,0,0,GALVESTON,24:40:00,1994,1994,"T399,","GVSR,",7,"T3,","T,",YARD,Texas,31.827233,-99.423022,24,Midnight
Derailments,1994:04:SP:H1114,0,0,12000,6500,1,1,0,HARRIS,22:15,1994,1994,"H702,","SP,",7,"H7,","H,",INDUSTRY,Texas,31.827233,-99.423022,22,Evening
Derailments,1994:04:SP:G0704,0,0,5000,35048,0,0,0,BEXAR,24:50:00,1994,1994,"S011,","SP,",1,"S0,","S,",YARD,Texas,31.827233,-99.423022,24,Midnight
Other impacts,1994:05:UP:0594FW004,0,0,600,10500,0,0,0,TARRANT,20:30,1994,1994,"H306,","UP,",7,"H3,","H,",YARD,Texas,31.827233,-99.423022,20,Evening
Derailments,1994:06:UP:0694SA002,0,0,13000,30000,0,0,0,COMAL,17:45,1994,1994,"T215,","UP,",1,"T2,","T,",MAIN,Texas,31.827233,-99.423022,17,Evening
Derailments,1994:04:HBT:AX940401,0,0,500,10500,0,0,0,HARRIS,2:30,1994,1994,"H312,","HBT,UP,",7,"H3,","H,",MAIN,Texas,31.827233,-99.423022,2,Midnight
Derailments,1994:04:UP:0494FW010,0,0,5100,50000,0,0,0,TARRANT,19:20,1994,1994,"H702,","UP,",7,"H7,","H,",YARD,Texas,31.827233,-99.423022,19,Evening
Side collision,1994:04:UP:0494ST002,0,2,5000,19240,0,0,0,HARRIS,18:30,1994,1994,"T319,","UP,",18,"T3,","T,",YARD,Texas,31.827233,-99.423022,18,Evening
Other impacts,1994:04:PTRA:APR9401,0,0,0,12000,0,0,0,HARRIS,3:00,1994,1994,"M205,","PTRA,",67,"M2,","M,",YARD,Texas,31.827233,-99.423022,3,Midnight
Derailments,1994:09:SP:H3204,0,0,21500,6176,0,0,0,HARRIS,1:00,1994,1994,"H503,","SP,",7,"H5,","H,",YARD,Texas,31.827233,-99.423022,1,Midnight
Derailments,1994:08:UP:0894SA007,0,0,1500,9200,0,0,0,BASTROP,21:15,1994,1994,"M503,","UP,",1,"M5,","M,",SIDING,Texas,31.827233,-99.423022,21,Evening
Derailments,1994:07:UP:0794HO017,0,0,3000,5150,0,0,0,ANDERSON,17:30,1994,1994,"T101,","UP,",7,"T1,","T,",YARD,Texas,31.827233,-99.423022,17,Evening
Derailments,1994:08:SP:V1064,0,0,600,9000,0,0,0,NAVARRO,1:25,1994,1994,"H799,T399,","SP,",1,"H7,T3,","H,T,",SIDING,Texas,31.827233,-99.423022,1,Midnight
Derailments,1994:08:UP:0894HO020,0,0,1000,18700,0,0,0,BRAZORIA,21:40,1994,1994,"H307,","UP,",7,"H3,","H,",INDUSTRY,Texas,31.827233,-99.423022,21,Evening
Other impacts,1994:08:KCS:514209,0,0,1136,32000,2,2,0,DALLAS,22:45,1994,1994,"H021,","KCS,",7,"H0,","H,",YARD,Texas,31.827233,-99.423022,22,Evening
Derailments,1994:08:BN:FW0207,0,0,9600,3200,0,0,0,CLAY,4:10,1994,1994,"T222,","BN,",1,"T2,","T,",SIDING,Texas,31.827233,-99.423022,4,Midnight
Derailments,1994:10:UP:1094ST016,0,0,1800,9040,51,3,0,HARRIS,3:40,1994,1995,"T101,","UP,",1,"T1,","T,",INDUSTRY,Texas,31.827233,-99.423022,3,Midnight
Derailments,1994:10:UP:1094FW031,0,0,1100,9250,0,0,0,DALLAS,23:28,1994,1995,"T314,H399,","SSW,UP,",1,"T3,H3,","T,H,",YARD,Texas,31.827233,-99.423022,23,Evening
Derailments,1995:01:SP:H0065,0,0,23500,160820,10,9,0,POLK,3:30,1995,1995,"T216,","SP,",1,"T2,","T,",MAIN,Texas,31.827233,-99.423022,3,Midnight
Side collision,1994:10:PTRA:OCT9401,0,0,2090,38000,3,2,0,HARRIS,21:30,1994,1995,"H020,","PTRA,",67,"H0,","H,",YARD,Texas,31.827233,-99.423022,21,Evening
Derailments,1994:07:SP:G1284,0,0,80000,319000,1,0,0,BEXAR,20:35,1994,1994,"M599,","SP,",1,"M5,","M,",MAIN,Texas,31.827233,-99.423022,20,Evening
Side collision,1994:09:PTRA:SEPT9402,0,0,1355,57000,0,0,0,HARRIS,3:50,1994,1994,"H401,","PTRA,",77,"H4,","H,",INDUSTRY,Texas,31.827233,-99.423022,3,Midnight
Derailments,1994:11:SP:G1704,0,0,8000,10630,0,0,0,BEXAR,24:15:00,1994,1995,"T399,","SP,",7,"T3,","T,",YARD,Texas,31.827233,-99.423022,24,Midnight
Side collision,1994:08:ATSF:050894100,0,0,13000,27510,0,0,0,TARRANT,24:20:00,1994,1994,"H699,H306,","ATSF,BN,",77,"H6,H3,","H,",YARD,Texas,31.827233,-99.423022,24,Midnight
Highway-rail impact,1994:08:UP:0894FW022,0,0,0,14799,0,0,0,DALLAS,17:54,1994,1994,"M303,","ATK,UP,",2,"M3,","M,",MAIN,Texas,31.827233,-99.423022,17,Evening
Derailments,1995:01:UP:0195CT005,0,0,4500,9635,0,0,0,DALLAS,23:55,1995,1995,"T110,","UP,",7,"T1,","T,",INDUSTRY,Texas,31.827233,-99.423022,23,Evening
Derailments,1994:08:HBT:AX940802,0,0,900,7320,0,0,0,HARRIS,21:15,1994,1994,"E46C,","HBT,",7,"E4,","E,",YARD,Texas,31.827233,-99.423022,21,Evening
Derailments,1995:02:CARZ:INDUSTRY,0,0,0,13140,0,0,0,TARRANT,23:50,1995,1995,"T299,","ATSF,",7,"T2,","T,",INDUSTRY,Texas,31.827233,-99.423022,23,Evening
Other impacts,1994:07:UP:0794FW005,0,0,1000,42400,0,0,0,TARRANT,20:15,1994,1994,"H702,","UP,",7,"H7,","H,",YARD,Texas,31.827233,-99.423022,20,Evening