AccidentType,inckey,Fatalities,Injuries,TrackDamage,EquipmentDamage,HazmatCars,HazmatCarsDerailed,HazmatCarsReleasing,County,DisplayTime,calendar,Fiscal,AccidentCause,RailroadCodes,RAILEQUIPMENT_TYPE,CauseGroup,CauseDiscipline,TYPE_OF_TRACK,StateName,latitude,longitude,hour,cat
Derailments,1994:11:HBT:AX941102,0,0,26961,23548,26,0,0,HARRIS,20:30,1994,1995,"H702,H704,","HBT,UP,",1,"H7,","H,",MAIN,Texas,31.827233,-99.423022,20,Evening
Derailments,1994:11:UP:1194FW020,0,0,250,11500,1,1,1,TARRANT,22:15,1994,1995,"H020,","UP,",7,"H0,","H,",YARD,Texas,31.827233,-99.423022,22,Evening
Derailments,1994:08:MDAZ:INDUSTRY,0,0,0,7600,0,0,0,COLLIN,3:30,1994,1994,"H306,","BN,",1,"H3,","H,",INDUSTRY,Texas,31.827233,-99.423022,3,Midnight
Highway-rail impact,1994:09:SP:H3554,0,0,10000,2500,0,0,0,FORT BEND,20:12,1994,1994,"M304,","SP,",1,"M3,","M,",MAIN,Texas,31.827233,-99.423022,20,Evening
Derailments,1994:11:SP:H4094,0,0,0,10500,0,0,0,HARRIS,19:30,1994,1995,"H306,","SP,",7,"H3,","H,",YARD,Texas,31.827233,-99.423022,19,Evening
Derailments,1994:07:SO:R1794,0,0,6000,27900,54,5,0,TOM GREEN,18:40,1994,1994,"T110,","SO,",1,"T1,","T,",YARD,Texas,31.827233,-99.423022,18,Evening
Derailments,1994:08:UP:0894SA029,0,0,0,7100,20,0,0,HILL,18:05,1994,1994,"H999,M405,","UP,",1,"H9,M4,","H,M,",MAIN,Texas,31.827233,-99.423022,18,Evening
Highway-rail impact,1994:09:SP:H3484,0,0,6000,881,2,0,0,HARRIS,22:35,1994,1994,"M302,","SP,",1,"M3,","M,",MAIN,Texas,31.827233,-99.423022,22,Evening
Other impacts,1994:08:PTRA:AUG9401,0,0,0,18000,0,0,0,HARRIS,20:00,1994,1994,"H025,","PTRA,",67,"H0,","H,",YARD,Texas,31.827233,-99.423022,20,Evening
Other impacts,1994:09:UP:0994HO001,0,0,0,6700,2,0,0,JEFFERSON,3:50,1994,1994,"H306,","UP,",76,"H3,","H,",YARD,Texas,31.827233,-99.423022,3,Midnight
Highway-rail impact,1994:10:SP:V1284,0,2,0,9000,0,0,0,TARRANT,3:30,1994,1995,"M302,","SP,",5,"M3,","M,",MAIN,Texas,31.827233,-99.423022,3,Midnight
Side collision,1994:08:HBT:AX940803,0,0,0,23000,0,0,0,HARRIS,23:40,1994,1994,"H401,","HBT,",7,"H4,","H,",YARD,Texas,31.827233,-99.423022,23,Evening
Derailments,1994:11:ATSF:071194106,0,0,1500,10520,10,1,0,POTTER,18:05,1994,1995,"T110,","ATSF,",7,"T1,","T,",YARD,Texas,31.827233,-99.423022,18,Evening
Derailments,1994:09:UP:0994SA013,0,0,35999,105027,0,0,0,WILLIAMSON,17:30,1994,1994,"E64C,","UP,",1,"E6,","E,",MAIN,Texas,31.827233,-99.423022,17,Evening
Derailments,1994:11:ATSF:061194104,0,0,246000,400680,0,0,0,BELL,4:00,1994,1995,"H501,","ATSF,",1,"H5,","H,",MAIN,Texas,31.827233,-99.423022,4,Midnight
Derailments,1994:09:UP:0994HO006,0,0,6000,1270,24,0,0,BRAZORIA,22:30,1994,1994,"E46C,","UP,",7,"E4,","E,",YARD,Texas,31.827233,-99.423022,22,Evening
Derailments,1994:09:SP:L0394,0,0,25500,300,0,0,0,HUDSPETH,3:00,1994,1994,"T102,","SP,UP,",1,"T1,","T,",MAIN,Texas,31.827233,-99.423022,3,Midnight
Derailments,1994:06:ATSF:090694102,0,0,9000,10080,10,3,0,EL PASO,4:40,1994,1994,"T110,","ATSF,",1,"T1,","T,",YARD,Texas,31.827233,-99.423022,4,Midnight
Other impacts,1994:11:ATSF:051194101,0,0,0,27100,0,0,0,DENTON,2:00,1994,1995,"H306,","ATSF,",1,"H3,","H,",YARD,Texas,31.827233,-99.423022,2,Midnight
Derailments,1994:08:UP:0894HO007,0,0,24000,750,0,0,0,JEFFERSON,19:35,1994,1994,"E46C,","UP,",1,"E4,","E,",YARD,Texas,31.827233,-99.423022,19,Evening
Obstruction impact,1994:07:SSW:V0934,0,0,0,30000,0,0,0,NAVARRO,20:02,1994,1994,"H402,","SSW,",51,"H4,","H,",MAIN,Texas,31.827233,-99.423022,20,Evening
Derailments,1994:11:ATSF:051194103,0,0,2000,15600,0,0,0,DENTON,22:55,1994,1995,"T102,M599,","ATSF,",1,"T1,M5,","T,M,",MAIN,Texas,31.827233,-99.423022,22,Evening
Derailments,1994:11:UP:1194FW006,0,0,1000,6500,0,0,0,TARRANT,21:05,1994,1995,"H702,","UP,",7,"H7,","H,",YARD,Texas,31.827233,-99.423022,21,Evening
Obstruction impact,1994:09:BN:AO0138,0,2,0,30000,0,0,0,HALL,24:10:00,1994,1994,"H402,","BN,",5,"H4,","H,",MAIN,Texas,31.827233,-99.423022,24,Midnight
Derailments,1994:07:UP:0794SA013,0,0,45000,3100,0,0,0,CALDWELL,17:15,1994,1994,"T109,","UP,",1,"T1,","T,",MAIN,Texas,31.827233,-99.423022,17,Evening
Derailments,1994:09:UP:0994FW015,0,0,0,6850,0,0,0,TARRANT,19:00,1994,1994,"S099,","UP,",7,"S0,","S,",YARD,Texas,31.827233,-99.423022,19,Evening
Derailments,1994:11:SP:G2074,0,0,2121,8465,0,0,0,MAVERICK,18:15,1994,1995,"H503,H525,","SP,",7,"H5,","H,",YARD,Texas,31.827233,-99.423022,18,Evening
Derailments,1994:09:UP:0994SA001,0,0,1500,14600,0,0,0,WEBB,4:10,1994,1994,"H702,","UP,",1,"H7,","H,",MAIN,Texas,31.827233,-99.423022,4,Midnight
Derailments,1994:09:UP:0994FW026,0,0,0,8600,0,0,0,TARRANT,18:45,1994,1994,"H020,","UP,",7,"H0,","H,",YARD,Texas,31.827233,-99.423022,18,Evening
Raking collision,1995:04:ATSF:060495101,0,0,27000,0,0,0,0,LAMPASAS,2:00,1995,1995,"M201,","ATSF,",1,"M2,","M,",MAIN,Texas,31.827233,-99.423022,2,Midnight
Derailments,1995:02:UP:0295ST015,0,0,33683,800,0,0,0,HARRIS,19:20,1995,1995,"H503,","UP,",1,"H5,","H,",YARD,Texas,31.827233,-99.423022,19,Evening
Derailments,1995:01:SP:H0295,0,0,1800,5000,0,0,0,HARRIS,24:25:00,1995,1995,"T311,","SP,",7,"T3,","T,",YARD,Texas,31.827233,-99.423022,24,Midnight
Other impacts,1995:05:PTRA:MAY9502,0,0,1665,8000,0,0,0,HARRIS,4:15,1995,1995,"H306,","PTRA,",7,"H3,","H,",YARD,Texas,31.827233,-99.423022,4,Midnight
Derailments,1995:04:SP:H1365,0,0,6000,58060,0,0,0,HARRIS,20:20,1995,1995,"T311,","SP,",1,"T3,","T,",INDUSTRY,Texas,31.827233,-99.423022,20,Evening
Derailments,1995:03:ATSF:070395107,0,0,500,10000,0,0,0,MOORE,4:10,1995,1995,"H601,","ATSF,",8,"H6,","H,",INDUSTRY,Texas,31.827233,-99.423022,4,Midnight
Derailments,1995:01:UP:0195SA004,0,0,28000,131775,0,0,0,HOWARD,21:30,1995,1995,"H601,","UP,",7,"H6,","H,",MAIN,Texas,31.827233,-99.423022,21,Evening
Other impacts,1995:04:ATSF:060495102,0,0,750,20580,2,1,0,BELL,2:00,1995,1995,"H999,","ATSF,",76,"H9,","H,",YARD,Texas,31.827233,-99.423022,2,Midnight
Other impacts,1994:12:SP:H4384,0,0,0,14000,0,0,0,ANGELINA,23:00,1994,1995,"H020,","SP,",7,"H0,","H,",MAIN,Texas,31.827233,-99.423022,23,Evening
Other impacts,1995:04:UP:0495HO016,0,0,0,9516,56,2,0,BRAZORIA,24:25:00,1995,1995,"H018,","UP,",7,"H0,","H,",YARD,Texas,31.827233,-99.423022,24,Midnight
Obstruction impact,1995:03:BN:AO0021,0,0,0,24500,0,0,0,HARDEMAN,24:15:00,1995,1995,"H306,H302,","BN,",61,"H3,","H,",YARD,Texas,31.827233,-99.423022,24,Midnight
Derailments,1995:02:BN:FW0053,0,0,2600,8300,0,0,0,TARRANT,1:30,1995,1995,"H020,","BN,",7,"H0,","H,",YARD,Texas,31.827233,-99.423022,1,Midnight
Obstruction impact,1995:04:SP:G0625,1,0,10000,500,0,0,0,BEXAR,22:08,1995,1995,"M402,","SP,",1,"M4,","M,",MAIN,Texas,31.827233,-99.423022,22,Evening
Derailments,1994:11:UP:1194FW019,0,0,54694,2805,0,0,0,TARRANT,1:30,1994,1995,"T299,","UP,",1,"T2,","T,",YARD,Texas,31.827233,-99.423022,1,Midnight
Other impacts,1995:04:BN:FW0118,0,0,830,18662,0,0,0,GALVESTON,20:15,1995,1995,"H306,H302,","BN,GVSR,",7,"H3,","H,",YARD,Texas,31.827233,-99.423022,20,Evening
Derailments,1995:04:SP:J0795,0,0,2500,7500,0,0,0,ORANGE,21:05,1995,1995,"T111,","SP,",7,"T1,","T,",YARD,Texas,31.827233,-99.423022,21,Evening
Derailments,1995:05:ATSF:050595100,0,0,21500,82000,9,0,0,COLLIN,18:15,1995,1995,"T101,","ATSF,",1,"T1,","T,",MAIN,Texas,31.827233,-99.423022,18,Evening
Other impacts,1995:02:UP:0295ST014,0,0,43500,0,0,0,0,HARRIS,20:30,1995,1995,"T314,","UP,",7,"T3,","T,",INDUSTRY,Texas,31.827233,-99.423022,20,Evening
Side collision,1995:03:KCS:440982,0,0,371,46961,0,0,0,JEFFERSON,18:15,1995,1995,"H306,","KCS,",7,"H3,","H,",YARD,Texas,31.827233,-99.423022,18,Evening
Other impacts,1995:03:DIRZ:INDUSTRY,0,0,0,10350,40,3,0,MOORE,20:30,1995,1995,"H306,","TXNW,",7,"H3,","H,",INDUSTRY,Texas,31.827233,-99.423022,20,Evening
Derailments,1995:04:UP:0495FW002,0,0,3000,5900,0,0,0,DALLAS,4:40,1995,1995,"T399,","UP,",7,"T3,","T,",YARD,Texas,31.827233,-99.423022,4,Midnight
Other impacts,1995:02:ATSF:060295102,0,0,3000,179400,19,0,0,MONTGOMERY,2:55,1995,1995,"M503,","ATSF,",1,"M5,","M,",SIDING,Texas,31.827233,-99.423022,2,Midnight
Derailments,1995:01:SP:H0165,0,0,0,11000,3,3,0,HARRIS,2:05,1995,1995,"H020,","SP,",1,"H0,","H,",MAIN,Texas,31.827233,-99.423022,2,Midnight
Derailments,1995:04:UP:0495SA011,0,0,70000,58060,2,2,0,REFUGIO,1:45,1995,1995,"T221,T212,","SP,UP,",1,"T2,","T,",MAIN,Texas,31.827233,-99.423022,1,Midnight
Derailments,1995:01:SP:H0075,0,0,0,13100,0,0,0,HARRIS,24:05:00,1995,1995,"H020,","SP,",1,"H0,","H,",MAIN,Texas,31.827233,-99.423022,24,Midnight
Other impacts,1994:12:PTRA:DEC9401,0,0,142,37200,4,3,0,HARRIS,20:20,1994,1995,"H399,H020,","PTRA,",76,"H3,H0,H3,","H,",YARD,Texas,31.827233,-99.423022,20,Evening
Derailments,1994:12:SP:H4304,0,0,30000,247000,0,0,0,ANGELINA,20:35,1994,1995,"T207,","SP,",1,"T2,","T,",MAIN,Texas,31.827233,-99.423022,20,Evening
Derailments,1995:01:HBT:AX9501001,0,0,3375,14590,0,0,0,HARRIS,24:10:00,1995,1995,"H503,","HBT,",7,"H5,","H,",YARD,Texas,31.827233,-99.423022,24,Midnight
Derailments,1995:03:KCS:442372,0,0,1200,21270,0,0,0,HUNT,3:50,1995,1995,"M503,","KCS,",1,"M5,","M,",MAIN,Texas,31.827233,-99.423022,3,Midnight
Other impacts,1995:01:SP:H0255,0,0,15200,2730,0,0,0,HARRIS,23:10,1995,1995,"M599,","SP,",7,"M5,","M,",YARD,Texas,31.827233,-99.423022,23,Evening
Other impacts,1995:02:HBT:AX950202,0,0,150,15000,0,0,0,HARRIS,3:00,1995,1995,"H312,","HBT,",6,"H3,","H,",YARD,Texas,31.827233,-99.423022,3,Midnight
Derailments,1995:01:ATSF:050195100,0,0,25000,2580,1,0,0,TARRANT,20:10,1995,1995,"H303,","ATSF,",1,"H3,","H,",YARD,Texas,31.827233,-99.423022,20,Evening
Other impacts,1994:12:UP:1294FW018,0,0,4200,6200,0,0,0,TARRANT,19:00,1994,1995,"H399,","UP,",6,"H3,","H,",YARD,Texas,31.827233,-99.423022,19,Evening
Other impacts,1995:02:PTRA:FEB9501,0,0,5570,1500,0,0,0,HARRIS,3:30,1995,1995,"H307,","PTRA,",7,"H3,","H,",INDUSTRY,Texas,31.827233,-99.423022,3,Midnight
Other impacts,1995:03:HBT:AX950301,0,0,350,29720,9,0,0,HARRIS,20:00,1995,1995,"H312,","HBT,",7,"H3,","H,",YARD,Texas,31.827233,-99.423022,20,Evening
Other impacts,1995:02:SP:G0275,0,0,500,21900,0,0,0,MAVERICK,1:35,1995,1995,"H306,","SP,",7,"H3,","H,",YARD,Texas,31.827233,-99.423022,1,Midnight
Derailments,1995:04:SP:G0735,0,0,20000,45360,1,0,0,KINNEY,17:15,1995,1995,"M405,","SP,",1,"M4,","M,",MAIN,Texas,31.827233,-99.423022,17,Evening
Side collision,1995:04:SP:G0635,0,0,2000,6700,0,0,0,BEXAR,2:30,1995,1995,"H605,","SP,",7,"H6,","H,",YARD,Texas,31.827233,-99.423022,2,Midnight
Derailments,1995:02:BN:FW0041,0,0,6000,64000,0,0,0,LEON,23:05,1995,1995,"E05C,M405,","BN,",1,"E0,M4,","E,M,",SIDING,Texas,31.827233,-99.423022,23,Evening
Other impacts,1995:02:SP:V0215,0,0,10000,22400,2,2,0,ROBERTSON,2:50,1995,1995,"H799,","SP,",7,"H7,","H,",YARD,Texas,31.827233,-99.423022,2,Midnight
Highway-rail impact,1995:04:BN:FW0095,0,0,8200,4500,0,0,0,DALLAS,17:20,1995,1995,"M303,","BN,",1,"M3,","M,",MAIN,Texas,31.827233,-99.423022,17,Evening
Derailments,1995:01:BN:FW0006,0,0,115000,203600,28,11,0,CLAY,3:15,1995,1995,"M405,T102,","BN,",1,"M4,T1,","M,T,",SIDING,Texas,31.827233,-99.423022,3,Midnight
Derailments,1995:01:KCS:447360,0,0,24489,57100,0,0,0,DALLAS,21:55,1995,1995,"T313,","KCS,",1,"T3,","T,",MAIN,Texas,31.827233,-99.423022,21,Evening
Other impacts,1995:06:UP:0695HO003,0,0,2000,16752,0,0,0,BRAZORIA,4:00,1995,1995,"T314,","UP,",7,"T3,","T,",YARD,Texas,31.827233,-99.423022,4,Midnight
Derailments,1995:02:ATSF:050295106,0,0,21500,26500,0,0,0,JOHNSON,17:10,1995,1995,"M204,","ATSF,",1,"M2,","M,",MAIN,Texas,31.827233,-99.423022,17,Evening
Derailments,1995:01:ATSF:060195100,0,0,6000,11200,0,0,0,HARDIN,19:15,1995,1995,"T299,","ATSF,",1,"T2,","T,",YARD,Texas,31.827233,-99.423022,19,Evening
Other impacts,1995:01:SP:H0225,0,0,6000,19050,0,0,0,HARRIS,21:30,1995,1995,"H306,","SP,",7,"H3,","H,",YARD,Texas,31.827233,-99.423022,21,Evening
Derailments,1995:05:UP:0595FW008,0,0,8150,507,0,0,0,TARRANT,1:40,1995,1995,"T102,","UP,",7,"T1,","T,",YARD,Texas,31.827233,-99.423022,1,Midnight
Obstruction impact,1995:05:BN:FW0125,0,0,0,11000,0,0,0,DALLAS,18:15,1995,1995,"H402,","BN,",5,"H4,","H,",MAIN,Texas,31.827233,-99.423022,18,Evening
Derailments,1995:05:SP:H1705,0,0,300,17300,1,1,0,HARRIS,23:50,1995,1995,"H020,","SP,",1,"H0,","H,",INDUSTRY,Texas,31.827233,-99.423022,23,Evening
Obstruction impact,1995:06:UP:0695HO026,0,0,0,13045,0,0,0,BRAZORIA,24:00:00,1995,1995,"H999,","UP,",6,"H9,","H,",YARD,Texas,31.827233,-99.423022,24,Midnight
Derailments,1995:06:UP:0695ST014,0,0,50000,6250,0,0,0,HARRIS,23:50,1995,1995,"E07C,","UP,",7,"E0,","E,",MAIN,Texas,31.827233,-99.423022,23,Evening
Derailments,1995:05:UP:0595SA003,0,0,229827,132316,0,0,0,MARTIN,18:00,1995,1995,"T101,","UP,",1,"T1,","T,",MAIN,Texas,31.827233,-99.423022,18,Evening
Other impacts,1995:08:HBT:AX950801,0,0,50,12459,0,0,0,HARRIS,22:39,1995,1995,"M404,","HBT,UP,",75,"M4,","M,",MAIN,Texas,31.827233,-99.423022,22,Evening
Derailments,1995:06:SP:H1905,0,1,6000,22000,10,0,0,HARRIS,1:45,1995,1995,"M599,","SP,",1,"M5,","M,",YARD,Texas,31.827233,-99.423022,1,Midnight
Derailments,1995:05:UP:0595MX004,0,0,0,65500,0,0,0,CAMERON,1:25,1995,1995,"H503,","UP,",7,"H5,","H,",YARD,Texas,31.827233,-99.423022,1,Midnight
Derailments,1995:07:UP:0795FW008,0,0,2000,37575,0,0,0,TARRANT,24:10:00,1995,1995,"H399,","UP,",7,"H3,","H,",YARD,Texas,31.827233,-99.423022,24,Midnight
Derailments,1995:08:BN:FW0233,0,0,2000,6800,14,0,0,TARRANT,23:00,1995,1995,"M599,M405,","ATSF,BN,",1,"M5,M4,","M,",MAIN,Texas,31.827233,-99.423022,23,Evening
Derailments,1995:06:UP:0695SA019,0,0,0,10362,0,0,0,HOWARD,17:05,1995,1995,"E46C,","UP,",1,"E4,","E,",MAIN,Texas,31.827233,-99.423022,17,Evening
Derailments,1995:06:UP:0695MX006,0,0,0,8000,0,0,0,WEBB,23:30,1995,1995,"H799,","UP,",1,"H7,","H,",MAIN,Texas,31.827233,-99.423022,23,Evening
Derailments,1995:06:SP:L0455,0,0,85000,175400,0,0,0,PRESIDIO,18:08,1995,1995,"E53C,","SP,",1,"E5,","E,",MAIN,Texas,31.827233,-99.423022,18,Evening
Derailments,1995:08:UP:0895FW002,0,0,8500,9206,0,0,0,TARRANT,18:58,1995,1995,"S011,","UP,",7,"S0,","S,",YARD,Texas,31.827233,-99.423022,18,Evening
Derailments,1995:05:MANZ:INDUSTRY,0,0,7505,0,0,0,0,HARRIS,20:50,1995,1995,"T110,","PTRA,",7,"T1,","T,",INDUSTRY,Texas,31.827233,-99.423022,20,Evening
Derailments,1995:07:ATSF:070795106,0,0,38000,18700,35,0,0,RANDALL,19:35,1995,1995,"T001,","ATSF,",1,"T0,","T,",INDUSTRY,Texas,31.827233,-99.423022,19,Evening
Derailments,1995:08:UP:0895HO016,0,0,12000,5568,0,0,0,BRAZORIA,22:30,1995,1995,"T314,","UP,",7,"T3,","T,",YARD,Texas,31.827233,-99.423022,22,Evening
Derailments,1995:07:UP:0795SA021,0,0,180,28995,0,0,0,LIVE OAK,18:45,1995,1995,"H099,","UP,",1,"H0,","H,",MAIN,Texas,31.827233,-99.423022,18,Evening
Derailments,1995:08:BN:AO0099,0,0,19700,118400,0,0,0,CASTRO,4:50,1995,1995,"T108,","BN,",1,"T1,","T,",MAIN,Texas,31.827233,-99.423022,4,Midnight
Other impacts,1995:07:UP:0795FW021,0,0,400,6096,0,0,0,TARRANT,19:45,1995,1995,"H020,","UP,",67,"H0,","H,",YARD,Texas,31.827233,-99.423022,19,Evening
Obstruction impact,1995:08:SSW:O1805,0,4,0,13100,0,0,0,HENDERSON,24:05:00,1995,1995,"M505,","SSW,",15,"M5,","M,",MAIN,Texas,31.827233,-99.423022,24,Midnight
Derailments,1995:05:UP:0595FW009,0,0,9300,3100,0,0,0,TARRANT,20:35,1995,1995,"E46C,","UP,",7,"E4,","E,",YARD,Texas,31.827233,-99.423022,20,Evening
Derailments,1995:06:SSC:SSC9503,0,0,30000,100000,41,7,0,JONES,17:30,1995,1995,"M405,E4TC,","SSC,",1,"M4,E4,","M,E,",MAIN,Texas,31.827233,-99.423022,17,Evening
Derailments,1995:08:ATSF:060895108,0,0,17000,80960,1,0,0,BAILEY,19:00,1995,1995,"T101,","ATSF,",1,"T1,","T,",INDUSTRY,Texas,31.827233,-99.423022,19,Evening
Derailments,1995:08:UP:0895HO004,0,0,75250,25326,0,0,0,MARION,18:15,1995,1995,"E46C,","UP,",1,"E4,","E,",SIDING,Texas,31.827233,-99.423022,18,Evening
Derailments,1995:06:ATSF:060695109,0,0,14000,4040,5,0,0,SAN AUGUSTINE,20:15,1995,1995,"M501,","ATSF,",1,"M5,","M,",MAIN,Texas,31.827233,-99.423022,20,Evening
Other impacts,1995:08:SIPZ:INDUSTRY,0,0,500,8000,0,0,0,HARRIS,17:00,1995,1995,"H306,","PTRA,",7,"H3,","H,",INDUSTRY,Texas,31.827233,-99.423022,17,Evening
Derailments,1995:07:KCS:506555,0,0,6594,6100,0,0,0,JEFFERSON,23:00,1995,1995,"H702,","KCS,SP,",7,"H7,","H,",MAIN,Texas,31.827233,-99.423022,23,Evening
Derailments,1995:08:UP:0895FW007,0,0,2400,10498,0,0,0,TARRANT,2:15,1995,1995,"H312,","UP,",7,"H3,","H,",YARD,Texas,31.827233,-99.423022,2,Midnight
Derailments,1995:09:HBT:AX950902,0,0,4243,13844,0,0,0,HARRIS,2:35,1995,1995,"T307,","HBT,SP,",7,"T3,","T,",YARD,Texas,31.827233,-99.423022,2,Midnight
Derailments,1995:07:UP:0795HO001,0,0,4780,21500,0,0,0,SMITH,18:50,1995,1995,"H017,","UP,",8,"H0,","H,",YARD,Texas,31.827233,-99.423022,18,Evening
Other impacts,1995:06:ATSF:070695100,0,0,25000,432000,3,0,0,PARMER,18:39,1995,1995,"M102,","ATSF,",1,"M1,","M,",MAIN,Texas,31.827233,-99.423022,18,Evening
Derailments,1995:05:SP:L0365,0,0,15000,23991,4,4,0,EL PASO,23:33,1995,1995,"E05C,","SP,",1,"E0,","E,",MAIN,Texas,31.827233,-99.423022,23,Evening
Derailments,1995:08:ATSF:070895105,0,0,25600,1000,0,0,0,HEMPHILL,3:55,1995,1995,"M405,","ATSF,",1,"M4,","M,",SIDING,Texas,31.827233,-99.423022,3,Midnight
Derailments,1995:06:SP:L0475,0,0,1500,12000,0,0,0,EL PASO,22:40,1995,1995,"H309,","SP,",7,"H3,","H,",YARD,Texas,31.827233,-99.423022,22,Evening
Derailments,1995:09:HBT:AX950901,0,0,8040,1644,0,0,0,HARRIS,19:30,1995,1995,"T110,H503,","BN,HBT,",1,"T1,H5,","T,H,",YARD,Texas,31.827233,-99.423022,19,Evening
Other impacts,1995:07:HBT:AX950701,0,0,1651,8470,0,0,0,HARRIS,21:40,1995,1995,"E39C,","HBT,",7,"E3,","E,",YARD,Texas,31.827233,-99.423022,21,Evening
Derailments,1995:07:KCS:514510,0,0,14869,96172,0,0,0,JEFFERSON,17:45,1995,1995,"E53C,","KCS,",1,"E5,","E,",YARD,Texas,31.827233,-99.423022,17,Evening
Derailments,1995:06:BN:FW0152,0,0,1000,22097,0,0,0,HARRIS,19:00,1995,1995,"M503,","BN,",1,"M5,","M,",YARD,Texas,31.827233,-99.423022,19,Evening
Other impacts,1995:09:SP:H2415,0,0,500,6200,0,0,0,HARRIS,2:30,1995,1995,"M407,","SP,",7,"M4,","M,",YARD,Texas,31.827233,-99.423022,2,Midnight
Derailments,1995:08:SP:V0975,0,0,18700,44420,0,0,0,DALLAS,24:30:00,1995,1995,"T202,","SP,",1,"T2,","T,",MAIN,Texas,31.827233,-99.423022,24,Midnight
Derailments,1995:08:UP:0895ST014,0,0,50000,651,0,0,0,ANDERSON,19:00,1995,1995,"T205,","UP,",5,"T2,","T,",YARD,Texas,31.827233,-99.423022,19,Evening
Other impacts,1995:05:PTRA:MAY9501,0,0,0,71081,0,0,0,HARRIS,19:30,1995,1995,"H399,","PTRA,",7,"H3,","H,",MAIN,Texas,31.827233,-99.423022,19,Evening
Derailments,1995:05:UP:0595HO004,0,0,4500,2000,22,2,0,BRAZORIA,21:05,1995,1995,"E21C,","UP,",7,"E2,","E,",YARD,Texas,31.827233,-99.423022,21,Evening
Derailments,1995:06:ATSF:060695110,0,0,188100,60100,0,0,0,HALE,18:55,1995,1995,"H505,T101,","ATSF,BN,",1,"H5,T1,","H,T,",MAIN,Texas,31.827233,-99.423022,18,Evening
Derailments,1995:07:ATSF:060795101,0,0,600,95280,21,0,0,BELL,19:30,1995,1995,"H020,","ATSF,",61,"H0,","H,",YARD,Texas,31.827233,-99.423022,19,Evening
Derailments,1995:09:ATSF:070995101,0,0,10000,9460,0,0,0,POTTER,20:30,1995,1995,"T210,","ATSF,",1,"T2,","T,",INDUSTRY,Texas,31.827233,-99.423022,20,Evening
Other impacts,1995:06:TNER:95107,0,0,0,13200,0,0,0,SHERMAN,18:15,1995,1995,"S012,","TNER,",7,"S0,","S,",YARD,Texas,31.827233,-99.423022,18,Evening
Derailments,1995:05:SP:G0755,0,0,50000,221840,0,0,0,LEE,18:55,1995,1995,"E46C,E40C,","SP,",1,"E4,","E,",MAIN,Texas,31.827233,-99.423022,18,Evening
Derailments,1996:01:UP:0196VB003,0,0,0,36000,4,0,0,GRAYSON,21:30,1996,1996,"M599,","UP,",1,"M5,","M,",MAIN,Texas,31.827233,-99.423022,21,Evening
Other impacts,1995:10:SP:H2885,0,0,9000,0,0,0,0,HARRIS,2:00,1995,1996,"H799,","SP,",6,"H7,","H,",YARD,Texas,31.827233,-99.423022,2,Midnight
Derailments,1995:09:SP:G1355,0,0,12000,107280,16,0,0,BEXAR,20:20,1995,1995,"H599,","SP,",1,"H5,","H,",MAIN,Texas,31.827233,-99.423022,20,Evening
Derailments,1995:12:UP:1295ST007,0,0,38400,30000,3,3,0,GALVESTON,2:35,1995,1996,"T319,T001,T110,","TCT,UP,",7,"T3,T0,T1,","T,",YARD,Texas,31.827233,-99.423022,2,Midnight
Side collision,1995:10:ATSF:061095101,0,2,3000,8100,0,0,0,GALVESTON,23:35,1995,1996,"H699,","ATSF,",1,"H6,","H,",YARD,Texas,31.827233,-99.423022,23,Evening
Highway-rail impact,1995:12:SP:H3235,0,0,60000,0,0,0,0,HARRIS,18:50,1995,1996,"M304,","SP,",1,"M3,","M,",MAIN,Texas,31.827233,-99.423022,18,Evening
Derailments,1995:09:UP:0995HO017,0,0,254924,321424,4,0,0,GREGG,19:00,1995,1995,"E40C,","UP,",1,"E4,","E,",MAIN,Texas,31.827233,-99.423022,19,Evening
Other impacts,1995:11:SP:L0905,0,0,0,40000,0,0,0,EL PASO,22:15,1995,1996,"H020,","SP,",7,"H0,","H,",YARD,Texas,31.827233,-99.423022,22,Evening
Other impacts,1995:12:PNR:604,0,1,12600,43000,2,2,0,HUTCHINSON,1:42,1995,1996,"H022,H313,","PNR,",7,"H0,H3,","H,",MAIN,Texas,31.827233,-99.423022,1,Midnight
Derailments,1996:01:ATSF:060196100,0,0,8455,440,0,0,0,HARDIN,2:45,1996,1996,"T202,","ATSF,",7,"T2,","T,",YARD,Texas,31.827233,-99.423022,2,Midnight
Derailments,1995:12:SP:G1625,0,0,40000,171183,0,0,0,BEXAR,18:55,1995,1996,"H504,","SP,",1,"H5,","H,",MAIN,Texas,31.827233,-99.423022,18,Evening
Derailments,1995:09:UP:0995FW011,0,0,4000,2515,0,0,0,TARRANT,1:45,1995,1995,"T101,","UP,",7,"T1,","T,",MAIN,Texas,31.827233,-99.423022,1,Midnight
Derailments,1995:09:SP:H2595,0,0,59000,13000,0,0,0,HARRIS,3:50,1995,1995,"H702,","SP,",7,"H7,","H,",MAIN,Texas,31.827233,-99.423022,3,Midnight