AccidentType,inckey,Fatalities,Injuries,TrackDamage,EquipmentDamage,HazmatCars,HazmatCarsDerailed,HazmatCarsReleasing,County,DisplayTime,calendar,Fiscal,AccidentCause,RailroadCodes,RAILEQUIPMENT_TYPE,CauseGroup,CauseDiscipline,TYPE_OF_TRACK,StateName,latitude,longitude,hour,cat
Other impacts,1995:09:SP:H2425,0,0,0,10000,0,0,0,HARRIS,20:10,1995,1995,"M407,","SP,",7,"M4,","M,",YARD,Texas,31.827233,-99.423022,20,Evening
Derailments,1995:12:SP:G1665,0,0,17000,600,0,0,0,BEXAR,18:30,1995,1996,"M599,","SP,",7,"M5,","M,",YARD,Texas,31.827233,-99.423022,18,Evening
Derailments,1995:09:SP:H2535,0,0,3000,4625,0,0,0,HARRIS,2:38,1995,1995,"T311,","SP,",7,"T3,","T,",YARD,Texas,31.827233,-99.423022,2,Midnight
Derailments,1995:10:UP:1095HO030,0,0,100,9047,9,3,0,BRAZORIA,2:05,1995,1996,"H020,","UP,",756,"H0,","H,",YARD,Texas,31.827233,-99.423022,2,Midnight
Highway-rail impact,1995:10:UP:1095FW005,0,1,15000,5000,0,0,0,WISE,24:30:00,1995,1996,"M399,","UP,",1,"M3,","M,",MAIN,Texas,31.827233,-99.423022,24,Midnight
Derailments,1996:01:UP:0196VB006,0,0,12000,11681,0,0,0,GRAYSON,24:10:00,1996,1996,"H503,","UP,",7,"H5,","H,",YARD,Texas,31.827233,-99.423022,24,Midnight
Derailments,1995:11:UP:1195SA019,0,0,270600,9800,0,0,0,SMITH,19:55,1995,1996,"E45C,","UP,",1,"E4,","E,",MAIN,Texas,31.827233,-99.423022,19,Evening
Other impacts,1995:09:SP:H2395,0,0,0,50000,0,0,0,HARRIS,17:30,1995,1995,"M407,","SP,",7,"M4,","M,",YARD,Texas,31.827233,-99.423022,17,Evening
Derailments,1995:11:SP:H3055,0,0,1500,44000,0,0,0,CHAMBERS,1:30,1995,1996,"T217,T101,","SP,",1,"T2,T1,","T,",INDUSTRY,Texas,31.827233,-99.423022,1,Midnight
Other impacts,1995:12:SP:G1615,0,0,17000,0,0,0,0,UVALDE,3:30,1995,1996,"H702,","SP,",1,"H7,","H,",MAIN,Texas,31.827233,-99.423022,3,Midnight
Derailments,1995:11:SP:H3125,0,0,1500,20800,0,0,0,HARRIS,19:15,1995,1996,"M505,","SP,",7,"M5,","M,",YARD,Texas,31.827233,-99.423022,19,Evening
Derailments,1995:11:SP:L0955,0,0,17000,40000,0,0,0,EL PASO,1:10,1995,1996,"M201,M204,","SP,",1,"M2,","M,",YARD,Texas,31.827233,-99.423022,1,Midnight
Derailments,1995:09:SHLZ:INDUSTRY,0,0,6000,4865,12,0,0,BRAZORIA,1:10,1995,1995,"T106,","UP,",1,"T1,","T,",INDUSTRY,Texas,31.827233,-99.423022,1,Midnight
Derailments,1995:11:BN:TX0708,0,0,20000,27300,20,1,0,FREESTONE,3:35,1995,1996,"H702,H999,","BN,",1,"H7,H9,","H,",MAIN,Texas,31.827233,-99.423022,3,Midnight
Derailments,1995:12:BN:TX0731,0,0,5786,9700,2,0,0,TARRANT,1:45,1995,1996,"H310,","BN,",7,"H3,","H,",YARD,Texas,31.827233,-99.423022,1,Midnight
Derailments,1995:10:UP:1095FW008,0,0,25000,1686,0,0,0,TARRANT,1:20,1995,1996,"T102,","UP,",7,"T1,","T,",MAIN,Texas,31.827233,-99.423022,1,Midnight
Derailments,1995:09:UP:0995FW008,0,0,3000,9400,0,0,0,TARRANT,19:30,1995,1995,"E69C,","UP,",7,"E6,","E,",YARD,Texas,31.827233,-99.423022,19,Evening
Derailments,1996:01:SP:G0056,0,0,1000,24080,0,0,0,BEXAR,1:45,1996,1996,"T202,","SP,",1,"T2,","T,",YARD,Texas,31.827233,-99.423022,1,Midnight
Derailments,1995:11:ATSF:051195100,0,0,15000,18100,3,0,0,TARRANT,20:00,1995,1996,"T199,","ATSF,",1,"T1,","T,",MAIN,Texas,31.827233,-99.423022,20,Evening
Derailments,1996:01:ATSF:060196101,0,0,1500,8500,26,1,0,HALE,22:15,1996,1996,"T101,","ATSF,",1,"T1,","T,",MAIN,Texas,31.827233,-99.423022,22,Evening
Derailments,1996:01:BN:TX0017,0,0,5000,1500,0,0,0,WICHITA,21:00,1996,1996,"H306,","BN,",1,"H3,","H,",YARD,Texas,31.827233,-99.423022,21,Evening
Derailments,1995:11:UP:1195ST008,0,0,23683,65087,0,0,0,HARRIS,24:43:00,1995,1996,"T199,","UP,",7,"T1,","T,",YARD,Texas,31.827233,-99.423022,24,Midnight
Derailments,1996:01:UP:0196SA010,0,0,20000,5000,1,0,0,JOHNSON,24:25:00,1996,1996,"E61C,","UP,",1,"E6,","E,",MAIN,Texas,31.827233,-99.423022,24,Midnight
Derailments,1995:12:ATSF:051295100,0,0,10750,1470,0,0,0,TARRANT,24:01:00,1995,1996,"E64C,","ATSF,BN,",7,"E6,","E,",MAIN,Texas,31.827233,-99.423022,24,Midnight
Derailments,1995:09:RVSC:RVSC9511,0,0,8303,8061,0,0,0,CAMERON,18:20,1995,1995,"T311,T399,","RVSC,",7,"T3,","T,",YARD,Texas,31.827233,-99.423022,18,Evening
Derailments,1996:04:PHAZ:INDUSTRY,0,0,10000,9850,0,0,0,HARRIS,19:40,1996,1996,"T314,","PTRA,",7,"T3,","T,",INDUSTRY,Texas,31.827233,-99.423022,19,Evening
Side collision,1996:04:PTRA:APR9602,0,0,89,15000,0,0,0,HARRIS,4:35,1996,1996,"H306,","PTRA,",57,"H3,","H,",YARD,Texas,31.827233,-99.423022,4,Midnight
Derailments,1996:03:DGNO:032596,0,0,400,20000,0,0,0,DALLAS,17:20,1996,1996,"H303,H306,","DGNO,",1,"H3,","H,",SIDING,Texas,31.827233,-99.423022,17,Evening
Derailments,1996:02:UP:0296HO012,0,0,19800,4110,0,0,0,BRAZORIA,18:00,1996,1996,"E07C,","UP,",7,"E0,","E,",YARD,Texas,31.827233,-99.423022,18,Evening
Derailments,1996:05:BN:TX0070,0,0,0,12000,0,0,0,ARMSTRONG,2:10,1996,1996,"E36C,E35C,","BN,",1,"E3,","E,",MAIN,Texas,31.827233,-99.423022,2,Midnight
Derailments,1996:05:SP:G0516,0,0,239000,399335,3,3,1,VAL VERDE,17:03,1996,1996,"M201,T205,","SP,",1,"M2,T2,","M,T,",MAIN,Texas,31.827233,-99.423022,17,Evening
Derailments,1996:01:BN:TX0010,0,0,2000,12500,1,1,0,HARRIS,20:10,1996,1996,"H306,H704,","BN,",1,"H3,H7,","H,",YARD,Texas,31.827233,-99.423022,20,Evening
Derailments,1996:04:UP:0496HO005,0,0,18800,23589,36,0,0,HARRIS,3:45,1996,1996,"H503,","UP,",1,"H5,","H,",YARD,Texas,31.827233,-99.423022,3,Midnight
Derailments,1996:03:UP:0396SA013,0,0,0,66464,0,0,0,HOWARD,4:00,1996,1996,"H399,","UP,",7,"H3,","H,",YARD,Texas,31.827233,-99.423022,4,Midnight
Derailments,1996:04:SP:H1116,0,0,1500,10544,0,0,0,HARRIS,2:30,1996,1996,"T314,","SP,",1,"T3,","T,",SIDING,Texas,31.827233,-99.423022,2,Midnight
Other impacts,1996:02:KCS:439895,0,0,0,9000,0,0,0,JEFFERSON,1:30,1996,1996,"H302,","KCS,",7,"H3,","H,",YARD,Texas,31.827233,-99.423022,1,Midnight
Other impacts,1996:05:SP:H1216,0,0,18000,0,0,0,0,LIBERTY,20:30,1996,1996,"H702,","SP,",1,"H7,","H,",MAIN,Texas,31.827233,-99.423022,20,Evening
Derailments,1996:04:UP:0496HO023,0,0,3000,9198,0,0,0,HARRIS,22:10,1996,1996,"M599,","UP,",1,"M5,","M,",YARD,Texas,31.827233,-99.423022,22,Evening
Derailments,1996:05:SP:H1226,0,0,37000,15000,0,0,0,HARRIS,2:20,1996,1996,"M409,","SP,",7,"M4,","M,",YARD,Texas,31.827233,-99.423022,2,Midnight
Derailments,1996:05:SP:H1156,0,0,20000,1000,0,0,0,HARRIS,1:07,1996,1996,"M409,","SP,",7,"M4,","M,",YARD,Texas,31.827233,-99.423022,1,Midnight
Derailments,1996:03:UP:0396SA011,0,0,8000,19064,0,0,0,HOWARD,3:00,1996,1996,"T110,","UP,",7,"T1,","T,",MAIN,Texas,31.827233,-99.423022,3,Midnight
Derailments,1996:04:ATSF:060496100,0,0,6120,560,0,0,0,BROWN,24:15:00,1996,1996,"T110,","ATSF,",1,"T1,","T,",INDUSTRY,Texas,31.827233,-99.423022,24,Midnight
Derailments,1996:03:UP:0396HO015,0,0,500,7500,0,0,0,JEFFERSON,17:30,1996,1996,"H306,","UP,",7,"H3,","H,",YARD,Texas,31.827233,-99.423022,17,Evening
Side collision,1996:05:UP:0596FW009,0,0,2000,15373,0,0,0,DALLAS,3:00,1996,1996,"H306,","UP,",16,"H3,","H,",YARD,Texas,31.827233,-99.423022,3,Midnight
Highway-rail impact,1996:03:BN:TX0046,0,0,8930,0,4,0,0,HARDEMAN,23:34,1996,1996,"M304,","BN,",1,"M3,","M,",MAIN,Texas,31.827233,-99.423022,23,Evening
Obstruction impact,1996:02:UP:0296HO008,0,0,20685,0,0,0,0,BOWIE,21:36,1996,1996,"H999,H101,","UP,",1,"H9,H1,","H,",MAIN,Texas,31.827233,-99.423022,21,Evening
Derailments,1996:04:UP:0496FW002,0,0,0,9000,0,0,0,DALLAS,20:00,1996,1996,"H306,","UP,",76,"H3,","H,",YARD,Texas,31.827233,-99.423022,20,Evening
Derailments,1996:06:BN:TX0096,0,0,65425,158000,0,0,0,DONLEY,24:55:00,1996,1996,"E53C,","BN,",1,"E5,","E,",MAIN,Texas,31.827233,-99.423022,24,Midnight
Derailments,1996:02:UP:0296HO007,0,0,500,18731,1,0,0,ANDERSON,17:45,1996,1996,"T110,","UP,",1,"T1,","T,",YARD,Texas,31.827233,-99.423022,17,Evening
Derailments,1996:03:BN:TX0050,0,0,34176,1200,0,0,0,TARRANT,23:35,1996,1996,"E07C,","BN,",7,"E0,","E,",YARD,Texas,31.827233,-99.423022,23,Evening
Highway-rail impact,1996:03:UP:0396SA014,0,0,0,12000,9,0,0,RANDALL,17:45,1996,1996,"M302,","ATSF,UP,",1,"M3,","M,",MAIN,Texas,31.827233,-99.423022,17,Evening
Derailments,1996:03:UP:0396ST007,0,0,7900,554,25,0,0,HARRIS,20:15,1996,1996,"E64C,","UP,",1,"E6,","E,",YARD,Texas,31.827233,-99.423022,20,Evening
Derailments,1996:02:UP:0296SA007,0,0,0,6308,0,0,0,BEXAR,19:15,1996,1996,"M502,","UP,",1,"M5,","M,",YARD,Texas,31.827233,-99.423022,19,Evening
Derailments,1996:02:CARZ:INDUSTRY,0,0,2045,16200,0,0,0,HARRIS,24:00:00,1996,1996,"T310,","PTRA,",7,"T3,","T,",INDUSTRY,Texas,31.827233,-99.423022,24,Midnight
Derailments,1996:04:UP:0496SA004,0,0,150000,390000,7,0,0,CALLAHAN,18:55,1996,1996,"T109,T001,M101,","ATSF,UP,",1,"T1,T0,M1,","T,M,",MAIN,Texas,31.827233,-99.423022,18,Evening
Derailments,1996:05:UP:0596SA014,0,0,5500,4400,0,0,0,WILLIAMSON,3:45,1996,1996,"H506,","UP,",1,"H5,","H,",YARD,Texas,31.827233,-99.423022,3,Midnight
Derailments,1996:09:SP:H2436,0,0,69000,2714,0,0,0,HARRIS,18:00,1996,1996,"T113,","SP,",1,"T1,","T,",YARD,Texas,31.827233,-99.423022,18,Evening
Other impacts,1996:09:KCS:506580,1,0,0,8500,0,0,0,DALLAS,18:35,1996,1996,"H399,H021,","DGNO,",7,"H3,H0,","H,",MAIN,Texas,31.827233,-99.423022,18,Evening
Derailments,1996:11:BNSF:TX1196104,0,0,15000,960,0,0,0,JOHNSON,4:00,1996,1997,"H503,T110,","BNSF,CRLX,",1,"H5,T1,","H,T,",YARD,Texas,31.827233,-99.423022,4,Midnight
Derailments,1996:06:UP:0696SA024,0,0,0,15409,0,0,0,BEXAR,1:55,1996,1996,"H702,","UP,",5,"H7,","H,",YARD,Texas,31.827233,-99.423022,1,Midnight
Derailments,1996:10:SP:H2586,0,0,1200,8500,0,0,0,HARRIS,1:00,1996,1997,"H020,","SP,",7,"H0,","H,",YARD,Texas,31.827233,-99.423022,1,Midnight
Derailments,1996:08:SP:G1026,0,0,104000,2700,0,0,0,MAVERICK,17:45,1996,1996,"H606,","SP,",1,"H6,","H,",MAIN,Texas,31.827233,-99.423022,17,Evening
Derailments,1996:09:SP:L0756,0,0,300,16000,0,0,0,EL PASO,18:30,1996,1996,"H210,H211,","SP,",7,"H2,","H,",YARD,Texas,31.827233,-99.423022,18,Evening
Derailments,1996:07:UP:0796HO021,0,0,44654,3109,0,0,0,JEFFERSON,18:50,1996,1996,"T222,","UP,",7,"T2,","T,",MAIN,Texas,31.827233,-99.423022,18,Evening
Derailments,1996:10:SP:H2706,0,0,300000,68800,11,3,3,WHARTON,21:05,1996,1997,"M505,","SP,",1,"M5,","M,",MAIN,Texas,31.827233,-99.423022,21,Evening
Other impacts,1996:07:UP:0796HO034,0,0,50,12184,8,1,0,BRAZORIA,2:15,1996,1996,"H302,","UP,",76,"H3,","H,",YARD,Texas,31.827233,-99.423022,2,Midnight
Derailments,1996:07:SP:G0876,0,0,18000,0,0,0,0,BEXAR,23:10,1996,1996,"M405,","SP,",1,"M4,","M,",MAIN,Texas,31.827233,-99.423022,23,Evening
Derailments,1996:06:UP:0696SA008,0,0,0,32798,36,0,0,ECTOR,19:15,1996,1996,"M502,","UP,",7,"M5,","M,",YARD,Texas,31.827233,-99.423022,19,Evening
Derailments,1996:06:UP:0696SA017,0,0,22000,16750,0,0,0,REFUGIO,17:55,1996,1996,"T109,","UP,",1,"T1,","T,",MAIN,Texas,31.827233,-99.423022,17,Evening
Derailments,1996:08:SP:H1896,0,0,7500,167417,3,3,0,HARRIS,4:30,1996,1996,"T221,","SP,",16,"T2,","T,",YARD,Texas,31.827233,-99.423022,4,Midnight
Derailments,1996:07:BNSF:TX0796114,0,0,50500,11900,29,2,0,LUBBOCK,17:20,1996,1996,"T110,","BNSF,",1,"T1,","T,",SIDING,Texas,31.827233,-99.423022,17,Evening
Derailments,1996:07:TNER:96156,0,0,8420,1800,0,0,0,GRAYSON,18:30,1996,1996,"T110,","TNER,",1,"T1,","T,",MAIN,Texas,31.827233,-99.423022,18,Evening
Other impacts,1996:10:SP:L0936,0,0,12000,0,0,0,0,BREWSTER,24:30:00,1996,1997,"H402,","SP,",5,"H4,","H,",MAIN,Texas,31.827233,-99.423022,24,Midnight
Derailments,1996:07:KCS:506569,0,0,25011,11260,0,0,0,MORRIS,19:30,1996,1996,"E29C,","KCS,",1,"E2,","E,",INDUSTRY,Texas,31.827233,-99.423022,19,Evening
Derailments,1996:07:UP:0796SA004,0,0,13000,0,0,0,0,REFUGIO,1:12,1996,1996,"H303,","UP,",1,"H3,","H,",SIDING,Texas,31.827233,-99.423022,1,Midnight
Other impacts,1996:07:HBT:AX9601,0,0,15120,20890,0,0,0,HARRIS,3:00,1996,1996,"H018,","HBT,",67,"H0,","H,",YARD,Texas,31.827233,-99.423022,3,Midnight
Derailments,1996:09:SP:H2376,0,0,55000,80676,49,0,0,LIBERTY,21:15,1996,1996,"H699,","SP,",1,"H6,","H,",MAIN,Texas,31.827233,-99.423022,21,Evening
Derailments,1996:09:SP:H2356,0,0,10000,48000,0,0,0,HARRIS,18:00,1996,1996,"T304,","SP,",7,"T3,","T,",MAIN,Texas,31.827233,-99.423022,18,Evening
Derailments,1996:07:TM:96005,0,0,12850,7500,1,0,0,DUVAL,1:45,1996,1996,"T101,M405,","TM,",1,"T1,M4,","T,M,",MAIN,Texas,31.827233,-99.423022,1,Midnight
Other impacts,1996:10:HBT:AX961001,0,0,5415,2169,27,2,0,HARRIS,4:00,1996,1997,"H204,","HBT,",7,"H2,","H,",YARD,Texas,31.827233,-99.423022,4,Midnight
Derailments,1996:10:GWSW:96GWSW20DP,0,0,20000,30000,0,0,0,LIBERTY,19:30,1996,1997,"T309,","GWSW,",7,"T3,","T,",YARD,Texas,31.827233,-99.423022,19,Evening
Derailments,1996:07:UP:0796HO029,0,0,37800,95196,0,0,0,ANDERSON,22:30,1996,1996,"E40C,","UP,",1,"E4,","E,",MAIN,Texas,31.827233,-99.423022,22,Evening
Derailments,1996:10:UP:1096SA004,0,0,0,15250,0,0,0,BEXAR,1:55,1996,1997,"M503,","UP,",7,"M5,","M,",YARD,Texas,31.827233,-99.423022,1,Midnight
Derailments,1996:07:UP:0796HO003,0,0,0,10349,0,0,0,HARRISON,17:25,1996,1996,"H702,","UP,",16,"H7,","H,",YARD,Texas,31.827233,-99.423022,17,Evening
Derailments,1996:10:SP:G1236,0,0,5000,6300,0,0,0,ZAPATA,18:45,1996,1997,"T110,","SP,",1,"T1,","T,",MAIN,Texas,31.827233,-99.423022,18,Evening
Derailments,1996:10:UP:1096HO012,0,0,56000,15000,48,1,0,JEFFERSON,18:35,1996,1997,"H702,","SP,UP,",1,"H7,","H,",MAIN,Texas,31.827233,-99.423022,18,Evening
Derailments,1996:08:BNSF:NM0896105,0,0,1500,6500,7,2,0,POTTER,2:45,1996,1996,"M503,","BNSF,",61,"M5,","M,",YARD,Texas,31.827233,-99.423022,2,Midnight
Raking collision,1996:10:AGCR:109601,0,0,0,53700,0,0,0,BEXAR,24:30:00,1996,1997,"H307,H702,","AGCR,",7,"H3,H7,","H,",YARD,Texas,31.827233,-99.423022,24,Midnight
Derailments,1996:10:UP:1096FW007,0,0,200,53555,0,0,0,TARRANT,17:30,1996,1997,"H020,","UP,",7,"H0,","H,",YARD,Texas,31.827233,-99.423022,17,Evening
Other impacts,1996:08:UP:0896HO029,0,0,0,10808,13,1,0,BRAZORIA,17:00,1996,1996,"H312,","UP,",7,"H3,","H,",YARD,Texas,31.827233,-99.423022,17,Evening
Derailments,1996:10:SP:H2626,0,0,10000,178750,45,4,0,CHAMBERS,21:00,1996,1997,"H306,","SP,",1,"H3,","H,",YARD,Texas,31.827233,-99.423022,21,Evening
Side collision,1996:07:UP:0796SA019,0,2,0,44679,0,0,0,BEXAR,21:00,1996,1996,"H306,","UP,",8,"H3,","H,",YARD,Texas,31.827233,-99.423022,21,Evening
Other impacts,1996:06:HBT:AX960601,0,0,3946,25900,0,0,0,HARRIS,24:25:00,1996,1996,"H503,","HBT,UP,",71,"H5,","H,",MAIN,Texas,31.827233,-99.423022,24,Midnight
Derailments,1996:06:UP:0696SA001,0,0,366211,60490,0,0,0,PALO PINTO,2:40,1996,1996,"T106,E46C,","ATSF,UP,",1,"T1,E4,","T,E,",MAIN,Texas,31.827233,-99.423022,2,Midnight
Derailments,1996:07:SP:H1746,0,0,26000,6000,0,0,0,HARRIS,20:00,1996,1996,"T221,","SP,",1,"T2,","T,",MAIN,Texas,31.827233,-99.423022,20,Evening
Derailments,1996:07:SP:G0776,0,0,23000,0,17,0,0,BEXAR,22:30,1996,1996,"T311,","SP,",1,"T3,","T,",MAIN,Texas,31.827233,-99.423022,22,Evening
Derailments,1996:07:SP:G0886,0,0,35000,179618,0,0,0,VAL VERDE,17:50,1996,1996,"M505,","SP,",1,"M5,","M,",MAIN,Texas,31.827233,-99.423022,17,Evening
Other impacts,1996:12:SP:H3146,0,0,500,6000,0,0,0,NACOGDOCHES,17:15,1996,1997,"H020,","SP,",7,"H0,","H,",YARD,Texas,31.827233,-99.423022,17,Evening
Derailments,1996:11:UP:1196VB002,0,0,25000,3375,0,0,0,GRAYSON,3:15,1996,1997,"T110,","UP,",1,"T1,","T,",YARD,Texas,31.827233,-99.423022,3,Midnight
Derailments,1997:03:UP:0397HO033,0,0,200000,15150,10,0,0,HARRIS,2:25,1997,1997,"H503,","UP,",7,"H5,","H,",MAIN,Texas,31.827233,-99.423022,2,Midnight
Other impacts,1996:11:UP:1196HO020,0,0,350,17689,0,0,0,GREGG,17:30,1996,1997,"E30C,","UP,",7,"E3,","E,",YARD,Texas,31.827233,-99.423022,17,Evening
Derailments,1997:03:BNSF:TX0397107,0,0,12000,21860,1,1,0,HALE,17:30,1997,1997,"T220,","BNSF,",61,"T2,","T,",YARD,Texas,31.827233,-99.423022,17,Evening
Derailments,1996:12:UP:1296VB009,0,0,15000,7700,0,0,0,GRAYSON,19:30,1996,1997,"T110,","UP,",1,"T1,","T,",YARD,Texas,31.827233,-99.423022,19,Evening
Derailments,1997:03:UP:0397ET011,0,0,21000,800,0,0,0,GRIMES,17:20,1997,1997,"E64C,","UP,",1,"E6,","E,",MAIN,Texas,31.827233,-99.423022,17,Evening
Derailments,1997:01:BNSF:TX0197100,0,0,7100,9925,0,0,0,BROWN,23:15,1997,1997,"T110,","BNSF,",1,"T1,","T,",YARD,Texas,31.827233,-99.423022,23,Evening
Derailments,1996:12:UP:1296HO080,0,0,2200,16100,0,0,0,JEFFERSON,20:25,1996,1997,"T207,","SP,UP,",1,"T2,","T,",YARD,Texas,31.827233,-99.423022,20,Evening
Raking collision,1997:03:PTRA:97MAR01,0,0,0,12500,0,0,0,HARRIS,24:45:00,1997,1997,"H020,","PTRA,",7,"H0,","H,",YARD,Texas,31.827233,-99.423022,24,Midnight
Derailments,1997:02:UP:0297ET038,0,0,6000,3588,0,0,0,HARRIS,19:25,1997,1997,"H306,","UP,",1,"H3,","H,",MAIN,Texas,31.827233,-99.423022,19,Evening
Derailments,1996:12:SP:H3096,0,0,1500,7116,1,0,0,HARRIS,1:50,1996,1997,"T110,","SP,",7,"T1,","T,",YARD,Texas,31.827233,-99.423022,1,Midnight
Derailments,1997:03:UP:0397HO025,0,0,8000,1571,0,0,0,FORT BEND,19:15,1997,1997,"T110,","UP,",1,"T1,","T,",YARD,Texas,31.827233,-99.423022,19,Evening
Derailments,1996:11:SP:L0996,0,0,2500,30800,13,3,0,EL PASO,19:35,1996,1997,"T202,","SP,",7,"T2,","T,",YARD,Texas,31.827233,-99.423022,19,Evening
Derailments,1997:01:UP:0197FW026,0,0,0,10445,0,0,0,DALLAS,2:30,1997,1997,"H018,","UP,",7,"H0,","H,",YARD,Texas,31.827233,-99.423022,2,Midnight
Derailments,1996:08:UP:0896FW006,0,0,450,19069,0,0,0,DALLAS,20:50,1996,1996,"M405,","UP,",7,"M4,","M,",YARD,Texas,31.827233,-99.423022,20,Evening
Derailments,1997:05:UP:0597TS014,0,0,30425,2200,0,0,0,EL PASO,19:00,1997,1997,"H504,","UP,",7,"H5,","H,",YARD,Texas,31.827233,-99.423022,19,Evening
Derailments,1997:02:UP:0297SA008,0,4,0,22000,0,0,0,SAN PATRICIO,2:15,1997,1997,"H404,H403,","UP,",1,"H4,","H,",MAIN,Texas,31.827233,-99.423022,2,Midnight
Derailments,1997:02:UP:0297ET004,0,0,4500,13236,0,0,0,ANDERSON,3:35,1997,1997,"T101,","UP,",1,"T1,","T,",MAIN,Texas,31.827233,-99.423022,3,Midnight
Derailments,1997:03:UP:0397HO016,0,0,2100,4451,2,0,0,HARRIS,3:35,1997,1997,"H503,","UP,",7,"H5,","H,",YARD,Texas,31.827233,-99.423022,3,Midnight
Derailments,1997:05:UP:0597HO033,0,0,3500,4000,0,0,0,HARRIS,23:30,1997,1997,"T199,","UP,",7,"T1,","T,",YARD,Texas,31.827233,-99.423022,23,Evening
Side collision,1996:11:UP:1196FW021,0,0,150,59842,0,0,0,TARRANT,24:30:00,1996,1997,"H306,","UP,",7,"H3,","H,",YARD,Texas,31.827233,-99.423022,24,Midnight
Highway-rail impact,1997:02:UP:0297ET010,0,1,5000,2000,0,0,0,MONTGOMERY,4:40,1997,1997,"M303,","UP,",1,"M3,","M,",MAIN,Texas,31.827233,-99.423022,4,Midnight
Derailments,1997:01:UP:0197ET023,0,0,500,57000,16,0,0,CASS,18:15,1997,1997,"E27C,","UP,",1,"E2,","E,",MAIN,Texas,31.827233,-99.423022,18,Evening
Side collision,1997:01:UP:0197TS007,0,0,0,30500,0,0,0,EL PASO,22:30,1997,1997,"H020,","UP,",56,"H0,","H,",YARD,Texas,31.827233,-99.423022,22,Evening
Derailments,1997:01:UP:0197HO013,0,0,33000,10700,48,0,0,LIBERTY,20:30,1997,1997,"M599,","UP,",6,"M5,","M,",MAIN,Texas,31.827233,-99.423022,20,Evening
Derailments,1997:01:UP:0197FW003,0,0,1700,4902,0,0,0,TARRANT,1:05,1997,1997,"T220,","UP,",7,"T2,","T,",YARD,Texas,31.827233,-99.423022,1,Midnight
Derailments,1996:11:BNSF:TX1196103,0,0,500,7000,25,1,0,BURLESON,18:55,1996,1997,"H306,","BNSF,",16,"H3,","H,",SIDING,Texas,31.827233,-99.423022,18,Evening
Derailments,1997:01:UP:0197HO040,0,0,2000,8728,0,0,0,HARRIS,19:00,1997,1997,"T110,","HBT,UP,",7,"T1,","T,",YARD,Texas,31.827233,-99.423022,19,Evening
Derailments,1997:01:UP:0197FW025,0,0,500,54450,0,0,0,DALLAS,4:20,1997,1997,"H306,","UP,",7,"H3,","H,",YARD,Texas,31.827233,-99.423022,4,Midnight
Derailments,1997:02:BNSF:OK0297106,0,0,12142,800,29,4,0,GRAY,22:30,1997,1997,"H022,","BNSF,",7,"H0,","H,",INDUSTRY,Texas,31.827233,-99.423022,22,Evening
Side collision,1997:03:BNSF:NM0397106,0,0,0,34238,0,0,0,DEAF SMITH,3:00,1997,1997,"H302,","BNSF,",15,"H3,","H,",YARD,Texas,31.827233,-99.423022,3,Midnight
Derailments,1997:03:PIAQ:INDUSTRY,0,0,0,9555,0,0,0,WISE,3:15,1997,1997,"T314,","UP,",7,"T3,","T,",INDUSTRY,Texas,31.827233,-99.423022,3,Midnight
Derailments,1997:01:UP:0197ET026,0,0,76000,479000,8,8,2,NACOGDOCHES,21:30,1997,1997,"T221,H699,","BNSF,UP,",1,"T2,H6,","T,H,",MAIN,Texas,31.827233,-99.423022,21,Evening
Derailments,1997:08:BNSF:TX0897121,0,0,29245,5100,0,0,0,HARDIN,21:00,1997,1997,"T210,","BNSF,",1,"T2,","T,",YARD,Texas,31.827233,-99.423022,21,Evening
Derailments,1997:06:UP:0697HO021,0,0,3000,14000,15,0,0,HARRIS,2:15,1997,1997,"T110,","BNSF,UP,",1,"T1,","T,",YARD,Texas,31.827233,-99.423022,2,Midnight
Other impacts,1997:04:UP:0497HO030,0,0,5450,21100,0,0,0,HARRIS,1:15,1997,1997,"M405,","UP,",7,"M4,","M,",YARD,Texas,31.827233,-99.423022,1,Midnight
Derailments,1997:06:HBT:AX970602,0,0,3560,3625,0,0,0,HARRIS,23:30,1997,1997,"H704,","HBT,",7,"H7,","H,",INDUSTRY,Texas,31.827233,-99.423022,23,Evening
Obstruction impact,1997:04:BNSF:OK0497103,0,0,70010,3500,0,0,0,GRAYSON,4:33,1997,1997,"M404,","BNSF,",1,"M4,","M,",MAIN,Texas,31.827233,-99.423022,4,Midnight
Derailments,1997:07:UP:0797FW031,0,0,10300,48369,0,0,0,TARRANT,20:50,1997,1997,"S011,E64C,","UP,",7,"S0,E6,","S,E,",YARD,Texas,31.827233,-99.423022,20,Evening
Derailments,1997:04:UP:0497TS012,0,0,5000,1500,0,0,0,EL PASO,17:35,1997,1997,"T319,","UP,",7,"T3,","T,",YARD,Texas,31.827233,-99.423022,17,Evening
Derailments,1997:07:UP:0797HO016,0,0,19800,4500,0,0,0,HARRIS,2:50,1997,1997,"E33C,","UP,",6,"E3,","E,",YARD,Texas,31.827233,-99.423022,2,Midnight