AccidentType,inckey,Fatalities,Injuries,TrackDamage,EquipmentDamage,HazmatCars,HazmatCarsDerailed,HazmatCarsReleasing,County,DisplayTime,calendar,Fiscal,AccidentCause,RailroadCodes,RAILEQUIPMENT_TYPE,CauseGroup,CauseDiscipline,TYPE_OF_TRACK,StateName,latitude,longitude,hour,cat
Derailments,1997:04:BNSF:TX0497100,0,0,38000,13500,2,0,0,SABINE,17:50,1997,1997,"T102,","BNSF,",1,"T1,","T,",MAIN,Texas,31.827233,-99.423022,17,Evening
Derailments,1997:07:UP:0797ET022,0,0,133239,177459,10,0,0,ANDERSON,21:45,1997,1997,"T101,","UP,",1,"T1,","T,",MAIN,Texas,31.827233,-99.423022,21,Evening
Derailments,1997:06:PTRA:JUNE9701,0,0,12200,13373,0,0,0,HARRIS,19:44,1997,1997,"E09C,","PTRA,",7,"E0,","E,",YARD,Texas,31.827233,-99.423022,19,Evening
Derailments,1997:04:UP:0497ET027,0,0,0,45000,0,0,0,ROBERTSON,4:35,1997,1997,"M405,","UP,",15,"M4,","M,",MAIN,Texas,31.827233,-99.423022,4,Midnight
Derailments,1997:07:BNSF:TX0797114,0,0,60000,9300,7,0,0,BELL,20:40,1997,1997,"T110,","BNSF,",1,"T1,","T,",YARD,Texas,31.827233,-99.423022,20,Evening
Derailments,1997:08:HBT:AX970801,0,0,17840,10257,0,0,0,HARRIS,22:35,1997,1997,"E67C,","HBT,UP,",15,"E6,","E,",MAIN,Texas,31.827233,-99.423022,22,Evening
Derailments,1997:04:KCS:440507,0,0,3000,31000,0,0,0,DENTON,1:25,1997,1997,"T001,","KCS,",1,"T0,","T,",MAIN,Texas,31.827233,-99.423022,1,Midnight
Other impacts,1997:04:BNSF:OK0497109,0,0,0,30000,0,0,0,GRAYSON,19:20,1997,1997,"H207,","BNSF,",1,"H2,","H,",MAIN,Texas,31.827233,-99.423022,19,Evening
Derailments,1997:06:UP:0697HO022,0,0,10000,1500,33,0,0,HARRIS,24:40:00,1997,1997,"E41C,M405,","UP,",1,"E4,M4,","E,M,",MAIN,Texas,31.827233,-99.423022,24,Midnight
Derailments,1997:04:UP:0497HO025,0,0,68800,189200,2,2,0,LIBERTY,19:45,1997,1997,"T220,","UP,",1,"T2,","T,",MAIN,Texas,31.827233,-99.423022,19,Evening
Derailments,1997:05:PTRA:97MAY04,0,0,4700,4938,0,0,0,HARRIS,18:55,1997,1997,"T101,","PTRA,",7,"T1,","T,",YARD,Texas,31.827233,-99.423022,18,Evening
Derailments,1997:08:BNSF:TX0897109,0,1,140000,500000,0,0,0,CLAY,18:40,1997,1997,"H404,","BNSF,",1,"H4,","H,",MAIN,Texas,31.827233,-99.423022,18,Evening
Side collision,1997:07:UP:0797FW015,0,0,500,31295,0,0,0,TARRANT,1:50,1997,1997,"H025,","UP,",7,"H0,","H,",YARD,Texas,31.827233,-99.423022,1,Midnight
Derailments,1997:07:BNSF:TX0797107,0,0,17900,15950,0,0,0,JOHNSON,17:30,1997,1997,"T110,","BNSF,",1,"T1,","T,",YARD,Texas,31.827233,-99.423022,17,Evening
Derailments,1997:09:BNSF:TX0997115,0,0,0,22000,9,2,0,NAVARRO,18:00,1997,1997,"H508,","BNSF,",1,"H5,","H,",MAIN,Texas,31.827233,-99.423022,18,Evening
Derailments,1997:05:UP:0597HO003,0,0,500,31000,0,0,0,LIBERTY,21:45,1997,1997,"M501,","UP,",75,"M5,","M,",INDUSTRY,Texas,31.827233,-99.423022,21,Evening
Derailments,1997:03:UP:0397FW006,0,0,5500,17456,1,1,0,TARRANT,22:30,1997,1997,"H020,","UP,",7,"H0,","H,",YARD,Texas,31.827233,-99.423022,22,Evening
Other impacts,1997:05:UP:0597HO002,0,0,0,6633,0,0,0,BRAZORIA,22:00,1997,1997,"H302,","UP,",76,"H3,","H,",YARD,Texas,31.827233,-99.423022,22,Evening
Other impacts,1997:06:UP:0697HO018,0,0,250,22874,24,4,0,VICTORIA,17:30,1997,1997,"H309,","UP,",61,"H3,","H,",YARD,Texas,31.827233,-99.423022,17,Evening
Derailments,1997:05:HBT:AX970501,0,0,12200,4250,14,3,0,HARRIS,17:00,1997,1997,"H503,T001,","HBT,",7,"H5,T0,","H,T,",YARD,Texas,31.827233,-99.423022,17,Evening
Derailments,1997:07:UP:0797HO024,0,0,6000,1000,0,0,0,GALVESTON,17:00,1997,1997,"H702,","UP,",8,"H7,","H,",YARD,Texas,31.827233,-99.423022,17,Evening
Derailments,1997:05:RVSC:RVSC97009,0,0,25276,0,0,0,0,HIDALGO,4:45,1997,1997,"M599,T403,","RVSC,",1,"M5,T4,","M,T,",SIDING,Texas,31.827233,-99.423022,4,Midnight
Derailments,1997:07:UP:0797MT031,0,0,15133,776,0,0,0,ROBERTSON,2:45,1997,1997,"T311,","UP,",1,"T3,","T,",YARD,Texas,31.827233,-99.423022,2,Midnight
Derailments,1997:07:UP:0797HO017,0,0,21600,82500,0,0,0,COLORADO,24:50:00,1997,1997,"T221,","UP,",1,"T2,","T,",MAIN,Texas,31.827233,-99.423022,24,Midnight
Head on collision,1997:06:UP:0697SA007,8,4,940000,4651300,0,0,0,MEDINA,23:15,1997,1997,"M505,","UP,",1,"M5,","M,",MAIN,Texas,31.827233,-99.423022,23,Evening
Derailments,1997:08:BNSF:TX0897102,0,0,16400,101500,0,0,0,LUBBOCK,24:01:00,1997,1997,"T110,","BNSF,",1,"T1,","T,",SIDING,Texas,31.827233,-99.423022,24,Midnight
Derailments,1997:04:PTRA:97APR02,0,0,25000,0,0,0,0,HARRIS,23:25,1997,1997,"H701,M599,","BNSF,PTRA,",1,"H7,M5,H7,","H,M,H,",YARD,Texas,31.827233,-99.423022,23,Evening
Derailments,1997:05:BNSF:TX0597121,0,0,7000,4124,44,0,0,HARRIS,18:45,1997,1997,"E67C,","BNSF,UP,",1,"E6,","E,",MAIN,Texas,31.827233,-99.423022,18,Evening
Derailments,1997:08:BNSF:TX0897101,0,0,21500,20000,0,0,0,DALLAS,24:50:00,1997,1997,"T199,E04C,","BNSF,",1,"T1,E0,","T,E,",YARD,Texas,31.827233,-99.423022,24,Midnight
Derailments,1997:06:RVSC:RVSC97013,0,0,8760,0,0,0,0,HIDALGO,1:15,1997,1997,"T202,","RVSC,",7,"T2,","T,",SIDING,Texas,31.827233,-99.423022,1,Midnight
Derailments,1997:07:UP:0797SA003,0,0,12000,11840,5,0,0,KINNEY,4:59,1997,1997,"H503,","UP,",1,"H5,","H,",SIDING,Texas,31.827233,-99.423022,4,Midnight
Head on collision,1997:08:UP:0897FW017,4,2,20000,3140300,15,0,0,TARRANT,23:55,1997,1997,"M505,","UP,",81,"M5,","M,",MAIN,Texas,31.827233,-99.423022,23,Evening
Derailments,1997:10:UP:1097FW003,0,0,0,7063,0,0,0,TARRANT,3:30,1997,1998,"H702,","UP,",7,"H7,","H,",YARD,Texas,31.827233,-99.423022,3,Midnight
Derailments,1997:09:UP:0997ET007,0,0,100,24380,1,0,0,KAUFMAN,1:46,1997,1997,"E21C,","UP,",1,"E2,","E,",MAIN,Texas,31.827233,-99.423022,1,Midnight
Derailments,1997:09:UP:0997HO021,0,0,1600,4900,3,3,0,LIBERTY,17:30,1997,1997,"H704,H306,","UP,",7,"H7,H3,","H,",YARD,Texas,31.827233,-99.423022,17,Evening
Rear end collision,1997:11:BNSF:TX1197102,0,4,27500,472000,2,0,0,WISE,24:10:00,1997,1998,"H204,H599,","BNSF,",1,"H2,H5,","H,",MAIN,Texas,31.827233,-99.423022,24,Midnight
Derailments,1997:10:BNSF:TX1097116,0,0,42000,37000,27,12,0,SWISHER,23:40,1997,1998,"E63C,","BNSF,",1,"E6,","E,",MAIN,Texas,31.827233,-99.423022,23,Evening
Derailments,1997:12:PTRA:97DEC01,0,0,3700,3479,1,1,0,HARRIS,19:59,1997,1998,"T319,","PTRA,",7,"T3,","T,",YARD,Texas,31.827233,-99.423022,19,Evening
Derailments,1997:12:BNSF:NM1297100,0,0,19371,88426,0,0,0,POTTER,4:45,1997,1998,"T207,","BNSF,",1,"T2,","T,",INDUSTRY,Texas,31.827233,-99.423022,4,Midnight
Derailments,1997:11:PNR:XD7022,0,0,15000,3500,6,1,0,HUTCHINSON,22:00,1997,1998,"S012,H210,","PNR,",7,"S0,H2,","S,H,",INDUSTRY,Texas,31.827233,-99.423022,22,Evening
Derailments,1997:09:BNSF:TX0997119,0,0,13000,16800,1,1,0,HARDIN,1:00,1997,1997,"T210,","BNSF,",1,"T2,","T,",YARD,Texas,31.827233,-99.423022,1,Midnight
Rear end collision,1997:10:UP:1097MT011,0,0,79110,433003,15,4,0,GRIMES,4:20,1997,1998,"H104,H101,","UP,",1,"H1,","H,",MAIN,Texas,31.827233,-99.423022,4,Midnight
Derailments,1997:11:UP:1197ET011,0,0,5000,2800,0,0,0,POLK,19:10,1997,1998,"H702,","UP,",8,"H7,","H,",INDUSTRY,Texas,31.827233,-99.423022,19,Evening
Derailments,1997:12:UP:1297HO015,0,0,28000,1000,0,0,0,HARRIS,4:15,1997,1998,"T310,","UP,",6,"T3,","T,",YARD,Texas,31.827233,-99.423022,4,Midnight
Derailments,1997:08:UP:0897HO016,0,0,75000,12448,3,0,0,HARRIS,24:45:00,1997,1997,"H702,","UP,",75,"H7,","H,",YARD,Texas,31.827233,-99.423022,24,Midnight
Derailments,1997:10:UP:1097HO001,0,0,1200,5800,1,1,0,HARRIS,19:00,1997,1998,"T319,","UP,",1,"T3,","T,",SIDING,Texas,31.827233,-99.423022,19,Evening
Derailments,1997:08:UP:0897ET008,0,0,2000,15152,0,0,0,ANDERSON,24:15:00,1997,1997,"T222,","UP,",1,"T2,","T,",YARD,Texas,31.827233,-99.423022,24,Midnight
Other impacts,1997:12:PNR:XD7024,0,0,0,18000,0,0,0,HUTCHINSON,20:40,1997,1998,"H702,M503,","PNR,",7,"H7,M5,","H,M,",YARD,Texas,31.827233,-99.423022,20,Evening
Derailments,1997:11:UP:1197HO008,0,0,5000,2462,0,0,0,HARRIS,20:00,1997,1998,"E39C,H312,","UP,",1,"E3,H3,","E,H,",YARD,Texas,31.827233,-99.423022,20,Evening
Other impacts,1997:11:BNSF:GC1197113,0,0,0,10000,0,0,0,BRAZORIA,22:00,1997,1998,"H702,","BNSF,",81,"H7,","H,",YARD,Texas,31.827233,-99.423022,22,Evening
Derailments,1997:11:UP:1197SA006,0,0,40000,342200,0,0,0,KINNEY,3:00,1997,1998,"T220,T202,","BNSF,UP,",1,"T2,","T,",MAIN,Texas,31.827233,-99.423022,3,Midnight
Derailments,1997:09:UP:0997FW004,0,0,200,28323,0,0,0,DALLAS,18:00,1997,1997,"H702,","UP,",7,"H7,","H,",YARD,Texas,31.827233,-99.423022,18,Evening
Derailments,1997:12:GVSR:1297,0,0,8635,1039,0,0,0,GALVESTON,20:30,1997,1998,"T201,","GVSR,",7,"T2,","T,",YARD,Texas,31.827233,-99.423022,20,Evening
Side collision,1997:11:UP:1197SA003,0,2,17000,0,5,0,0,BEXAR,21:35,1997,1998,"H702,","UP,",75,"H7,","H,",YARD,Texas,31.827233,-99.423022,21,Evening
Other impacts,1997:10:RVSC:RVSC97026,0,0,0,8000,0,0,0,HIDALGO,20:35,1997,1998,"H020,","RVSC,",7,"H0,","H,",SIDING,Texas,31.827233,-99.423022,20,Evening
Derailments,1997:10:UP:1097SA002,0,0,7000,52100,5,5,0,CAMERON,17:50,1997,1998,"T110,","UP,",1,"T1,","T,",YARD,Texas,31.827233,-99.423022,17,Evening
Other impacts,1997:08:UP:0897MT006,0,0,100,57014,3,0,0,BRAZORIA,24:40:00,1997,1997,"H302,","UP,",7,"H3,","H,",YARD,Texas,31.827233,-99.423022,24,Midnight
Derailments,1997:09:UP:0997HO010,0,0,3000,3833,27,0,0,HARRIS,22:15,1997,1997,"T110,","UP,",7,"T1,","T,",YARD,Texas,31.827233,-99.423022,22,Evening
Highway-rail impact,1997:08:UP:0897SA010,1,2,43000,269500,5,1,0,WILLACY,19:05,1997,1997,"M302,","UP,",1,"M3,","M,",MAIN,Texas,31.827233,-99.423022,19,Evening
Derailments,1997:12:BNSF:TX1297104,0,0,46103,160,0,0,0,LUBBOCK,24:00:00,1997,1998,"T319,","BNSF,",7,"T3,","T,",YARD,Texas,31.827233,-99.423022,24,Midnight
Derailments,1997:09:UP:0997HO018,0,0,4500,9862,6,0,0,HARRIS,3:40,1997,1997,"H503,","UP,",7,"H5,","H,",YARD,Texas,31.827233,-99.423022,3,Midnight
Derailments,1997:12:UP:1297MT012,0,0,2500,6500,14,5,0,BRAZORIA,23:55,1997,1998,"T110,","UP,",7,"T1,","T,",YARD,Texas,31.827233,-99.423022,23,Evening
Highway-rail impact,1997:10:UP:1097SA012,0,0,12000,3000,0,0,0,BEXAR,3:50,1997,1998,"M302,","UP,",1,"M3,","M,",MAIN,Texas,31.827233,-99.423022,3,Midnight
Obstruction impact,1998:01:BNSF:NM0198102,0,0,0,51900,7,2,0,POTTER,1:30,1998,1998,"H602,","BNSF,",7,"H6,","H,",YARD,Texas,31.827233,-99.423022,1,Midnight
Derailments,1997:10:BNSF:TX1097119,0,0,15000,2700,5,0,0,SHELBY,19:00,1997,1998,"H505,H506,","BNSF,",1,"H5,","H,",YARD,Texas,31.827233,-99.423022,19,Evening
Derailments,1997:12:UP:1297SA011,0,0,70000,83200,0,0,0,MAVERICK,19:25,1997,1998,"H603,","BNSF,UP,",7,"H6,","H,",MAIN,Texas,31.827233,-99.423022,19,Evening
Derailments,1997:10:BNSF:CO1097120,0,0,0,144000,0,0,0,HARTLEY,22:10,1997,1998,"E69C,","BNSF,",1,"E6,","E,",MAIN,Texas,31.827233,-99.423022,22,Evening
Derailments,1998:01:BNSF:GC0198104,0,0,0,20000,0,0,0,JEFFERSON,18:15,1998,1998,"H302,H704,","BNSF,",1,"H3,H7,","H,",MAIN,Texas,31.827233,-99.423022,18,Evening
Derailments,1997:10:UP:1097HO033,0,0,39969,3900,0,0,0,HARRIS,20:45,1997,1998,"H601,","UP,",1,"H6,","H,",YARD,Texas,31.827233,-99.423022,20,Evening
Derailments,1998:01:BNSF:TX0198103,0,0,45000,4000,0,0,0,BROWN,18:15,1998,1998,"H505,","BNSF,",7,"H5,","H,",YARD,Texas,31.827233,-99.423022,18,Evening
Derailments,1997:11:BNSF:TX1197106,0,0,1800,8400,18,3,0,TAYLOR,23:15,1997,1998,"H702,H306,","BNSF,",1,"H7,H3,","H,",MAIN,Texas,31.827233,-99.423022,23,Evening
Derailments,1997:12:UP:1297HO010,0,0,45000,36975,28,5,0,HARRIS,22:55,1997,1998,"T220,","UP,",1,"T2,","T,",YARD,Texas,31.827233,-99.423022,22,Evening
Derailments,1997:11:UP:1197LV004,0,0,4000,4438,32,0,0,JEFFERSON,19:50,1997,1998,"T314,","UP,",6,"T3,","T,",MAIN,Texas,31.827233,-99.423022,19,Evening
Derailments,1997:12:UP:1297ET011,0,0,2160,29545,0,0,0,GREGG,20:15,1997,1998,"H999,H306,","UP,",186,"H9,H3,H9,H3,H9,H3,","H,",YARD,Texas,31.827233,-99.423022,20,Evening
Derailments,1998:01:UP:0198ET009,0,0,15000,550,85,2,0,HENDERSON,17:45,1998,1998,"T110,","UP,",1,"T1,","T,",MAIN,Texas,31.827233,-99.423022,17,Evening
Derailments,1997:12:UP:1297MT001,0,0,246000,355147,0,0,0,COMAL,20:05,1997,1998,"T202,","UP,",1,"T2,","T,",MAIN,Texas,31.827233,-99.423022,20,Evening
Derailments,1997:10:BNSF:TX1097113,0,0,45000,12280,0,0,0,DALLAS,21:30,1997,1998,"E67C,T314,","BNSF,",1,"E6,T3,","E,T,",MAIN,Texas,31.827233,-99.423022,21,Evening
Other events,1997:10:UP:1097MT014,0,0,0,44493,0,0,0,MCLENNAN,21:45,1997,1998,"H601,","UP,",75,"H6,","H,",YARD,Texas,31.827233,-99.423022,21,Evening
Highway-rail impact,1998:01:UP:0198MT017,0,1,8000,20000,0,0,0,ROBERTSON,18:20,1998,1998,"M303,","UP,",1,"M3,","M,",MAIN,Texas,31.827233,-99.423022,18,Evening
Derailments,1998:05:BNSF:GC0598105,0,0,0,100000,0,0,0,HARRIS,3:00,1998,1998,"H306,","BNSF,",7,"H3,","H,",YARD,Texas,31.827233,-99.423022,3,Midnight
Derailments,1998:05:FWWR:98052201,0,0,2400,32000,0,0,0,TARRANT,19:15,1998,1998,"M405,","FWWR,",1,"M4,","M,",MAIN,Texas,31.827233,-99.423022,19,Evening
Derailments,1997:12:UP:1297HO004,0,0,0,82000,0,0,0,HARRIS,21:20,1997,1998,"H504,","UP,",76,"H5,","H,",YARD,Texas,31.827233,-99.423022,21,Evening
Derailments,1998:01:UP:0198FW003,0,0,300000,230743,0,0,0,TARRANT,3:45,1998,1998,"H503,","UP,",16,"H5,","H,",MAIN,Texas,31.827233,-99.423022,3,Midnight
Other impacts,1998:05:PTRA:MAY9802,0,0,2300,9500,0,0,0,HARRIS,22:15,1998,1998,"H702,","PTRA,",7,"H7,","H,",YARD,Texas,31.827233,-99.423022,22,Evening
Derailments,1998:02:UP:0298FW017,0,0,0,6966,0,0,0,TARRANT,3:00,1998,1998,"H306,","UP,",7,"H3,","H,",INDUSTRY,Texas,31.827233,-99.423022,3,Midnight
Highway-rail impact,1998:04:UP:0498MT008,0,0,0,10200,0,0,0,ELLIS,24:30:00,1998,1998,"M302,","UP,",1,"M3,","M,",MAIN,Texas,31.827233,-99.423022,24,Midnight
Derailments,1998:03:UP:0398FW004,0,0,36000,247341,27,0,0,TAYLOR,4:55,1998,1998,"E53C,","UP,",1,"E5,","E,",MAIN,Texas,31.827233,-99.423022,4,Midnight
Derailments,1998:04:UP:0498HO001,0,0,50500,87000,0,0,0,HARRIS,22:05,1998,1998,"M405,M204,H603,","BNSF,UP,",1,"M4,M2,H6,","M,H,",MAIN,Texas,31.827233,-99.423022,22,Evening
Derailments,1998:02:BNSF:TX0298106,0,0,3500,13700,1,0,0,JOHNSON,22:00,1998,1998,"M299,","BNSF,",1,"M2,","M,",YARD,Texas,31.827233,-99.423022,22,Evening
Derailments,1998:01:UP:0198MT015,0,0,99000,4000,43,2,0,BRAZORIA,19:20,1998,1998,"T102,","UP,",1,"T1,","T,",MAIN,Texas,31.827233,-99.423022,19,Evening
Other impacts,1998:04:PTRA:APR9801,0,0,3980,45000,3,3,0,HARRIS,21:00,1998,1998,"H018,","PTRA,",7,"H0,","H,",YARD,Texas,31.827233,-99.423022,21,Evening
Derailments,1998:03:PTRA:MAR9801,0,0,14098,30540,0,0,0,HARRIS,18:35,1998,1998,"T202,","BNSF,PTRA,",61,"T2,","T,",YARD,Texas,31.827233,-99.423022,18,Evening
Derailments,1998:04:SO:RD10498,0,0,117264,68550,1,1,0,RUNNELS,20:58,1998,1998,"T102,","SO,",1,"T1,","T,",MAIN,Texas,31.827233,-99.423022,20,Evening
Other events,1998:03:UP:0398HO028,0,0,0,7685,0,0,0,HARRIS,1:00,1998,1998,"M503,","UP,",5,"M5,","M,",YARD,Texas,31.827233,-99.423022,1,Midnight
Derailments,1998:03:UP:0398ET002,0,0,0,36878,0,0,0,BOWIE,23:40,1998,1998,"H504,","UP,",1,"H5,","H,",YARD,Texas,31.827233,-99.423022,23,Evening
Derailments,1998:05:UP:0598HO023,0,0,3000,7000,0,0,0,HARRIS,3:40,1998,1998,"T204,","UP,",1,"T2,","T,",YARD,Texas,31.827233,-99.423022,3,Midnight
Other impacts,1998:01:UP:0198SA007,0,0,0,14939,0,0,0,WEBB,1:55,1998,1998,"H306,","UP,",67,"H3,","H,",MAIN,Texas,31.827233,-99.423022,1,Midnight
Derailments,1997:11:BNSF:TX1197104,0,0,500,27000,0,0,0,TARRANT,3:20,1997,1998,"H702,","BNSF,",7,"H7,","H,",MAIN,Texas,31.827233,-99.423022,3,Midnight
Derailments,1998:02:UP:0298MT003,0,0,0,8609,0,0,0,MILAM,3:45,1998,1998,"H303,","UP,",1,"H3,","H,",YARD,Texas,31.827233,-99.423022,3,Midnight
Derailments,1998:05:RSPZ:INDUSTRY,0,0,1200,15000,0,0,0,HARRIS,23:30,1998,1998,"H503,T102,","UP,",1,"H5,T1,","H,T,",INDUSTRY,Texas,31.827233,-99.423022,23,Evening
Other events,1998:01:UP:0198SA013,0,0,0,8197,0,0,0,CAMERON,4:55,1998,1998,"M502,","UP,",7,"M5,","M,",YARD,Texas,31.827233,-99.423022,4,Midnight
Other events,1998:01:UP:0198HO011,0,0,0,27081,2,2,0,HARRIS,17:30,1998,1998,"H305,H306,","UP,",75,"H3,","H,",YARD,Texas,31.827233,-99.423022,17,Evening
Derailments,1998:04:UP:0498SA010,0,0,27000,10230,0,0,0,MAVERICK,3:00,1998,1998,"H702,H704,","BNSF,UP,",7,"H7,","H,",SIDING,Texas,31.827233,-99.423022,3,Midnight
Derailments,1998:03:UP:0398MT001,0,0,47380,210000,0,0,0,DE WITT,3:15,1998,1998,"T207,T221,","BNSF,UP,",1,"T2,","T,",MAIN,Texas,31.827233,-99.423022,3,Midnight
Derailments,1998:02:UP:0298HO006,0,0,25400,3000,5,0,0,HARRIS,24:45:00,1998,1998,"T110,","UP,",7,"T1,","T,",YARD,Texas,31.827233,-99.423022,24,Midnight
Derailments,1998:03:UP:0398HO008,0,0,5000,67881,7,5,0,LIBERTY,23:00,1998,1998,"H702,H306,","UP,",76,"H7,H3,H7,H3,","H,",YARD,Texas,31.827233,-99.423022,23,Evening
Derailments,1998:05:BRG:A70,0,0,40664,31689,0,0,0,CAMERON,4:00,1998,1998,"M599,1,","BRG,",1,"M5,1,","M,1,",YARD,Texas,31.827233,-99.423022,4,Midnight
Other impacts,1998:03:BNSF:TX0398112,0,0,75,21673,0,0,0,TARRANT,4:10,1998,1998,"H306,","BNSF,",7,"H3,","H,",YARD,Texas,31.827233,-99.423022,4,Midnight
Derailments,1998:03:UP:0398HO033,0,0,200,6773,0,0,0,BREWSTER,4:00,1998,1998,"T110,","UP,",7,"T1,","T,",YARD,Texas,31.827233,-99.423022,4,Midnight
Derailments,1998:05:UP:0598HO042,0,0,2000,7000,0,0,0,HARRIS,21:30,1998,1998,"T314,E67C,","UP,",1,"T3,E6,","T,E,",YARD,Texas,31.827233,-99.423022,21,Evening
Derailments,1998:03:BNSF:AO0398108,0,0,19900,0,0,0,0,RANDALL,22:13,1998,1998,"E51L,","BNSF,",8,"E5,","E,",MAIN,Texas,31.827233,-99.423022,22,Evening
Derailments,1998:01:UP:0198MT016,0,0,947000,7500,0,0,0,VICTORIA,4:30,1998,1998,"H599,H505,H605,","TM,UP,",1,"H5,H6,","H,",MAIN,Texas,31.827233,-99.423022,4,Midnight
Other events,1998:02:UP:0298HO010,0,0,500,20442,0,0,0,HARRIS,17:30,1998,1998,"H312,","UP,",7,"H3,","H,",YARD,Texas,31.827233,-99.423022,17,Evening
Derailments,1998:05:BNSF:TX0598107,0,0,3000,16600,7,0,0,BELL,23:00,1998,1998,"M503,","BNSF,",1,"M5,","M,",YARD,Texas,31.827233,-99.423022,23,Evening
Derailments,1998:03:UP:0398FW014,0,0,6000,15942,0,0,0,EASTLAND,21:50,1998,1998,"E46C,","UP,",7,"E4,","E,",MAIN,Texas,31.827233,-99.423022,21,Evening
Other impacts,1998:01:ZHUN:INDUSTRY,0,6,180000,590750,7,7,0,MONTGOMERY,19:40,1998,1998,"H702,H703,","BNSF,",61,"H7,","H,",INDUSTRY,Texas,31.827233,-99.423022,19,Evening
Derailments,1998:02:UP:0298SA011,0,0,75,23900,1,0,0,MEDINA,24:40:00,1998,1998,"E49C,","UP,",1,"E4,","E,",YARD,Texas,31.827233,-99.423022,24,Midnight
Derailments,1998:02:UP:0298FW021,0,0,0,17493,0,0,0,TARRANT,23:00,1998,1998,"H704,","UP,",7,"H7,","H,",YARD,Texas,31.827233,-99.423022,23,Evening
Highway-rail impact,1998:04:UP:0498HO009,0,1,6000,2000,0,0,0,HARRIS,24:30:00,1998,1998,"M303,","UP,",1,"M3,","M,",MAIN,Texas,31.827233,-99.423022,24,Midnight
Derailments,1998:03:UP:0398SA006,0,0,30000,439950,1,1,0,FRIO,17:12,1998,1998,"M502,","UP,",1,"M5,","M,",MAIN,Texas,31.827233,-99.423022,17,Evening
Highway-rail impact,1998:03:UP:0398SA004,0,0,0,10000,0,0,0,REFUGIO,19:20,1998,1998,"M399,","UP,",1,"M3,","M,",MAIN,Texas,31.827233,-99.423022,19,Evening
Derailments,1998:02:DGNO:ID98046,0,0,5000,28000,0,0,0,HUNT,18:30,1998,1998,"T101,","DGNO,",1,"T1,","T,",MAIN,Texas,31.827233,-99.423022,18,Evening
Highway-rail impact,1998:02:UP:0298MT008,0,2,0,15000,0,0,0,COLORADO,3:46,1998,1998,"M302,","ATK,UP,",2,"M3,","M,",MAIN,Texas,31.827233,-99.423022,3,Midnight
Derailments,1998:01:UP:0198HO029,0,0,1000,27447,3,3,0,HARRIS,24:45:00,1998,1998,"T110,","UP,",7,"T1,","T,",YARD,Texas,31.827233,-99.423022,24,Midnight
Derailments,1998:04:BNSF:AO0498109,0,0,8400,12100,3,3,0,LUBBOCK,22:50,1998,1998,"H312,","BNSF,",1,"H3,","H,",YARD,Texas,31.827233,-99.423022,22,Evening
Other impacts,1998:03:BNSF:TX0398115,0,0,200,13403,0,0,0,TARRANT,21:50,1998,1998,"H306,","BNSF,",7,"H3,","H,",YARD,Texas,31.827233,-99.423022,21,Evening
Derailments,1998:05:BNSF:TX0598110,0,0,47000,28000,0,0,0,MONTAGUE,17:30,1998,1998,"T108,","BNSF,",1,"T1,","T,",MAIN,Texas,31.827233,-99.423022,17,Evening
Derailments,1998:02:UP:0298HO014,0,0,9666,463,0,0,0,HARRIS,19:30,1998,1998,"T110,T111,","UP,",1,"T1,","T,",YARD,Texas,31.827233,-99.423022,19,Evening
Derailments,1998:05:BNSF:GC0598101,0,0,20000,7800,0,0,0,BURLESON,21:00,1998,1998,"H703,","BNSF,",1,"H7,","H,",MAIN,Texas,31.827233,-99.423022,21,Evening
Other events,1998:02:UP:0298HO008,0,0,2500,16147,4,2,0,HARRIS,19:30,1998,1998,"H301,","UP,",6,"H3,","H,",YARD,Texas,31.827233,-99.423022,19,Evening
Derailments,1998:03:UP:0398HO011,0,0,3500,3325,0,0,0,HARRIS,22:00,1998,1998,"T314,","UP,",1,"T3,","T,",YARD,Texas,31.827233,-99.423022,22,Evening
Derailments,1998:02:BNSF:GC0298102,0,0,300,12000,1,0,0,ELLIS,3:30,1998,1998,"E22C,","BNSF,",1,"E2,","E,",MAIN,Texas,31.827233,-99.423022,3,Midnight
Obstruction impact,1998:05:BNSF:AO0598116,0,0,10000,1200,0,0,0,RANDALL,21:15,1998,1998,"M402,","BNSF,",1,"M4,","M,",MAIN,Texas,31.827233,-99.423022,21,Evening
Derailments,1998:04:FWWR:98040801,0,0,9484,74242,0,0,0,TARRANT,20:10,1998,1998,"M405,T099,","FWWR,",1,"M4,T0,","M,T,",MAIN,Texas,31.827233,-99.423022,20,Evening
Derailments,1998:06:DGNO:ID98266,0,0,7000,20000,1,0,0,DALLAS,21:30,1998,1998,"T101,","DGNO,",1,"T1,","T,",MAIN,Texas,31.827233,-99.423022,21,Evening
Derailments,1998:07:SO:R010798,0,0,0,76800,0,0,0,TARRANT,3:00,1998,1998,"T109,","SO,",1,"T1,","T,",MAIN,Texas,31.827233,-99.423022,3,Midnight