AccidentType,inckey,Fatalities,Injuries,TrackDamage,EquipmentDamage,HazmatCars,HazmatCarsDerailed,HazmatCarsReleasing,County,DisplayTime,calendar,Fiscal,AccidentCause,RailroadCodes,RAILEQUIPMENT_TYPE,CauseGroup,CauseDiscipline,TYPE_OF_TRACK,StateName,latitude,longitude,hour,cat
Derailments,1998:06:UP:0698HO018,0,0,67000,13656,0,0,0,HARRIS,2:30,1998,1998,"T110,","UP,",1,"T1,","T,",YARD,Texas,31.827233,-99.423022,2,Midnight
Derailments,1998:06:UP:0698SA003,0,0,17500,118984,21,0,0,NUECES,1:40,1998,1998,"T319,","UP,",1,"T3,","T,",SIDING,Texas,31.827233,-99.423022,1,Midnight
Derailments,1998:09:BNSF:TX0998103,0,0,154172,226900,28,8,0,DALLAS,18:50,1998,1998,"T102,","BNSF,",1,"T1,","T,",MAIN,Texas,31.827233,-99.423022,18,Evening
Derailments,1998:08:UP:0898MT002,0,0,92000,424460,0,0,0,HILL,18:30,1998,1998,"H605,","UP,",1,"H6,","H,",MAIN,Texas,31.827233,-99.423022,18,Evening
Derailments,1998:06:WTJR:A98003,0,0,32957,14522,0,0,0,WICHITA,19:30,1998,1998,"T311,H503,","UP,WTJR,",1,"T3,H5,","T,H,",YARD,Texas,31.827233,-99.423022,19,Evening
Derailments,1998:08:BNSF:GC0898116,0,0,195000,4700,0,0,0,JASPER,2:00,1998,1998,"M101,","BNSF,",1,"M1,","M,",YARD,Texas,31.827233,-99.423022,2,Midnight
Derailments,1998:09:BNSF:GC0998115,0,0,114000,13500,1,0,0,BURLESON,21:00,1998,1998,"H503,","BNSF,",1,"H5,","H,",YARD,Texas,31.827233,-99.423022,21,Evening
Other events,1998:07:UP:0798HO048,0,0,41000,91023,0,0,0,HARRIS,18:30,1998,1998,"T220,","UP,",7,"T2,","T,",YARD,Texas,31.827233,-99.423022,18,Evening
Derailments,1998:08:UP:0898WH004,0,0,78425,82900,0,0,0,TARRANT,22:18,1998,1998,"T109,","UP,",1,"T1,","T,",MAIN,Texas,31.827233,-99.423022,22,Evening
Other impacts,1998:08:BNSF:GC0898119,0,0,0,6900,0,0,0,HARRIS,20:30,1998,1998,"H306,","BNSF,",75,"H3,","H,",YARD,Texas,31.827233,-99.423022,20,Evening
Derailments,1998:06:UP:0698HO024,0,0,250,18790,2,2,0,HARRIS,4:00,1998,1998,"H310,H399,","UP,",57,"H3,","H,",YARD,Texas,31.827233,-99.423022,4,Midnight
Side collision,1998:09:UP:0998FW013,0,0,750,14223,0,0,0,TARRANT,20:05,1998,1998,"H312,","UP,",76,"H3,","H,",YARD,Texas,31.827233,-99.423022,20,Evening
Derailments,1998:05:UP:0598TS029,0,0,0,11941,0,0,0,HOWARD,3:15,1998,1998,"H312,","UP,",7,"H3,","H,",YARD,Texas,31.827233,-99.423022,3,Midnight
Derailments,1998:06:UP:0698FW004,0,0,55100,4204,8,0,0,DALLAS,22:45,1998,1998,"E40C,","UP,",1,"E4,","E,",MAIN,Texas,31.827233,-99.423022,22,Evening
Other events,1998:07:PTRA:JULY9802,0,0,5800,15669,0,0,0,HARRIS,3:15,1998,1998,"H306,","PTRA,",7,"H3,","H,",YARD,Texas,31.827233,-99.423022,3,Midnight
Other events,1998:10:UP:1098ET017,0,0,41664,66831,0,0,0,GREGG,1:10,1998,1999,"T202,","UP,",7,"T2,","T,",YARD,Texas,31.827233,-99.423022,1,Midnight
Derailments,1998:08:BRG:A75,0,0,50000,50000,0,0,0,CAMERON,4:30,1998,1998,"T110,","BRG,",1,"T1,","T,",MAIN,Texas,31.827233,-99.423022,4,Midnight
Derailments,1998:06:BNSF:TX0698107,0,0,300,11820,1,1,0,BELL,17:20,1998,1998,"H399,","BNSF,",7,"H3,","H,",SIDING,Texas,31.827233,-99.423022,17,Evening
Highway-rail impact,1998:06:BNSF:AO0698203,0,0,35000,25000,2,0,0,PARMER,2:30,1998,1998,"M302,M304,","BNSF,",1,"M3,","M,",MAIN,Texas,31.827233,-99.423022,2,Midnight
Other events,1998:07:UP:0798FW017,0,0,0,8694,0,0,0,TARRANT,20:45,1998,1998,"M405,","UP,",7,"M4,","M,",YARD,Texas,31.827233,-99.423022,20,Evening
Derailments,1998:07:UP:0798HO012,0,0,46000,109462,30,3,1,HARRIS,23:50,1998,1998,"E46C,","UP,",1,"E4,","E,",MAIN,Texas,31.827233,-99.423022,23,Evening
Derailments,1998:06:UP:0698SA007,0,1,48000,10888,0,0,0,BEXAR,21:55,1998,1998,"T102,","UP,",1,"T1,","T,",YARD,Texas,31.827233,-99.423022,21,Evening
Derailments,1998:07:BNSF:TX0798122,0,0,65000,96000,87,8,0,COLEMAN,21:00,1998,1998,"E06C,E49C,","BNSF,",1,"E0,E4,","E,",SIDING,Texas,31.827233,-99.423022,21,Evening
Highway-rail impact,1998:07:PTRA:9807013,1,0,40000,1050,0,0,0,HARRIS,21:40,1998,1998,"M304,","PTRA,",7,"M3,","M,",YARD,Texas,31.827233,-99.423022,21,Evening
Derailments,1998:06:UP:0698MT015,0,0,190000,3492,0,0,0,WILLIAMSON,2:10,1998,1998,"E53C,","UP,",1,"E5,","E,",MAIN,Texas,31.827233,-99.423022,2,Midnight
Derailments,1998:08:DGNO:ID98406,0,0,7500,25000,0,0,0,DALLAS,21:30,1998,1998,"T101,","DGNO,",1,"T1,","T,",MAIN,Texas,31.827233,-99.423022,21,Evening
Derailments,1998:06:ZCOR:INDUSTRY,0,0,900,8591,0,0,0,JEFFERSON,22:10,1998,1998,"T102,","UP,",1,"T1,","T,",INDUSTRY,Texas,31.827233,-99.423022,22,Evening
Derailments,1998:06:UP:0698HO027,0,0,5000,2352,0,0,0,HARRIS,20:45,1998,1998,"H702,H307,","UP,",1,"H7,H3,","H,",MAIN,Texas,31.827233,-99.423022,20,Evening
Other impacts,1998:09:BNSF:TX0998104,0,2,0,8000,0,0,0,BELL,20:30,1998,1998,"H018,","BNSF,",7,"H0,","H,",YARD,Texas,31.827233,-99.423022,20,Evening
Derailments,1998:07:BNSF:GC0798112,0,0,150000,652000,0,0,0,BELL,17:10,1998,1998,"E33C,","BNSF,",1,"E3,","E,",MAIN,Texas,31.827233,-99.423022,17,Evening
Derailments,1998:07:UP:0798FW004,0,0,300,7000,0,0,0,DALLAS,21:05,1998,1998,"H702,","ATK,UP,",2,"H7,","H,",MAIN,Texas,31.827233,-99.423022,21,Evening
Other events,1998:07:UP:0798HO020,0,0,600,31437,30,3,0,FORT BEND,1:00,1998,1998,"H601,H019,","UP,",7,"H6,H0,","H,",YARD,Texas,31.827233,-99.423022,1,Midnight
Derailments,1998:09:UP:0998HO010,0,0,10000,20000,0,0,0,HARRIS,17:00,1998,1998,"T314,","UP,",1,"T3,","T,",YARD,Texas,31.827233,-99.423022,17,Evening
Derailments,1998:11:BNSF:TX1198131,0,0,0,75000,0,0,0,JOHNSON,21:58,1998,1999,"M502,","BNSF,",8,"M5,","M,",MAIN,Texas,31.827233,-99.423022,21,Evening
Derailments,1998:08:TM:98037,0,0,12100,0,0,0,0,NUECES,17:40,1998,1998,"T111,T110,T112,","BNSF,TM,UP,",1,"T1,","T,",MAIN,Texas,31.827233,-99.423022,17,Evening
Other events,1998:07:UP:0798FW012,0,0,0,42136,0,0,0,DALLAS,19:45,1998,1998,"H306,","UP,",7,"H3,","H,",YARD,Texas,31.827233,-99.423022,19,Evening
Other events,1998:08:UP:0898TS010,0,0,0,8586,2,2,0,EL PASO,2:30,1998,1998,"H018,","UP,",7,"H0,","H,",YARD,Texas,31.827233,-99.423022,2,Midnight
Derailments,1998:07:UP:0798WH027,0,0,16500,20536,0,0,0,GRAYSON,17:05,1998,1998,"T314,","UP,",1,"T3,","T,",YARD,Texas,31.827233,-99.423022,17,Evening
Other events,1998:07:UP:0798ET007,0,0,0,48719,0,0,0,GREGG,19:05,1998,1998,"H306,","UP,",6,"H3,","H,",YARD,Texas,31.827233,-99.423022,19,Evening
Derailments,1998:08:UP:0898FW034,0,0,90000,150,0,0,0,TARRANT,19:25,1998,1998,"T102,H504,H501,","BNSF,UP,",1,"T1,H5,","T,H,",MAIN,Texas,31.827233,-99.423022,19,Evening
Derailments,1998:06:UP:0698SA018,0,0,7000,4441,0,0,0,BEXAR,22:00,1998,1998,"T314,","UP,",1,"T3,","T,",YARD,Texas,31.827233,-99.423022,22,Evening
Derailments,1998:08:UP:0898FW006,0,0,150000,341861,0,0,0,KAUFMAN,17:10,1998,1998,"T109,","UP,",1,"T1,","T,",MAIN,Texas,31.827233,-99.423022,17,Evening
Derailments,1998:06:UP:0698HO012,0,0,67000,785,9,2,0,HARRIS,4:00,1998,1998,"M405,","UP,",1,"M4,","M,",YARD,Texas,31.827233,-99.423022,4,Midnight
Derailments,1998:08:BNSF:TX0898107,0,0,35000,49200,3,3,0,TARRANT,23:30,1998,1998,"M405,","BNSF,",1,"M4,","M,",YARD,Texas,31.827233,-99.423022,23,Evening
Other impacts,1998:08:BNSF:AO0898116,0,4,13000,130000,7,7,2,CARSON,23:50,1998,1998,"H307,","BNSF,",61,"H3,","H,",SIDING,Texas,31.827233,-99.423022,23,Evening
Derailments,1998:06:UP:0698ET023,0,0,3500,49800,0,0,0,MARION,24:03:00,1998,1998,"T217,","UP,",1,"T2,","T,",MAIN,Texas,31.827233,-99.423022,24,Midnight
Side collision,1998:07:UP:0798HO041,0,0,400,13061,0,0,0,HARRIS,1:30,1998,1998,"H605,","UP,",68,"H6,","H,",YARD,Texas,31.827233,-99.423022,1,Midnight
Derailments,1998:07:UP:0798MT004,0,0,45000,49500,0,0,0,BASTROP,21:15,1998,1998,"H306,","UP,",14,"H3,","H,",YARD,Texas,31.827233,-99.423022,21,Evening
Side collision,1998:06:PTRA:JUNE9801,0,0,2950,3884,0,0,0,HARRIS,2:00,1998,1998,"H401,","PTRA,UP,",77,"H4,","H,",YARD,Texas,31.827233,-99.423022,2,Midnight
Derailments,1998:07:UP:0798HO037,0,0,40000,7405,0,0,0,HARRIS,17:15,1998,1998,"T314,","UP,",1,"T3,","T,",MAIN,Texas,31.827233,-99.423022,17,Evening
Derailments,1998:11:UP:1198EP019,0,0,120000,35700,0,0,0,EL PASO,17:45,1998,1999,"M405,","UP,",1,"M4,","M,",MAIN,Texas,31.827233,-99.423022,17,Evening
Other events,1998:10:UP:1098HO011,0,0,5000,35101,12,0,0,HARRIS,21:15,1998,1999,"H505,H503,","UP,",7,"H5,","H,",YARD,Texas,31.827233,-99.423022,21,Evening
Derailments,1998:11:BNSF:GC1198109,0,0,50000,73415,1,0,0,HARDIN,4:30,1998,1999,"T399,S011,","BNSF,",1,"T3,S0,","T,S,",MAIN,Texas,31.827233,-99.423022,4,Midnight
Other events,1998:12:MUZ:INDUSTRY,0,0,500,9273,0,0,0,HARRIS,3:05,1998,1999,"H212,","UP,",7,"H2,","H,",INDUSTRY,Texas,31.827233,-99.423022,3,Midnight
Derailments,1998:11:UP:1198EP014,0,0,10000,43135,11,0,0,ECTOR,17:00,1998,1999,"H702,","UP,",7,"H7,","H,",INDUSTRY,Texas,31.827233,-99.423022,17,Evening
Other impacts,1998:12:BNSF:TX1298110,0,0,0,32188,0,0,0,TARRANT,21:30,1998,1999,"H018,","BNSF,",7,"H0,","H,",YARD,Texas,31.827233,-99.423022,21,Evening
Other events,1999:03:PTRA:MARCH9901,0,0,3278,23000,0,0,0,HARRIS,3:30,1999,1999,"H099,","PTRA,",6,"H0,","H,",INDUSTRY,Texas,31.827233,-99.423022,3,Midnight
Highway-rail impact,1998:12:UP:1298SA003,0,2,2000,10000,0,0,0,WEBB,17:10,1998,1999,"M302,","UP,",1,"M3,","M,",MAIN,Texas,31.827233,-99.423022,17,Evening
Derailments,1998:12:UP:1298ET020,0,0,10000,125512,6,0,0,GREGG,1:00,1998,1999,"H021,","UP,",616,"H0,","H,",YARD,Texas,31.827233,-99.423022,1,Midnight
Derailments,1999:01:UP:0199LV017,0,0,17094,900,28,0,0,JEFFERSON,24:15:00,1999,1999,"T399,T110,","BNSF,UP,",1,"T3,T1,","T,",INDUSTRY,Texas,31.827233,-99.423022,24,Midnight
Other events,1998:12:UP:1298FW028,0,0,3000,0,0,0,0,DALLAS,1:30,1998,1999,"H307,","UP,",NA,"H3,","H,",YARD,Texas,31.827233,-99.423022,1,Midnight
Derailments,1998:11:KCS:496470,0,0,16151,113000,3,0,0,HUNT,3:45,1998,1999,"H702,","KCS,",1,"H7,","H,",MAIN,Texas,31.827233,-99.423022,3,Midnight
Derailments,1998:12:UP:1298HO029,0,0,500,10315,0,0,0,ROBERTSON,21:00,1998,1999,"T202,","UP,",7,"T2,","T,",YARD,Texas,31.827233,-99.423022,21,Evening
Derailments,1998:12:BNSF:GC1298104,0,0,10000,29000,10,0,0,HARDIN,2:40,1998,1999,"T202,","BNSF,",1,"T2,","T,",YARD,Texas,31.827233,-99.423022,2,Midnight
Derailments,1999:01:UP:0199EP009,0,0,85962,7894,0,0,0,EL PASO,4:55,1999,1999,"T319,","UP,",1,"T3,","T,",MAIN,Texas,31.827233,-99.423022,4,Midnight
Derailments,1999:03:UP:0399FW001,0,0,18800,57878,0,0,0,TARRANT,1:30,1999,1999,"H501,","UP,",1,"H5,","H,",MAIN,Texas,31.827233,-99.423022,1,Midnight
Other events,1998:12:PTRA:DEC9801,0,0,100,28500,1,1,0,HARRIS,18:00,1998,1999,"H021,","PTRA,",75,"H0,","H,",YARD,Texas,31.827233,-99.423022,18,Evening
Derailments,1999:02:BNSF:GC0299104,0,0,500,6325,23,3,0,BURLESON,3:40,1999,1999,"H507,","BNSF,",1,"H5,","H,",YARD,Texas,31.827233,-99.423022,3,Midnight
Derailments,1998:12:UP:1298HO033,0,0,115000,247050,0,0,0,FORT BEND,22:40,1998,1999,"E4TC,","UP,",1,"E4,","E,",MAIN,Texas,31.827233,-99.423022,22,Evening
Other events,1998:10:UP:1098FW014,0,0,400,64522,0,0,0,TARRANT,21:15,1998,1999,"S007,E69C,","UP,",75,"S0,E6,S0,E6,","S,E,S,E,",YARD,Texas,31.827233,-99.423022,21,Evening
Other events,1998:10:UP:1098SA020,0,0,7000,900,0,0,0,HARRIS,19:45,1998,1999,"H701,","UP,",7,"H7,","H,",MAIN,Texas,31.827233,-99.423022,19,Evening
Other events,1999:01:UP:0199HO043,0,0,30000,5792,0,0,0,HARRIS,1:30,1999,1999,"T110,","UP,",7,"T1,","T,",YARD,Texas,31.827233,-99.423022,1,Midnight
Derailments,1998:12:UP:1298FW011,0,0,500,49850,1,1,0,TARRANT,2:30,1998,1999,"T305,","UP,",6,"T3,","T,",YARD,Texas,31.827233,-99.423022,2,Midnight
Other impacts,1998:12:UP:1298LV006,0,0,0,6796,0,0,0,JEFFERSON,3:30,1998,1999,"H306,","UP,",76,"H3,","H,",YARD,Texas,31.827233,-99.423022,3,Midnight
Broken train collision,1999:01:BNSF:TX0199112,0,0,0,8400,0,0,0,WISE,23:30,1999,1999,"H504,H503,","BNSF,",1,"H5,","H,",MAIN,Texas,31.827233,-99.423022,23,Evening
Other events,1998:11:WTJR:A98004,0,0,12524,868,0,0,0,WICHITA,22:00,1998,1999,"T110,","UP,WTJR,",7,"T1,","T,",YARD,Texas,31.827233,-99.423022,22,Evening
Derailments,1998:11:UP:1198FW036,0,0,1285000,13950,1,0,0,TARRANT,19:36,1998,1999,"E40C,H501,","UP,",1,"E4,H5,","E,H,",MAIN,Texas,31.827233,-99.423022,19,Evening
Derailments,1998:10:KCS:494904,0,0,1500,31700,0,0,0,JEFFERSON,4:45,1998,1999,"E34C,","KCS,",1,"E3,","E,",MAIN,Texas,31.827233,-99.423022,4,Midnight
Other events,1998:12:UP:1298HO015,0,0,3000,12357,0,0,0,HARRIS,19:40,1998,1999,"T112,T202,","UP,",7,"T1,T2,","T,",YARD,Texas,31.827233,-99.423022,19,Evening
Derailments,1998:10:UP:1098ET013,0,0,10500,1123,0,0,0,BOWIE,24:01:00,1998,1999,"T001,","UP,",7,"T0,","T,",INDUSTRY,Texas,31.827233,-99.423022,24,Midnight
Other events,1998:09:UP:0998MT008,0,0,300,39000,0,0,0,ROBERTSON,18:15,1998,1998,"H306,","UP,",7,"H3,","H,",YARD,Texas,31.827233,-99.423022,18,Evening
Derailments,1998:10:UP:1098SA003,0,0,18100,12550,0,0,0,MAVERICK,4:55,1998,1999,"H699,","UP,",1,"H6,","H,",YARD,Texas,31.827233,-99.423022,4,Midnight
Derailments,1998:09:UP:0998ET002,0,0,63774,27220,0,0,0,VAN ZANDT,17:00,1998,1998,"M405,T110,","UP,",1,"M4,T1,","M,T,",SIDING,Texas,31.827233,-99.423022,17,Evening
Derailments,1998:10:UP:1098ET015,0,0,25000,218135,0,0,0,BOWIE,22:25,1998,1999,"E49C,","UP,",1,"E4,","E,",MAIN,Texas,31.827233,-99.423022,22,Evening
Other events,1998:10:UP:1098HO009,0,0,250,12000,0,0,0,HARRIS,3:30,1998,1999,"S011,","UP,",7,"S0,","S,",YARD,Texas,31.827233,-99.423022,3,Midnight
Other events,1998:11:UP:1198SA020,0,0,5000,27000,0,0,0,BEXAR,17:00,1998,1999,"H503,","UP,",7,"H5,","H,",YARD,Texas,31.827233,-99.423022,17,Evening
Other events,1998:12:UP:1298FW026,0,0,0,10691,0,0,0,DALLAS,19:00,1998,1999,"M502,","UP,",6,"M5,","M,",YARD,Texas,31.827233,-99.423022,19,Evening
Derailments,1999:01:UP:0199HO022,0,0,38830,200,0,0,0,HARRIS,20:30,1999,1999,"T311,","UP,",7,"T3,","T,",YARD,Texas,31.827233,-99.423022,20,Evening
Derailments,1999:01:UP:0199HO027,0,0,84045,4067,0,0,0,HARRIS,4:45,1999,1999,"T102,","UP,",7,"T1,","T,",YARD,Texas,31.827233,-99.423022,4,Midnight
Other events,1998:08:UP:0898MT014,0,0,0,16998,0,0,0,BRAZORIA,22:20,1998,1998,"H018,H302,","UP,",75,"H0,H3,H0,H3,","H,",YARD,Texas,31.827233,-99.423022,22,Evening
Head on collision,1998:08:BNSF:GC0898102,0,0,0,343000,0,0,0,PANOLA,3:00,1998,1998,"H702,","BNSF,",1,"H7,","H,",SIDING,Texas,31.827233,-99.423022,3,Midnight
Derailments,1998:10:UP:1098FW008,0,0,91129,295200,0,0,0,WISE,23:00,1998,1999,"T202,","UP,",1,"T2,","T,",YARD,Texas,31.827233,-99.423022,23,Evening
Other events,1998:10:UP:1098HO044,0,0,1250,6875,0,0,0,HARRIS,3:00,1998,1999,"H021,","UP,",76,"H0,","H,",YARD,Texas,31.827233,-99.423022,3,Midnight
Derailments,1998:10:UP:1098LV005,0,0,7000,13810,0,0,0,JEFFERSON,20:00,1998,1999,"T301,","UP,",7,"T3,","T,",YARD,Texas,31.827233,-99.423022,20,Evening
Derailments,1998:10:UP:1098SA018,0,0,12500,15000,0,0,0,BASTROP,2:00,1998,1999,"M103,","UP,",1,"M1,","M,",MAIN,Texas,31.827233,-99.423022,2,Midnight
Derailments,1998:12:UP:1298FW014,0,15,105885,1354000,0,0,0,TARRANT,19:05,1998,1999,"M505,","ATK,UP,",2,"M5,","M,",MAIN,Texas,31.827233,-99.423022,19,Evening
Other events,1999:01:TFTZ:INDUSTRY,0,0,1500,14000,0,0,0,WEBB,19:30,1999,1999,"H306,","UP,",7,"H3,","H,",INDUSTRY,Texas,31.827233,-99.423022,19,Evening
Derailments,1998:10:UP:1098EP002,0,0,7000,37000,6,3,0,EL PASO,2:30,1998,1999,"T201,","UP,",7,"T2,","T,",YARD,Texas,31.827233,-99.423022,2,Midnight
Other events,1998:11:UP:1198HO026,0,0,0,9821,7,0,0,HARRIS,3:10,1998,1999,"H021,","UP,",75,"H0,","H,",YARD,Texas,31.827233,-99.423022,3,Midnight
Derailments,1998:10:UP:1098EP001,0,0,11700,0,0,0,0,EL PASO,17:00,1998,1999,"T110,","UP,",7,"T1,","T,",INDUSTRY,Texas,31.827233,-99.423022,17,Evening
Derailments,1999:01:BNSF:TX0199101,0,0,15000,10400,16,0,0,TARRANT,18:15,1999,1999,"T207,","BNSF,",1,"T2,","T,",SIDING,Texas,31.827233,-99.423022,18,Evening
Other events,1998:10:UP:1098FW013,0,0,0,53986,0,0,0,TARRANT,2:10,1998,1999,"H025,","UP,",7,"H0,","H,",YARD,Texas,31.827233,-99.423022,2,Midnight
Derailments,1998:10:UP:1098FW004,0,0,25000,37520,0,0,0,DALLAS,21:55,1998,1999,"T201,","UP,",1,"T2,","T,",YARD,Texas,31.827233,-99.423022,21,Evening
Derailments,1999:01:BRG:A81,0,0,0,8000,0,3,0,CAMERON,2:00,1999,1999,"T101,T102,","BRG,",1,"T1,","T,",MAIN,Texas,31.827233,-99.423022,2,Midnight
Derailments,1999:02:FWWR:99022301,0,0,1911,22315,4,0,0,TARRANT,18:45,1999,1999,"M599,","FWWR,",1,"M5,","M,",SIDING,Texas,31.827233,-99.423022,18,Evening
Side collision,1999:03:UP:0399SA006,0,0,20000,19808,0,0,0,BEXAR,22:00,1999,1999,"H306,","UP,",7,"H3,","H,",YARD,Texas,31.827233,-99.423022,22,Evening
Other impacts,1999:03:UP:0399FW022,0,0,0,7119,0,0,0,TARRANT,24:00:00,1999,1999,"T305,","UP,",6,"T3,","T,",YARD,Texas,31.827233,-99.423022,24,Midnight
Derailments,1999:05:BNSF:TX0599121,0,0,0,25000,0,0,0,JOHNSON,17:30,1999,1999,"E21C,M203,","BNSF,",1,"E2,M2,","E,M,",MAIN,Texas,31.827233,-99.423022,17,Evening
Derailments,1999:05:UP:0599SA043,0,0,3000,15315,0,0,0,BEXAR,19:45,1999,1999,"E29C,","UP,",1,"E2,","E,",MAIN,Texas,31.827233,-99.423022,19,Evening
Obstruction impact,1999:05:BNSF:AO0599113,0,0,82500,2000,0,0,0,OLDHAM,21:50,1999,1999,"M101,M199,","BNSF,UP,",1,"M1,","M,",MAIN,Texas,31.827233,-99.423022,21,Evening
Derailments,1999:03:UP:0399SA028,0,0,3500,5950,0,0,0,BEXAR,3:46,1999,1999,"T319,","ATK,UP,",2,"T3,","T,",MAIN,Texas,31.827233,-99.423022,3,Midnight
Derailments,1999:05:UP:0599SA044,0,0,1000,10273,0,0,0,BEXAR,2:00,1999,1999,"H702,","UP,",7,"H7,","H,",YARD,Texas,31.827233,-99.423022,2,Midnight
Derailments,1999:05:UP:0599ET001,0,0,71907,3803,0,0,0,ANDERSON,24:45:00,1999,1999,"T110,","UP,",1,"T1,","T,",YARD,Texas,31.827233,-99.423022,24,Midnight
Derailments,1999:01:UP:0199FW005,0,0,3000,5500,0,0,0,DALLAS,2:35,1999,1999,"T202,","UP,",7,"T2,","T,",YARD,Texas,31.827233,-99.423022,2,Midnight
Other events,1999:03:KCS:444936,0,0,0,35000,0,0,0,HOPKINS,22:30,1999,1999,"M199,","KCS,",9,"M1,","M,",MAIN,Texas,31.827233,-99.423022,22,Evening
Derailments,1999:02:UP:0299FW028,0,0,0,11071,0,0,0,TARRANT,3:30,1999,1999,"H021,","UP,",7,"H0,","H,",YARD,Texas,31.827233,-99.423022,3,Midnight
Derailments,1999:03:DGNO:ID99133,0,0,7990,35000,0,0,0,DALLAS,3:10,1999,1999,"T102,T110,","DGNO,",1,"T1,","T,",INDUSTRY,Texas,31.827233,-99.423022,3,Midnight
Derailments,1999:02:UP:0299LV017,0,0,18545,200,0,0,0,JEFFERSON,21:45,1999,1999,"T101,","UP,",7,"T1,","T,",INDUSTRY,Texas,31.827233,-99.423022,21,Evening
Derailments,1999:04:UP:0499LV011,0,0,100,6592,0,0,0,JEFFERSON,22:35,1999,1999,"H306,H305,","UP,",7,"H3,","H,",YARD,Texas,31.827233,-99.423022,22,Evening
Derailments,1999:05:TM:99020,0,0,30000,150000,0,0,0,NUECES,19:40,1999,1999,"E07C,","TM,",1,"E0,","E,",MAIN,Texas,31.827233,-99.423022,19,Evening
Side collision,1999:03:UP:0399HO012,0,0,0,72566,28,0,0,HARRIS,2:45,1999,1999,"H021,","UP,",71,"H0,","H,",YARD,Texas,31.827233,-99.423022,2,Midnight
Other impacts,1999:03:UP:0399HO029,0,0,1000,13397,4,4,0,HARRIS,2:15,1999,1999,"H313,","UP,",76,"H3,","H,",YARD,Texas,31.827233,-99.423022,2,Midnight
Derailments,1999:03:TIBR:AITIBR11,0,0,0,21000,0,0,0,NEWTON,21:20,1999,1999,"T220,","TIBR,",7,"T2,","T,",INDUSTRY,Texas,31.827233,-99.423022,21,Evening
Derailments,1999:05:BNSF:GC0599108,0,0,272902,109500,1,0,0,BRAZORIA,24:35:00,1999,1999,"E89C,","BNSF,",15,"E8,","E,",MAIN,Texas,31.827233,-99.423022,24,Midnight
Derailments,1999:03:UP:0399SA001,0,0,102500,25552,0,0,0,AUSTIN,19:15,1999,1999,"T110,","UP,",1,"T1,","T,",MAIN,Texas,31.827233,-99.423022,19,Evening
Derailments,1999:03:UP:0399HO027,0,0,85055,6200,0,0,0,HARRIS,2:30,1999,1999,"M405,T305,","UP,",7,"M4,T3,","M,T,",YARD,Texas,31.827233,-99.423022,2,Midnight
Derailments,1999:03:KCS:488047,0,0,1200,14500,0,0,0,JEFFERSON,24:25:00,1999,1999,"T110,","KCS,",7,"T1,","T,",YARD,Texas,31.827233,-99.423022,24,Midnight
Derailments,1999:05:UP:0599SA009,0,0,2000,11826,0,0,0,MAVERICK,3:39,1999,1999,"T110,","UP,",1,"T1,","T,",YARD,Texas,31.827233,-99.423022,3,Midnight
Side collision,1999:04:UP:0499FW013,0,0,63449,28013,21,2,0,TARRANT,4:50,1999,1999,"S011,T110,","UP,",7,"S0,T1,","S,T,",YARD,Texas,31.827233,-99.423022,4,Midnight
Derailments,1999:06:UP:0699FW024,0,0,5900,2143,0,0,0,DALLAS,21:39,1999,1999,"T304,","UP,",7,"T3,","T,",YARD,Texas,31.827233,-99.423022,21,Evening
Derailments,1999:04:UP:0499HO014,0,0,2000,14496,0,0,0,HARRIS,1:15,1999,1999,"M503,","UP,",7,"M5,","M,",YARD,Texas,31.827233,-99.423022,1,Midnight
Derailments,1999:03:UP:0399HO016,0,0,94438,33958,0,0,0,CHAMBERS,2:35,1999,1999,"T319,","UP,",7,"T3,","T,",YARD,Texas,31.827233,-99.423022,2,Midnight
Derailments,1999:05:UP:0599HO048,0,0,51236,9740,0,0,0,FORT BEND,22:40,1999,1999,"T308,E64L,","UP,",1,"T3,E6,","T,E,",SIDING,Texas,31.827233,-99.423022,22,Evening
Derailments,1999:05:UP:0599HO052,0,0,21000,2184,0,0,0,LIBERTY,20:00,1999,1999,"E46L,","UP,",1,"E4,","E,",MAIN,Texas,31.827233,-99.423022,20,Evening
Derailments,1999:04:UP:0499HO010,0,0,6500,100,0,0,0,HARRIS,20:25,1999,1999,"T108,T105,","UP,",8,"T1,","T,",YARD,Texas,31.827233,-99.423022,20,Evening
Other events,1999:05:UP:0599SA054,0,0,0,8000,0,0,0,MEDINA,2:00,1999,1999,"M105,","UP,",1,"M1,","M,",MAIN,Texas,31.827233,-99.423022,2,Midnight
Derailments,1999:05:BNSF:TX0599115,0,0,91500,8150,6,0,0,BELL,17:40,1999,1999,"T001,","BNSF,",1,"T0,","T,",YARD,Texas,31.827233,-99.423022,17,Evening