AccidentType,inckey,Fatalities,Injuries,TrackDamage,EquipmentDamage,HazmatCars,HazmatCarsDerailed,HazmatCarsReleasing,County,DisplayTime,calendar,Fiscal,AccidentCause,RailroadCodes,RAILEQUIPMENT_TYPE,CauseGroup,CauseDiscipline,TYPE_OF_TRACK,StateName,latitude,longitude,hour,cat
Other impacts,1999:05:UP:0599SA016,0,0,0,8374,0,0,0,WEBB,4:30,1999,1999,"H018,","UP,",75,"H0,","H,",YARD,Texas,31.827233,-99.423022,4,Midnight
Other impacts,1999:04:UP:0499EP010,0,0,3215,17835,1,1,0,EL PASO,1:45,1999,1999,"H018,","UP,",76,"H0,","H,",YARD,Texas,31.827233,-99.423022,1,Midnight
Derailments,1999:05:TM:99024,0,0,18000,100000,0,0,0,JIM WELLS,18:35,1999,1999,"T002,T105,","TM,",1,"T0,T1,","T,",MAIN,Texas,31.827233,-99.423022,18,Evening
Derailments,1999:04:DGNO:ID99232,0,0,29133,1000,0,0,0,DALLAS,18:30,1999,1999,"E41C,T101,","DGNO,",1,"E4,T1,","E,T,",MAIN,Texas,31.827233,-99.423022,18,Evening
Other impacts,1999:04:UP:0499FW003,0,2,6000,55235,0,0,0,DALLAS,21:00,1999,1999,"H020,","UP,",76,"H0,","H,",YARD,Texas,31.827233,-99.423022,21,Evening
Derailments,1999:06:CHVQ:INDUSTRY,0,0,102029,1835,3,1,0,EL PASO,3:45,1999,1999,"T102,","UP,",7,"T1,","T,",INDUSTRY,Texas,31.827233,-99.423022,3,Midnight
Other impacts,1999:08:BNSF:AO0899109,0,0,0,28700,16,2,0,POTTER,18:30,1999,1999,"H702,","BNSF,",18,"H7,","H,",YARD,Texas,31.827233,-99.423022,18,Evening
Derailments,1999:06:BNSF:TX0699110,0,0,14417,5900,1,0,0,BROWN,1:00,1999,1999,"E46C,M203,","BNSF,",1,"E4,M2,","E,M,",YARD,Texas,31.827233,-99.423022,1,Midnight
Highway-rail impact,1999:03:UP:0399SA014,0,0,9000,700,0,0,0,WEBB,24:10:00,1999,1999,"M304,","UP,",1,"M3,","M,",MAIN,Texas,31.827233,-99.423022,24,Midnight
Derailments,1999:02:UP:0299ET016,0,0,26307,32745,0,0,0,BOWIE,19:10,1999,1999,"T110,","UP,",7,"T1,","T,",INDUSTRY,Texas,31.827233,-99.423022,19,Evening
Derailments,1999:06:TIBR:AITIBR13,0,0,7000,17500,0,0,0,NEWTON,24:45:00,1999,1999,"M203,T110,","TIBR,",1,"M2,T1,","M,T,",MAIN,Texas,31.827233,-99.423022,24,Midnight
Derailments,1999:05:BNSF:TX0599117,0,0,18000,8305,5,0,0,JOHNSON,20:40,1999,1999,"M201,T205,","BNSF,",16,"M2,T2,M2,T2,","M,T,M,T,",YARD,Texas,31.827233,-99.423022,20,Evening
Derailments,1999:05:BNSF:GC0599101,0,0,0,48700,0,0,0,GALVESTON,21:45,1999,1999,"M105,M102,","BNSF,",1,"M1,","M,",YARD,Texas,31.827233,-99.423022,21,Evening
Derailments,1999:06:KCS:512962,0,0,500,20000,0,0,0,DALLAS,19:45,1999,1999,"T102,","KCS,",7,"T1,","T,",INDUSTRY,Texas,31.827233,-99.423022,19,Evening
Highway-rail impact,1999:07:UP:0799HO004,0,0,10000,200,0,0,0,HARRIS,23:59,1999,1999,"M304,","UP,",1,"M3,","M,",MAIN,Texas,31.827233,-99.423022,23,Evening
Derailments,1999:08:KCS:513052,0,0,1915,5600,9,1,0,CASS,24:10:00,1999,1999,"T110,","KCS,",7,"T1,","T,",INDUSTRY,Texas,31.827233,-99.423022,24,Midnight
Derailments,1999:06:UP:0699SA009,0,0,3500,8555,0,0,0,BEXAR,21:15,1999,1999,"H399,","UP,",7,"H3,","H,",YARD,Texas,31.827233,-99.423022,21,Evening
Other impacts,1999:07:UP:0799FW001,0,0,1100,17100,0,0,0,TARRANT,19:35,1999,1999,"S007,","UP,",76,"S0,","S,",YARD,Texas,31.827233,-99.423022,19,Evening
Derailments,1999:08:UP:0899HO034,0,0,3650,4010,0,0,0,GRIMES,24:00:00,1999,1999,"M599,","UP,",4,"M5,","M,",SIDING,Texas,31.827233,-99.423022,24,Midnight
Derailments,1999:06:UP:0699HO069,0,0,42676,92,1,1,0,LIBERTY,18:10,1999,1999,"E4TC,","UP,",1,"E4,","E,",MAIN,Texas,31.827233,-99.423022,18,Evening
Other impacts,1999:07:BNSF:AO0799114,0,0,500,8000,4,0,0,LUBBOCK,24:40:00,1999,1999,"H020,","BNSF,",76,"H0,","H,",YARD,Texas,31.827233,-99.423022,24,Midnight
Derailments,1999:07:UP:0799LV028,0,0,35000,1434,2,0,0,JEFFERSON,19:45,1999,1999,"T110,","UP,",7,"T1,","T,",INDUSTRY,Texas,31.827233,-99.423022,19,Evening
Derailments,1999:06:UP:0699SA016,0,0,38583,3125,0,0,0,BASTROP,17:45,1999,1999,"H025,H602,","BNSF,UP,",1,"H0,H6,","H,",YARD,Texas,31.827233,-99.423022,17,Evening
Other impacts,1999:08:UP:0899HO006,0,0,600,27757,0,0,0,HARRIS,17:45,1999,1999,"H302,","UP,",76,"H3,","H,",YARD,Texas,31.827233,-99.423022,17,Evening
Derailments,1999:09:RVSC:99015,0,0,7447,0,0,0,0,HIDALGO,21:15,1999,1999,"M203,T205,","RVSC,",1,"M2,T2,","M,T,",SIDING,Texas,31.827233,-99.423022,21,Evening
Derailments,1999:09:UP:0999SA025,0,0,12000,2547,10,0,0,BEXAR,20:45,1999,1999,"T102,","UP,",1,"T1,","T,",MAIN,Texas,31.827233,-99.423022,20,Evening
Derailments,1999:08:KCS:488117,0,0,877,62200,20,4,0,JEFFERSON,19:05,1999,1999,"T314,","KCS,",1,"T3,","T,",YARD,Texas,31.827233,-99.423022,19,Evening
Derailments,1999:09:BNSF:GC0999101,0,4,6600,500,0,0,0,HARRIS,21:45,1999,1999,"T314,E67C,","BNSF,",78,"T3,E6,T3,E6,","T,E,T,E,",YARD,Texas,31.827233,-99.423022,21,Evening
Derailments,1999:10:BNSF:TX1099117,0,0,2000,37000,1,0,0,JOHNSON,23:45,1999,2000,"T102,","BNSF,",1,"T1,","T,",MAIN,Texas,31.827233,-99.423022,23,Evening
Rear end collision,1999:04:UP:0499ET007,0,2,82000,947073,4,2,0,TITUS,24:30:00,1999,1999,"H215,","UP,",1,"H2,","H,",MAIN,Texas,31.827233,-99.423022,24,Midnight
Derailments,1999:08:UP:0899HO049,0,0,4000,6450,0,0,0,HARRIS,18:35,1999,1999,"M405,","UP,",1,"M4,","M,",INDUSTRY,Texas,31.827233,-99.423022,18,Evening
Other impacts,1999:06:TXTX:99030E,0,0,0,23211,0,0,0,CALHOUN,17:50,1999,1999,"H399,H702,","TXTX,",7,"H3,H7,","H,",YARD,Texas,31.827233,-99.423022,17,Evening
Other impacts,1999:09:UP:0999LV028,0,0,200,13989,0,0,0,JEFFERSON,4:15,1999,1999,"H305,H399,","UP,",7,"H3,","H,",YARD,Texas,31.827233,-99.423022,4,Midnight
Derailments,1999:07:PTRA:JULY0199,0,0,20100,20159,0,0,0,HARRIS,3:30,1999,1999,"T110,","PTRA,",75,"T1,","T,",INDUSTRY,Texas,31.827233,-99.423022,3,Midnight
Other impacts,1999:09:UP:0999LV026,0,0,200,12974,0,0,0,JEFFERSON,23:20,1999,1999,"H399,","UP,",7,"H3,","H,",YARD,Texas,31.827233,-99.423022,23,Evening
Derailments,1999:06:UP:0699FW038,0,0,0,26335,0,0,0,DALLAS,2:30,1999,1999,"H212,","UP,",7,"H2,","H,",YARD,Texas,31.827233,-99.423022,2,Midnight
Derailments,1999:06:SHTQ:INDUSTRY,0,0,18613,0,0,0,0,BRAZORIA,18:45,1999,1999,"T110,","RLIX,UP,",7,"T1,","T,",INDUSTRY,Texas,31.827233,-99.423022,18,Evening
Derailments,1999:06:UP:0699HO008,0,0,0,40019,15,2,1,BRAZORIA,22:00,1999,1999,"E40C,","UP,",7,"E4,","E,",INDUSTRY,Texas,31.827233,-99.423022,22,Evening
Derailments,1999:08:TM:99038,0,0,8500,7000,2,0,0,WEBB,21:10,1999,1999,"E53C,","TM,",1,"E5,","E,",MAIN,Texas,31.827233,-99.423022,21,Evening
Highway-rail impact,1999:08:UP:0899HO032,0,0,8000,3000,0,0,0,MATAGORDA,18:00,1999,1999,"M399,","UP,",1,"M3,","M,",MAIN,Texas,31.827233,-99.423022,18,Evening
Derailments,1999:10:BNSF:GC1099109,0,0,42000,10400,4,0,0,HARRIS,24:30:00,1999,2000,"H704,","BNSF,",61,"H7,","H,",SIDING,Texas,31.827233,-99.423022,24,Midnight
Derailments,1999:08:UP:0899HO013,0,0,56571,19394,0,0,0,HARRIS,2:30,1999,1999,"H999,T308,","UP,",7,"H9,T3,","H,T,",YARD,Texas,31.827233,-99.423022,2,Midnight
Derailments,1999:10:BNSF:TX1099107,0,0,133444,15000,0,0,0,TARRANT,4:45,1999,2000,"M405,","BNSF,",7,"M4,","M,",YARD,Texas,31.827233,-99.423022,4,Midnight
Derailments,1999:10:BNSF:GC1099105,0,0,500,7698,15,0,0,BURLESON,17:25,1999,2000,"T299,","BNSF,",1,"T2,","T,",YARD,Texas,31.827233,-99.423022,17,Evening
Derailments,1999:09:UP:0999SA044,0,0,200606,135640,1,1,0,TERRELL,4:10,1999,1999,"T204,","UP,",1,"T2,","T,",MAIN,Texas,31.827233,-99.423022,4,Midnight
Derailments,1999:08:UP:0899ET014,0,0,0,7225,0,0,0,WOOD,2:35,1999,1999,"T110,","UP,",1,"T1,","T,",YARD,Texas,31.827233,-99.423022,2,Midnight
Derailments,1999:06:UP:0699HO015,0,0,82000,10252,0,0,0,GALVESTON,23:00,1999,1999,"T205,","UP,",1,"T2,","T,",YARD,Texas,31.827233,-99.423022,23,Evening
Derailments,1999:08:BNSF:TX0899101,0,0,62000,16752,36,3,0,COLEMAN,22:10,1999,1999,"E4TC,","BNSF,",1,"E4,","E,",MAIN,Texas,31.827233,-99.423022,22,Evening
Derailments,1999:09:BNSF:AO0999110,0,0,0,6700,0,0,0,POTTER,19:07,1999,1999,"T309,","BNSF,",7,"T3,","T,",YARD,Texas,31.827233,-99.423022,19,Evening
Derailments,1999:07:UP:0799EP003,0,0,10000,26650,6,6,0,HOWARD,17:45,1999,1999,"T221,","UP,",7,"T2,","T,",YARD,Texas,31.827233,-99.423022,17,Evening
Rear end collision,1999:09:TM:99042,0,1,0,30000,0,0,0,WEBB,23:00,1999,1999,"H025,","TM,",6,"H0,","H,",MAIN,Texas,31.827233,-99.423022,23,Evening
Highway-rail impact,1999:04:UP:0499HO009,0,0,10000,0,0,0,0,HARRIS,20:00,1999,1999,"M399,","UP,",1,"M3,","M,",MAIN,Texas,31.827233,-99.423022,20,Evening
Derailments,1999:09:BNSF:GC0999121,0,0,25000,10200,20,1,0,BELL,17:30,1999,1999,"T102,","BNSF,",1,"T1,","T,",MAIN,Texas,31.827233,-99.423022,17,Evening
Derailments,1999:06:UP:0699HO030,0,0,3000,7480,4,1,0,HARRIS,23:25,1999,1999,"T220,","UP,",7,"T2,","T,",YARD,Texas,31.827233,-99.423022,23,Evening
Derailments,1999:09:UP:0999HO004,0,0,4000,3262,5,0,0,HARRIS,21:15,1999,1999,"M405,","UP,",7,"M4,","M,",YARD,Texas,31.827233,-99.423022,21,Evening
Side collision,1999:06:UP:0699FW007,0,0,0,8266,0,0,0,TARRANT,4:10,1999,1999,"H605,","UP,",87,"H6,","H,",YARD,Texas,31.827233,-99.423022,4,Midnight
Fire/violent rupture,1999:09:UP:0999SA032,0,0,0,80000,0,0,0,BEXAR,1:50,1999,1999,"E19C,","UP,",1,"E1,","E,",MAIN,Texas,31.827233,-99.423022,1,Midnight
Derailments,1999:07:BNSF:TX0799109,0,0,15000,6700,0,0,0,COOKE,18:00,1999,1999,"T313,T403,","BNSF,",1,"T3,T4,","T,",YARD,Texas,31.827233,-99.423022,18,Evening
Other impacts,1999:09:MMZ:INDUSTRY,0,0,8000,50918,0,0,0,HARRIS,19:30,1999,1999,"H306,","UP,",7,"H3,","H,",INDUSTRY,Texas,31.827233,-99.423022,19,Evening
Derailments,1999:10:BNSF:TX1099105,0,0,1500,13384,0,0,0,MAVERICK,23:00,1999,2000,"H307,H210,","BNSF,",1,"H3,H2,","H,",YARD,Texas,31.827233,-99.423022,23,Evening
Derailments,1999:07:UP:0799HO065,0,0,6600,11777,23,1,0,HARRIS,19:01,1999,1999,"M405,","UP,",7,"M4,","M,",YARD,Texas,31.827233,-99.423022,19,Evening
Derailments,2000:01:BNSF:TX0100113,0,0,0,47418,0,0,0,TARRANT,3:40,2000,2000,"E39C,","BNSF,",7,"E3,","E,",YARD,Texas,31.827233,-99.423022,3,Midnight
Derailments,1999:12:BNSF:TX1299107,0,0,0,25870,0,0,0,JOHNSON,23:40,1999,2000,"M599,T106,","BNSF,",1,"M5,T1,","M,T,",MAIN,Texas,31.827233,-99.423022,23,Evening
Other impacts,1999:10:UP:1099FW002,0,0,5550,17073,0,0,0,TARRANT,18:40,1999,2000,"E79L,","UP,",75,"E7,","E,",YARD,Texas,31.827233,-99.423022,18,Evening
Derailments,2000:01:UP:0100ET006,0,0,77329,1480,0,0,0,NACOGDOCHES,17:30,2000,2000,"T110,","UP,",1,"T1,","T,",YARD,Texas,31.827233,-99.423022,17,Evening
Derailments,1999:11:BNSF:GC1199103,0,0,51000,60132,5,0,0,BRAZORIA,24:25:00,1999,2000,"T314,","BNSF,",1,"T3,","T,",SIDING,Texas,31.827233,-99.423022,24,Midnight
Derailments,2000:02:KCS:000210003,0,0,0,11000,0,0,0,DALLAS,4:00,2000,2000,"H309,","KCS,",5,"H3,","H,",YARD,Texas,31.827233,-99.423022,4,Midnight
Derailments,1999:12:TXTX:99084,0,0,10000,12000,0,0,0,BRAZORIA,19:10,1999,2000,"H307,H702,","TXTX,",7,"H3,H7,","H,",YARD,Texas,31.827233,-99.423022,19,Evening
Derailments,2000:01:TM:200001,0,0,35000,158000,0,0,0,WEBB,1:40,2000,2000,"T210,","TM,",1,"T2,","T,",MAIN,Texas,31.827233,-99.423022,1,Midnight
Derailments,2000:01:PTRA:JAN200001,0,0,0,10000,0,0,0,HARRIS,23:50,2000,2000,"T217,","PTRA,",7,"T2,","T,",INDUSTRY,Texas,31.827233,-99.423022,23,Evening
Derailments,1999:12:UP:1299SA003,0,0,200,9248,0,0,0,MAVERICK,24:55:00,1999,2000,"M405,","UP,",7,"M4,","M,",YARD,Texas,31.827233,-99.423022,24,Midnight
Derailments,1999:11:UP:1199SA014,0,0,213634,40738,0,0,0,BEXAR,3:00,1999,2000,"H503,","UP,",1,"H5,","H,",MAIN,Texas,31.827233,-99.423022,3,Midnight
Derailments,1999:10:UP:1099FW035,0,0,1500,7581,0,0,0,TARRANT,18:05,1999,2000,"E24C,","UP,",7,"E2,","E,",YARD,Texas,31.827233,-99.423022,18,Evening
Other impacts,2000:02:BNSF:GC0200101,0,0,52500,44979,0,0,0,COLEMAN,24:40:00,2000,2000,"E49C,E64C,","BNSF,",1,"E4,E6,","E,",MAIN,Texas,31.827233,-99.423022,24,Midnight
Derailments,1999:12:UP:1299HO026,0,0,9000,1628,7,7,0,HARRIS,18:30,1999,2000,"T220,","UP,",1,"T2,","T,",MAIN,Texas,31.827233,-99.423022,18,Evening
Derailments,1999:11:UP:1199SA022,0,0,85775,17522,0,0,0,KENEDY,22:00,1999,2000,"E53C,","UP,",1,"E5,","E,",MAIN,Texas,31.827233,-99.423022,22,Evening
Derailments,1999:12:UP:1299SA033,0,0,8400,19908,0,0,0,WILLIAMSON,20:10,1999,2000,"T110,","UP,",1,"T1,","T,",YARD,Texas,31.827233,-99.423022,20,Evening
Derailments,1999:12:UP:1299EP003,0,0,0,18867,0,0,0,HOWARD,2:45,1999,2000,"H306,H702,","UP,",7,"H3,H7,","H,",YARD,Texas,31.827233,-99.423022,2,Midnight
Derailments,1999:12:UP:1299HO023,0,0,1000,26745,24,4,0,BRAZORIA,20:30,1999,2000,"T110,","UP,",1,"T1,","T,",YARD,Texas,31.827233,-99.423022,20,Evening
Derailments,1999:12:UP:1299SA009,0,0,1431014,2668066,0,0,0,FAYETTE,21:15,1999,2000,"T204,","UP,",1,"T2,","T,",MAIN,Texas,31.827233,-99.423022,21,Evening
RR crossing collision,1999:11:UP:1199HO019,0,0,700000,40300,0,0,0,HARRIS,4:00,1999,2000,"H216,","PTRA,UP,",71,"H2,","H,",YARD,Texas,31.827233,-99.423022,4,Midnight
Derailments,2000:02:BNSF:GC0200107,0,0,33000,27400,35,1,0,BURLESON,17:00,2000,2000,"T110,","BNSF,",1,"T1,","T,",YARD,Texas,31.827233,-99.423022,17,Evening
Derailments,1999:12:UP:1299FW003,0,0,340000,147235,0,0,0,ELLIS,1:40,1999,2000,"T210,","BNSF,UP,",1,"T2,","T,",MAIN,Texas,31.827233,-99.423022,1,Midnight
Derailments,1999:10:UP:1099ET006,0,0,85000,159229,5,0,0,UPSHUR,3:48,1999,2000,"E27C,","UP,",1,"E2,","E,",MAIN,Texas,31.827233,-99.423022,3,Midnight
Derailments,1999:11:TXTX:99076,0,0,9448,8620,0,0,0,JEFFERSON,21:45,1999,2000,"E64C,M203,","TXTX,UP,",75,"E6,M2,","E,M,",MAIN,Texas,31.827233,-99.423022,21,Evening
Derailments,1999:12:UP:1299LV002,0,0,6000,2014,3,3,0,JEFFERSON,19:00,1999,2000,"T102,","UP,",7,"T1,","T,",YARD,Texas,31.827233,-99.423022,19,Evening
Other events,1999:10:PTRA:OCT9902,0,0,0,18450,0,0,0,HARRIS,19:30,1999,2000,"H020,","PTRA,",7,"H0,","H,",YARD,Texas,31.827233,-99.423022,19,Evening
Derailments,1999:10:TM:99047,0,0,5800,2500,0,0,0,WEBB,22:45,1999,2000,"T221,","TM,",7,"T2,","T,",MAIN,Texas,31.827233,-99.423022,22,Evening
Derailments,1999:10:UP:1099ET002,0,0,1200,6275,0,0,0,GREGG,21:30,1999,2000,"H306,","UP,",7,"H3,","H,",YARD,Texas,31.827233,-99.423022,21,Evening
Derailments,2000:01:UP:0100FW001,0,0,280250,2970,0,0,0,GRAYSON,3:30,2000,2000,"T202,","UP,",1,"T2,","T,",YARD,Texas,31.827233,-99.423022,3,Midnight
Derailments,2000:01:UP:0100FW034,0,0,1000,10214,0,0,0,DALLAS,1:19,2000,2000,"T110,","UP,",1,"T1,","T,",YARD,Texas,31.827233,-99.423022,1,Midnight
Derailments,1999:12:ZTIN:INDUSTRY,0,0,0,7400,0,0,0,JOHNSON,20:55,1999,2000,"T403,T199,","BNSF,",1,"T4,T1,","T,",INDUSTRY,Texas,31.827233,-99.423022,20,Evening
Derailments,1999:12:KCS:501570,0,0,7690,3000,0,0,0,DALLAS,21:30,1999,2000,"T202,","DGNO,KCS,",7,"T2,","T,",INDUSTRY,Texas,31.827233,-99.423022,21,Evening
Derailments,1999:12:UP:1299ET029,0,0,50000,2005,0,0,0,HARRISON,19:00,1999,2000,"E53C,","UP,",1,"E5,","E,",MAIN,Texas,31.827233,-99.423022,19,Evening
Derailments,1999:11:UP:1199FW010,0,0,10000,49448,0,0,0,TARRANT,3:00,1999,2000,"T314,","UP,",7,"T3,","T,",YARD,Texas,31.827233,-99.423022,3,Midnight
Other impacts,1999:10:UP:1099SA033,0,0,1000,19145,0,0,0,BEXAR,22:20,1999,2000,"H602,","UP,",18,"H6,","H,",YARD,Texas,31.827233,-99.423022,22,Evening
Other impacts,2000:05:UP:0500SA023,0,0,1000,69283,1,0,0,HAYS,21:05,2000,2000,"H020,H514,","BNSF,UP,",17,"H0,H5,","H,",MAIN,Texas,31.827233,-99.423022,21,Evening
Derailments,2000:04:BNSF:GC0400100,0,0,3000,11695,1,1,0,FREESTONE,3:30,2000,2000,"H702,H999,","BNSF,",1,"H7,H9,","H,",YARD,Texas,31.827233,-99.423022,3,Midnight
Derailments,2000:03:UP:0300HO006,0,0,11279,1548,0,0,0,HARRIS,23:10,2000,2000,"T314,T001,","UP,",7,"T3,T0,","T,",YARD,Texas,31.827233,-99.423022,23,Evening
Derailments,2000:04:UP:0400SA021,0,0,53850,29767,0,0,0,MAVERICK,17:30,2000,2000,"H699,H518,","UP,",7,"H6,H5,","H,",YARD,Texas,31.827233,-99.423022,17,Evening
Derailments,2000:03:UP:0300HO043,0,0,15454,500,0,0,0,HARRIS,17:15,2000,2000,"S099,","UP,",8,"S0,","S,",YARD,Texas,31.827233,-99.423022,17,Evening
Other impacts,2000:02:TM:200008,0,0,700,35000,0,0,0,WEBB,21:30,2000,2000,"H021,","TM,",6,"H0,","H,",MAIN,Texas,31.827233,-99.423022,21,Evening
Other impacts,2000:07:PTRA:JULY200002,0,0,0,13500,0,0,0,HARRIS,20:40,2000,2000,"H020,","PTRA,",7,"H0,","H,",YARD,Texas,31.827233,-99.423022,20,Evening
Side collision,2000:03:BNSF:GC0300106,0,0,500,29400,0,0,0,HARRIS,4:30,2000,2000,"H306,","BNSF,",1,"H3,","H,",YARD,Texas,31.827233,-99.423022,4,Midnight
Derailments,2000:04:UP:0400SA008,0,0,88835,80000,0,0,0,AUSTIN,24:58:00,2000,2000,"T220,","UP,",1,"T2,","T,",MAIN,Texas,31.827233,-99.423022,24,Midnight
Derailments,2000:05:BNSF:AO0500106,0,0,3200,30400,0,0,0,NOLAN,17:30,2000,2000,"M405,","BNSF,",NA,"M4,","M,",MAIN,Texas,31.827233,-99.423022,17,Evening
Derailments,2000:04:UP:0400EP011,0,0,55733,46466,0,0,0,EL PASO,4:00,2000,2000,"H703,","UP,",7,"H7,","H,",YARD,Texas,31.827233,-99.423022,4,Midnight
Highway-rail impact,2000:05:UP:0500SA031,0,1,0,20000,12,0,0,REFUGIO,22:25,2000,2000,"M302,","BNSF,UP,",1,"M3,","M,",MAIN,Texas,31.827233,-99.423022,22,Evening
Other events,2000:02:PTRA:FEB200003,0,0,0,32125,0,0,0,HARRIS,3:30,2000,2000,"H601,H302,","PTRA,",7,"H6,H3,","H,",YARD,Texas,31.827233,-99.423022,3,Midnight
Derailments,2000:05:BNSF:GC0500113,0,0,20000,99458,47,6,0,HARDIN,19:15,2000,2000,"T202,","BNSF,",16,"T2,","T,",YARD,Texas,31.827233,-99.423022,19,Evening
Other events,2000:05:PTRA:200005019,0,1,0,185000,0,0,0,HARRIS,20:09,2000,2000,"H399,H602,","PTRA,",7,"H3,H6,","H,",INDUSTRY,Texas,31.827233,-99.423022,20,Evening
Derailments,2000:03:BNSF:GC0300100,0,0,17000,64100,14,1,0,HARDIN,4:15,2000,2000,"T202,","BNSF,",1,"T2,","T,",YARD,Texas,31.827233,-99.423022,4,Midnight
Other impacts,2000:03:BNSF:GC0300115,0,0,0,3724,0,0,0,HARRIS,18:40,2000,2000,"H306,","BNSF,",8,"H3,","H,",YARD,Texas,31.827233,-99.423022,18,Evening
Raking collision,2000:03:GVSR:042000,0,0,1104,17500,0,0,0,GALVESTON,18:50,2000,2000,"H302,H306,","GVSR,",7,"H3,","H,",YARD,Texas,31.827233,-99.423022,18,Evening
Head on collision,2000:05:BNSF:TX0500100,0,4,18500,504924,2,1,0,HALL,24:06:00,2000,2000,"H404,","BNSF,",19,"H4,","H,",INDUSTRY,Texas,31.827233,-99.423022,24,Midnight
Derailments,2000:07:UP:0700SA009,0,0,118113,2594,0,0,0,WEBB,23:45,2000,2000,"H999,","UP,",1,"H9,","H,",YARD,Texas,31.827233,-99.423022,23,Evening
Derailments,2000:05:UP:0500EP004,0,0,400,10529,17,0,0,HOWARD,18:30,2000,2000,"T210,","UP,",7,"T2,","T,",YARD,Texas,31.827233,-99.423022,18,Evening
Side collision,2000:02:UP:0200FW018,0,0,0,44742,13,0,0,TARRANT,21:40,2000,2000,"H204,H306,","UP,",78,"H2,H3,H2,H3,","H,",YARD,Texas,31.827233,-99.423022,21,Evening
Derailments,2000:07:BNSF:GC0700104,0,0,4000,15100,0,0,0,HARRIS,20:15,2000,2000,"T314,E64C,","BNSF,",1,"T3,E6,","T,E,",YARD,Texas,31.827233,-99.423022,20,Evening
Other impacts,2000:02:UP:0200HO018,0,0,0,9917,0,0,0,HARRIS,3:00,2000,2000,"H312,","UP,",6,"H3,","H,",YARD,Texas,31.827233,-99.423022,3,Midnight
Derailments,2000:03:TXNW:032200,0,0,17199,10100,0,0,0,MOORE,18:40,2000,2000,"T110,M199,","TXNW,",7,"T1,M1,","T,M,",SIDING,Texas,31.827233,-99.423022,18,Evening
Derailments,2000:02:UP:0200SA026,0,0,104274,991,0,0,0,BEXAR,3:55,2000,2000,"H999,","UP,",1,"H9,","H,",MAIN,Texas,31.827233,-99.423022,3,Midnight
Derailments,2000:04:TXTX:2000029,0,0,5300,1700,0,0,0,HARRIS,17:00,2000,2000,"T299,","TXTX,",7,"T2,","T,",YARD,Texas,31.827233,-99.423022,17,Evening
Derailments,2000:03:UP:0300ET024,0,0,1500,43357,0,0,0,GREGG,18:50,2000,2000,"H306,","UP,",7,"H3,","H,",YARD,Texas,31.827233,-99.423022,18,Evening
Derailments,2000:07:UP:0700FW014,0,0,1000,8259,0,0,0,MCLENNAN,19:14,2000,2000,"E27C,","UP,",7,"E2,","E,",YARD,Texas,31.827233,-99.423022,19,Evening
Derailments,2000:02:UP:0200FW013,0,0,70184,6122,0,0,0,DALLAS,1:40,2000,2000,"E68C,","UP,",1,"E6,","E,",MAIN,Texas,31.827233,-99.423022,1,Midnight
Other impacts,2000:04:KCS:000403001,0,0,0,22000,0,0,0,JEFFERSON,4:35,2000,2000,"H605,H302,","KCS,",8,"H6,H3,","H,",YARD,Texas,31.827233,-99.423022,4,Midnight
Other impacts,2000:03:PTRA:MAR200005,0,0,0,5107,0,0,0,HARRIS,18:40,2000,2000,"H306,","PTRA,",7,"H3,","H,",YARD,Texas,31.827233,-99.423022,18,Evening
Derailments,2000:03:UP:0300ET007,0,0,5000,6397,13,0,0,HARRISON,4:30,2000,2000,"E29C,","UP,",1,"E2,","E,",MAIN,Texas,31.827233,-99.423022,4,Midnight
Derailments,2000:05:UP:0500SA028,0,0,266702,62402,0,0,0,FAYETTE,20:43,2000,2000,"H503,","UP,",1,"H5,","H,",MAIN,Texas,31.827233,-99.423022,20,Evening
Other impacts,2000:03:UP:0300HO001,0,0,1000,36921,0,0,0,CHAMBERS,4:15,2000,2000,"H702,","UP,",78,"H7,","H,",YARD,Texas,31.827233,-99.423022,4,Midnight
Raking collision,2000:05:TXTX:2000037,0,0,0,10500,0,0,0,CHAMBERS,17:15,2000,2000,"H702,","TXTX,",8,"H7,","H,",YARD,Texas,31.827233,-99.423022,17,Evening
Derailments,2000:02:RSCX:INDUSTRY,0,0,500,20030,0,0,0,HARRIS,18:10,2000,2000,"T110,","UP,",1,"T1,","T,",INDUSTRY,Texas,31.827233,-99.423022,18,Evening
Derailments,2000:02:UP:0200FW010,0,0,10000,8580,0,0,0,GRAYSON,2:34,2000,2000,"T211,","UP,",1,"T2,","T,",YARD,Texas,31.827233,-99.423022,2,Midnight
Side collision,2000:03:UP:0300ET030,0,0,1200,24301,0,0,0,GREGG,23:00,2000,2000,"H306,","UP,",71,"H3,","H,",YARD,Texas,31.827233,-99.423022,23,Evening
Other impacts,2000:04:BNSF:GC0400108,0,0,0,10206,2,2,0,HARDIN,20:30,2000,2000,"H399,","BNSF,",61,"H3,","H,",YARD,Texas,31.827233,-99.423022,20,Evening