AccidentType,inckey,Fatalities,Injuries,TrackDamage,EquipmentDamage,HazmatCars,HazmatCarsDerailed,HazmatCarsReleasing,County,DisplayTime,calendar,Fiscal,AccidentCause,RailroadCodes,RAILEQUIPMENT_TYPE,CauseGroup,CauseDiscipline,TYPE_OF_TRACK,StateName,latitude,longitude,hour,cat
Derailments,2000:04:UP:0400ET010,0,0,77044,2664,0,0,0,GREGG,23:50,2000,2000,"S011,","UP,",1,"S0,","S,",SIDING,Texas,31.827233,-99.423022,23,Evening
Derailments,2000:03:BNSF:AO0300106,0,0,179481,10082,0,0,0,LUBBOCK,4:30,2000,2000,"T110,T101,","BNSF,",1,"T1,","T,",YARD,Texas,31.827233,-99.423022,4,Midnight
Derailments,2000:04:BNSF:AO0400108,0,0,800,31387,4,2,0,POTTER,2:00,2000,2000,"H306,","BNSF,",7,"H3,","H,",YARD,Texas,31.827233,-99.423022,2,Midnight
Side collision,2000:02:UP:0200FW014,0,0,12024,56821,2,2,0,TARRANT,1:15,2000,2000,"H702,","UP,",7,"H7,","H,",YARD,Texas,31.827233,-99.423022,1,Midnight
Derailments,2000:03:BNSF:GC0300105,0,0,11000,6000,0,0,0,HARRIS,20:15,2000,2000,"T303,T316,","BNSF,",7,"T3,","T,",YARD,Texas,31.827233,-99.423022,20,Evening
Other impacts,2000:05:BNSF:GC0500115,0,0,0,7116,0,0,0,HARRIS,20:25,2000,2000,"H602,","BNSF,",87,"H6,","H,",YARD,Texas,31.827233,-99.423022,20,Evening
Derailments,2000:07:BNSF:AO0700110,0,0,5000,12200,5,0,0,POTTER,22:20,2000,2000,"M405,T403,","BNSF,",1,"M4,T4,","M,T,",YARD,Texas,31.827233,-99.423022,22,Evening
Derailments,2000:06:UP:0600ET013,0,0,5325,44282,0,0,0,NACOGDOCHES,24:45:00,2000,2000,"T110,","UP,",7,"T1,","T,",YARD,Texas,31.827233,-99.423022,24,Midnight
Derailments,2000:06:ZFO:INDUSTRY,0,0,1500,19499,0,0,0,HARRIS,4:45,2000,2000,"T110,","UP,",7,"T1,","T,",INDUSTRY,Texas,31.827233,-99.423022,4,Midnight
Other impacts,2000:09:UP:0900HO043,0,0,0,11102,0,0,0,HARRIS,18:42,2000,2000,"H312,","UP,",76,"H3,","H,",YARD,Texas,31.827233,-99.423022,18,Evening
Derailments,2000:06:PTRA:JUNE200002,0,0,21140,13150,0,0,0,HARRIS,2:15,2000,2000,"T202,","PTRA,",7,"T2,","T,",YARD,Texas,31.827233,-99.423022,2,Midnight
Derailments,2000:08:BNSF:TX0800101,0,0,33690,3784,18,0,0,DALLAS,24:45:00,2000,2000,"H702,H501,","BNSF,",1,"H7,H5,","H,",YARD,Texas,31.827233,-99.423022,24,Midnight
Derailments,2000:08:UP:0800HO039,0,0,146058,648287,0,0,0,HARRIS,21:30,2000,2000,"E51C,","UP,",1,"E5,","E,",MAIN,Texas,31.827233,-99.423022,21,Evening
Highway-rail impact,2000:06:UP:0600FW015,1,0,0,27493,0,0,0,WISE,24:30:00,2000,2000,"M399,","UP,",1,"M3,","M,",MAIN,Texas,31.827233,-99.423022,24,Midnight
Derailments,2000:09:DGNO:IX00544,0,0,10205,4131,0,0,0,BOWIE,18:15,2000,2000,"T102,","DGNO,UP,",1,"T1,","T,",MAIN,Texas,31.827233,-99.423022,18,Evening
Derailments,2000:06:UP:0600HO048,0,0,37117,462,0,0,0,BRAZORIA,3:45,2000,2000,"T110,","UP,",7,"T1,","T,",YARD,Texas,31.827233,-99.423022,3,Midnight
Derailments,2000:07:BNSF:AO0700104,0,0,492000,113397,0,0,0,POTTER,21:30,2000,2000,"E54C,","BNSF,",1,"E5,","E,",MAIN,Texas,31.827233,-99.423022,21,Evening
Other impacts,2000:07:UP:0700HO036,0,0,500,6717,0,0,0,HARRIS,19:30,2000,2000,"H312,","UP,",76,"H3,","H,",YARD,Texas,31.827233,-99.423022,19,Evening
Highway-rail impact,2000:06:TREX:061900,0,0,0,9466,0,0,0,DALLAS,18:51,2000,2000,"M303,","TREX,",3,"M3,","M,",MAIN,Texas,31.827233,-99.423022,18,Evening
Derailments,2000:08:UP:0800ET011,0,0,1500,25000,0,0,0,TITUS,2:32,2000,2000,"T308,","UP,",1,"T3,","T,",SIDING,Texas,31.827233,-99.423022,2,Midnight
Other impacts,2000:09:PTRA:SEPT200002,0,0,0,10500,0,0,0,HARRIS,4:00,2000,2000,"H302,","PTRA,",7,"H3,","H,",YARD,Texas,31.827233,-99.423022,4,Midnight
Derailments,2000:11:BNSF:AO1100105,0,0,353348,168377,10,3,0,HEMPHILL,21:45,2000,2001,"E61C,","BNSF,",1,"E6,","E,",MAIN,Texas,31.827233,-99.423022,21,Evening
Derailments,2000:08:UP:0800HO029,0,0,55780,97067,1,1,0,HARRIS,22:39,2000,2000,"T210,","UP,",1,"T2,","T,",MAIN,Texas,31.827233,-99.423022,22,Evening
Obstruction impact,2000:06:UP:0600ET023,0,0,0,7424,0,0,0,ANDERSON,24:40:00,2000,2000,"M402,","UP,",1,"M4,","M,",MAIN,Texas,31.827233,-99.423022,24,Midnight
Derailments,2000:07:UP:0700HO028,0,0,6000,11472,0,0,0,ROBERTSON,18:00,2000,2000,"H506,","UP,",7,"H5,","H,",YARD,Texas,31.827233,-99.423022,18,Evening
Derailments,2000:09:UP:0900HO016,0,0,84387,659,11,5,0,HARRIS,18:00,2000,2000,"T110,","UP,",7,"T1,","T,",YARD,Texas,31.827233,-99.423022,18,Evening
Derailments,2000:09:UP:0900ET008,0,0,86678,20662,0,0,0,BOWIE,20:30,2000,2000,"T314,","UP,",1,"T3,","T,",YARD,Texas,31.827233,-99.423022,20,Evening
Derailments,2000:06:TM:200029,0,0,4000,24000,1,0,0,WEBB,17:15,2000,2000,"T101,","TM,",7,"T1,","T,",MAIN,Texas,31.827233,-99.423022,17,Evening
Derailments,2000:08:BNSF:GC0800113,0,0,30000,900,0,0,0,BURLESON,23:30,2000,2000,"M204,","BNSF,",1,"M2,","M,",YARD,Texas,31.827233,-99.423022,23,Evening
Derailments,2000:07:KCS:000731003,0,0,8075,460,0,0,0,JEFFERSON,19:15,2000,2000,"T110,","KCS,UP,",7,"T1,","T,",MAIN,Texas,31.827233,-99.423022,19,Evening
Derailments,2000:09:UP:0900HO001,0,0,40611,20124,6,0,0,VICTORIA,22:30,2000,2000,"E41C,","UP,",1,"E4,","E,",MAIN,Texas,31.827233,-99.423022,22,Evening
Derailments,2000:08:BNSF:AO0800112,0,0,8000,11459,0,0,0,NOLAN,21:20,2000,2000,"M203,","BNSF,",1,"M2,","M,",YARD,Texas,31.827233,-99.423022,21,Evening
Derailments,2000:07:UP:0700HO047,0,0,56507,1380,10,1,0,MATAGORDA,23:00,2000,2000,"T108,","UP,",1,"T1,","T,",INDUSTRY,Texas,31.827233,-99.423022,23,Evening
Other events,2000:07:BNSF:GC0700100,0,0,1000,8117,39,0,0,HARRIS,18:50,2000,2000,"H020,","BNSF,",517,"H0,","H,",YARD,Texas,31.827233,-99.423022,18,Evening
Derailments,2000:09:UP:0900LV029,0,0,13000,391,0,0,0,JEFFERSON,17:15,2000,2000,"T312,","UP,",7,"T3,","T,",YARD,Texas,31.827233,-99.423022,17,Evening
Derailments,2000:07:UP:0700FW017,0,0,0,8009,0,0,0,TARRANT,1:55,2000,2000,"H504,","UP,",7,"H5,","H,",YARD,Texas,31.827233,-99.423022,1,Midnight
Other impacts,2000:06:UP:0600HO040,0,0,250,10325,0,0,0,HARRIS,2:00,2000,2000,"H018,H020,","UP,",86,"H0,","H,",YARD,Texas,31.827233,-99.423022,2,Midnight
Derailments,2000:08:UP:0800ET006,0,0,59515,983,0,0,0,SMITH,18:30,2000,2000,"T110,T111,","UP,",1,"T1,","T,",INDUSTRY,Texas,31.827233,-99.423022,18,Evening
Derailments,2000:07:UP:0700HO045,0,0,27000,6000,0,0,0,FORT BEND,18:55,2000,2000,"E64L,T205,","UP,",8,"E6,T2,","E,T,",MAIN,Texas,31.827233,-99.423022,18,Evening
Derailments,2000:08:UP:0800FW024,0,0,36662,2484,0,0,0,FALLS,23:30,2000,2000,"E06C,","UP,",1,"E0,","E,",MAIN,Texas,31.827233,-99.423022,23,Evening
Highway-rail impact,2000:06:UP:0600ET004,1,0,0,14260,0,0,0,TITUS,17:31,2000,2000,"M399,","UP,",1,"M3,","M,",MAIN,Texas,31.827233,-99.423022,17,Evening
Derailments,2000:07:UP:0700LV002,0,0,2000,10663,2,2,0,JEFFERSON,19:00,2000,2000,"H021,","UP,",7,"H0,","H,",INDUSTRY,Texas,31.827233,-99.423022,19,Evening
Other events,2000:10:BNSF:AO1000103,0,0,10000,0,2,0,0,PARMER,24:00:00,2000,2001,"E11C,","BNSF,",1,"E1,","E,",MAIN,Texas,31.827233,-99.423022,24,Midnight
Derailments,2000:07:UP:0700SA027,0,0,500,6375,0,0,0,BEXAR,18:45,2000,2000,"H310,","UP,",76,"H3,","H,",YARD,Texas,31.827233,-99.423022,18,Evening
Derailments,2000:09:UP:0900ET001,0,0,257679,17248,0,0,0,WOOD,18:50,2000,2000,"T319,","UP,",1,"T3,","T,",MAIN,Texas,31.827233,-99.423022,18,Evening
Highway-rail impact,2000:11:UP:1100ET017,0,0,0,24502,0,0,0,RUSK,24:02:00,2000,2001,"M399,","UP,",1,"M3,","M,",MAIN,Texas,31.827233,-99.423022,24,Midnight
Other impacts,2000:06:UP:0600LV007,0,0,2000,14471,0,0,0,JEFFERSON,17:30,2000,2000,"M407,","UP,",75,"M4,","M,",YARD,Texas,31.827233,-99.423022,17,Evening
Derailments,2000:08:UP:0800FW025,0,0,500,14651,0,0,0,JOHNSON,18:15,2000,2000,"E41C,T102,","UP,",1,"E4,T1,","E,T,",MAIN,Texas,31.827233,-99.423022,18,Evening
Derailments,2000:05:DGNO:ID00240,0,0,3200,78000,0,0,0,DALLAS,21:00,2000,2000,"T102,","DGNO,",7,"T1,","T,",INDUSTRY,Texas,31.827233,-99.423022,21,Evening
Derailments,2000:08:RVSC:00028,0,0,7847,0,0,0,0,HIDALGO,19:30,2000,2000,"T002,T110,","RVSC,",7,"T0,T1,","T,",INDUSTRY,Texas,31.827233,-99.423022,19,Evening
Highway-rail impact,2000:07:UP:0700EP010,0,0,0,14807,0,0,0,MIDLAND,20:10,2000,2000,"M399,","UP,",1,"M3,","M,",MAIN,Texas,31.827233,-99.423022,20,Evening
Other impacts,2000:07:BNSF:GC0700110,0,0,0,63744,8,5,0,BELL,18:00,2000,2000,"H018,","BNSF,",17,"H0,","H,",YARD,Texas,31.827233,-99.423022,18,Evening
Derailments,2000:07:PUTZ:INDUSTRY,0,0,200,7881,0,0,0,HARRIS,4:15,2000,2000,"T308,","UP,",7,"T3,","T,",INDUSTRY,Texas,31.827233,-99.423022,4,Midnight
Other impacts,2000:06:UP:0600LV019,0,0,500,12369,0,0,0,JEFFERSON,2:10,2000,2000,"T306,","UP,",76,"T3,","T,",YARD,Texas,31.827233,-99.423022,2,Midnight
Derailments,2000:10:BNSF:AO1000105,0,0,3100,21907,1,1,0,POTTER,19:40,2000,2001,"H507,","BNSF,",7,"H5,","H,",YARD,Texas,31.827233,-99.423022,19,Evening
Derailments,2000:07:PTRA:JULY200001,0,0,25095,1400,0,0,0,HARRIS,17:45,2000,2000,"T110,T205,","BNSF,PTRA,",1,"T1,T2,","T,",YARD,Texas,31.827233,-99.423022,17,Evening
Derailments,2000:07:BNSF:GC0700113,0,0,74659,29400,0,0,0,BELL,17:45,2000,2000,"T109,","BNSF,",1,"T1,","T,",SIDING,Texas,31.827233,-99.423022,17,Evening
Derailments,2000:09:UP:0900EP007,0,0,0,9000,0,0,0,EL PASO,21:40,2000,2000,"T314,","ATK,UP,",2,"T3,","T,",MAIN,Texas,31.827233,-99.423022,21,Evening
Derailments,2000:08:DGNO:ID00543,0,0,38197,1941,0,0,0,BOWIE,19:00,2000,2000,"T102,","DGNO,UP,",1,"T1,","T,",MAIN,Texas,31.827233,-99.423022,19,Evening
Other events,2000:08:BNSF:TX0800111,0,0,400,15278,0,0,0,TARRANT,18:05,2000,2000,"H210,H307,","BNSF,",76,"H2,H3,H2,H3,","H,",YARD,Texas,31.827233,-99.423022,18,Evening
Derailments,2000:09:UP:0900ET034,0,0,1000,60018,0,0,0,NAVARRO,3:40,2000,2000,"M502,","UP,",6,"M5,","M,",YARD,Texas,31.827233,-99.423022,3,Midnight
Derailments,2000:08:KCS:000828003,0,0,1935,10000,0,0,0,DALLAS,24:10:00,2000,2000,"E09C,","KCS,",7,"E0,","E,",YARD,Texas,31.827233,-99.423022,24,Midnight
Side collision,2000:07:UP:0700SA031,0,0,0,8713,0,0,0,CAMERON,4:50,2000,2000,"H999,","UP,",7,"H9,","H,",YARD,Texas,31.827233,-99.423022,4,Midnight
Derailments,2000:07:UP:0700SA004,0,0,3200,3602,0,0,0,BASTROP,18:45,2000,2000,"H303,","UP,",1,"H3,","H,",INDUSTRY,Texas,31.827233,-99.423022,18,Evening
Derailments,2000:12:UP:1200FW005,0,0,200,15000,8,0,0,GRAYSON,20:45,2000,2001,"M505,","UP,",1,"M5,","M,",MAIN,Texas,31.827233,-99.423022,20,Evening
Derailments,2000:12:BNSF:GC1200111,0,0,69500,500,27,0,0,LIBERTY,21:40,2000,2001,"E52C,E53L,","BNSF,",1,"E5,","E,",MAIN,Texas,31.827233,-99.423022,21,Evening
Derailments,2000:11:UP:1100HO013,0,0,2500,9422,2,2,0,HARRIS,2:15,2000,2001,"T202,","UP,",1,"T2,","T,",YARD,Texas,31.827233,-99.423022,2,Midnight
Other impacts,2000:11:UP:1100ET020,0,0,6000,47500,0,0,0,RUSK,1:15,2000,2001,"H601,","UP,",76,"H6,","H,",MAIN,Texas,31.827233,-99.423022,1,Midnight
Derailments,2001:01:BNSF:GC0101100,0,0,15000,2746,23,0,0,BELL,17:50,2001,2001,"T399,","BNSF,",1,"T3,","T,",YARD,Texas,31.827233,-99.423022,17,Evening
Derailments,2000:12:UP:1200FW001,0,0,33214,215150,6,0,0,NOLAN,3:25,2000,2001,"M409,","UP,",1,"M4,","M,",MAIN,Texas,31.827233,-99.423022,3,Midnight
Derailments,2000:10:LSPZ:INDUSTRY,0,0,12298,0,0,0,0,BOWIE,20:00,2000,2001,"M599,","UP,",8,"M5,","M,",INDUSTRY,Texas,31.827233,-99.423022,20,Evening
Other impacts,2001:01:PTRA:JAN200102,0,0,0,10200,0,0,0,HARRIS,3:30,2001,2001,"H702,","PTRA,",7,"H7,","H,",YARD,Texas,31.827233,-99.423022,3,Midnight
Highway-rail impact,2000:10:UP:1000SA022,0,1,11000,1888,0,0,0,WEBB,17:40,2000,2001,"M304,","UP,",1,"M3,","M,",MAIN,Texas,31.827233,-99.423022,17,Evening
Derailments,2000:10:UP:1000SA018,0,0,4500,19581,0,0,0,BEXAR,23:30,2000,2001,"T110,","UP,",7,"T1,","T,",YARD,Texas,31.827233,-99.423022,23,Evening
Derailments,2001:01:BNSF:TX0101119,0,0,200,23500,0,0,0,DALLAS,21:35,2001,2001,"M502,","BNSF,",6,"M5,","M,",YARD,Texas,31.827233,-99.423022,21,Evening
Derailments,2000:10:UP:1000SA027,0,0,1500,29304,0,0,0,MAVERICK,21:10,2000,2001,"T110,","UP,",8,"T1,","T,",YARD,Texas,31.827233,-99.423022,21,Evening
Derailments,2000:12:UP:1200HO041,0,0,8000,2478,0,0,0,HARRIS,17:30,2000,2001,"M201,","UP,",7,"M2,","M,",YARD,Texas,31.827233,-99.423022,17,Evening
Highway-rail impact,2000:12:UP:1200SA029,0,2,19400,1579,0,0,0,COMAL,24:55:00,2000,2001,"M302,","UP,",1,"M3,","M,",MAIN,Texas,31.827233,-99.423022,24,Midnight
Obstruction impact,2000:11:MDAZ:INDUSTRY,0,0,0,12767,0,0,0,HUDSPETH,3:00,2000,2001,"M599,","UP,",8,"M5,","M,",INDUSTRY,Texas,31.827233,-99.423022,3,Midnight
Derailments,2000:11:KCS:001122002,0,0,5004,9500,0,0,0,MARION,4:45,2000,2001,"E61L,","KCS,",1,"E6,","E,",MAIN,Texas,31.827233,-99.423022,4,Midnight
Derailments,2000:10:UP:1000HO032,0,0,3500,5591,27,6,0,HARRIS,23:45,2000,2001,"T311,","UP,",1,"T3,","T,",INDUSTRY,Texas,31.827233,-99.423022,23,Evening
Derailments,2000:10:UP:1000SA031,0,0,5000,3046,0,0,0,BEXAR,17:45,2000,2001,"T110,","UP,",7,"T1,","T,",YARD,Texas,31.827233,-99.423022,17,Evening
Derailments,2000:12:UP:1200HO023,0,1,1700,5091,0,0,0,HARRIS,2:20,2000,2001,"T110,","UP,",1,"T1,","T,",YARD,Texas,31.827233,-99.423022,2,Midnight
Derailments,2000:12:TM:200060,0,0,8000,9000,0,0,0,NUECES,17:15,2000,2001,"E64C,","TM,",1,"E6,","E,",SIDING,Texas,31.827233,-99.423022,17,Evening
Other impacts,2000:12:UP:1200HO038,0,0,0,185345,0,0,0,GRIMES,22:00,2000,2001,"H601,","UP,",8,"H6,","H,",INDUSTRY,Texas,31.827233,-99.423022,22,Evening
Derailments,2001:02:FWWR:01021601,0,0,5952,4850,0,0,0,TARRANT,19:20,2001,2001,"T110,","FWWR,",1,"T1,","T,",MAIN,Texas,31.827233,-99.423022,19,Evening
Derailments,2000:10:UP:1000SA005,0,0,2500,164654,0,0,0,BEXAR,18:34,2000,2001,"H999,","UP,",6,"H9,","H,",MAIN,Texas,31.827233,-99.423022,18,Evening
Derailments,2000:09:BNSF:TX0900106,0,0,0,65000,0,0,0,TARRANT,19:55,2000,2000,"H306,","BNSF,",1,"H3,","H,",INDUSTRY,Texas,31.827233,-99.423022,19,Evening
Derailments,2000:10:BNSF:TX1000104,0,0,0,13400,39,0,0,COOKE,18:00,2000,2001,"T314,","BNSF,",1,"T3,","T,",YARD,Texas,31.827233,-99.423022,18,Evening
Derailments,2000:12:TM:200061,0,0,78000,226000,5,0,0,WEBB,17:45,2000,2001,"T110,","TM,",1,"T1,","T,",MAIN,Texas,31.827233,-99.423022,17,Evening
Derailments,2001:01:UP:0101ET014,0,0,3000,28655,0,0,0,GREGG,20:15,2001,2001,"H702,","UP,",76,"H7,","H,",INDUSTRY,Texas,31.827233,-99.423022,20,Evening
Other impacts,2000:10:UP:1000HO011,0,0,2000,131394,21,0,0,HARRIS,4:00,2000,2001,"H306,","UP,",7,"H3,","H,",YARD,Texas,31.827233,-99.423022,4,Midnight
Other impacts,2001:01:BNSF:TX0101111,0,0,0,80755,0,0,0,HARDEMAN,20:45,2001,2001,"H307,H212,","BNSF,",1,"H3,H2,","H,",MAIN,Texas,31.827233,-99.423022,20,Evening
Highway-rail impact,2000:11:UP:1100ET004,1,0,0,14004,0,0,0,BOWIE,24:50:00,2000,2001,"M303,","UP,",1,"M3,","M,",MAIN,Texas,31.827233,-99.423022,24,Midnight
Derailments,2000:10:BNSF:TX1000101,0,0,225000,358500,15,4,0,COLLIN,22:40,2000,2001,"E40C,","BNSF,",1,"E4,","E,",MAIN,Texas,31.827233,-99.423022,22,Evening
Derailments,2000:12:TM:200055,0,0,36000,41700,4,0,0,WEBB,3:15,2000,2001,"T220,","TM,",1,"T2,","T,",MAIN,Texas,31.827233,-99.423022,3,Midnight
Derailments,2000:12:UP:1200HO040,0,0,247251,313012,26,8,0,HARRIS,23:30,2000,2001,"T220,","UP,",16,"T2,","T,",MAIN,Texas,31.827233,-99.423022,23,Evening
Derailments,2000:10:BNSF:TX1000107,0,0,12000,36000,0,0,0,COLLIN,23:25,2000,2001,"H702,","BNSF,",1,"H7,","H,",MAIN,Texas,31.827233,-99.423022,23,Evening
Derailments,2000:12:BNSF:TX1200100,0,0,1700,7780,4,0,0,WICHITA,18:00,2000,2001,"E46L,","BNSF,",1,"E4,","E,",MAIN,Texas,31.827233,-99.423022,18,Evening
Derailments,2001:01:UP:0101ET007,0,0,94656,90378,0,0,0,SMITH,17:45,2001,2001,"T499,","UP,",7,"T4,","T,",INDUSTRY,Texas,31.827233,-99.423022,17,Evening
Derailments,2001:01:BNSF:AO0101100,0,0,2600,5796,4,0,0,RANDALL,23:45,2001,2001,"M405,","BNSF,",1,"M4,","M,",YARD,Texas,31.827233,-99.423022,23,Evening
Derailments,2001:01:UP:0101HO018,0,0,2000,7312,0,0,0,ROBERTSON,18:15,2001,2001,"T314,","UP,",1,"T3,","T,",YARD,Texas,31.827233,-99.423022,18,Evening
Derailments,2001:03:BNSF:GC0301111,0,0,17500,33654,2,2,0,BELL,21:10,2001,2001,"H312,","BNSF,",7,"H3,","H,",YARD,Texas,31.827233,-99.423022,21,Evening
Derailments,2000:10:UP:1000SA006,0,0,916806,64069,0,0,0,TERRELL,23:30,2000,2001,"T220,","UP,",1,"T2,","T,",MAIN,Texas,31.827233,-99.423022,23,Evening
Derailments,2000:11:UP:1100HO031,0,0,178042,2188,4,0,0,BRAZOS,17:30,2000,2001,"M405,","UP,",1,"M4,","M,",MAIN,Texas,31.827233,-99.423022,17,Evening
Derailments,2001:01:BNSF:TX0101100,0,0,8000,5600,0,0,0,ELLIS,20:05,2001,2001,"T110,","BNSF,",1,"T1,","T,",INDUSTRY,Texas,31.827233,-99.423022,20,Evening
Derailments,2000:11:BNSF:TX1100115,0,0,175000,58848,0,0,0,COOKE,20:15,2000,2001,"T110,E49C,","BNSF,",1,"T1,E4,","T,E,",SIDING,Texas,31.827233,-99.423022,20,Evening
Derailments,2001:01:LSRZ:INDUSTRY,0,0,10000,7624,0,0,0,BOWIE,19:15,2001,2001,"T110,","UP,",1,"T1,","T,",INDUSTRY,Texas,31.827233,-99.423022,19,Evening
Derailments,2001:01:UP:0101HO009,0,0,200,14163,0,0,0,HARRIS,18:00,2001,2001,"H506,","UP,",7,"H5,","H,",INDUSTRY,Texas,31.827233,-99.423022,18,Evening
Derailments,2000:09:UP:0900SA030,0,0,825,15364,0,0,0,CAMERON,18:00,2000,2000,"T110,","UP,",1,"T1,","T,",YARD,Texas,31.827233,-99.423022,18,Evening
Derailments,2001:01:BNSF:TX0101101,0,0,32800,4500,0,0,0,TARRANT,2:30,2001,2001,"M501,","BNSF,",7,"M5,","M,",YARD,Texas,31.827233,-99.423022,2,Midnight
Derailments,2001:03:UP:0301LK001,0,0,5963923,532580,4,3,1,CASS,4:45,2001,2001,"M505,","UP,",1,"M5,","M,",MAIN,Texas,31.827233,-99.423022,4,Midnight
Other impacts,2001:01:UP:0101SA008,0,0,400,87177,0,0,0,BEXAR,2:25,2001,2001,"H306,","UP,",78,"H3,","H,",YARD,Texas,31.827233,-99.423022,2,Midnight
Derailments,2001:01:UP:0101SA029,0,0,17188,5332,3,0,0,BEXAR,2:30,2001,2001,"T110,","UP,",7,"T1,","T,",YARD,Texas,31.827233,-99.423022,2,Midnight
Derailments,2001:02:UP:0201SA032,0,0,29746,4472,0,0,0,HAYS,24:40:00,2001,2001,"M405,E49C,","UP,",1,"M4,E4,","M,E,",MAIN,Texas,31.827233,-99.423022,24,Midnight
Derailments,2001:04:UP:0401SA009,0,0,32621,93,0,0,0,BEXAR,18:30,2001,2001,"T314,","UP,",7,"T3,","T,",INDUSTRY,Texas,31.827233,-99.423022,18,Evening
Highway-rail impact,2001:03:UP:0301HO002,0,0,18000,0,0,0,0,HARRIS,3:00,2001,2001,"M399,","UP,",1,"M3,","M,",MAIN,Texas,31.827233,-99.423022,3,Midnight
Derailments,2001:04:UP:0401LV016,0,0,5000,4487,34,1,0,JEFFERSON,20:40,2001,2001,"M405,","UP,",7,"M4,","M,",YARD,Texas,31.827233,-99.423022,20,Evening
Highway-rail impact,2001:02:UP:0201HO024,0,1,18200,35169,21,0,0,HARRIS,4:43,2001,2001,"M302,","UP,",1,"M3,","M,",MAIN,Texas,31.827233,-99.423022,4,Midnight
Derailments,2000:12:UP:1200HO039,0,0,23586,1428,0,0,0,JACKSON,24:15:00,2000,2001,"H702,","UP,",1,"H7,","H,",MAIN,Texas,31.827233,-99.423022,24,Midnight
Derailments,2001:03:UP:0301HO014,0,0,64119,8182,0,0,0,HARRIS,3:55,2001,2001,"T216,T111,","BNSF,UP,",1,"T2,T1,","T,",SIDING,Texas,31.827233,-99.423022,3,Midnight
Obstruction impact,2001:04:UP:0401HO034,0,2,0,11301,52,0,0,SAN JACINTO,19:20,2001,2001,"M101,","UP,",1,"M1,","M,",MAIN,Texas,31.827233,-99.423022,19,Evening
Derailments,2001:01:UP:0101SA036,0,0,22479,600,25,0,0,FAYETTE,19:54,2001,2001,"M207,M202,","UP,",1,"M2,","M,",MAIN,Texas,31.827233,-99.423022,19,Evening
Derailments,2001:02:UP:0201SA002,0,0,34875,1504,0,0,0,UVALDE,22:40,2001,2001,"E46C,","UP,",1,"E4,","E,",SIDING,Texas,31.827233,-99.423022,22,Evening
Derailments,2001:02:BNSF:TX0201100,0,0,0,242172,1,0,0,COOKE,2:08,2001,2001,"M102,","BNSF,",1,"M1,","M,",MAIN,Texas,31.827233,-99.423022,2,Midnight
Derailments,2001:03:UP:0301HO004,0,0,22695,34594,0,0,0,HARRIS,20:10,2001,2001,"T110,","UP,",1,"T1,","T,",MAIN,Texas,31.827233,-99.423022,20,Evening
Other events,2000:12:PTRA:DEC200001,0,0,0,7000,0,0,0,HARRIS,17:35,2000,2001,"H403,","PTRA,",87,"H4,","H,",YARD,Texas,31.827233,-99.423022,17,Evening
Derailments,2001:04:BNSF:TX0401108,0,0,73617,47580,13,2,1,GRAYSON,2:50,2001,2001,"T110,T202,","BNSF,",1,"T1,T2,","T,",SIDING,Texas,31.827233,-99.423022,2,Midnight
Other impacts,2001:04:BNSF:TX0401110,0,0,330,13658,0,0,0,TARRANT,20:10,2001,2001,"H599,","BNSF,",78,"H5,","H,",YARD,Texas,31.827233,-99.423022,20,Evening
Derailments,2001:04:TM:201016,0,0,18000,99350,1,0,0,WEBB,4:45,2001,2001,"T221,","TM,",1,"T2,","T,",MAIN,Texas,31.827233,-99.423022,4,Midnight
Derailments,2001:05:BNSF:AO0501106,0,0,1500,24535,3,3,0,GRAY,19:40,2001,2001,"E64C,T314,","BNSF,",1,"E6,T3,","E,T,",MAIN,Texas,31.827233,-99.423022,19,Evening
Derailments,2001:02:UP:0201HO018,0,0,16202,369,0,0,0,HARRIS,23:15,2001,2001,"S007,","UP,",7,"S0,","S,",YARD,Texas,31.827233,-99.423022,23,Evening
Derailments,2001:03:UP:0301HO052,0,0,60225,7302,23,2,0,HARRIS,19:30,2001,2001,"H602,","UP,",7,"H6,","H,",YARD,Texas,31.827233,-99.423022,19,Evening
Other events,2001:02:UP:0201WH015,0,0,0,16481,0,0,0,WISE,17:15,2001,2001,"E21C,","UP,",1,"E2,","E,",MAIN,Texas,31.827233,-99.423022,17,Evening
Side collision,2001:01:UP:0101SA015,0,0,2000,12145,0,0,0,KENEDY,1:40,2001,2001,"H699,","UP,",1,"H6,","H,",MAIN,Texas,31.827233,-99.423022,1,Midnight
Derailments,2001:05:BNSF:GC0501108,0,0,0,7635,0,0,0,HARRIS,19:30,2001,2001,"H018,","BNSF,",7,"H0,","H,",YARD,Texas,31.827233,-99.423022,19,Evening
Derailments,2001:03:UP:0301HO045,0,0,0,41399,4,4,0,HARRIS,18:40,2001,2001,"H306,","UP,",7,"H3,","H,",YARD,Texas,31.827233,-99.423022,18,Evening