AccidentType,inckey,Fatalities,Injuries,TrackDamage,EquipmentDamage,HazmatCars,HazmatCarsDerailed,HazmatCarsReleasing,County,DisplayTime,calendar,Fiscal,AccidentCause,RailroadCodes,RAILEQUIPMENT_TYPE,CauseGroup,CauseDiscipline,TYPE_OF_TRACK,StateName,latitude,longitude,hour,cat
Derailments,2001:02:PNR:XD0142,0,0,5000,21000,0,0,0,HUTCHINSON,23:00,2001,2001,"T402,","PNR,",7,"T4,","T,",INDUSTRY,Texas,31.827233,-99.423022,23,Evening
Derailments,2001:04:TXTX:2001015,0,0,600,13210,0,0,0,CALHOUN,1:20,2001,2001,"E39C,","TXTX,",7,"E3,","E,",INDUSTRY,Texas,31.827233,-99.423022,1,Midnight
Other impacts,2001:04:KCS:010402001,0,0,0,26500,1,1,0,COLLIN,3:00,2001,2001,"T307,","KCS,",6,"T3,","T,",YARD,Texas,31.827233,-99.423022,3,Midnight
Highway-rail impact,2001:04:UP:0401HO007,0,0,2000,17194,0,0,0,LIBERTY,21:30,2001,2001,"M399,","UP,",1,"M3,","M,",MAIN,Texas,31.827233,-99.423022,21,Evening
Highway-rail impact,2001:03:UP:0301HO007,0,0,0,11085,0,0,0,HARRIS,17:35,2001,2001,"M399,","UP,",1,"M3,","M,",MAIN,Texas,31.827233,-99.423022,17,Evening
Derailments,2001:03:UP:0301FW022,0,0,5808,7505,0,0,0,DALLAS,17:25,2001,2001,"T110,","UP,",7,"T1,","T,",YARD,Texas,31.827233,-99.423022,17,Evening
Derailments,2001:04:BNSF:TX0401107,0,0,4000,7000,11,0,0,ARMSTRONG,3:35,2001,2001,"E53C,","BNSF,",1,"E5,","E,",MAIN,Texas,31.827233,-99.423022,3,Midnight
Derailments,2001:01:UP:0101SA028,0,0,145208,38500,0,0,0,LAVACA,17:23,2001,2001,"T202,T220,","TM,UP,",1,"T2,","T,",MAIN,Texas,31.827233,-99.423022,17,Evening
Derailments,2001:03:UP:0301SA021,0,0,119304,13000,3,0,0,DE WITT,4:30,2001,2001,"E24C,","TM,UP,",1,"E2,","E,",MAIN,Texas,31.827233,-99.423022,4,Midnight
Derailments,2001:03:UP:0301SA026,0,0,30787,1635,0,0,0,BEXAR,24:50:00,2001,2001,"T220,","UP,",76,"T2,","T,",YARD,Texas,31.827233,-99.423022,24,Midnight
Broken train collision,2001:02:PTRA:FEB200101,0,0,6400,127614,3,0,0,HARRIS,22:00,2001,2001,"H503,","PTRA,",76,"H5,","H,",YARD,Texas,31.827233,-99.423022,22,Evening
Highway-rail impact,2001:02:UP:0201HO032,0,0,15000,0,0,0,0,HARRIS,2:40,2001,2001,"M399,","UP,",1,"M3,","M,",MAIN,Texas,31.827233,-99.423022,2,Midnight
Derailments,2001:04:UP:0401EP009,0,0,30000,12098,0,0,0,EL PASO,17:20,2001,2001,"H505,","UP,",7,"H5,","H,",YARD,Texas,31.827233,-99.423022,17,Evening
Other impacts,2001:02:KCS:010224001,0,0,0,15000,16,0,0,JEFFERSON,18:45,2001,2001,"H702,","KCS,",7,"H7,","H,",YARD,Texas,31.827233,-99.423022,18,Evening
Derailments,2001:03:UP:0301WH003,0,0,50842,45376,0,0,0,DENTON,18:47,2001,2001,"H503,","UP,",1,"H5,","H,",SIDING,Texas,31.827233,-99.423022,18,Evening
Derailments,2001:04:UP:0401SA020,0,0,0,18098,0,0,0,WEBB,18:00,2001,2001,"H306,","UP,",1,"H3,","H,",YARD,Texas,31.827233,-99.423022,18,Evening
Derailments,2001:03:BNSF:GC0301115,0,0,18200,13100,29,1,0,JEFFERSON,18:00,2001,2001,"M503,","BNSF,",7,"M5,","M,",YARD,Texas,31.827233,-99.423022,18,Evening
Derailments,2001:03:UP:0301FW021,0,0,3100,7857,0,0,0,TARRANT,18:55,2001,2001,"E07C,","UP,",7,"E0,","E,",YARD,Texas,31.827233,-99.423022,18,Evening
Derailments,2001:01:UP:0101SA016,0,0,22385,11120,7,1,0,KINNEY,4:45,2001,2001,"H702,","UP,",1,"H7,","H,",MAIN,Texas,31.827233,-99.423022,4,Midnight
Derailments,2001:03:BNSF:GC0301116,0,0,12000,45500,3,3,0,HARDIN,1:15,2001,2001,"H399,H303,","BNSF,",1,"H3,","H,",MAIN,Texas,31.827233,-99.423022,1,Midnight
Derailments,2001:04:UP:0401SA036,0,0,0,18374,0,0,0,WEBB,4:51,2001,2001,"T319,","UP,",8,"T3,","T,",YARD,Texas,31.827233,-99.423022,4,Midnight
Derailments,2001:03:BNSF:GC0301119,0,0,32200,3067,0,0,0,BELL,2:30,2001,2001,"H507,","BNSF,",7,"H5,","H,",YARD,Texas,31.827233,-99.423022,2,Midnight
Derailments,2001:05:ATK:067863,0,0,10000,3000,0,0,0,TARRANT,20:15,2001,2001,"T110,","ATK,",7,"T1,","T,",YARD,Texas,31.827233,-99.423022,20,Evening
Derailments,2000:12:FWWR:00121201,0,0,5700,11055,0,0,0,TARRANT,18:16,2000,2001,"H306,H704,","FWWR,",1,"H3,H7,","H,",YARD,Texas,31.827233,-99.423022,18,Evening
Other impacts,2001:03:PTRA:MAR200103,0,0,3250,17000,0,0,0,HARRIS,21:00,2001,2001,"H399,","PTRA,",7,"H3,","H,",YARD,Texas,31.827233,-99.423022,21,Evening
Derailments,2001:02:UP:0201SA022,0,0,99569,758883,0,0,0,DE WITT,4:10,2001,2001,"T220,","UP,",1,"T2,","T,",MAIN,Texas,31.827233,-99.423022,4,Midnight
Derailments,2001:03:UP:0301HO051,0,0,2000,8472,0,0,0,HARRIS,22:10,2001,2001,"H503,","UP,",7,"H5,","H,",YARD,Texas,31.827233,-99.423022,22,Evening
Derailments,2001:02:BNSF:AO0201110,0,0,127476,12303,0,0,0,RANDALL,4:30,2001,2001,"H514,H505,H503,","BNSF,UP,",7,"H5,","H,",MAIN,Texas,31.827233,-99.423022,4,Midnight
Other impacts,2001:03:UP:0301HO041,0,0,0,25272,0,0,0,HARRIS,1:46,2001,2001,"H312,","UP,",75,"H3,","H,",YARD,Texas,31.827233,-99.423022,1,Midnight
Derailments,2001:04:BNSF:AO0401100,0,0,0,16678,12,1,0,HEMPHILL,18:55,2001,2001,"M105,","BNSF,",1,"M1,","M,",MAIN,Texas,31.827233,-99.423022,18,Evening
Derailments,2001:04:BNSF:AO0401101,0,0,1883,28500,0,0,0,POTTER,20:35,2001,2001,"M503,","BNSF,",7,"M5,","M,",YARD,Texas,31.827233,-99.423022,20,Evening
Other impacts,2001:07:UP:0701HO022,0,0,0,28352,0,0,0,BRAZORIA,1:00,2001,2001,"H018,","UP,",76,"H0,","H,",INDUSTRY,Texas,31.827233,-99.423022,1,Midnight
Derailments,2001:07:UP:0701SA022,0,0,189917,1243,0,0,0,BEXAR,17:30,2001,2001,"T212,","UP,",7,"T2,","T,",YARD,Texas,31.827233,-99.423022,17,Evening
Derailments,2001:08:UP:0801SA021,0,0,2500,20625,0,0,0,WEBB,3:00,2001,2001,"H702,H704,","UP,",8,"H7,","H,",MAIN,Texas,31.827233,-99.423022,3,Midnight
Derailments,2001:06:GCSR:D060301,0,0,0,15000,0,0,0,LAMPASAS,24:45:00,2001,2001,"M199,","GCSR,",1,"M1,","M,",MAIN,Texas,31.827233,-99.423022,24,Midnight
Raking collision,2001:07:TCT:580163,0,0,0,24803,2,2,0,GALVESTON,17:00,2001,2001,"H306,","TCT,",7,"H3,","H,",YARD,Texas,31.827233,-99.423022,17,Evening
Derailments,2001:07:UP:0701FW035,0,0,26619,13628,0,0,0,DALLAS,20:00,2001,2001,"E49L,","UP,",1,"E4,","E,",MAIN,Texas,31.827233,-99.423022,20,Evening
Other impacts,2001:07:UP:0701SA017,0,0,3000,8969,0,0,0,BEXAR,4:15,2001,2001,"H302,","UP,",76,"H3,","H,",YARD,Texas,31.827233,-99.423022,4,Midnight
Derailments,2001:07:UP:0701LV009,0,0,9500,739,4,0,0,JEFFERSON,4:30,2001,2001,"T212,","UP,",7,"T2,","T,",YARD,Texas,31.827233,-99.423022,4,Midnight
Derailments,2001:07:UP:0701SA025,0,0,320223,374083,0,0,0,COMAL,20:34,2001,2001,"H503,","UP,",18,"H5,","H,",MAIN,Texas,31.827233,-99.423022,20,Evening
Derailments,2001:08:BNSF:AO0801105,0,0,7245,46944,7,2,0,CARSON,2:30,2001,2001,"H704,","BNSF,",1,"H7,","H,",SIDING,Texas,31.827233,-99.423022,2,Midnight
Derailments,2001:08:BNSF:TX0801109,0,0,42000,4140,1,1,0,TARRANT,17:00,2001,2001,"E46C,","BNSF,",1,"E4,","E,",MAIN,Texas,31.827233,-99.423022,17,Evening
Other impacts,2001:06:PTRA:JUNE200102,0,0,0,10591,0,0,0,HARRIS,20:45,2001,2001,"H018,","PTRA,",7,"H0,","H,",YARD,Texas,31.827233,-99.423022,20,Evening
Derailments,2001:06:AGCR:010601,0,0,20000,62000,0,0,0,BEXAR,3:15,2001,2001,"E64C,","AGCR,",1,"E6,","E,",YARD,Texas,31.827233,-99.423022,3,Midnight
Derailments,2001:06:BNSF:AO0601102,0,0,16440,32413,17,4,0,GRAY,18:44,2001,2001,"H702,","BNSF,",1,"H7,","H,",YARD,Texas,31.827233,-99.423022,18,Evening
Derailments,2001:07:UP:0701FW023,0,0,34611,37311,0,0,0,DALLAS,3:30,2001,2001,"T314,E64C,","UP,",7,"T3,E6,","T,E,",YARD,Texas,31.827233,-99.423022,3,Midnight
Derailments,2001:08:UP:0801SA002,0,0,7000,5217,2,2,0,SAN PATRICIO,2:30,2001,2001,"T311,","UP,",1,"T3,","T,",MAIN,Texas,31.827233,-99.423022,2,Midnight
Derailments,2001:08:DGNO:ID01510,0,0,15889,58875,5,0,0,HUNT,4:05,2001,2001,"H605,","DGNO,KCS,",1,"H6,","H,",MAIN,Texas,31.827233,-99.423022,4,Midnight
Derailments,2001:06:BNSF:GC0601105,0,0,2500,10582,0,0,0,BELL,22:50,2001,2001,"T316,","BNSF,",1,"T3,","T,",YARD,Texas,31.827233,-99.423022,22,Evening
Side collision,2001:07:UP:0701HO009,0,0,1000,36303,27,3,0,HARRIS,19:00,2001,2001,"H401,","UP,",7,"H4,","H,",YARD,Texas,31.827233,-99.423022,19,Evening
Derailments,2001:07:BNSF:GC0701103,0,0,1500,31834,2,2,0,GREGG,20:25,2001,2001,"T001,","BNSF,",7,"T0,","T,",YARD,Texas,31.827233,-99.423022,20,Evening
Derailments,2001:06:UP:0601HO043,0,0,500,8456,0,0,0,HARRIS,23:45,2001,2001,"M405,","UP,",7,"M4,","M,",INDUSTRY,Texas,31.827233,-99.423022,23,Evening
Obstruction impact,2001:06:BNSF:AO0601105,0,0,700,6052,6,0,0,PARMER,21:00,2001,2001,"M402,","BNSF,",1,"M4,","M,",MAIN,Texas,31.827233,-99.423022,21,Evening
Derailments,2001:06:UP:0601HO011,0,0,29323,739,0,0,0,HARRIS,23:00,2001,2001,"T210,","UP,",1,"T2,","T,",YARD,Texas,31.827233,-99.423022,23,Evening
Derailments,2001:07:BNSF:GC0701101,0,0,0,8760,0,0,0,HARRIS,2:00,2001,2001,"H702,","BNSF,",1,"H7,","H,",YARD,Texas,31.827233,-99.423022,2,Midnight
Derailments,2001:05:UP:0501SA004,0,0,2200,8000,0,0,0,WEBB,18:30,2001,2001,"H999,","UP,",1,"H9,","H,",YARD,Texas,31.827233,-99.423022,18,Evening
Derailments,2001:07:KCS:010710003,0,0,143,17500,0,0,0,JEFFERSON,2:30,2001,2001,"H702,","KCS,",7,"H7,","H,",INDUSTRY,Texas,31.827233,-99.423022,2,Midnight
Highway-rail impact,2001:07:UP:0701SA036,0,4,0,43192,0,0,0,DE WITT,17:25,2001,2001,"M399,","UP,",1,"M3,","M,",MAIN,Texas,31.827233,-99.423022,17,Evening
Derailments,2001:08:UP:0801SA017,0,0,9497,371,0,0,0,COMAL,19:40,2001,2001,"M204,T110,","UP,",7,"M2,T1,","M,T,",INDUSTRY,Texas,31.827233,-99.423022,19,Evening
Derailments,2001:07:UP:0701LK025,0,0,1500,7832,0,0,0,TITUS,19:30,2001,2001,"T110,","UP,",1,"T1,","T,",YARD,Texas,31.827233,-99.423022,19,Evening
Derailments,2001:07:PNR:XD0177,0,0,4000,9000,0,0,0,HUTCHINSON,3:55,2001,2001,"H702,","PNR,",7,"H7,","H,",YARD,Texas,31.827233,-99.423022,3,Midnight
Fire/violent rupture,2001:08:BNSF:AO0801106,0,0,3553,18319,0,0,0,POTTER,24:30:00,2001,2001,"M405,","BNSF,",1,"M4,","M,",YARD,Texas,31.827233,-99.423022,24,Midnight
Obstruction impact,2001:08:UP:0801SA019,1,0,25000,333,0,0,0,BEXAR,23:25,2001,2001,"M402,","UP,",1,"M4,","M,",MAIN,Texas,31.827233,-99.423022,23,Evening
Other impacts,2001:07:PTRA:JULY200102,0,0,0,40000,2,2,0,HARRIS,4:50,2001,2001,"H018,","PTRA,UP,",61,"H0,","H,",MAIN,Texas,31.827233,-99.423022,4,Midnight
Other impacts,2001:07:UP:0701SA011,0,0,8000,4143,0,0,0,BEXAR,17:55,2001,2001,"H999,","UP,",75,"H9,","H,",YARD,Texas,31.827233,-99.423022,17,Evening
Derailments,2001:07:PTRA:JULY200107,0,0,2500,11174,12,0,0,HARRIS,21:15,2001,2001,"T399,","PTRA,UP,",7,"T3,","T,",MAIN,Texas,31.827233,-99.423022,21,Evening
Derailments,2001:08:BNSF:TX0801113,0,0,32000,19644,0,0,0,ELLIS,21:15,2001,2001,"H702,","BNSF,",1,"H7,","H,",SIDING,Texas,31.827233,-99.423022,21,Evening
Derailments,2001:08:BNSF:TX0801104,0,0,40000,175242,23,4,3,NAVARRO,17:00,2001,2001,"T099,","BNSF,",1,"T0,","T,",MAIN,Texas,31.827233,-99.423022,17,Evening
Other impacts,2001:06:UP:0601LV024,0,0,0,19944,0,0,0,JEFFERSON,2:30,2001,2001,"H018,","UP,",75,"H0,","H,",YARD,Texas,31.827233,-99.423022,2,Midnight
Derailments,2001:06:UP:0601LK056,0,0,75129,18190,0,0,0,GREGG,21:32,2001,2001,"T110,","UP,",7,"T1,","T,",YARD,Texas,31.827233,-99.423022,21,Evening
Other impacts,2001:05:UP:0501HO033,0,0,0,52000,19,0,0,NACOGDOCHES,19:10,2001,2001,"H404,","BNSF,UP,",19,"H4,","H,",MAIN,Texas,31.827233,-99.423022,19,Evening
Raking collision,2001:07:TXTX:2001036,0,0,0,60000,3,3,0,CALHOUN,20:50,2001,2001,"H702,H306,","TXTX,",7,"H7,H3,","H,",INDUSTRY,Texas,31.827233,-99.423022,20,Evening
Other impacts,2001:07:PTRA:JULY200106,0,0,1300,5500,0,0,0,HARRIS,4:00,2001,2001,"H401,","PTRA,",87,"H4,","H,",YARD,Texas,31.827233,-99.423022,4,Midnight
Derailments,2001:07:UP:0701SA032,0,0,119538,28973,0,0,0,WEBB,19:15,2001,2001,"H505,","UP,",1,"H5,","H,",YARD,Texas,31.827233,-99.423022,19,Evening
Derailments,2001:09:UP:0901WH020,0,0,7000,832,0,0,0,GRAYSON,17:20,2001,2001,"H506,","UP,",7,"H5,","H,",YARD,Texas,31.827233,-99.423022,17,Evening
Derailments,2001:08:UP:0801SA011,0,0,65179,182400,0,0,0,MAVERICK,18:15,2001,2001,"T109,","UP,",1,"T1,","T,",MAIN,Texas,31.827233,-99.423022,18,Evening
Derailments,2001:07:BNSF:GC0701102,0,0,15000,1700,0,0,0,HARDIN,18:40,2001,2001,"T311,","BNSF,",1,"T3,","T,",YARD,Texas,31.827233,-99.423022,18,Evening
Derailments,2001:07:UP:0701SA012,0,0,53610,6468,2,2,0,BEXAR,22:30,2001,2001,"M405,T314,","UP,",1,"M4,T3,","M,T,",YARD,Texas,31.827233,-99.423022,22,Evening
Other impacts,2001:07:TM:201030,0,0,2100,69000,0,0,0,WEBB,23:20,2001,2001,"H307,","TM,",7,"H3,","H,",YARD,Texas,31.827233,-99.423022,23,Evening
Derailments,2001:08:BNSF:GC0801106,0,0,0,10304,0,0,0,MONTGOMERY,22:30,2001,2001,"H306,","BNSF,",1,"H3,","H,",INDUSTRY,Texas,31.827233,-99.423022,22,Evening
Derailments,2001:08:UP:0801HO047,0,0,59800,345614,0,0,0,BRAZOS,1:15,2001,2001,"T314,","UP,",1,"T3,","T,",MAIN,Texas,31.827233,-99.423022,1,Midnight
Derailments,2001:05:UP:0501FW024,0,0,14214,918,0,0,0,TARRANT,22:20,2001,2001,"E69C,T314,","UP,",1,"E6,T3,","E,T,",YARD,Texas,31.827233,-99.423022,22,Evening
Other events,2001:07:LCRZ:INDUSTRY,0,0,0,24981,0,0,0,FAYETTE,4:45,2001,2001,"M599,","UP,",1,"M5,","M,",INDUSTRY,Texas,31.827233,-99.423022,4,Midnight
Other events,2001:08:ATK:070014,0,0,0,15000,0,0,0,BEXAR,22:35,2001,2001,"H018,","ATK,",687,"H0,","H,",YARD,Texas,31.827233,-99.423022,22,Evening
Derailments,2001:08:BNSF:TX0801115,0,0,500,24900,1,1,0,TARRANT,24:15:00,2001,2001,"H020,","BNSF,",7,"H0,","H,",SIDING,Texas,31.827233,-99.423022,24,Midnight
Derailments,2001:08:UP:0801HO045,0,0,600,19650,0,0,0,BRAZORIA,17:40,2001,2001,"T319,","UP,",8,"T3,","T,",YARD,Texas,31.827233,-99.423022,17,Evening
Derailments,2001:05:UP:0501HO026,0,0,386897,96300,9,2,0,BRAZOS,3:50,2001,2001,"T102,","UP,",1,"T1,","T,",MAIN,Texas,31.827233,-99.423022,3,Midnight
Derailments,2001:06:KCS:010610003,0,0,121528,3000,0,0,0,COLLIN,21:55,2001,2001,"T102,","KCS,",1,"T1,","T,",MAIN,Texas,31.827233,-99.423022,21,Evening
Derailments,2001:07:GVSR:072001,0,0,850,8520,0,0,0,GALVESTON,21:25,2001,2001,"T314,","GVSR,",1,"T3,","T,",YARD,Texas,31.827233,-99.423022,21,Evening
Derailments,2001:08:BNSF:GC0801100,0,0,60000,630779,11,7,2,MONTGOMERY,2:25,2001,2001,"T207,","BNSF,",1,"T2,","T,",MAIN,Texas,31.827233,-99.423022,2,Midnight
Derailments,2001:05:UP:0501SA014,0,0,52229,83448,0,0,0,BASTROP,23:10,2001,2001,"T220,","UP,",1,"T2,","T,",MAIN,Texas,31.827233,-99.423022,23,Evening
Derailments,2001:08:UP:0801LK007,0,0,321257,788252,0,0,0,CASS,1:50,2001,2001,"T201,","UP,",1,"T2,","T,",MAIN,Texas,31.827233,-99.423022,1,Midnight
Derailments,2001:06:UP:0601HO039,0,0,60500,100,0,0,0,HARRIS,19:30,2001,2001,"T215,","UP,",1,"T2,","T,",YARD,Texas,31.827233,-99.423022,19,Evening
Derailments,2001:06:GCSR:D060101,0,0,15000,0,0,0,0,SAN SABA,24:30:00,2001,2001,"M599,","GCSR,",1,"M5,","M,",MAIN,Texas,31.827233,-99.423022,24,Midnight
Derailments,2001:08:UP:0801HO044,0,0,49500,27785,17,3,0,HARRIS,19:40,2001,2001,"H703,","UP,",1,"H7,","H,",YARD,Texas,31.827233,-99.423022,19,Evening
Side collision,2001:12:UP:1201SA011,0,0,0,8228,0,0,0,BEXAR,19:10,2001,2002,"H702,","UP,",17,"H7,","H,",YARD,Texas,31.827233,-99.423022,19,Evening
Derailments,2001:10:UP:1001FW009,0,0,7578,2439,0,0,0,DALLAS,1:30,2001,2002,"T314,","UP,",7,"T3,","T,",YARD,Texas,31.827233,-99.423022,1,Midnight
Derailments,2001:11:UP:1101HO017,0,0,1000,13500,2,0,0,SHELBY,19:00,2001,2002,"H303,","BNSF,UP,",1,"H3,","H,",SIDING,Texas,31.827233,-99.423022,19,Evening
Derailments,2001:10:BNSF:GC1001109,0,0,2000,18530,0,0,0,HARDIN,22:00,2001,2002,"H306,H302,","BNSF,",1,"H3,","H,",YARD,Texas,31.827233,-99.423022,22,Evening
Derailments,2001:11:UP:1101FW008,0,0,84002,137607,0,0,0,ELLIS,4:30,2001,2002,"T210,","UP,",1,"T2,","T,",MAIN,Texas,31.827233,-99.423022,4,Midnight
Derailments,2001:11:UP:1101SA025,0,0,83591,18816,0,0,0,BEXAR,23:45,2001,2002,"H606,","UP,",1,"H6,","H,",MAIN,Texas,31.827233,-99.423022,23,Evening
Derailments,2001:10:UP:1001SA002,0,0,5809,809,0,0,0,MAVERICK,23:30,2001,2002,"H702,","UP,",7,"H7,","H,",YARD,Texas,31.827233,-99.423022,23,Evening
Other impacts,2001:09:EXXO:INDUSTRY,0,2,0,50000,5,0,0,HARRIS,23:00,2001,2001,"M504,","BNSF,",17,"M5,","M,",INDUSTRY,Texas,31.827233,-99.423022,23,Evening
Derailments,2001:09:UP:0901FW001,0,0,1600,46027,40,0,0,NOLAN,2:55,2001,2001,"M599,","UP,",1,"M5,","M,",MAIN,Texas,31.827233,-99.423022,2,Midnight
Derailments,2001:09:BNSF:GC0901112,0,0,1000,14519,16,0,0,HARRIS,24:10:00,2001,2001,"M405,","BNSF,",1,"M4,","M,",YARD,Texas,31.827233,-99.423022,24,Midnight
Derailments,2001:12:BNSF:GC1201105,0,0,117600,39000,7,5,0,AUSTIN,3:10,2001,2002,"H519,","BNSF,",1,"H5,","H,",MAIN,Texas,31.827233,-99.423022,3,Midnight
Derailments,2001:10:UP:1001SA013,0,0,6113,4577,2,1,0,BEXAR,1:10,2001,2002,"M405,","UP,",76,"M4,","M,",YARD,Texas,31.827233,-99.423022,1,Midnight
Derailments,2001:11:BNSF:GC1101109,0,0,30500,1000,0,0,0,BELL,20:00,2001,2002,"T110,","BNSF,",8,"T1,","T,",MAIN,Texas,31.827233,-99.423022,20,Evening
Highway-rail impact,2001:12:UP:1201FW015,0,0,5000,1644,0,0,0,DALLAS,4:00,2001,2002,"M399,","UP,",1,"M3,","M,",MAIN,Texas,31.827233,-99.423022,4,Midnight
Highway-rail impact,2001:09:BNSF:AO0901200,1,0,46875,16471,0,0,0,HALE,19:00,2001,2001,"M302,","BNSF,",1,"M3,","M,",MAIN,Texas,31.827233,-99.423022,19,Evening
Rear end collision,2001:11:BNSF:GC1101116,0,4,245000,2041796,15,2,0,BURLESON,19:59,2001,2002,"H215,","BNSF,",1,"H2,","H,",MAIN,Texas,31.827233,-99.423022,19,Evening
Derailments,2001:12:UP:1201HO007,0,0,21170,1200,5,0,0,HARRIS,24:50:00,2001,2002,"H702,","BNSF,UP,",1,"H7,","H,",YARD,Texas,31.827233,-99.423022,24,Midnight
Derailments,2001:10:UP:1001FW008,0,0,1250,13699,0,0,0,DALLAS,1:40,2001,2002,"T314,","UP,",7,"T3,","T,",YARD,Texas,31.827233,-99.423022,1,Midnight
Derailments,2001:11:UP:1101HO014,0,0,22526,7460,0,0,0,COLORADO,23:35,2001,2002,"T221,","UP,",1,"T2,","T,",INDUSTRY,Texas,31.827233,-99.423022,23,Evening
Derailments,2001:10:BNSF:GC1001111,0,0,135000,254152,0,0,0,HARDIN,18:00,2001,2002,"T215,","BNSF,",1,"T2,","T,",MAIN,Texas,31.827233,-99.423022,18,Evening
Other impacts,2001:09:UP:0901FW031,0,0,100,13108,0,0,0,TARRANT,23:40,2001,2001,"T305,","UP,",76,"T3,","T,",YARD,Texas,31.827233,-99.423022,23,Evening
Other impacts,2001:12:BNSF:GC1201109,0,0,600,14065,1,1,0,FREESTONE,1:20,2001,2002,"H307,M104,","BNSF,",61,"H3,M1,H3,M1,","H,M,H,M,",YARD,Texas,31.827233,-99.423022,1,Midnight
Highway-rail impact,2001:11:UP:1101FW017,0,0,33949,1000,0,0,0,DALLAS,17:55,2001,2002,"M302,","ATK,UP,",2,"M3,","M,",MAIN,Texas,31.827233,-99.423022,17,Evening
Derailments,2001:12:UP:1201FW005,0,0,53731,831,0,0,0,VAN ZANDT,24:30:00,2001,2002,"E53C,","UP,",1,"E5,","E,",MAIN,Texas,31.827233,-99.423022,24,Midnight
Other impacts,2001:12:UP:1201HO014,0,0,0,28286,0,0,0,CHAMBERS,23:30,2001,2002,"H018,","UP,",76,"H0,","H,",INDUSTRY,Texas,31.827233,-99.423022,23,Evening
Derailments,2001:10:UP:1001HO008,0,0,2500,11050,0,0,0,HARRIS,22:10,2001,2002,"T314,","UP,",7,"T3,","T,",YARD,Texas,31.827233,-99.423022,22,Evening
Derailments,2001:10:BNSF:TX1001108,0,0,26500,1400,0,0,0,ELLIS,24:50:00,2001,2002,"T212,T221,","BNSF,UP,",7,"T2,","T,",MAIN,Texas,31.827233,-99.423022,24,Midnight
Derailments,2001:10:UP:1001FW026,0,0,0,15206,0,0,0,TARRANT,18:40,2001,2002,"M503,","UP,",1,"M5,","M,",MAIN,Texas,31.827233,-99.423022,18,Evening
Other impacts,2001:09:UP:0901FW004,0,0,1000,44098,0,0,0,TARRANT,3:30,2001,2001,"M502,","UP,",76,"M5,","M,",YARD,Texas,31.827233,-99.423022,3,Midnight
Derailments,2001:09:UP:0901HO034,0,0,76160,202262,0,0,0,HARRIS,24:00:00,2001,2001,"M405,","UP,",7,"M4,","M,",INDUSTRY,Texas,31.827233,-99.423022,24,Midnight
Other impacts,2001:09:PTRA:SEPT200102,0,0,0,8900,2,2,0,HARRIS,21:00,2001,2001,"H310,","PTRA,",7,"H3,","H,",YARD,Texas,31.827233,-99.423022,21,Evening
Derailments,2001:11:UP:1101HO001,0,0,40128,3017,9,0,0,SHELBY,24:30:00,2001,2002,"E53C,","UP,",1,"E5,","E,",MAIN,Texas,31.827233,-99.423022,24,Midnight
Derailments,2001:09:UP:0901HO023,0,0,8000,924,0,0,0,HARRIS,18:30,2001,2001,"T314,","UP,",1,"T3,","T,",YARD,Texas,31.827233,-99.423022,18,Evening
Derailments,2001:11:UP:1101FW018,0,0,22740,41004,11,0,0,ECTOR,3:49,2001,2002,"T202,","UP,",1,"T2,","T,",SIDING,Texas,31.827233,-99.423022,3,Midnight
Highway-rail impact,2001:09:UP:0901EP008,0,1,10000,1069,0,0,0,EL PASO,18:37,2001,2001,"M399,","UP,",1,"M3,","M,",MAIN,Texas,31.827233,-99.423022,18,Evening
Other impacts,2001:11:BNSF:GC1101103,0,0,0,15150,3,3,0,HARDIN,19:15,2001,2002,"H310,","BNSF,",7,"H3,","H,",YARD,Texas,31.827233,-99.423022,19,Evening
Other impacts,2001:11:PTRA:NOV200102,0,0,0,41800,2,1,0,HARRIS,22:00,2001,2002,"H018,","PTRA,",7,"H0,","H,",YARD,Texas,31.827233,-99.423022,22,Evening
Derailments,2001:10:UP:1001LV035,0,0,17480,9362,18,0,0,ORANGE,3:35,2001,2002,"T220,","UP,",7,"T2,","T,",INDUSTRY,Texas,31.827233,-99.423022,3,Midnight
Derailments,2001:10:UP:1001FW005,0,0,2487,10371,3,0,0,WISE,19:30,2001,2002,"T102,","UP,",1,"T1,","T,",MAIN,Texas,31.827233,-99.423022,19,Evening
Derailments,2001:12:ATK:071360,0,0,12000,30000,0,0,0,BEXAR,19:45,2001,2002,"T113,","ATK,",7,"T1,","T,",YARD,Texas,31.827233,-99.423022,19,Evening
Derailments,2001:12:BNSF:KS1201126,0,0,10030,33699,1,1,0,LUBBOCK,24:00:00,2001,2002,"T210,","BNSF,",1,"T2,","T,",YARD,Texas,31.827233,-99.423022,24,Midnight
Derailments,2001:12:BNSF:GC1201112,0,0,0,0,0,0,0,NOLAN,19:30,2001,2002,"T110,","BNSF,",NA,"T1,","T,",YARD,Texas,31.827233,-99.423022,19,Evening