AccidentType,inckey,Fatalities,Injuries,TrackDamage,EquipmentDamage,HazmatCars,HazmatCarsDerailed,HazmatCarsReleasing,County,DisplayTime,calendar,Fiscal,AccidentCause,RailroadCodes,RAILEQUIPMENT_TYPE,CauseGroup,CauseDiscipline,TYPE_OF_TRACK,StateName,latitude,longitude,hour,cat
Derailments,2001:12:UP:1201TS008,0,0,110148,617642,5,0,0,JEFF DAVIS,2:35,2001,2002,"T211,","UP,",1,"T2,","T,",MAIN,Texas,31.827233,-99.423022,2,Midnight
Derailments,2001:12:BNSF:TX1201102,0,0,800,62000,4,0,0,TARRANT,19:10,2001,2002,"T202,T205,","BNSF,",1,"T2,","T,",YARD,Texas,31.827233,-99.423022,19,Evening
Derailments,2001:09:BNSF:GC0901102,0,0,7000,3400,0,0,0,BROWN,2:55,2001,2001,"H704,","BNSF,",7,"H7,","H,",YARD,Texas,31.827233,-99.423022,2,Midnight
Derailments,2001:10:UP:1001HO032,0,0,2500,7000,0,0,0,HARRIS,24:30:00,2001,2002,"M599,H702,","OMTX,UP,",7,"M5,H7,","M,H,",INDUSTRY,Texas,31.827233,-99.423022,24,Midnight
Derailments,2001:08:UP:0801WH007,0,0,6453,4818,2,0,0,GRAYSON,19:45,2001,2001,"T311,","UP,",1,"T3,","T,",YARD,Texas,31.827233,-99.423022,19,Evening
Obstruction impact,2001:09:BNSF:AO0901100,0,0,20000,1076,5,0,0,RANDALL,23:55,2001,2001,"M402,","BNSF,",1,"M4,","M,",MAIN,Texas,31.827233,-99.423022,23,Evening
Side collision,2001:11:UP:1101FW006,0,0,88044,133539,0,0,0,TARRANT,4:25,2001,2002,"H702,","UP,",7,"H7,","H,",YARD,Texas,31.827233,-99.423022,4,Midnight
Obstruction impact,2001:10:UP:1001SA015,0,0,20810,4535,0,0,0,BEXAR,23:55,2001,2002,"E34C,","UP,",7,"E3,","E,",YARD,Texas,31.827233,-99.423022,23,Evening
Derailments,2001:09:UP:0901HO009,0,0,2000,9923,20,4,0,BRAZORIA,21:30,2001,2001,"T102,","UP,",7,"T1,","T,",INDUSTRY,Texas,31.827233,-99.423022,21,Evening
Derailments,2001:12:LDCZ:INDUSTRY,0,0,21000,27179,0,0,0,HARRIS,3:34,2001,2002,"T310,","UP,",7,"T3,","T,",INDUSTRY,Texas,31.827233,-99.423022,3,Midnight
Other impacts,2001:12:TLHQ:INDUSTRY,0,0,2545,5452,0,0,0,HAYS,17:15,2001,2002,"H306,","UP,",67,"H3,","H,",INDUSTRY,Texas,31.827233,-99.423022,17,Evening
Derailments,2001:10:UP:1001FW023,0,0,600,10141,0,0,0,DALLAS,20:20,2001,2002,"H503,","UP,",7,"H5,","H,",YARD,Texas,31.827233,-99.423022,20,Evening
Derailments,2001:12:UP:1201HO024,0,0,24380,800,0,0,0,FORT BEND,24:05:00,2001,2002,"T110,T205,","BNSF,UP,",7,"T1,T2,","T,",YARD,Texas,31.827233,-99.423022,24,Midnight
Derailments,2001:11:UP:1101SA027,0,0,50550,16313,0,0,0,WEBB,2:55,2001,2002,"H020,","UP,",71,"H0,","H,",YARD,Texas,31.827233,-99.423022,2,Midnight
Derailments,2001:11:DGNO:ID01597,0,0,20000,10182,0,0,0,BOWIE,17:48,2001,2002,"T311,T113,","DGNO,UP,",7,"T3,T1,","T,",MAIN,Texas,31.827233,-99.423022,17,Evening
Derailments,2001:11:UP:1101HO029,0,0,48664,14666,0,0,0,HARRIS,2:45,2001,2002,"T110,","UP,",7,"T1,","T,",YARD,Texas,31.827233,-99.423022,2,Midnight
Derailments,2001:09:DGNO:ID01483,0,0,8000,75000,0,0,0,DALLAS,1:45,2001,2001,"H993,","DGNO,",1,"H9,","H,",INDUSTRY,Texas,31.827233,-99.423022,1,Midnight
Other impacts,2001:08:BNSF:TX0801112,0,0,0,11550,2,2,0,TARRANT,20:30,2001,2001,"H399,","BNSF,",75,"H3,","H,",YARD,Texas,31.827233,-99.423022,20,Evening
Derailments,2001:10:PTRA:OCT200102,0,0,3200,12844,4,4,0,HARRIS,1:40,2001,2002,"H703,","PTRA,",76,"H7,","H,",YARD,Texas,31.827233,-99.423022,1,Midnight
Derailments,2001:11:UP:1101SA026,0,0,36399,1480,0,0,0,CAMERON,18:35,2001,2002,"T002,","UP,",7,"T0,","T,",YARD,Texas,31.827233,-99.423022,18,Evening
Derailments,2001:10:UP:1001FW006,0,0,500,8561,0,0,0,DALLAS,2:30,2001,2002,"E29C,","UP,",7,"E2,","E,",YARD,Texas,31.827233,-99.423022,2,Midnight
Highway-rail impact,2001:09:UP:0901FW007,0,0,0,32967,0,0,0,KAUFMAN,19:45,2001,2001,"M399,","UP,",1,"M3,","M,",MAIN,Texas,31.827233,-99.423022,19,Evening
Derailments,2001:09:UP:0901HO033,0,0,0,9155,0,0,0,HARRIS,17:25,2001,2001,"H503,","UP,",7,"H5,","H,",YARD,Texas,31.827233,-99.423022,17,Evening
Derailments,2001:12:BNSF:KS1201119,0,0,8700,50195,1,1,0,POTTER,19:30,2001,2002,"H503,","BNSF,",7,"H5,","H,",YARD,Texas,31.827233,-99.423022,19,Evening
Derailments,2001:10:UP:1001SA033,0,0,28000,2433,0,0,0,WILLIAMSON,22:50,2001,2002,"E46C,T102,","UP,",1,"E4,T1,","E,T,",YARD,Texas,31.827233,-99.423022,22,Evening
Derailments,2001:11:UP:1101SA004,0,0,7000,816,0,0,0,SAN PATRICIO,3:00,2001,2002,"T220,T212,","UP,",1,"T2,","T,",INDUSTRY,Texas,31.827233,-99.423022,3,Midnight
Derailments,2001:10:UP:1001LV023,0,0,5100,1600,19,3,0,JEFFERSON,2:40,2001,2002,"T102,","BNSF,UP,",1,"T1,","T,",INDUSTRY,Texas,31.827233,-99.423022,2,Midnight
Derailments,1982:04:SP:U3682,0,0,7000,2900,1,0,0,BREWSTER,6:15,1982,1982,"E30C,","SP,",1,"E3,","E,",MAIN,Texas,31.827233,-99.423022,6,Morning
Rear end collision,1982:05:MP:82089,0,0,0,23000,0,0,0,WILLIAMSON,11:55,1982,1982,"H601,","MP,",76,"H6,","H,",YARD,Texas,31.827233,-99.423022,11,Morning
Derailments,1982:03:KCS:330951,0,0,6500,35000,0,0,0,BOWIE,10:25,1982,1982,"E46C,","KCS,",1,"E4,","E,",SIDING,Texas,31.827233,-99.423022,10,Morning
Highway-rail impact,1982:03:SSW:K2452,0,0,0,5000,0,0,0,NAVARRO,8:40,1982,1982,"M399,","SSW,",1,"M3,","M,",MAIN,Texas,31.827233,-99.423022,8,Morning
Side collision,1982:04:SP:F6302,0,0,0,17000,0,0,0,LIBERTY,11:55,1982,1982,"H020,","SP,",7,"H0,","H,",YARD,Texas,31.827233,-99.423022,11,Morning
Side collision,1982:04:SP:W7262,0,0,0,20650,0,0,0,HARRIS,9:20,1982,1982,"H401,","SP,",87,"H4,","H,",YARD,Texas,31.827233,-99.423022,9,Morning
Derailments,1982:04:SSW:K3222,0,0,25000,1650,0,0,0,DALLAS,7:30,1982,1982,"T101,M405,","SSW,",7,"T1,M4,","T,M,",MAIN,Texas,31.827233,-99.423022,7,Morning
Derailments,1982:04:SP:F5852,0,0,1000,11000,0,0,0,CHAMBERS,5:15,1982,1982,"T310,","SP,",7,"T3,","T,",INDUSTRY,Texas,31.827233,-99.423022,5,Morning
Highway-rail impact,1982:03:SP:U2372,0,0,0,9063,0,0,0,FAYETTE,5:45,1982,1982,"M399,","SP,",1,"M3,","M,",MAIN,Texas,31.827233,-99.423022,5,Morning
Derailments,1982:05:MP:82087,0,0,200,7800,1,1,0,HOWARD,5:30,1982,1982,"T110,","MP,",1,"T1,","T,",YARD,Texas,31.827233,-99.423022,5,Morning
Derailments,1982:03:MP:82067,0,0,3000,9000,0,0,0,HARRIS,10:35,1982,1982,"T111,","MP,",1,"T1,","T,",MAIN,Texas,31.827233,-99.423022,10,Morning
Other impacts,1982:03:SP:U2642,0,0,7795,574,0,0,0,CULBERSON,11:00,1982,1982,"E0HC,H312,","SP,",1,"E0,H3,","E,H,",SIDING,Texas,31.827233,-99.423022,11,Morning
Derailments,1982:06:SP:X3322,0,0,900,12650,0,0,0,HARRIS,10:30,1982,1982,"T314,","SP,",7,"T3,","T,",YARD,Texas,31.827233,-99.423022,10,Morning
Derailments,1982:07:SP:G0692,0,0,750,6500,0,0,0,JEFFERSON,11:30,1982,1982,"H505,","MP,SP,",7,"H5,","H,",YARD,Texas,31.827233,-99.423022,11,Morning
Highway-rail impact,1982:05:SP:U4962,0,0,4336,0,0,0,0,UVALDE,8:35,1982,1982,"M399,","SP,",1,"M3,","M,",MAIN,Texas,31.827233,-99.423022,8,Morning
Derailments,1982:06:MP:82101,0,0,750,20350,0,0,0,MCLENNAN,5:05,1982,1982,"E00C,","MP,",1,"E0,","E,",MAIN,Texas,31.827233,-99.423022,5,Morning
Derailments,1982:05:SP:F7632,0,0,14000,182000,1,1,0,ORANGE,8:50,1982,1982,"E40C,","SP,",1,"E4,","E,",MAIN,Texas,31.827233,-99.423022,8,Morning
Derailments,1982:06:SP:U6392,0,0,9000,0,0,0,0,BURNET,11:40,1982,1982,"M405,","SP,",1,"M4,","M,",YARD,Texas,31.827233,-99.423022,11,Morning
Derailments,1982:07:ATSF:200782105,0,0,14000,19300,3,1,1,GARZA,5:05,1982,1982,"E52C,","ATSF,",1,"E5,","E,",MAIN,Texas,31.827233,-99.423022,5,Morning
Highway-rail impact,1982:06:SP:X3342,0,0,0,6500,0,0,0,HARRIS,11:15,1982,1982,"M399,","SP,",5,"M3,","M,",MAIN,Texas,31.827233,-99.423022,11,Morning
Head on collision,1982:07:BN:TU259,0,0,0,8860,0,0,0,COLLIN,9:20,1982,1982,"H205,","BN,",45,"H2,","H,",MAIN,Texas,31.827233,-99.423022,9,Morning
Derailments,1982:07:SP:U6932,0,0,10000,58500,0,0,0,GRAYSON,9:50,1982,1982,"H505,H999,","BN,SP,",1,"H5,H9,","H,",MAIN,Texas,31.827233,-99.423022,9,Morning
Other impacts,1982:06:SP:U6172,0,0,11000,0,0,0,0,GRAYSON,11:00,1982,1982,"H402,","BN,SP,",5,"H4,","H,",MAIN,Texas,31.827233,-99.423022,11,Morning
Derailments,1982:07:SP:U7042,0,0,7500,21300,0,0,0,BEXAR,7:10,1982,1982,"T314,","SP,",1,"T3,","T,",YARD,Texas,31.827233,-99.423022,7,Morning
Other impacts,1982:08:ATSF:230882101,0,0,0,152500,0,0,0,SHELBY,5:20,1982,1982,"H207,H601,","ATSF,",68,"H2,H6,H2,H6,","H,",MAIN,Texas,31.827233,-99.423022,5,Morning
Fire/violent rupture,1982:07:SSW:K6192,0,0,0,5000,0,0,0,COLLIN,9:35,1982,1982,"E74L,","SSW,",7,"E7,","E,",MAIN,Texas,31.827233,-99.423022,9,Morning
Derailments,1982:06:MKT:AX29S,0,0,75100,515000,0,0,0,BASTROP,8:15,1982,1982,"T221,","MKT,",1,"T2,","T,",MAIN,Texas,31.827233,-99.423022,8,Morning
Derailments,1982:06:MKT:AX34S,0,0,2000,4350,0,0,0,WICHITA,7:50,1982,1982,"T110,","MKT,",1,"T1,","T,",YARD,Texas,31.827233,-99.423022,7,Morning
Derailments,1982:05:SP:X0292,0,0,800,17500,0,0,0,GALVESTON,10:40,1982,1982,"T110,","SP,",1,"T1,","T,",YARD,Texas,31.827233,-99.423022,10,Morning
Other impacts,1982:07:SP:G0412,0,0,0,7100,0,0,0,HARRIS,8:30,1982,1982,"H022,","SP,",7,"H0,","H,",INDUSTRY,Texas,31.827233,-99.423022,8,Morning
Highway-rail impact,1982:05:SP:U4572,0,0,23086,60500,0,0,0,EL PASO,9:07,1982,1982,"M399,","SP,",1,"M3,","M,",MAIN,Texas,31.827233,-99.423022,9,Morning
Derailments,1982:07:MP:82120,0,0,11000,72900,0,0,0,MCLENNAN,8:22,1982,1982,"M204,","MP,",1,"M2,","M,",MAIN,Texas,31.827233,-99.423022,8,Morning
Derailments,1982:09:MKT:AX52S,0,0,7000,15200,0,0,0,MCLENNAN,10:15,1982,1982,"T314,","MKT,",1,"T3,","T,",YARD,Texas,31.827233,-99.423022,10,Morning
Derailments,1982:07:ATSF:220782103,0,0,1000,33200,1,1,0,JOHNSON,7:10,1982,1982,"T199,","ATSF,",1,"T1,","T,",MAIN,Texas,31.827233,-99.423022,7,Morning
Raking collision,1982:07:HBT:AX1G82,0,0,0,6800,0,0,0,HARRIS,5:30,1982,1982,"H401,","HBT,",7,"H4,","H,",YARD,Texas,31.827233,-99.423022,5,Morning
Derailments,1982:07:ATSF:230782101,0,0,5000,0,1,1,0,GALVESTON,7:40,1982,1982,"M599,","ATSF,MP,",1,"M5,","M,",MAIN,Texas,31.827233,-99.423022,7,Morning
Derailments,1982:08:ATSF:220882101,0,0,3770,8100,0,0,0,TARRANT,8:40,1982,1982,"T199,","ATSF,",1,"T1,","T,",YARD,Texas,31.827233,-99.423022,8,Morning
Derailments,1982:07:SP:X3972,0,0,10000,70850,0,0,0,HARRIS,7:00,1982,1982,"H702,","SP,",7,"H7,","H,",YARD,Texas,31.827233,-99.423022,7,Morning
Derailments,1982:07:SP:X3962,0,0,22500,0,0,0,0,KARNES,7:10,1982,1982,"T106,","SP,",1,"T1,","T,",MAIN,Texas,31.827233,-99.423022,7,Morning
Derailments,1982:05:SP:U4582,0,0,122000,11410,0,0,0,BASTROP,7:00,1982,1982,"T101,","SP,",1,"T1,","T,",MAIN,Texas,31.827233,-99.423022,7,Morning
Derailments,1982:05:SSW:K4802,0,0,5000,600,0,0,0,TITUS,10:15,1982,1982,"E46C,","SSW,",1,"E4,","E,",YARD,Texas,31.827233,-99.423022,10,Morning
Derailments,1982:05:SP:X0182,0,0,1500,14500,2,2,0,HARRIS,6:30,1982,1982,"H702,","SP,",7,"H7,","H,",YARD,Texas,31.827233,-99.423022,6,Morning
Derailments,1982:05:SP:U4742,0,0,3000,5800,0,0,0,BEXAR,6:45,1982,1982,"M401,","SP,",1,"M4,","M,",MAIN,Texas,31.827233,-99.423022,6,Morning
Derailments,1982:05:SP:W9862,0,0,13400,160150,1,1,0,WILSON,6:30,1982,1982,"T221,","SP,",1,"T2,","T,",MAIN,Texas,31.827233,-99.423022,6,Morning
Other impacts,1982:10:ATSF:201082104,0,0,21758,4200,0,0,0,GARZA,6:45,1982,1983,"E36C,","ATSF,",1,"E3,","E,",MAIN,Texas,31.827233,-99.423022,6,Morning
Derailments,1982:08:SP:X6782,0,0,3500,7100,2,2,0,CAMERON,11:15,1982,1982,"T101,","SP,",1,"T1,","T,",MAIN,Texas,31.827233,-99.423022,11,Morning
Derailments,1982:11:BN:FW368,0,0,72711,1500,0,0,0,BRISCOE,6:30,1982,1983,"E04C,","BN,",1,"E0,","E,",MAIN,Texas,31.827233,-99.423022,6,Morning
Derailments,1982:09:MKT:AX53S,0,0,18000,350000,0,0,0,BASTROP,7:00,1982,1982,"T220,","MKT,",1,"T2,","T,",MAIN,Texas,31.827233,-99.423022,7,Morning
Derailments,1982:08:SP:X6022,0,0,3000,12000,0,0,0,COLORADO,8:55,1982,1982,"T318,","SP,",7,"T3,","T,",YARD,Texas,31.827233,-99.423022,8,Morning
Derailments,1982:08:SSW:M2912,0,0,10000,4350,0,0,0,SHERMAN,11:55,1982,1982,"T101,E40C,","SSW,",1,"T1,E4,","T,E,",MAIN,Texas,31.827233,-99.423022,11,Morning
Derailments,1982:11:MP:82208,0,0,1500,29000,0,0,0,PALO PINTO,10:00,1982,1983,"E00C,","MP,",1,"E0,","E,",MAIN,Texas,31.827233,-99.423022,10,Morning
Derailments,1982:08:SP:X7042,0,0,15300,0,0,0,0,HARRIS,7:00,1982,1982,"T311,","SP,",7,"T3,","T,",YARD,Texas,31.827233,-99.423022,7,Morning
Derailments,1982:10:MP:82194,0,0,700,6400,0,0,0,HARRIS,5:30,1982,1983,"H503,","MP,",1,"H5,","H,",YARD,Texas,31.827233,-99.423022,5,Morning
Side collision,1982:08:SP:X6032,0,0,0,18000,0,0,0,POLK,7:20,1982,1982,"H402,","SP,",58,"H4,","H,",MAIN,Texas,31.827233,-99.423022,7,Morning
Derailments,1982:10:SP:V0272,0,0,1200,16500,0,0,0,VAL VERDE,11:30,1982,1983,"H503,","SP,",1,"H5,","H,",MAIN,Texas,31.827233,-99.423022,11,Morning
Side collision,1982:11:BN:TU427,0,0,200000,33550,0,0,0,LAMAR,5:15,1982,1983,"M204,","BN,",61,"M2,","M,",MAIN,Texas,31.827233,-99.423022,5,Morning
Derailments,1982:09:SP:U9252,0,0,4000,0,0,0,0,TARRANT,6:20,1982,1982,"H505,","SP,",NA,"H5,","H,",MAIN,Texas,31.827233,-99.423022,6,Morning
Derailments,1982:09:SP:U9282,0,0,600,12050,0,0,0,NAVARRO,9:10,1982,1982,"H701,","SP,SSW,",1,"H7,","H,",YARD,Texas,31.827233,-99.423022,9,Morning
Derailments,1982:09:BN:TU361,0,0,3000,84000,0,0,0,DALLAS,6:05,1982,1982,"T101,","BN,",1,"T1,","T,",MAIN,Texas,31.827233,-99.423022,6,Morning
Other impacts,1982:11:BN:FW357,0,0,0,25000,0,0,0,POTTER,8:00,1982,1983,"H021,","BN,",7,"H0,","H,",YARD,Texas,31.827233,-99.423022,8,Morning
Derailments,1982:10:SP:U9892,0,1,283500,363300,4,4,2,VAL VERDE,8:45,1982,1983,"E6AC,","SP,",1,"E6,","E,",MAIN,Texas,31.827233,-99.423022,8,Morning
Derailments,1982:08:SP:X6852,0,0,9000,53750,0,0,0,HARRIS,10:00,1982,1982,"M405,","SP,",7,"M4,","M,",YARD,Texas,31.827233,-99.423022,10,Morning
Derailments,1982:08:MP:82151,0,0,600,26500,4,3,0,FALLS,11:10,1982,1982,"T210,","MP,",1,"T2,","T,",SIDING,Texas,31.827233,-99.423022,11,Morning
Derailments,1982:07:MKT:AX41S,0,0,8000,0,0,0,0,JOHNSON,8:50,1982,1982,"E30C,","MKT,",1,"E3,","E,",MAIN,Texas,31.827233,-99.423022,8,Morning
Other impacts,1982:08:SP:G2692,0,0,0,6900,0,0,0,JEFFERSON,10:00,1982,1982,"H017,","SP,",7,"H0,","H,",YARD,Texas,31.827233,-99.423022,10,Morning
Derailments,1982:11:SP:Y2812,0,0,4500,20000,0,0,0,HARRIS,8:10,1982,1983,"E30C,","SP,",7,"E3,","E,",YARD,Texas,31.827233,-99.423022,8,Morning
Derailments,1982:12:MKT:AX67S,0,0,15120,11550,0,0,0,FAYETTE,8:20,1982,1983,"T106,","MKT,",1,"T1,","T,",MAIN,Texas,31.827233,-99.423022,8,Morning
Derailments,1982:10:SP:V0472,0,0,5000,150,0,0,0,BURNET,11:15,1982,1983,"T110,","SP,",1,"T1,","T,",MAIN,Texas,31.827233,-99.423022,11,Morning
Derailments,1982:09:PTRA:SEPT011982,0,0,1000000,28000,0,0,0,HARRIS,6:30,1982,1982,"T102,","PTRA,",7,"T1,","T,",MAIN,Texas,31.827233,-99.423022,6,Morning
Derailments,1982:08:MP:82148,0,0,1000,2800,0,0,0,BOWIE,6:55,1982,1982,"E40C,","MP,",1,"E4,","E,",YARD,Texas,31.827233,-99.423022,6,Morning
Derailments,1983:02:OKT:AX9OK,0,0,450,10000,0,0,0,TARRANT,10:30,1983,1983,"T101,T110,","BN,OKT,",1,"T1,","T,",YARD,Texas,31.827233,-99.423022,10,Morning
Derailments,1983:02:SP:W1293,0,0,10100,2000,0,0,0,HARRIS,9:15,1983,1983,"T310,","SP,",7,"T3,","T,",YARD,Texas,31.827233,-99.423022,9,Morning
Derailments,1983:01:SP:W0253,0,0,1200,12700,0,0,0,NACOGDOCHES,11:25,1983,1983,"T207,","SP,",1,"T2,","T,",YARD,Texas,31.827233,-99.423022,11,Morning
Derailments,1982:11:MKT:AX62S,0,0,60661,195450,0,0,0,ELLIS,8:35,1982,1983,"E71L,","BN,MKT,",1,"E7,","E,",MAIN,Texas,31.827233,-99.423022,8,Morning
Derailments,1982:11:SP:V0782,0,0,6400,10200,0,0,0,BEXAR,6:00,1982,1983,"T110,T113,","ATK,SP,",2,"T1,","T,",MAIN,Texas,31.827233,-99.423022,6,Morning
Derailments,1982:11:SP:Y2342,0,0,150,5000,0,0,0,HARRIS,9:05,1982,1983,"T110,","SP,",7,"T1,","T,",YARD,Texas,31.827233,-99.423022,9,Morning
Derailments,1983:02:ATSF:230283101,0,0,188000,216236,0,0,0,HARRIS,9:50,1983,1983,"E53C,","ATSF,",1,"E5,","E,",MAIN,Texas,31.827233,-99.423022,9,Morning
Derailments,1982:12:MP:82218,0,0,32000,76350,0,0,0,SMITH,8:45,1982,1983,"H604,","MP,",1,"H6,","H,",MAIN,Texas,31.827233,-99.423022,8,Morning
Derailments,1982:10:SSW:K8402,0,0,300,16000,0,0,0,NAVARRO,5:20,1982,1983,"H503,","SSW,",1,"H5,","H,",MAIN,Texas,31.827233,-99.423022,5,Morning
Derailments,1982:12:BN:FW418,0,0,2500,3000,0,0,0,DALLAM,10:00,1982,1983,"E52C,","BN,",1,"E5,","E,",MAIN,Texas,31.827233,-99.423022,10,Morning
Derailments,1982:11:SP:V0652,0,0,7000,0,0,0,0,DALLAS,11:40,1982,1983,"T101,","SP,",NA,"T1,","T,",MAIN,Texas,31.827233,-99.423022,11,Morning
Derailments,1983:02:BN:FW53,0,0,70400,31400,1,1,0,BAYLOR,5:50,1983,1983,"T101,T314,","BN,",1,"T1,T3,","T,",MAIN,Texas,31.827233,-99.423022,5,Morning
Derailments,1983:01:MKT:AX8S,0,0,800,13800,0,0,0,HUNT,7:40,1983,1983,"E64C,T314,E65C,","LA,MKT,",1,"E6,T3,E6,","E,T,E,",MAIN,Texas,31.827233,-99.423022,7,Morning
Derailments,1982:11:SSW:K8652,0,0,9000,500,0,0,0,TITUS,11:30,1982,1983,"T202,","SSW,",1,"T2,","T,",YARD,Texas,31.827233,-99.423022,11,Morning
Derailments,1982:11:SP:V0742,0,0,15000,0,0,0,0,BURLESON,9:30,1982,1983,"T314,H699,","ATSF,SP,",1,"T3,H6,","T,H,",MAIN,Texas,31.827233,-99.423022,9,Morning
Derailments,1983:01:KCS:335903,0,0,19000,0,0,0,0,ORANGE,5:50,1983,1983,"T299,","KCS,",NA,"T2,","T,",MAIN,Texas,31.827233,-99.423022,5,Morning
Highway-rail impact,1982:12:BN:FW402,0,0,0,14000,0,0,0,HARRIS,8:30,1982,1983,"M399,","BN,",5,"M3,","M,",MAIN,Texas,31.827233,-99.423022,8,Morning
Derailments,1982:12:OKT:AX3OK,0,0,3200,2500,0,0,0,TARRANT,5:30,1982,1983,"T110,","OKT,",7,"T1,","T,",YARD,Texas,31.827233,-99.423022,5,Morning
Rear end collision,1983:03:BN:TU65,0,2,5000,361500,0,0,0,DALLAS,7:00,1983,1983,"H306,","BN,",1,"H3,","H,",MAIN,Texas,31.827233,-99.423022,7,Morning
Derailments,1982:11:SP:Y2222,0,0,4500,2500,0,0,0,HARRIS,7:30,1982,1983,"E31C,","SP,",7,"E3,","E,",YARD,Texas,31.827233,-99.423022,7,Morning
Derailments,1982:11:SSW:K8932,0,0,5000,7200,0,0,0,SMITH,5:05,1982,1983,"H503,","SSW,",1,"H5,","H,",YARD,Texas,31.827233,-99.423022,5,Morning
Other impacts,1982:11:SP:V0762,0,0,4200,0,0,0,0,VAL VERDE,10:30,1982,1983,"H999,","SP,",1,"H9,","H,",MAIN,Texas,31.827233,-99.423022,10,Morning
Derailments,1982:12:ATSF:231282101,0,0,5300,24800,0,0,0,BURLESON,5:20,1982,1983,"T314,E64C,","ATSF,",1,"T3,E6,","T,E,",MAIN,Texas,31.827233,-99.423022,5,Morning
Derailments,1983:01:BN:FW17,0,0,0,7400,0,0,0,TARRANT,5:35,1983,1983,"T101,M405,","BN,",7,"T1,M4,","T,M,",YARD,Texas,31.827233,-99.423022,5,Morning
Side collision,1982:12:BN:FW387,0,0,750,65000,0,0,0,WICHITA,10:43,1982,1983,"H401,","BN,",71,"H4,","H,",MAIN,Texas,31.827233,-99.423022,10,Morning
Derailments,1983:02:BN:FW61,0,0,8650,12482,0,0,0,WICHITA,5:50,1983,1983,"H603,","BN,",1,"H6,","H,",MAIN,Texas,31.827233,-99.423022,5,Morning
Derailments,1982:12:SP:Y4222,0,0,100,9075,0,0,0,HARRIS,8:00,1982,1983,"H704,","SP,",7,"H7,","H,",YARD,Texas,31.827233,-99.423022,8,Morning
Derailments,1982:12:SP:Y3272,0,0,1500,5650,0,0,0,HARRIS,9:45,1982,1983,"T110,","SP,",7,"T1,","T,",YARD,Texas,31.827233,-99.423022,9,Morning
Derailments,1983:04:SP:U2683,0,0,6000,10500,0,0,0,BEXAR,11:50,1983,1983,"M401,","SP,",1,"M4,","M,",MAIN,Texas,31.827233,-99.423022,11,Morning
Derailments,1983:02:SP:W2023,0,0,500,9500,0,0,0,HARRIS,9:30,1983,1983,"T201,","SP,",7,"T2,","T,",YARD,Texas,31.827233,-99.423022,9,Morning
Derailments,1983:07:ATSF:230783101,0,0,1200,22250,0,0,0,BELL,6:05,1983,1983,"T399,","ATSF,",51,"T3,","T,",YARD,Texas,31.827233,-99.423022,6,Morning
Derailments,1983:02:SP:U0843,0,0,9600,24000,0,0,0,TRAVIS,11:40,1983,1983,"T220,","SP,",1,"T2,","T,",MAIN,Texas,31.827233,-99.423022,11,Morning
Side collision,1983:02:SP:S0973,0,0,1480,8000,14,0,0,EL PASO,10:45,1983,1983,"H602,","SP,",77,"H6,","H,",INDUSTRY,Texas,31.827233,-99.423022,10,Morning
Highway-rail impact,1983:02:SP:W2063,0,2,0,5000,0,0,0,FORT BEND,11:47,1983,1983,"M399,","SP,",1,"M3,","M,",MAIN,Texas,31.827233,-99.423022,11,Morning
Derailments,1983:04:SP:W4033,0,0,25000,4200,0,0,0,VICTORIA,6:35,1983,1983,"E52C,","SP,",1,"E5,","E,",MAIN,Texas,31.827233,-99.423022,6,Morning
Other impacts,1983:05:ATSF:230583101,0,0,0,7100,0,0,0,BELL,9:15,1983,1983,"H099,","ATSF,",7,"H0,","H,",INDUSTRY,Texas,31.827233,-99.423022,9,Morning
Highway-rail impact,1983:03:SSW:M0803,0,1,2000,5200,0,0,0,SHERMAN,11:05,1983,1983,"M399,","SSW,",1,"M3,","M,",MAIN,Texas,31.827233,-99.423022,11,Morning
Derailments,1983:04:SP:W4513,0,0,1500,3500,0,0,0,SHELBY,7:05,1983,1983,"E52C,","SP,",1,"E5,","E,",MAIN,Texas,31.827233,-99.423022,7,Morning
Derailments,1983:03:SP:W3423,0,0,300,4400,0,0,0,HARRIS,11:30,1983,1983,"T311,","SP,",7,"T3,","T,",YARD,Texas,31.827233,-99.423022,11,Morning
Derailments,1983:01:SP:S0203,0,0,3314,1200,0,0,0,EL PASO,9:35,1983,1983,"T314,","SP,",1,"T3,","T,",YARD,Texas,31.827233,-99.423022,9,Morning
Derailments,1983:02:SP:S1263,0,0,200,6000,0,0,0,EL PASO,7:00,1983,1983,"T001,","SP,",7,"T0,","T,",INDUSTRY,Texas,31.827233,-99.423022,7,Morning
Derailments,1983:03:SP:S1933,0,0,2303,2500,0,0,0,EL PASO,11:20,1983,1983,"H401,","SP,",7,"H4,","H,",YARD,Texas,31.827233,-99.423022,11,Morning
Derailments,1983:05:MP:83081,0,0,23000,0,0,0,0,WOOD,10:45,1983,1983,"H503,","MP,",1,"H5,","H,",MAIN,Texas,31.827233,-99.423022,10,Morning
Derailments,1983:04:MP:83067,0,0,2500,12200,0,0,0,HARRIS,8:10,1983,1983,"E66C,T314,","MP,",1,"E6,T3,","E,T,",INDUSTRY,Texas,31.827233,-99.423022,8,Morning