AccidentType,inckey,Fatalities,Injuries,TrackDamage,EquipmentDamage,HazmatCars,HazmatCarsDerailed,HazmatCarsReleasing,County,DisplayTime,calendar,Fiscal,AccidentCause,RailroadCodes,RAILEQUIPMENT_TYPE,CauseGroup,CauseDiscipline,TYPE_OF_TRACK,StateName,latitude,longitude,hour,cat
Head on collision,1983:05:MKT:AX14S,0,2,0,25300,0,0,0,BASTROP,10:50,1983,1983,"H999,","MKT,",51,"H9,","H,",MAIN,Texas,31.827233,-99.423022,10,Morning
Derailments,1983:03:SSW:M0743,0,0,12900,11250,0,0,0,DALLAM,11:40,1983,1983,"E69C,","SSW,",7,"E6,","E,",YARD,Texas,31.827233,-99.423022,11,Morning
Derailments,1983:01:SP:S0003,0,0,34320,10000,2,0,0,EL PASO,8:00,1983,1983,"T214,","SP,",1,"T2,","T,",YARD,Texas,31.827233,-99.423022,8,Morning
Derailments,1983:03:OKT:AX13OK,0,0,9700,25500,0,0,0,TARRANT,9:15,1983,1983,"H503,","BN,OKT,",1,"H5,","H,",YARD,Texas,31.827233,-99.423022,9,Morning
Derailments,1983:04:MP:83097,0,0,16600,15350,0,0,0,RUSK,9:05,1983,1983,"E23C,","MP,",1,"E2,","E,",MAIN,Texas,31.827233,-99.423022,9,Morning
Highway-rail impact,1983:05:MP:T830196,0,1,6500,69000,0,0,0,HOUSTON,11:30,1983,1983,"M399,","MP,",1,"M3,","M,",MAIN,Texas,31.827233,-99.423022,11,Morning
Derailments,1983:04:SP:W3963,0,0,7500,4100,0,0,0,LAVACA,5:00,1983,1983,"M405,","SP,",1,"M4,","M,",MAIN,Texas,31.827233,-99.423022,5,Morning
Derailments,1983:05:OKT:AX15OK,0,0,2450,9200,0,0,0,TARRANT,10:50,1983,1983,"T101,","OKT,",1,"T1,","T,",MAIN,Texas,31.827233,-99.423022,10,Morning
Derailments,1983:04:SP:W3863,0,0,5500,250,0,0,0,HARRIS,8:50,1983,1983,"E46C,","SP,",7,"E4,","E,",YARD,Texas,31.827233,-99.423022,8,Morning
Derailments,1983:03:SP:W3463,0,0,500,5750,0,0,0,GALVESTON,11:38,1983,1983,"T001,T220,","ATSF,SP,",7,"T0,T2,","T,",YARD,Texas,31.827233,-99.423022,11,Morning
Broken train collision,1983:03:BN:FW69,0,0,2500,37600,0,0,0,WISE,5:15,1983,1983,"E32C,","BN,",1,"E3,","E,",MAIN,Texas,31.827233,-99.423022,5,Morning
Derailments,1983:02:OKT:AX7OK,0,0,18400,7700,0,0,0,TARRANT,9:55,1983,1983,"T314,E46C,","BN,OKT,",1,"T3,E4,","T,E,",YARD,Texas,31.827233,-99.423022,9,Morning
Derailments,1983:02:ATSF:230283102,0,0,12000,500,0,0,0,HARDIN,9:35,1983,1983,"T102,","ATSF,",1,"T1,","T,",MAIN,Texas,31.827233,-99.423022,9,Morning
Side collision,1983:07:BN:FW298,0,0,0,6000,0,0,0,POTTER,7:55,1983,1983,"H018,","BN,",67,"H0,","H,",YARD,Texas,31.827233,-99.423022,7,Morning
Derailments,1983:07:PTRA:JULY0283,0,0,500,26500,0,0,0,HARRIS,9:00,1983,1983,"H020,","PTRA,",7,"H0,","H,",INDUSTRY,Texas,31.827233,-99.423022,9,Morning
Side collision,1983:06:PTRA:JUNE0283,0,0,1500,18550,0,0,0,HARRIS,10:15,1983,1983,"H018,","PTRA,",6,"H0,","H,",YARD,Texas,31.827233,-99.423022,10,Morning
Derailments,1983:08:ATSF:220883102,0,0,7000,3500,0,0,0,BROWN,10:50,1983,1983,"T314,","ATSF,",1,"T3,","T,",YARD,Texas,31.827233,-99.423022,10,Morning
Derailments,1983:06:DGZ:INDUSTRY,0,0,1168,25002,0,0,0,GRAYSON,10:00,1983,1983,"M501,","BN,",6,"M5,","M,",INDUSTRY,Texas,31.827233,-99.423022,10,Morning
Derailments,1983:07:SP:U5053,0,0,9900,500,0,0,0,MEDINA,10:30,1983,1983,"H604,","SP,",1,"H6,","H,",MAIN,Texas,31.827233,-99.423022,10,Morning
Derailments,1983:06:SP:W7343,0,0,25400,0,0,0,0,BEE,10:25,1983,1983,"T101,","SP,",1,"T1,","T,",MAIN,Texas,31.827233,-99.423022,10,Morning
Side collision,1983:09:BN:FW415,0,0,0,18935,0,0,0,DALLAS,10:55,1983,1983,"H401,","BN,",1,"H4,","H,",MAIN,Texas,31.827233,-99.423022,10,Morning
Side collision,1983:06:PTRA:JUNE0183,0,0,0,10800,0,0,0,HARRIS,7:15,1983,1983,"E04L,","PTRA,",6,"E0,","E,",YARD,Texas,31.827233,-99.423022,7,Morning
Highway-rail impact,1983:04:SSW:K2153,0,0,0,8000,0,0,0,HENDERSON,8:15,1983,1983,"M399,","SSW,",1,"M3,","M,",MAIN,Texas,31.827233,-99.423022,8,Morning
Side collision,1983:06:ATSF:200683103,0,0,0,12500,0,0,0,POTTER,9:45,1983,1983,"H207,H209,","ATSF,",67,"H2,","H,",YARD,Texas,31.827233,-99.423022,9,Morning
Derailments,1983:06:MP:83107,0,0,5000,8800,0,0,0,HARRISON,9:00,1983,1983,"H703,","MP,",1,"H7,","H,",MAIN,Texas,31.827233,-99.423022,9,Morning
Other impacts,1983:04:SP:U3083,0,0,6300,0,15,0,0,EL PASO,9:00,1983,1983,"E80C,","SP,",1,"E8,","E,",YARD,Texas,31.827233,-99.423022,9,Morning
Derailments,1983:07:BN:FW303,0,0,3000,16600,1,0,0,MONTAGUE,8:15,1983,1983,"T199,","BN,",1,"T1,","T,",SIDING,Texas,31.827233,-99.423022,8,Morning
Derailments,1983:06:SSW:K3553,0,0,38385,1420,0,0,0,SMITH,5:45,1983,1983,"T110,","SSW,",1,"T1,","T,",YARD,Texas,31.827233,-99.423022,5,Morning
Derailments,1983:07:MKT:0392,0,0,0,8000,0,0,0,GRAYSON,11:00,1983,1983,"M503,","MKT,",5,"M5,","M,",YARD,Texas,31.827233,-99.423022,11,Morning
Derailments,1983:08:BN:FW352,0,0,5000,6500,0,0,0,POTTER,11:15,1983,1983,"H702,","BN,",1,"H7,","H,",MAIN,Texas,31.827233,-99.423022,11,Morning
Derailments,1983:06:ATSF:230683101,0,0,8000,1850,0,0,0,BELL,8:35,1983,1983,"H099,","ATSF,",1,"H0,","H,",MAIN,Texas,31.827233,-99.423022,8,Morning
Side collision,1983:08:MKT:AX29S,0,0,0,7679,0,0,0,TARRANT,5:30,1983,1983,"M503,M501,","MKT,MP,",51,"M5,","M,",MAIN,Texas,31.827233,-99.423022,5,Morning
Derailments,1983:07:SP:W8533,0,0,100000,750,0,0,0,HARRIS,5:35,1983,1983,"E62C,","SP,",1,"E6,","E,",MAIN,Texas,31.827233,-99.423022,5,Morning
Derailments,1983:07:SP:W8793,0,0,4200,8500,0,0,0,HARRIS,11:30,1983,1983,"T110,","SP,",7,"T1,","T,",YARD,Texas,31.827233,-99.423022,11,Morning
Derailments,1983:06:BN:FW235,0,0,5000,27000,0,0,0,HARRIS,5:30,1983,1983,"M503,","BN,",1,"M5,","M,",MAIN,Texas,31.827233,-99.423022,5,Morning
Derailments,1983:06:SP:W6863,0,0,6000,175,0,0,0,HARRIS,10:00,1983,1983,"E40C,","SP,",1,"E4,","E,",MAIN,Texas,31.827233,-99.423022,10,Morning
Derailments,1983:06:BN:FW240,0,1,0,6000,0,0,0,ARCHER,7:40,1983,1983,"T001,","BN,",1,"T0,","T,",MAIN,Texas,31.827233,-99.423022,7,Morning
Derailments,1983:04:SP:W4183,0,0,2000,6100,0,0,0,HARRIS,5:45,1983,1983,"H702,","SP,",7,"H7,","H,",YARD,Texas,31.827233,-99.423022,5,Morning
Derailments,1983:06:HBT:AX2F83,0,0,12000,5350,40,3,0,HARRIS,11:05,1983,1983,"M405,","HBT,",7,"M4,","M,",YARD,Texas,31.827233,-99.423022,11,Morning
Derailments,1980:05:SP:U4030,0,0,3000,250,0,0,0,ELLIS,11:50,1980,1980,"T110,","SP,",7,"T1,","T,",YARD,Texas,31.827233,-99.423022,11,Morning
Derailments,1980:05:SP:X2780,0,0,4000,0,0,0,0,HARRIS,11:30,1980,1980,"T201,","SP,",7,"T2,","T,",INDUSTRY,Texas,31.827233,-99.423022,11,Morning
Derailments,1983:06:SSW:K3273,0,0,15000,190000,0,0,0,HENDERSON,11:25,1983,1983,"T110,","SSW,",1,"T1,","T,",MAIN,Texas,31.827233,-99.423022,11,Morning
Rear end collision,1983:06:SSW:K3433,0,4,0,11200,0,0,0,DALLAS,11:25,1983,1983,"H999,","SSW,",7,"H9,","H,",MAIN,Texas,31.827233,-99.423022,11,Morning
Raking collision,1980:06:ATSF:220680107,0,0,0,9625,0,0,0,BROWN,9:00,1980,1980,"M599,","ATSF,",67,"M5,","M,",YARD,Texas,31.827233,-99.423022,9,Morning
Side collision,1983:06:HBT:AX3F83,0,0,0,7750,0,0,0,HARRIS,10:40,1983,1983,"H999,","HBT,",76,"H9,","H,",YARD,Texas,31.827233,-99.423022,10,Morning
Side collision,1983:07:PTRA:JULY0183,0,0,5421,105000,8,0,0,HARRIS,9:10,1983,1983,"H699,H025,","HBT,PTRA,",77,"H6,H0,","H,",YARD,Texas,31.827233,-99.423022,9,Morning
Other impacts,1983:08:KCS:335795,0,0,295,9500,0,0,0,JEFFERSON,7:00,1983,1983,"H702,","KCS,",67,"H7,","H,",YARD,Texas,31.827233,-99.423022,7,Morning
Derailments,1983:06:BN:BN342,0,0,0,750,0,0,0,TARRANT,7:10,1983,1983,"E07C,","MKT,",1,"E0,","E,",YARD,Texas,31.827233,-99.423022,7,Morning
Derailments,1983:06:SSW:K3693,0,0,2000,50300,0,0,0,NAVARRO,7:45,1983,1983,"T102,","SSW,",1,"T1,","T,",MAIN,Texas,31.827233,-99.423022,7,Morning
Derailments,1995:08:SP:G1195,0,0,1000,11000,0,0,0,BEXAR,11:50,1995,1995,"T109,","SP,",1,"T1,","T,",MAIN,Texas,31.827233,-99.423022,11,Morning
Derailments,2002:01:BNSF:TX0102102,0,0,2500,127077,29,2,0,TARRANT,5:45,2002,2002,"H503,H514,","BNSF,",7,"H5,","H,",MAIN,Texas,0,0,5,Morning
Derailments,2002:01:BNSF:TX0102103,0,0,76000,154093,0,0,0,GRAYSON,6:15,2002,2002,"T319,","BNSF,",1,"T3,","T,",SIDING,Texas,0,0,6,Morning
Derailments,2002:01:UP:0102FW010,0,0,0,6797,50,0,0,HOWARD,10:00,2002,2002,"M405,","UP,",1,"M4,","M,",SIDING,Texas,0,0,10,Morning
Derailments,2002:01:UP:0102HO011,0,0,32374,5266,2,2,0,HARRIS,10:00,2002,2002,"H702,","UP,",7,"H7,","H,",YARD,Texas,0,0,10,Morning
Derailments,2002:02:BNSF:GC0202111,0,0,3000,5925,2,2,0,BELL,6:10,2002,2002,"M404,","BNSF,",7,"M4,","M,",YARD,Texas,0,0,6,Morning
Derailments,2002:02:BNSF:GC0202112,0,0,4200,8000,15,2,0,HARRIS,5:05,2002,2002,"T207,","BNSF,",1,"T2,","T,",YARD,Texas,0,0,5,Morning
Derailments,2002:02:BNSF:TX0202109,0,0,4300,37083,0,0,0,TARRANT,5:50,2002,2002,"H601,H312,","BNSF,",7,"H6,H3,","H,",YARD,Texas,0,0,5,Morning
Derailments,2002:02:LPCZ:INDUSTRY,0,0,2000,23864,0,0,0,JASPER,6:00,2002,2002,"T102,M405,","BNSF,",1,"T1,M4,","T,M,",INDUSTRY,Texas,0,0,6,Morning
Other impacts,2002:02:PTRA:FEB200205,0,0,1965,48381,2,2,0,HARRIS,11:30,2002,2002,"H309,","PTRA,",76,"H3,","H,",YARD,Texas,0,0,11,Morning
Derailments,2002:02:UP:0202FW005,0,0,78003,210767,0,0,0,WISE,7:50,2002,2002,"T210,","UP,",1,"T2,","T,",MAIN,Texas,0,0,7,Morning
Derailments,2002:02:UP:0202FW032,0,0,800,10047,0,0,0,DALLAS,9:55,2002,2002,"T102,","UP,",7,"T1,","T,",YARD,Texas,0,0,9,Morning
Derailments,2002:02:UP:0202HO002,0,0,61342,20236,10,0,0,GALVESTON,10:30,2002,2002,"H524,","UP,",1,"H5,","H,",YARD,Texas,0,0,10,Morning
Derailments,2002:02:UP:0202HO012,0,0,100039,18957,133,1,0,HARRIS,11:00,2002,2002,"T110,","UP,",7,"T1,","T,",YARD,Texas,0,0,11,Morning
Derailments,2002:02:UP:0202SA002,0,0,57825,2700,0,0,0,AUSTIN,7:45,2002,2002,"T314,","BNSF,UP,",1,"T3,","T,",YARD,Texas,0,0,7,Morning
Derailments,2002:02:UP:0202SA011,0,0,500,8571,0,0,0,BEXAR,11:49,2002,2002,"H799,","UP,",1,"H7,","H,",YARD,Texas,0,0,11,Morning
Derailments,2002:02:UP:0202SA016,0,0,93134,5700,0,0,0,FAYETTE,10:52,2002,2002,"E33C,","BNSF,UP,",1,"E3,","E,",MAIN,Texas,0,0,10,Morning
Derailments,2002:03:AUAR:41900008,0,0,3555,122673,0,0,0,TRAVIS,9:45,2002,2002,"H025,H020,","AUAR,",6,"H0,","H,",YARD,Texas,0,0,9,Morning
Highway-rail impact,2002:03:BNSF:KS0302206,0,0,0,7568,3,0,0,LUBBOCK,8:30,2002,2002,"M302,","BNSF,",1,"M3,","M,",MAIN,Texas,0,0,8,Morning
Derailments,2002:03:BNSF:TX0302110,0,0,129300,3500,0,0,0,DONLEY,9:15,2002,2002,"E62C,E61C,","BNSF,UP,",1,"E6,","E,",SIDING,Texas,0,0,9,Morning
Other impacts,2002:03:CMC:MAR02003,0,0,0,37270,0,0,0,LIBERTY,7:45,2002,2002,"H104,H601,","CMC,",8,"H1,H6,","H,",YARD,Texas,0,0,7,Morning
Derailments,2002:03:KCS:020324003,0,0,23528,175000,6,0,0,COLLIN,8:40,2002,2002,"E53C,","KCS,",1,"E5,","E,",MAIN,Texas,0,0,8,Morning
Raking collision,2002:03:PTRA:MAR200201,0,0,0,17516,0,0,0,HARRIS,10:50,2002,2002,"H020,","PTRA,",7,"H0,","H,",YARD,Texas,0,0,10,Morning
Other impacts,2002:03:UP:0302FW017,0,0,0,14036,0,0,0,MCLENNAN,11:45,2002,2002,"H020,","UP,",76,"H0,","H,",YARD,Texas,0,0,11,Morning
Derailments,2002:03:UP:0302HO007,0,0,25802,47645,9,1,0,HARRIS,11:00,2002,2002,"E67C,","BNSF,UP,",1,"E6,","E,",MAIN,Texas,0,0,11,Morning
Derailments,2002:03:UP:0302HO015,0,0,33939,11000,0,0,0,HARRIS,10:32,2002,2002,"E40C,","TM,UP,",1,"E4,","E,",MAIN,Texas,0,0,10,Morning
Other events,2002:04:BNSF:KS0402107,0,0,18000,0,8,0,0,POTTER,10:00,2002,2002,"H215,","BNSF,",1,"H2,","H,",MAIN,Texas,0,0,10,Morning
Other events,2002:04:BNSF:KS0402120,0,0,17785,0,0,0,0,DALLAM,7:40,2002,2002,"H401,","BNSF,",1,"H4,","H,",YARD,Texas,0,0,7,Morning
Derailments,2002:04:UP:0402FW013,0,0,13112,427,0,0,0,TARRANT,5:25,2002,2002,"T110,","UP,",1,"T1,","T,",YARD,Texas,0,0,5,Morning
Derailments,2002:04:UP:0402HO033,0,0,25000,2284,0,0,0,HARRIS,10:30,2002,2002,"M405,","UP,",1,"M4,","M,",YARD,Texas,0,0,10,Morning
Derailments,2002:04:UP:0402HO037,0,0,16539,750,22,0,0,LIBERTY,8:00,2002,2002,"T220,","UP,",1,"T2,","T,",MAIN,Texas,0,0,8,Morning
Derailments,2002:04:UP:0402SA002,0,0,45537,8851,0,0,0,BEXAR,11:30,2002,2002,"H522,","UP,",1,"H5,","H,",YARD,Texas,0,0,11,Morning
Derailments,2002:04:UP:0402SA005,0,0,32464,1554,0,0,0,SAN PATRICIO,7:38,2002,2002,"H602,","UP,",1,"H6,","H,",YARD,Texas,0,0,7,Morning
Derailments,2002:04:UP:0402SA020,0,0,33829,27706,0,0,0,BEXAR,9:10,2002,2002,"H503,","UP,",7,"H5,","H,",YARD,Texas,0,0,9,Morning
Derailments,2002:05:BNSF:GC0502112,0,0,5200,6934,7,3,0,BELL,8:45,2002,2002,"T307,","BNSF,",7,"T3,","T,",YARD,Texas,0,0,8,Morning
Head on collision,2002:05:BNSF:TX0502117,2,6,331189,6418153,4,0,0,DONLEY,8:56,2002,2002,"H499,","BNSF,",1,"H4,","H,",MAIN,Texas,0,0,8,Morning
Derailments,2002:05:UP:0502FW008,0,0,16000,16116,0,0,0,TARRANT,7:15,2002,2002,"H702,","UP,",8,"H7,","H,",YARD,Texas,0,0,7,Morning
Derailments,2002:05:UP:0502FW019,0,0,123815,146138,0,0,0,GRAYSON,5:35,2002,2002,"T207,","UP,",1,"T2,","T,",MAIN,Texas,0,0,5,Morning
Derailments,2002:05:UP:0502FW027,0,0,12223,8223,0,0,0,TARRANT,6:00,2002,2002,"T319,M405,","UP,",1,"T3,M4,","T,M,",YARD,Texas,0,0,6,Morning
Derailments,2002:05:UP:0502FW035,0,0,293340,289287,9,1,0,GRAYSON,6:53,2002,2002,"E29C,","UP,",1,"E2,","E,",MAIN,Texas,0,0,6,Morning
Highway-rail impact,2002:05:UP:0502SA003,0,0,13977,350,0,0,0,BEXAR,5:00,2002,2002,"M304,","UP,",1,"M3,","M,",MAIN,Texas,0,0,5,Morning
Obstruction impact,2002:05:UP:0502SA009,1,1,123567,123175,0,0,0,UVALDE,7:45,2002,2002,"M402,","UP,",1,"M4,","M,",MAIN,Texas,0,0,7,Morning
Derailments,2002:05:UP:0502SA019,0,0,72583,3163,0,0,0,COMAL,10:30,2002,2002,"T205,","UP,",7,"T2,","T,",YARD,Texas,0,0,10,Morning
Highway-rail impact,2002:06:BNSF:GC0602202,0,2,500,31094,2,0,0,HARDIN,8:40,2002,2002,"M304,","BNSF,",1,"M3,","M,",MAIN,Texas,0,0,8,Morning
Other impacts,2002:06:FWWR:02061401,0,0,0,30072,0,0,0,ERATH,9:40,2002,2002,"H404,","FWWR,",1,"H4,","H,",MAIN,Texas,0,0,9,Morning
Highway-rail impact,2002:06:UP:0602FW023,0,0,20000,6771,0,0,0,TARRANT,8:15,2002,2002,"M399,","UP,",1,"M3,","M,",MAIN,Texas,0,0,8,Morning
Highway-rail impact,2002:06:UP:0602HO015,0,1,18000,2000,0,0,0,WALLER,11:36,2002,2002,"M303,","UP,",1,"M3,","M,",MAIN,Texas,0,0,11,Morning
Derailments,2002:06:UP:0602HO017,0,0,116453,533,0,0,0,MONTGOMERY,11:15,2002,2002,"E40C,","UP,",1,"E4,","E,",MAIN,Texas,0,0,11,Morning
Other impacts,2002:06:UP:0602HO020,0,0,250,7624,6,6,0,HARRIS,9:00,2002,2002,"S007,","UP,",7,"S0,","S,",YARD,Texas,0,0,9,Morning
Other impacts,2002:06:UP:0602LV004,0,0,200,8063,0,0,0,JEFFERSON,8:20,2002,2002,"H301,","UP,",7,"H3,","H,",YARD,Texas,0,0,8,Morning
Derailments,2002:06:UP:0602LV011,0,0,74297,3284,21,0,0,JEFFERSON,5:50,2002,2002,"E41C,","UP,",7,"E4,","E,",YARD,Texas,0,0,5,Morning
Other impacts,2002:06:UP:0602LV021,0,0,0,14511,10,2,0,JEFFERSON,11:30,2002,2002,"H702,","UP,",67,"H7,","H,",YARD,Texas,0,0,11,Morning
Derailments,2002:06:UP:0602SA002,0,0,16370,11333,0,0,0,BEXAR,10:00,2002,2002,"T314,E69C,","UP,",1,"T3,E6,","T,E,",YARD,Texas,0,0,10,Morning
Other impacts,2002:06:UP:0602SA006,0,0,0,28260,0,0,0,BEXAR,10:10,2002,2002,"H399,","UP,",7,"H3,","H,",YARD,Texas,0,0,10,Morning
Obstruction impact,2002:06:UP:0602SA031,0,0,13000,0,0,0,0,BEXAR,11:00,2002,2002,"M404,","UP,",1,"M4,","M,",MAIN,Texas,0,0,11,Morning
Side collision,2002:07:BNSF:GC0702100,0,2,2000,29303,6,0,0,JEFFERSON,5:00,2002,2002,"H399,","BNSF,",1,"H3,","H,",YARD,Texas,0,0,5,Morning
Highway-rail impact,2002:07:BNSF:GC0702207,1,1,0,20325,13,0,0,BELL,11:10,2002,2002,"M302,","BNSF,",1,"M3,","M,",MAIN,Texas,0,0,11,Morning
Derailments,2002:07:BNSF:KS0702118,0,0,23677,13046,0,0,0,POTTER,6:43,2002,2002,"T299,","BNSF,",1,"T2,","T,",YARD,Texas,0,0,6,Morning
Side collision,2002:07:BNSF:TX0702112,0,0,0,104484,2,2,0,TARRANT,5:20,2002,2002,"H702,","BNSF,",7,"H7,","H,",YARD,Texas,0,0,5,Morning
Derailments,2002:07:DGNO:ID02396,0,0,9335,6600,0,0,0,HUNT,9:15,2002,2002,"E52C,","DGNO,",1,"E5,","E,",MAIN,Texas,0,0,9,Morning
Derailments,2002:07:UP:0702FW009,0,0,171818,895748,0,0,0,PALO PINTO,11:50,2002,2002,"E39L,","UP,",1,"E3,","E,",MAIN,Texas,0,0,11,Morning
Highway-rail impact,2002:07:UP:0702HO002,0,1,24000,400,37,0,0,POLK,9:55,2002,2002,"M302,M303,","BNSF,UP,",1,"M3,","M,",MAIN,Texas,0,0,9,Morning
Derailments,2002:07:UP:0702HO014,0,0,21440,2560,0,0,0,ROBERTSON,5:30,2002,2002,"E24C,","UP,",7,"E2,","E,",YARD,Texas,0,0,5,Morning
Derailments,2002:07:UP:0702HO017,0,0,3819,22886,3,3,0,HARRIS,5:45,2002,2002,"E46C,","UP,",7,"E4,","E,",YARD,Texas,0,0,5,Morning
Derailments,2002:07:UP:0702HO025,0,0,8814,2800,3,1,0,HARRIS,8:50,2002,2002,"T314,T319,","BNSF,UP,",1,"T3,","T,",YARD,Texas,0,0,8,Morning
Derailments,2002:08:BNSF:GC0802109,0,0,500000,480393,24,3,0,BURLESON,7:50,2002,2002,"E46C,","BNSF,",1,"E4,","E,",MAIN,Texas,0,0,7,Morning
Derailments,2002:08:BNSF:TX0802104,0,0,300,6400,0,0,0,WICHITA,10:30,2002,2002,"T217,","BNSF,",7,"T2,","T,",YARD,Texas,0,0,10,Morning
Highway-rail impact,2002:08:KCS:020821001,0,0,10000,500,3,0,0,WOOD,11:10,2002,2002,"M302,","KCS,",1,"M3,","M,",MAIN,Texas,0,0,11,Morning
Derailments,2002:08:UP:0802FW034,0,0,29158,11311,0,0,0,TARRANT,9:43,2002,2002,"T399,","UP,",7,"T3,","T,",YARD,Texas,0,0,9,Morning
Derailments,2002:08:UP:0802HO001,0,0,500,8183,2,2,0,HARRIS,10:15,2002,2002,"T317,","UP,",7,"T3,","T,",YARD,Texas,0,0,10,Morning
Side collision,2002:08:UP:0802HO015,0,0,250,74953,0,0,0,HARRIS,5:00,2002,2002,"H702,","UP,",71,"H7,","H,",YARD,Texas,0,0,5,Morning
Derailments,2002:08:UP:0802HO027,0,0,48675,9318,0,0,0,HARRIS,5:10,2002,2002,"T314,T319,","UP,",7,"T3,","T,",YARD,Texas,0,0,5,Morning
Side collision,2002:08:UP:0802HO034,0,0,250,77385,1,1,0,HARRIS,10:25,2002,2002,"H212,","UP,",7,"H2,","H,",YARD,Texas,0,0,10,Morning
Derailments,2002:08:UP:0802SA007,0,0,95166,32971,0,0,0,GUADALUPE,6:20,2002,2002,"T220,","UP,",1,"T2,","T,",MAIN,Texas,0,0,6,Morning
Derailments,2002:08:UP:0802SA010,0,0,185977,167931,0,0,0,DE WITT,6:30,2002,2002,"M405,","UP,",1,"M4,","M,",MAIN,Texas,0,0,6,Morning
Obstruction impact,2002:08:UP:0802SA046,0,0,17000,0,0,0,0,COMAL,10:30,2002,2002,"H995,","UP,",9,"H9,","H,",MAIN,Texas,0,0,10,Morning
Derailments,2002:09:BNSF:GC0902101,0,0,0,9121,0,0,0,HARRIS,6:00,2002,2002,"H306,","BNSF,",7,"H3,","H,",YARD,Texas,0,0,6,Morning
Derailments,2002:09:BNSF:ZZZZZZZZZZ,0,0,47082,5429,22,1,0,JEFFERSON,9:33,2002,2002,"T103,","UP,",7,"T1,","T,",MAIN,Texas,0,0,9,Morning
Derailments,2002:09:UP:0902SA031,0,0,273970,166661,0,0,0,LA SALLE,6:35,2002,2002,"M405,","UP,",1,"M4,","M,",MAIN,Texas,0,0,6,Morning
Highway-rail impact,2002:10:BNSF:KS1002202,0,0,0,35000,0,0,0,CARSON,10:32,2002,2003,"M302,","BNSF,",1,"M3,","M,",MAIN,Texas,0,0,10,Morning
Derailments,2002:10:MMZ:INDUSTRY,0,0,2500,67745,0,0,0,HARRIS,11:50,2002,2003,"T314,","UP,",16,"T3,","T,",INDUSTRY,Texas,0,0,11,Morning
Derailments,2002:10:UP:1002FW034,0,0,220851,194023,0,0,0,ELLIS,5:20,2002,2003,"M405,","UP,",1,"M4,","M,",MAIN,Texas,0,0,5,Morning
Derailments,2002:10:UP:1002HO003,0,0,213597,341084,0,0,0,COLORADO,8:03,2002,2003,"E46C,","UP,",1,"E4,","E,",MAIN,Texas,0,0,8,Morning
Derailments,2002:10:UP:1002HO005,0,0,71873,7380,0,0,0,ANDERSON,8:47,2002,2003,"T220,","UP,",1,"T2,","T,",MAIN,Texas,0,0,8,Morning
Derailments,2002:10:UP:1002HO018,0,0,1800,7462,0,0,0,HARRIS,10:30,2002,2003,"T110,","UP,",7,"T1,","T,",YARD,Texas,0,0,10,Morning
Derailments,2002:10:UP:1002HO031,0,0,36216,39299,1,1,0,HARRIS,6:00,2002,2003,"T303,","UP,",1,"T3,","T,",MAIN,Texas,0,0,6,Morning
Derailments,2002:10:UP:1002HO032,0,0,163937,57621,9,0,0,MATAGORDA,11:15,2002,2003,"T102,","BNSF,UP,",1,"T1,","T,",SIDING,Texas,0,0,11,Morning
Derailments,2002:10:UP:1002SA005,0,0,1300,14229,0,0,0,BEXAR,11:20,2002,2003,"T220,","UP,",75,"T2,","T,",YARD,Texas,0,0,11,Morning
Derailments,2002:10:UP:1002SA011,0,0,58435,1200,0,0,0,COLORADO,9:10,2002,2003,"M405,","UP,",1,"M4,","M,",YARD,Texas,0,0,9,Morning
Derailments,2002:10:UP:1002SA012,0,0,15232,2642,0,0,0,BEXAR,9:40,2002,2003,"M405,","UP,",7,"M4,","M,",YARD,Texas,0,0,9,Morning
Derailments,2002:11:RVSC:RV02043,0,0,13968,1032,0,0,0,CAMERON,10:50,2002,2003,"T110,","RVSC,",1,"T1,","T,",MAIN,Texas,0,0,10,Morning
Highway-rail impact,2002:11:UP:1102FW017,0,3,0,7762,0,0,0,WISE,10:45,2002,2003,"M302,","UP,",1,"M3,","M,",MAIN,Texas,0,0,10,Morning
Derailments,2002:11:UP:1102FW021,0,0,4540,3163,0,0,0,TARRANT,11:30,2002,2003,"M405,","UP,",7,"M4,","M,",INDUSTRY,Texas,0,0,11,Morning
Highway-rail impact,2002:11:UP:1102FW041,0,1,500,8000,7,0,0,PARKER,9:25,2002,2003,"M303,M302,","BNSF,UP,",1,"M3,","M,",MAIN,Texas,0,0,9,Morning
Derailments,2002:11:UP:1102HO020,0,0,1500,10581,0,0,0,HARRIS,5:10,2002,2003,"E02C,","UP,",1,"E0,","E,",YARD,Texas,0,0,5,Morning
Other impacts,2002:11:UP:1102HO021,0,0,500,203899,2,2,0,HARRIS,11:40,2002,2003,"M408,","UP,",76,"M4,","M,",YARD,Texas,0,0,11,Morning
Other impacts,2002:11:UP:1102SA022,0,0,2500,53669,0,0,0,BEXAR,6:00,2002,2003,"H307,","UP,",7,"H3,","H,",YARD,Texas,0,0,6,Morning
Derailments,2002:11:UP:1102SA023,0,0,117246,1200,0,0,0,MAVERICK,5:45,2002,2003,"T210,T212,","BNSF,UP,",1,"T2,","T,",YARD,Texas,0,0,5,Morning
Derailments,2002:11:UP:1102TS004,0,0,114944,99988,1,1,0,PRESIDIO,7:40,2002,2003,"T220,","UP,",1,"T2,","T,",MAIN,Texas,0,0,7,Morning
Obstruction impact,2002:12:TRE:12052002,0,0,0,24700,0,0,0,DALLAS,7:10,2002,2003,"M404,H205,","TRE,",3,"M4,H2,","M,H,",MAIN,Texas,0,0,7,Morning
Raking collision,2002:12:TXTX:2002077,0,0,950,29300,0,1,0,CHAMBERS,8:15,2002,2003,"H021,H399,","TXTX,",7,"H0,H3,","H,",INDUSTRY,Texas,0,0,8,Morning