AccidentType,inckey,Fatalities,Injuries,TrackDamage,EquipmentDamage,HazmatCars,HazmatCarsDerailed,HazmatCarsReleasing,County,DisplayTime,calendar,Fiscal,AccidentCause,RailroadCodes,RAILEQUIPMENT_TYPE,CauseGroup,CauseDiscipline,TYPE_OF_TRACK,StateName,latitude,longitude,hour,cat
Derailments,2002:12:UP:1202FW001,0,0,600,14141,0,0,0,DALLAS,9:25,2002,2003,"H505,","UP,",7,"H5,","H,",YARD,Texas,0,0,9,Morning
Side collision,2002:12:UP:1202FW025,0,0,5000,58047,0,0,0,TARRANT,10:36,2002,2003,"H702,","UP,",1,"H7,","H,",MAIN,Texas,0,0,10,Morning
Derailments,2002:12:UP:1202HO024,0,0,9000,2944,0,0,0,HARRIS,11:45,2002,2003,"T110,","UP,",1,"T1,","T,",YARD,Texas,0,0,11,Morning
Side collision,2002:12:UP:1202HO025,0,0,1000,39355,0,0,0,GALVESTON,11:43,2002,2003,"H605,","UP,",8,"H6,","H,",YARD,Texas,0,0,11,Morning
Derailments,2002:12:UP:1202HO028,0,0,9000,461,0,0,0,HARRIS,10:05,2002,2003,"E34C,","UP,",7,"E3,","E,",YARD,Texas,0,0,10,Morning
Derailments,2002:12:UP:1202LK041,0,0,10650,10874,0,0,0,GREGG,11:55,2002,2003,"T314,","UP,",7,"T3,","T,",YARD,Texas,0,0,11,Morning
Obstruction impact,2003:01:BNSF:TX0103105,0,0,31000,500,4,0,0,DENTON,5:25,2003,2003,"M402,","BNSF,",1,"M4,","M,",MAIN,Texas,0,0,5,Morning
Derailments,2003:01:DGNO:ID03035,0,0,3000,20000,0,0,0,DALLAS,9:45,2003,2003,"H303,","DGNO,",7,"H3,","H,",INDUSTRY,Texas,0,0,9,Morning
Obstruction impact,2003:01:PTRA:20030101,0,0,0,245518,13,0,0,HARRIS,9:45,2003,2003,"M501,","PTRA,",7,"M5,","M,",YARD,Texas,0,0,9,Morning
Obstruction impact,2003:01:UP:0103FW027,0,0,15000,100,0,0,0,TARRANT,5:15,2003,2003,"M409,","UP,",7,"M4,","M,",YARD,Texas,0,0,5,Morning
Derailments,2003:01:UP:0103LV031,0,0,30000,739,0,0,0,JEFFERSON,7:30,2003,2003,"T201,","UP,",7,"T2,","T,",YARD,Texas,0,0,7,Morning
Derailments,2003:01:UP:0103SA009,0,0,28000,2000,0,0,0,BEXAR,10:15,2003,2003,"T110,","UP,",7,"T1,","T,",INDUSTRY,Texas,0,0,10,Morning
Derailments,2003:01:WATX:010103,0,0,0,10000,1,1,0,HARRIS,11:45,2003,2003,"T102,","WATX,",7,"T1,","T,",YARD,Texas,0,0,11,Morning
Derailments,2003:01:WATX:020103,0,0,0,10000,0,0,0,HARRIS,8:00,2003,2003,"H306,","WATX,",7,"H3,","H,",SIDING,Texas,0,0,8,Morning
Other impacts,2003:02:BNSF:KS0203106,0,0,400,79000,0,0,0,POTTER,8:15,2003,2003,"H306,H309,","BNSF,",7,"H3,","H,",YARD,Texas,0,0,8,Morning
Other impacts,2003:02:BNSF:KS0203110,0,0,0,15987,0,0,0,POTTER,9:50,2003,2003,"H702,","BNSF,",71,"H7,","H,",YARD,Texas,0,0,9,Morning
Derailments,2003:02:BNSF:TX0203104,0,0,950,10600,0,0,0,TARRANT,7:45,2003,2003,"T110,","BNSF,",7,"T1,","T,",INDUSTRY,Texas,0,0,7,Morning
Derailments,2003:02:UP:0203FW004,0,0,55000,12273,0,0,0,TARRANT,11:20,2003,2003,"T110,","UP,",1,"T1,","T,",MAIN,Texas,0,0,11,Morning
Side collision,2003:02:UP:0203HO020,0,0,0,9750,74,2,0,HARRIS,10:55,2003,2003,"H602,","UP,",7,"H6,","H,",YARD,Texas,0,0,10,Morning
Derailments,2003:02:UP:0203HO024,0,0,500,8080,15,3,0,BRAZORIA,8:15,2003,2003,"M405,","UP,",1,"M4,","M,",YARD,Texas,0,0,8,Morning
Highway-rail impact,2003:02:UP:0203LK005,1,0,0,22209,0,0,0,BOWIE,9:12,2003,2003,"M302,","UP,",1,"M3,","M,",MAIN,Texas,0,0,9,Morning
Derailments,2003:02:UP:0203LV015,0,0,28000,600,0,0,0,JEFFERSON,10:00,2003,2003,"T110,","UP,",8,"T1,","T,",YARD,Texas,0,0,10,Morning
Other impacts,2003:03:BNSF:KS0303108,0,0,0,70346,0,0,0,HALE,10:00,2003,2003,"H302,H020,","BNSF,",1,"H3,H0,","H,",YARD,Texas,0,0,10,Morning
Derailments,2003:03:BNSF:KS0303122,0,0,37575,154791,16,1,0,RANDALL,9:40,2003,2003,"H702,","BNSF,",1,"H7,","H,",YARD,Texas,0,0,9,Morning
Derailments,2003:03:BNSF:TX0303109,0,0,100000,513787,0,0,0,DONLEY,8:40,2003,2003,"T204,","BNSF,",1,"T2,","T,",MAIN,Texas,0,0,8,Morning
Derailments,2003:03:BNSF:TX0303111,0,0,0,10124,1,1,0,TARRANT,10:30,2003,2003,"H021,","BNSF,",67,"H0,","H,",YARD,Texas,0,0,10,Morning
Derailments,2003:03:UP:0303SA011,0,0,43571,11037,1,1,1,BEXAR,9:30,2003,2003,"E86C,","UP,",7,"E8,","E,",YARD,Texas,0,0,9,Morning
Derailments,2003:03:UP:0303SA029,0,0,183067,238500,0,0,0,NUECES,9:00,2003,2003,"M405,","UP,",1,"M4,","M,",MAIN,Texas,0,0,9,Morning
Derailments,2003:04:BNSF:GC0403110,0,0,1000,27090,0,0,0,HARRIS,11:50,2003,2003,"H307,","BNSF,",7,"H3,","H,",YARD,Texas,0,0,11,Morning
Derailments,2003:04:FWWR:03040301,0,0,0,16000,0,0,0,TARRANT,6:15,2003,2003,"H025,","FWWR,",6,"H0,","H,",INDUSTRY,Texas,0,0,6,Morning
Raking collision,2003:04:PTRA:APR200301,0,0,0,20222,0,0,0,HARRIS,8:30,2003,2003,"H021,","PTRA,",7,"H0,","H,",YARD,Texas,0,0,8,Morning
Derailments,2003:04:UP:0403FW009,0,0,0,40832,0,0,0,HOWARD,6:30,2003,2003,"H522,","UP,",7,"H5,","H,",YARD,Texas,0,0,6,Morning
Highway-rail impact,2003:04:UP:0403FW015,0,0,5200,15327,11,0,0,PALO PINTO,7:08,2003,2003,"M302,","BNSF,UP,",1,"M3,","M,",MAIN,Texas,0,0,7,Morning
Derailments,2003:04:UP:0403FW016,0,0,337906,344156,0,0,0,FALLS,10:15,2003,2003,"T101,E47C,","UP,",1,"T1,E4,","T,E,",MAIN,Texas,0,0,10,Morning
Highway-rail impact,2003:04:UP:0403FW017,0,1,0,12283,0,0,0,ECTOR,7:25,2003,2003,"M399,","UP,",1,"M3,","M,",MAIN,Texas,0,0,7,Morning
Derailments,2003:04:UP:0403HO018,0,0,1500,16120,3,1,0,HARRIS,10:20,2003,2003,"T104,","UP,",7,"T1,","T,",YARD,Texas,0,0,10,Morning
Highway-rail impact,2003:04:UP:0403LK023,0,1,271000,670560,0,0,0,CASS,11:46,2003,2003,"M304,","UP,",1,"M3,","M,",MAIN,Texas,0,0,11,Morning
Derailments,2003:04:UP:0403LV027,0,0,30000,8476,4,3,0,JEFFERSON,9:15,2003,2003,"H522,","UP,",7,"H5,","H,",YARD,Texas,0,0,9,Morning
Derailments,2003:04:UP:0403SA012,0,0,62000,1666,0,0,0,WEBB,6:35,2003,2003,"T402,","UP,",7,"T4,","T,",YARD,Texas,0,0,6,Morning
Derailments,2003:04:WATX:060403,0,0,0,27000,0,0,0,HARRIS,11:50,2003,2003,"E46C,E40C,","WATX,",7,"E4,","E,",YARD,Texas,0,0,11,Morning
Derailments,2003:04:WTJR:A03001,0,0,10444,0,0,0,0,WICHITA,10:30,2003,2003,"H702,","WTJR,",7,"H7,","H,",INDUSTRY,Texas,0,0,10,Morning
Obstruction impact,2003:05:BNSF:GC0503101,0,2,0,40000,1,0,0,AUSTIN,10:10,2003,2003,"H997,","BNSF,",91,"H9,","H,",MAIN,Texas,0,0,10,Morning
Derailments,2003:05:BNSF:KS0503103,0,0,5485,31973,11,4,0,POTTER,5:40,2003,2003,"H704,","BNSF,",1,"H7,","H,",YARD,Texas,0,0,5,Morning
Derailments,2003:05:BNSF:KS0503125,0,0,700,8646,0,0,0,DALLAM,10:45,2003,2003,"H507,","BNSF,",1,"H5,","H,",YARD,Texas,0,0,10,Morning
Highway-rail impact,2003:05:BNSF:KS0503202,0,1,0,31813,0,0,0,DALLAM,9:05,2003,2003,"M302,M304,","BNSF,",1,"M3,","M,",MAIN,Texas,0,0,9,Morning
Obstruction impact,2003:05:BNSF:TX0503119,0,1,250,6888,4,0,0,GRAYSON,8:45,2003,2003,"T001,T403,","BNSF,",1,"T0,T4,","T,",MAIN,Texas,0,0,8,Morning
Derailments,2003:05:UP:0503FW007,0,0,3200,7992,0,0,0,TARRANT,7:20,2003,2003,"H702,","UP,",7,"H7,","H,",YARD,Texas,0,0,7,Morning
Derailments,2003:06:BNSF:GC0603110,0,0,1500,20000,0,0,0,LIBERTY,8:30,2003,2003,"H306,","BNSF,",1,"H3,","H,",SIDING,Texas,0,0,8,Morning
Derailments,2003:06:BNSF:KS0603107,0,0,181068,11918,16,2,0,PARMER,8:05,2003,2003,"E61C,","BNSF,",1,"E6,","E,",MAIN,Texas,0,0,8,Morning
Derailments,2003:06:BNSF:TX0603101,0,0,500,18114,0,0,0,TARRANT,11:30,2003,2003,"H020,H309,","BNSF,",71,"H0,H3,H0,H3,","H,",SIDING,Texas,0,0,11,Morning
Other events,2003:06:KCS:030612002,0,0,15049,0,0,0,0,HUNT,9:19,2003,2003,"H702,H605,","KCS,",1,"H7,H6,","H,",MAIN,Texas,0,0,9,Morning
Raking collision,2003:06:PTRA:JUN200303,0,0,0,12114,0,0,0,HARRIS,5:00,2003,2003,"H018,","PTRA,",7,"H0,","H,",YARD,Texas,0,0,5,Morning
Highway-rail impact,2003:06:UP:0603FW002,0,0,7789,2325,0,0,0,DENTON,7:10,2003,2003,"M303,","UP,",1,"M3,","M,",MAIN,Texas,0,0,7,Morning
Derailments,2003:06:UP:0603SA001,0,0,3000,3874,0,0,0,BEXAR,6:30,2003,2003,"H503,","UP,",1,"H5,","H,",YARD,Texas,0,0,6,Morning
Derailments,2003:06:UP:0603SA025,0,0,363088,193483,2,0,0,FAYETTE,11:30,2003,2003,"T207,T220,","BNSF,UP,",1,"T2,","T,",MAIN,Texas,0,0,11,Morning
Derailments,2003:07:BNSF:GC0703102,0,0,4500,10293,1,1,0,BELL,5:15,2003,2003,"H018,","BNSF,",67,"H0,","H,",YARD,Texas,0,0,5,Morning
Derailments,2003:07:BNSF:GC0703112,0,0,4500,9442,1,1,0,HARDIN,10:20,2003,2003,"H020,","BNSF,",7,"H0,","H,",YARD,Texas,0,0,10,Morning
Highway-rail impact,2003:07:BNSF:GC0703202,0,1,0,9795,34,0,0,FORT BEND,9:30,2003,2003,"M302,M304,","BNSF,",1,"M3,","M,",MAIN,Texas,0,0,9,Morning
Derailments,2003:07:BNSF:KS0703103,0,0,16000,39514,19,0,0,DALLAM,7:15,2003,2003,"H702,","BNSF,",1,"H7,","H,",SIDING,Texas,0,0,7,Morning
Highway-rail impact,2003:07:BNSF:KS0703200,0,1,0,33219,8,0,0,HEMPHILL,7:00,2003,2003,"M302,","BNSF,",1,"M3,","M,",MAIN,Texas,0,0,7,Morning
Derailments,2003:07:BNSF:SW0703122,0,0,0,33200,0,0,0,EL PASO,9:45,2003,2003,"T202,","BNSF,",7,"T2,","T,",YARD,Texas,0,0,9,Morning
Raking collision,2003:07:PTRA:JULY200303,0,0,0,42347,1,1,0,HARRIS,9:00,2003,2003,"H306,","PTRA,",7,"H3,","H,",YARD,Texas,0,0,9,Morning
Derailments,2003:07:UP:0703FW014,0,0,29100,63760,0,0,0,TARRANT,9:30,2003,2003,"T101,","UP,",1,"T1,","T,",MAIN,Texas,0,0,9,Morning
Highway-rail impact,2003:07:UP:0703FW025,0,1,18000,8694,0,0,0,DALLAS,10:45,2003,2003,"M302,","UP,",1,"M3,","M,",MAIN,Texas,0,0,10,Morning
Derailments,2003:07:UP:0703FW032,0,1,730000,201227,0,0,0,TARRANT,10:05,2003,2003,"H702,H704,","BNSF,UP,",11,"H7,","H,",MAIN,Texas,0,0,10,Morning
Derailments,2003:07:UP:0703SA003,0,0,19010,554,0,0,0,CAMERON,9:15,2003,2003,"T108,H506,","RVSC,UP,",1,"T1,H5,","T,H,",YARD,Texas,0,0,9,Morning
Derailments,2003:07:UP:0703SA032,0,0,328175,262012,0,0,0,AUSTIN,5:58,2003,2003,"T401,","UP,",1,"T4,","T,",MAIN,Texas,0,0,5,Morning
Derailments,2003:08:BNSF:GC0803110,0,0,8000,17080,0,0,0,FREESTONE,8:10,2003,2003,"H306,H702,","BNSF,",1,"H3,H7,","H,",YARD,Texas,0,0,8,Morning
Derailments,2003:08:BNSF:GC0803117,0,0,33000,40400,0,0,0,GALVESTON,6:45,2003,2003,"T314,","BNSF,",1,"T3,","T,",YARD,Texas,0,0,6,Morning
Derailments,2003:08:BNSF:GC0803119,0,0,36000,25760,0,0,0,JEFFERSON,5:00,2003,2003,"T199,","BNSF,",1,"T1,","T,",YARD,Texas,0,0,5,Morning
Highway-rail impact,2003:08:BNSF:KS0803201,0,0,6000,5000,0,0,0,PARMER,11:30,2003,2003,"M302,","BNSF,",1,"M3,","M,",MAIN,Texas,0,0,11,Morning
Highway-rail impact,2003:08:UP:0803FW025,0,0,200,21340,0,0,0,TARRANT,6:45,2003,2003,"M304,","UP,",1,"M3,","M,",MAIN,Texas,0,0,6,Morning
Derailments,2003:08:UP:0803FW031,0,0,8813,478,0,0,0,MCLENNAN,11:55,2003,2003,"E39L,","UP,",7,"E3,","E,",YARD,Texas,0,0,11,Morning
Derailments,2003:08:UP:0803FW040,0,0,300,17964,0,0,0,ELLIS,11:59,2003,2003,"E41C,","UP,",1,"E4,","E,",MAIN,Texas,0,0,11,Morning
Other impacts,2003:08:UP:0803HO033,0,0,3500,73499,17,4,0,LIBERTY,9:55,2003,2003,"H020,","BNSF,CMC,UP,",76,"H0,","H,",YARD,Texas,0,0,9,Morning
Other impacts,2003:08:UP:0803SA040,0,0,0,11942,0,0,0,BEXAR,5:00,2003,2003,"H601,","UP,",75,"H6,","H,",YARD,Texas,0,0,5,Morning
Raking collision,2003:09:PNR:XP0195,0,0,0,10000,4,3,0,HUTCHINSON,11:20,2003,2003,"H302,H399,","PNR,",7,"H3,","H,",YARD,Texas,0,0,11,Morning
Derailments,2003:09:UP:0903FW011,0,0,2500,20533,0,0,0,MCLENNAN,10:16,2003,2003,"M201,","UP,",1,"M2,","M,",YARD,Texas,0,0,10,Morning
Derailments,2003:09:UP:0903FW023,0,0,2100,43804,1,1,1,TARRANT,5:37,2003,2003,"H099,","UP,",7,"H0,","H,",YARD,Texas,0,0,5,Morning
Other impacts,2003:09:UP:0903HO005,0,0,500,26249,0,0,0,HARRIS,6:35,2003,2003,"M599,","UP,",7,"M5,","M,",YARD,Texas,0,0,6,Morning
Derailments,2003:09:UP:0903SA010,0,0,21325,276,0,0,0,BEXAR,5:30,2003,2003,"H312,","UP,",7,"H3,","H,",YARD,Texas,0,0,5,Morning
Derailments,2003:09:WTJR:A03002,0,0,13796,800,0,0,0,WICHITA,7:20,2003,2003,"T309,H703,","UP,WTJR,",1,"T3,H7,","T,H,",YARD,Texas,0,0,7,Morning
Derailments,2003:10:BNSF:TX1003102,0,1,275346,1069307,12,4,0,MONTAGUE,5:00,2003,2004,"T207,","BNSF,",1,"T2,","T,",MAIN,Texas,0,0,5,Morning
Broken train collision,2003:10:BNSF:TX1003110,0,0,0,11476,0,0,0,WISE,11:50,2003,2004,"E39C,","BNSF,",1,"E3,","E,",MAIN,Texas,0,0,11,Morning
Derailments,2003:10:BNSF:TX1003114,0,0,9000,4908,0,0,0,TARRANT,11:20,2003,2004,"H503,H522,","BNSF,",7,"H5,","H,",YARD,Texas,0,0,11,Morning
Highway-rail impact,2003:10:PTRA:20031005,0,0,17978,1600,0,0,0,HARRIS,9:50,2003,2004,"M304,","PTRA,",7,"M3,","M,",YARD,Texas,0,0,9,Morning
Derailments,2003:10:UP:1003HO008,0,0,1000,15374,104,0,0,HARRIS,6:00,2003,2004,"T101,","UP,",7,"T1,","T,",INDUSTRY,Texas,0,0,6,Morning
Highway-rail impact,2003:10:UP:1003HO017,0,0,200,10000,0,0,0,HARRIS,6:10,2003,2004,"M304,","UP,",1,"M3,","M,",MAIN,Texas,0,0,6,Morning
Derailments,2003:10:UP:1003HO030,0,0,1000,17057,0,0,0,HARRIS,9:30,2003,2004,"H703,","UP,",7,"H7,","H,",YARD,Texas,0,0,9,Morning
Derailments,2003:10:UP:1003HU005,0,0,10000,21619,0,0,0,HARRIS,10:00,2003,2004,"H602,","UP,",8,"H6,","H,",YARD,Texas,0,0,10,Morning
Derailments,2003:11:BNSF:GC1103105,0,0,2500,15275,0,0,0,FREESTONE,9:30,2003,2004,"H309,H301,","BNSF,",61,"H3,","H,",YARD,Texas,0,0,9,Morning
Derailments,2003:11:TSE:TSE031126,0,0,12841,250,3,3,0,ANGELINA,11:00,2003,2004,"T210,","TSE,",7,"T2,","T,",YARD,Texas,0,0,11,Morning
Derailments,2003:11:UP:1103FW002,0,0,600,21943,0,0,0,MCLENNAN,8:15,2003,2004,"H504,","UP,",7,"H5,","H,",INDUSTRY,Texas,0,0,8,Morning
Derailments,2003:11:UP:1103FW016,0,0,94175,482964,0,0,0,TARRANT,6:00,2003,2004,"T220,","UP,",1,"T2,","T,",MAIN,Texas,0,0,6,Morning
Derailments,2003:11:UP:1103FW018,0,0,116720,61813,0,0,0,PARKER,6:05,2003,2004,"T220,","UP,",1,"T2,","T,",MAIN,Texas,0,0,6,Morning
Side collision,2003:11:UP:1103HO003,0,0,6246,143400,31,4,0,BRAZORIA,9:00,2003,2004,"H306,","UP,",718,"H3,","H,",YARD,Texas,0,0,9,Morning
Derailments,2003:11:UP:1103HO008,0,0,44200,25985,0,0,0,HARRIS,11:25,2003,2004,"E40C,","UP,",7,"E4,","E,",YARD,Texas,0,0,11,Morning
Other impacts,2003:11:UP:1103SA016,0,2,5000,23342,0,0,0,BEXAR,5:30,2003,2004,"H702,","UP,",7,"H7,","H,",YARD,Texas,0,0,5,Morning
Derailments,2003:11:UP:1103SA017,0,0,25488,10114,0,0,0,TRAVIS,7:15,2003,2004,"T220,","UP,",1,"T2,","T,",MAIN,Texas,0,0,7,Morning
Derailments,2003:11:UP:1103SA021,0,0,53065,956580,0,0,0,CALDWELL,9:07,2003,2004,"T210,","UP,",1,"T2,","T,",MAIN,Texas,0,0,9,Morning
Derailments,2003:12:BNSF:GC1203107,0,0,250,13800,0,0,0,HARRIS,5:30,2003,2004,"H306,","BNSF,",7,"H3,","H,",YARD,Texas,0,0,5,Morning
Other impacts,2003:12:BNSF:GC1203121,0,0,0,15217,0,0,0,HARDIN,10:00,2003,2004,"H601,","BNSF,",6,"H6,","H,",YARD,Texas,0,0,10,Morning
Highway-rail impact,2003:12:UP:1203HO004,0,1,0,8983,0,0,0,GREGG,10:40,2003,2004,"M304,","UP,",1,"M3,","M,",MAIN,Texas,0,0,10,Morning
Highway-rail impact,2003:12:UP:1203LK001,1,0,0,48513,0,0,0,CASS,9:50,2003,2004,"M302,","UP,",1,"M3,","M,",MAIN,Texas,0,0,9,Morning
Highway-rail impact,2003:12:UP:1203LK008,0,1,0,8219,0,0,0,HARRISON,9:38,2003,2004,"M304,","UP,",1,"M3,","M,",MAIN,Texas,0,0,9,Morning
Derailments,2003:12:UP:1203SA004,0,0,25671,21000,0,0,0,MAVERICK,7:30,2003,2004,"T221,T205,T207,","BNSF,UP,",1,"T2,","T,",YARD,Texas,0,0,7,Morning
Derailments,2003:12:UP:1203SA018,0,0,8617,2084,0,0,0,COLORADO,6:50,2003,2004,"E85C,","UP,",1,"E8,","E,",MAIN,Texas,0,0,6,Morning
Derailments,2003:12:UP:1203SA021,0,0,5407,4262,0,0,0,SAN PATRICIO,6:00,2003,2004,"T220,","UP,",7,"T2,","T,",YARD,Texas,0,0,6,Morning
Derailments,2003:12:UP:1203SA022,0,0,66434,17373,0,0,0,NUECES,6:20,2003,2004,"E21C,","UP,",1,"E2,","E,",MAIN,Texas,0,0,6,Morning
Derailments,2004:01:BNSF:GC0104102,0,0,0,51594,0,0,0,HARRIS,6:15,2004,2004,"H399,","BNSF,",67,"H3,","H,",YARD,Texas,0,0,6,Morning
Raking collision,2004:01:BNSF:KS0104107,0,0,0,7579,1,1,0,POTTER,6:45,2004,2004,"H318,","BNSF,",7,"H3,","H,",YARD,Texas,0,0,6,Morning
Side collision,2004:01:BNSF:TX0104107,0,0,0,10490,1,1,0,TARRANT,10:40,2004,2004,"M105,","BNSF,",76,"M1,","M,",YARD,Texas,0,0,10,Morning
Derailments,2004:01:KCS:040102001,0,0,52026,20000,0,0,0,COLLIN,10:10,2004,2004,"H306,","KCS,",7,"H3,","H,",YARD,Texas,0,0,10,Morning
Highway-rail impact,2004:01:UP:0104FW020,0,0,17000,6304,0,0,0,MIDLAND,9:50,2004,2004,"M399,","UP,",1,"M3,","M,",MAIN,Texas,0,0,9,Morning
Derailments,2004:01:UP:0104FW021,0,0,0,12031,0,0,0,TARRANT,5:20,2004,2004,"H309,","UP,",75,"H3,","H,",YARD,Texas,0,0,5,Morning
Derailments,2004:01:UP:0104FW032,0,0,51558,41208,1,1,0,TARRANT,7:45,2004,2004,"T314,","UP,",1,"T3,","T,",MAIN,Texas,0,0,7,Morning
Derailments,2004:01:UP:0104HO011,0,0,10000,1065,0,0,0,HARRIS,7:30,2004,2004,"T001,","UP,",7,"T0,","T,",SIDING,Texas,0,0,7,Morning
Highway-rail impact,2004:01:UP:0104LV021,0,0,13000,356,0,0,0,JEFFERSON,7:37,2004,2004,"M303,","UP,",1,"M3,","M,",MAIN,Texas,0,0,7,Morning
Other impacts,2004:02:BNSF:KS0204111,0,0,0,39236,0,0,0,HALE,9:30,2004,2004,"H702,","BNSF,",15,"H7,","H,",YARD,Texas,0,0,9,Morning
Fire/violent rupture,2004:02:UP:0204FW041,0,0,0,212959,0,0,0,DALLAS,11:00,2004,2004,"M406,","UP,",NA,"M4,","M,",YARD,Texas,0,0,11,Morning
Derailments,2004:02:UP:0204FW042,0,0,0,19750,0,0,0,GRAYSON,10:00,2004,2004,"H312,","UP,",5,"H3,","H,",YARD,Texas,0,0,10,Morning
Derailments,2004:02:UP:0204HO014,0,0,7827,1072,0,0,0,HARRIS,10:10,2004,2004,"H702,","UP,",7,"H7,","H,",YARD,Texas,0,0,10,Morning
Side collision,2004:02:UP:0204LV018,0,0,21650,37533,5,1,0,JEFFERSON,11:30,2004,2004,"H306,","UP,",7,"H3,","H,",YARD,Texas,0,0,11,Morning
Derailments,2004:02:UP:0204TS030,0,0,75424,550354,3,0,0,EL PASO,6:10,2004,2004,"T207,","UP,",1,"T2,","T,",MAIN,Texas,0,0,6,Morning
Derailments,2004:03:BNSF:GC0304108,0,0,23000,5500,0,0,0,BRAZORIA,9:30,2004,2004,"T110,","BNSF,",1,"T1,","T,",YARD,Texas,0,0,9,Morning
Derailments,2004:03:BNSF:GC0304118,0,0,1000,325976,0,0,0,FREESTONE,11:45,2004,2004,"H599,","BNSF,",1,"H5,","H,",INDUSTRY,Texas,0,0,11,Morning
Derailments,2004:03:BNSF:KS0304101,0,0,14912,29424,0,0,0,HALE,6:04,2004,2004,"T210,","BNSF,",1,"T2,","T,",YARD,Texas,0,0,6,Morning
Highway-rail impact,2004:03:BNSF:KS0304202,0,0,0,9500,8,0,0,GARZA,10:05,2004,2004,"M302,M304,","BNSF,",1,"M3,","M,",MAIN,Texas,0,0,10,Morning
Derailments,2004:03:BNSF:TX0304102,0,0,250,49174,1,1,0,TARRANT,6:10,2004,2004,"E30C,","BNSF,",7,"E3,","E,",YARD,Texas,0,0,6,Morning
Derailments,2004:03:KCS:040306001,0,0,5528,3000,0,0,0,JEFFERSON,11:00,2004,2004,"T214,","KCS,",7,"T2,","T,",INDUSTRY,Texas,0,0,11,Morning
Other impacts,2004:03:PTRA:MAR200402,0,0,0,8384,0,0,0,HARRIS,11:37,2004,2004,"H318,","PTRA,UP,",77,"H3,","H,",YARD,Texas,0,0,11,Morning
Derailments,2004:03:UP:0304FW012,0,0,20015,23952,0,0,0,TARRANT,5:49,2004,2004,"T221,","UP,",7,"T2,","T,",YARD,Texas,0,0,5,Morning
Highway-rail impact,2004:03:UP:0304FW013,0,2,18000,4500,0,0,0,DALLAS,9:25,2004,2004,"M304,","UP,",1,"M3,","M,",MAIN,Texas,0,0,9,Morning
Derailments,2004:03:UP:0304HO001,0,0,6035,3253,0,0,0,HARRIS,6:05,2004,2004,"T110,","UP,",1,"T1,","T,",YARD,Texas,0,0,6,Morning
Other impacts,2004:03:UP:0304HO005,0,1,0,11895,9,1,0,HARRIS,5:00,2004,2004,"H307,","UP,",76,"H3,","H,",YARD,Texas,0,0,5,Morning
Derailments,2004:03:UP:0304HO006,0,0,7500,34561,0,0,0,MONTGOMERY,7:30,2004,2004,"M204,","UP,",1,"M2,","M,",MAIN,Texas,0,0,7,Morning
Highway-rail impact,2004:03:UP:0304HO016,0,1,6000,2000,0,0,0,CHEROKEE,8:06,2004,2004,"M304,","UP,",1,"M3,","M,",MAIN,Texas,0,0,8,Morning
Highway-rail impact,2004:03:UP:0304HO029,0,1,20000,7808,0,0,0,FORT BEND,11:00,2004,2004,"M304,","ATK,UP,",2,"M3,","M,",MAIN,Texas,0,0,11,Morning
Broken train collision,2004:03:UP:0304LK024,0,0,48423,212064,0,0,0,BOWIE,9:13,2004,2004,"E07C,E36C,","UP,",1,"E0,E3,","E,",MAIN,Texas,0,0,9,Morning
Derailments,2004:03:UP:0304LV007,0,0,65000,2119,2,0,0,JEFFERSON,11:43,2004,2004,"S099,","UP,",7,"S0,","S,",YARD,Texas,0,0,11,Morning
Derailments,2004:03:UP:0304SA017,0,0,24272,971,0,0,0,MAVERICK,11:05,2004,2004,"T220,","UP,",7,"T2,","T,",YARD,Texas,0,0,11,Morning
Derailments,2004:04:BNSF:KS0404100,0,0,5600,19600,0,0,0,POTTER,11:25,2004,2004,"H602,H303,","BNSF,",7,"H6,H3,","H,",YARD,Texas,0,0,11,Morning
Side collision,2004:04:BNSF:KS0404104,0,0,0,6922,0,0,0,POTTER,6:15,2004,2004,"H301,H309,","BNSF,",76,"H3,","H,",YARD,Texas,0,0,6,Morning
Derailments,2004:04:DGNO:ID04187,0,0,4000,10000,0,0,0,GRAYSON,10:00,2004,2004,"H505,","DGNO,",1,"H5,","H,",YARD,Texas,0,0,10,Morning
Derailments,2004:04:KCS:040410001,0,0,6908,28000,0,0,0,JEFFERSON,8:55,2004,2004,"H702,","KCS,",7,"H7,","H,",YARD,Texas,0,0,8,Morning
Other impacts,2004:04:KCS:040417003,0,0,0,22000,0,0,0,COLLIN,9:15,2004,2004,"H020,H018,","KCS,",1,"H0,","H,",YARD,Texas,0,0,9,Morning
Derailments,2004:04:UP:0404FW022,0,0,13937,1460,0,0,0,MCLENNAN,11:15,2004,2004,"H505,","UP,",1,"H5,","H,",YARD,Texas,0,0,11,Morning
Derailments,2004:04:UP:0404HO004,0,0,41000,695,3,0,0,HARRIS,5:30,2004,2004,"H702,","UP,",7,"H7,","H,",YARD,Texas,0,0,5,Morning
Derailments,2004:04:UP:0404HO012,0,0,2500,8136,0,0,0,HARRIS,8:00,2004,2004,"H702,","UP,",7,"H7,","H,",YARD,Texas,0,0,8,Morning
Highway-rail impact,2004:04:UP:0404HO016,0,1,0,8118,0,0,0,BRAZOS,10:00,2004,2004,"M302,","UP,",1,"M3,","M,",MAIN,Texas,0,0,10,Morning
Derailments,2004:04:UP:0404TS002,0,0,0,14360,0,0,0,EL PASO,5:45,2004,2004,"H514,H523,","UP,",7,"H5,","H,",YARD,Texas,0,0,5,Morning
Derailments,2004:05:BNSF:GC0504111,0,0,0,9219,4,1,0,HARRIS,9:15,2004,2004,"H306,","BNSF,",76,"H3,","H,",YARD,Texas,0,0,9,Morning
Obstruction impact,2004:05:BNSF:KS0504116,0,0,0,71869,30,8,0,SCURRY,6:47,2004,2004,"E27C,","BNSF,",1,"E2,","E,",MAIN,Texas,0,0,6,Morning
Highway-rail impact,2004:05:BNSF:TX0504200,0,0,30000,1000,9,0,0,DENTON,9:00,2004,2004,"M303,","BNSF,",1,"M3,","M,",MAIN,Texas,0,0,9,Morning
Other impacts,2004:05:CMC:MAY04005,0,0,5000,130000,0,0,0,LIBERTY,7:30,2004,2004,"H702,H399,","CMC,",7,"H7,H3,","H,",YARD,Texas,0,0,7,Morning