AccidentType,inckey,Fatalities,Injuries,TrackDamage,EquipmentDamage,HazmatCars,HazmatCarsDerailed,HazmatCarsReleasing,County,DisplayTime,calendar,Fiscal,AccidentCause,RailroadCodes,RAILEQUIPMENT_TYPE,CauseGroup,CauseDiscipline,TYPE_OF_TRACK,StateName,latitude,longitude,hour,cat
Highway-rail impact,2004:05:KCS:040508002,0,2,0,11774,9,0,0,CASS,5:10,2004,2004,"M304,M302,","KCS,",1,"M3,","M,",MAIN,Texas,0,0,5,Morning
Derailments,2004:05:KCS:040522001,0,0,36013,47636,21,0,0,HUNT,11:30,2004,2004,"H704,","KCS,",1,"H7,","H,",MAIN,Texas,0,0,11,Morning
Other impacts,2004:05:KMCJ:INDUSTRY,0,0,1000,6612,0,0,0,HARRIS,5:15,2004,2004,"H302,","BNSF,",57,"H3,","H,",INDUSTRY,Texas,0,0,5,Morning
Other impacts,2004:05:UP:0504FW008,0,0,3000,19284,0,0,0,DALLAS,10:45,2004,2004,"H020,","UP,",76,"H0,","H,",YARD,Texas,0,0,10,Morning
Side collision,2004:05:UP:0504FW025,0,0,0,8500,0,0,0,TARRANT,8:30,2004,2004,"H302,","UP,",87,"H3,","H,",YARD,Texas,0,0,8,Morning
Derailments,2004:05:UP:0504HO011,0,0,1800,14997,14,0,0,HARRIS,10:03,2004,2004,"T314,","UP,",7,"T3,","T,",YARD,Texas,0,0,10,Morning
Derailments,2004:05:UP:0504HO022,0,0,27768,9645,0,0,0,ROBERTSON,10:05,2004,2004,"M204,","UP,",1,"M2,","M,",MAIN,Texas,0,0,10,Morning
Derailments,2004:05:UP:0504SA006,0,0,100,38857,0,0,0,WEBB,11:00,2004,2004,"H506,T001,","UP,",7,"H5,T0,","H,T,",INDUSTRY,Texas,0,0,11,Morning
Derailments,2004:05:UP:0504SA013,0,0,448,6438,0,0,0,BEXAR,8:15,2004,2004,"T220,","UP,",7,"T2,","T,",YARD,Texas,0,0,8,Morning
Derailments,2004:05:UP:0504SA024,0,0,25168,44385,0,0,0,CAMERON,10:45,2004,2004,"T205,","RVSC,UP,",1,"T2,","T,",YARD,Texas,0,0,10,Morning
Derailments,2004:06:AGCR:061504,0,0,11351,14908,0,0,0,BEXAR,10:30,2004,2004,"T319,T314,","AGCR,",7,"T3,","T,",YARD,Texas,0,0,10,Morning
Other impacts,2004:06:BNSF:KS0604127,0,0,1700,103383,0,0,0,POTTER,9:30,2004,2004,"H306,H211,","BNSF,UP,",67,"H3,H2,","H,",SIDING,Texas,0,0,9,Morning
Other impacts,2004:06:BNSF:KS0604130,0,0,1000,114916,17,0,0,POTTER,5:40,2004,2004,"H201,","BNSF,",17,"H2,","H,",YARD,Texas,0,0,5,Morning
Other events,2004:06:BNSF:TX0604106,0,0,70000,7706,0,0,0,HARDEMAN,10:20,2004,2004,"H702,","BNSF,",1,"H7,","H,",YARD,Texas,0,0,10,Morning
Derailments,2004:06:BNSF:TX0604108,0,0,200,7464,0,0,0,TARRANT,11:15,2004,2004,"H507,","BNSF,",7,"H5,","H,",YARD,Texas,0,0,11,Morning
Derailments,2004:06:DPRS:INDUSTRY,0,0,0,8500,0,0,0,HARRIS,10:30,2004,2004,"H306,","PTRA,",7,"H3,","H,",INDUSTRY,Texas,0,0,10,Morning
Derailments,2004:06:PNR:PNRCS04016,0,0,6000,17223,47,5,0,CARSON,9:29,2004,2004,"H601,","BNSF,PNR,",61,"H6,","H,",YARD,Texas,0,0,9,Morning
Derailments,2004:06:UP:0604FW030,0,0,1200,20813,0,0,0,DALLAS,10:37,2004,2004,"H503,","UP,",7,"H5,","H,",YARD,Texas,0,0,10,Morning
Derailments,2004:06:UP:0604HO006,0,0,921,79403,0,0,0,HARRIS,9:15,2004,2004,"T210,","UP,",7,"T2,","T,",YARD,Texas,0,0,9,Morning
Derailments,2004:06:UP:0604HO011,0,0,119500,27038,11,0,0,HARRIS,8:30,2004,2004,"E34C,","UP,",7,"E3,","E,",YARD,Texas,0,0,8,Morning
Derailments,2004:06:UP:0604HO027,0,0,60158,44870,0,0,0,HARRIS,6:25,2004,2004,"T210,T222,","UP,",1,"T2,","T,",MAIN,Texas,0,0,6,Morning
Derailments,2004:06:UP:0604HO029,0,0,96600,1820,0,0,0,MATAGORDA,11:20,2004,2004,"T110,M201,H503,","BNSF,UP,",1,"T1,M2,H5,","T,M,H,",SIDING,Texas,0,0,11,Morning
Derailments,2004:06:UP:0604HO033,0,0,124500,188614,0,0,0,HARRIS,9:00,2004,2004,"T111,M405,","BNSF,UP,",7,"T1,M4,","T,M,",YARD,Texas,0,0,9,Morning
Derailments,2004:06:UP:0604HO043,0,0,0,7299,0,0,0,HARRIS,10:00,2004,2004,"M507,","UP,",7,"M5,","M,",YARD,Texas,0,0,10,Morning
Derailments,2004:06:UP:0604HO050,0,0,0,6900,0,0,0,HARRIS,10:00,2004,2004,"M507,","UP,",7,"M5,","M,",YARD,Texas,0,0,10,Morning
Derailments,2004:06:UP:0604LV003,0,0,150,30571,0,0,0,ORANGE,11:00,2004,2004,"T108,","UP,",7,"T1,","T,",YARD,Texas,0,0,11,Morning
Side collision,2004:06:UP:0604SA011,3,79,234025,6089043,15,2,1,BEXAR,5:03,2004,2004,"H221,","BNSF,UP,",11,"H2,","H,",MAIN,Texas,0,0,5,Morning
Other impacts,2004:06:UP:0604SA023,0,0,15000,4975,0,0,0,BEXAR,7:00,2004,2004,"H318,","UP,",76,"H3,","H,",YARD,Texas,0,0,7,Morning
Derailments,2004:07:BNSF:GC0704104,0,0,1500,10610,0,0,0,BELL,10:34,2004,2004,"T110,","BNSF,",7,"T1,","T,",YARD,Texas,0,0,10,Morning
Derailments,2004:07:BNSF:GC0704108,0,1,85000,154475,9,3,0,AUSTIN,10:45,2004,2004,"T314,E69C,","BNSF,",1,"T3,E6,","T,E,",SIDING,Texas,0,0,10,Morning
Other impacts,2004:07:CMC:JULY04007,0,0,1000,11000,1,1,0,LIBERTY,9:30,2004,2004,"H702,","CMC,",7,"H7,","H,",YARD,Texas,0,0,9,Morning
Highway-rail impact,2004:07:FWWR:04071601,0,1,494,11550,3,0,0,JOHNSON,10:20,2004,2004,"M304,M303,","BNSF,FWWR,",1,"M3,","M,",MAIN,Texas,0,0,10,Morning
Derailments,2004:07:KCS:040724002,0,0,0,7690,0,0,0,COLLIN,9:55,2004,2004,"H312,","KCS,",1,"H3,","H,",YARD,Texas,0,0,9,Morning
Derailments,2004:07:UP:0704FW020,0,0,526000,70475,0,0,0,JOHNSON,5:15,2004,2004,"H019,","UP,",1,"H0,","H,",MAIN,Texas,0,0,5,Morning
Other impacts,2004:07:UP:0704HO002,0,0,311,9310,2,0,0,HARRIS,6:30,2004,2004,"H306,","UP,",76,"H3,","H,",YARD,Texas,0,0,6,Morning
Derailments,2004:07:UP:0704HO020,0,0,19377,4295,0,0,0,ANDERSON,8:45,2004,2004,"H312,","UP,",1,"H3,","H,",YARD,Texas,0,0,8,Morning
Derailments,2004:07:UP:0704HO023,0,0,207,7594,54,1,0,HARRIS,5:15,2004,2004,"T102,","UP,",1,"T1,","T,",MAIN,Texas,0,0,5,Morning
Derailments,2004:07:UP:0704HO063,0,0,0,7966,0,0,0,HARRIS,10:00,2004,2004,"M507,","UP,",5,"M5,","M,",YARD,Texas,0,0,10,Morning
Derailments,2004:07:UP:0704SA020,0,0,26974,462,0,0,0,BEXAR,9:30,2004,2004,"T101,","UP,",7,"T1,","T,",INDUSTRY,Texas,0,0,9,Morning
Derailments,2004:08:BNSF:TX0804103,0,0,2300,5120,2,1,0,TARRANT,6:00,2004,2004,"H704,","BNSF,",7,"H7,","H,",YARD,Texas,0,0,6,Morning
Other impacts,2004:08:CMC:AUG04010,0,0,500,16066,25,2,0,LIBERTY,9:20,2004,2004,"H306,H310,H399,","BNSF,CMC,",77,"H3,","H,",YARD,Texas,0,0,9,Morning
Derailments,2004:08:TXTX:F0352004,0,0,23539,75794,0,0,0,CHAMBERS,9:00,2004,2004,"T314,","TXTX,",7,"T3,","T,",INDUSTRY,Texas,0,0,9,Morning
Derailments,2004:08:UP:0804FW019,0,0,5500,12203,0,0,0,WILLIAMSON,7:50,2004,2004,"M503,","UP,",1,"M5,","M,",MAIN,Texas,0,0,7,Morning
Derailments,2004:08:WTJR:A04001,0,0,8030,5800,0,0,0,WICHITA,10:15,2004,2004,"T210,","WTJR,",7,"T2,","T,",SIDING,Texas,0,0,10,Morning
Highway-rail impact,2004:09:BNSF:GC0904200,0,1,25000,200,120,0,0,TAYLOR,10:00,2004,2004,"M302,","BNSF,",1,"M3,","M,",MAIN,Texas,0,0,10,Morning
Derailments,2004:09:UP:0904HO003,0,0,43552,8641,0,0,0,RUSK,7:30,2004,2004,"T220,","UP,",1,"T2,","T,",MAIN,Texas,0,0,7,Morning
Derailments,2004:09:UP:0904HO014,0,0,36308,22000,1,0,0,HARRIS,7:40,2004,2004,"T210,T220,","BNSF,UP,",1,"T2,","T,",YARD,Texas,0,0,7,Morning
Other impacts,2004:09:UP:0904HO032,0,0,216,7896,0,0,0,HARRIS,7:15,2004,2004,"S006,","UP,",75,"S0,","S,",YARD,Texas,0,0,7,Morning
Derailments,2004:09:UP:0904SA015,0,0,22152,69262,0,0,0,BEXAR,11:30,2004,2004,"H025,","UP,",7,"H0,","H,",YARD,Texas,0,0,11,Morning
Derailments,2004:10:BNSF:GC1004112,0,0,290000,899866,21,8,1,WASHINGTON,6:35,2004,2005,"M599,","BNSF,",1,"M5,","M,",MAIN,Texas,0,0,6,Morning
Derailments,2004:10:BNSF:KS1004109,0,0,2500,11217,2,2,0,HALE,9:10,2004,2005,"H522,","BNSF,",7,"H5,","H,",YARD,Texas,0,0,9,Morning
Derailments,2004:10:BNSF:TX1004103,0,0,26769,69842,0,0,0,TARRANT,8:30,2004,2005,"E22C,","BNSF,",7,"E2,","E,",YARD,Texas,0,0,8,Morning
Derailments,2004:10:UP:1004FW004,0,1,254816,516403,0,0,0,TARRANT,9:00,2004,2005,"M409,","UP,",1,"M4,","M,",MAIN,Texas,0,0,9,Morning
Derailments,2004:10:UP:1004FW015,0,0,26000,576,0,0,0,TARRANT,11:30,2004,2005,"H799,","UP,",1,"H7,","H,",MAIN,Texas,0,0,11,Morning
Derailments,2004:10:UP:1004FW036,0,0,5800,21346,0,0,0,TARRANT,9:15,2004,2005,"H305,H307,","UP,",76,"H3,","H,",YARD,Texas,0,0,9,Morning
Other events,2004:10:UP:1004FW045,0,0,0,6795,0,0,0,TARRANT,11:30,2004,2005,"M507,","UP,",5,"M5,","M,",YARD,Texas,0,0,11,Morning
Derailments,2004:10:UP:1004HO034,0,0,91506,1330,3,0,0,VICTORIA,10:25,2004,2005,"M405,H503,","TM,UP,",1,"M4,H5,","M,H,",MAIN,Texas,0,0,10,Morning
Derailments,2004:10:UP:1004HO047,0,0,0,14347,0,0,0,HARRIS,10:00,2004,2005,"M507,","UP,",5,"M5,","M,",YARD,Texas,0,0,10,Morning
Derailments,2004:10:UP:1004HO050,0,0,0,14347,1,1,0,HARRIS,10:00,2004,2005,"M507,","UP,",5,"M5,","M,",YARD,Texas,0,0,10,Morning
Derailments,2004:10:UP:1004SA009,0,0,128404,50154,0,0,0,BEXAR,8:40,2004,2005,"H525,","UP,",1,"H5,","H,",MAIN,Texas,0,0,8,Morning
Side collision,2004:11:BNSF:KS1104108,0,0,500,7324,0,0,0,POTTER,5:00,2004,2005,"H399,","BNSF,",71,"H3,","H,",YARD,Texas,0,0,5,Morning
Other impacts,2004:11:BNSF:KS1104119,0,0,0,17732,0,0,0,POTTER,6:40,2004,2005,"H318,H302,","BNSF,",7,"H3,","H,",YARD,Texas,0,0,6,Morning
Other impacts,2004:11:CCSJ:INDUSTRY,1,2,2232,10568,0,0,0,BEXAR,9:15,2004,2005,"H210,","UP,",76,"H2,","H,",INDUSTRY,Texas,0,0,9,Morning
Derailments,2004:11:GCSR:111104,0,0,9385,0,0,0,0,SAN SABA,5:30,2004,2005,"T102,M204,","GCSR,",1,"T1,M2,","T,M,",MAIN,Texas,0,0,5,Morning
Derailments,2004:11:GVSR:04008,0,0,500,7228,0,0,0,GALVESTON,9:40,2004,2005,"T102,T110,","GVSR,",1,"T1,","T,",MAIN,Texas,0,0,9,Morning
Highway-rail impact,2004:11:KCS:04110601,0,0,140,7143,0,0,0,HOPKINS,11:00,2004,2005,"M302,","KCS,",1,"M3,","M,",MAIN,Texas,0,0,11,Morning
Derailments,2004:11:UP:1104HO009,0,0,9634,19073,44,5,0,GALVESTON,7:45,2004,2005,"T314,","UP,",1,"T3,","T,",SIDING,Texas,0,0,7,Morning
Derailments,2004:11:UP:1104HO052,0,0,0,7007,0,0,0,HARRIS,10:00,2004,2005,"M507,","UP,",6,"M5,","M,",YARD,Texas,0,0,10,Morning
Derailments,2004:11:UP:1104SA003,0,0,52368,93,0,0,0,KINNEY,7:30,2004,2005,"H703,","UP,",1,"H7,","H,",SIDING,Texas,0,0,7,Morning
Derailments,2004:11:UP:1104SA014,0,0,68568,8310,0,0,0,WEBB,10:35,2004,2005,"T110,","UP,",7,"T1,","T,",YARD,Texas,0,0,10,Morning
Side collision,2004:11:UP:1104SA017,0,0,6256,24403,0,0,0,BEXAR,5:45,2004,2005,"H306,","UP,",7,"H3,","H,",YARD,Texas,0,0,5,Morning
Side collision,2004:11:UP:1104SA018,0,0,6704,6982,0,0,0,BEXAR,5:30,2004,2005,"H306,","UP,",7,"H3,","H,",YARD,Texas,0,0,5,Morning
Derailments,2004:12:BNSF:KS1204121,0,0,8000,12454,0,0,0,POTTER,9:12,2004,2005,"T207,","BNSF,",7,"T2,","T,",YARD,Texas,0,0,9,Morning
Derailments,2004:12:BNSF:TX1204105,0,0,3500,6660,0,0,0,HARDEMAN,11:10,2004,2005,"H704,H306,","BNSF,",1,"H7,H3,","H,",YARD,Texas,0,0,11,Morning
Derailments,2004:12:FINJ:INDUSTRY,0,0,5736,3734,0,0,0,BEXAR,8:30,2004,2005,"T102,","UP,",7,"T1,","T,",INDUSTRY,Texas,0,0,8,Morning
Derailments,2004:12:RVSC:RV04066,0,0,5081,14031,0,0,0,CAMERON,8:30,2004,2005,"T202,","RVSC,",7,"T2,","T,",YARD,Texas,0,0,8,Morning
Derailments,2004:12:UP:1204FW025,0,0,8000,92,0,0,0,MCLENNAN,7:30,2004,2005,"H701,","UP,",7,"H7,","H,",MAIN,Texas,0,0,7,Morning
Other impacts,2004:12:UP:1204HO001,0,0,35000,292007,52,14,0,HARRIS,8:40,2004,2005,"H306,","UP,",76,"H3,","H,",YARD,Texas,0,0,8,Morning
Other impacts,2004:12:UP:1204HO027,0,0,5000,23731,67,1,0,HARRIS,10:00,2004,2005,"S013,","UP,",7,"S0,","S,",YARD,Texas,0,0,10,Morning
Derailments,2005:01:BNSF:GC0105105,0,0,300,8028,0,0,0,AUSTIN,8:00,2005,2005,"M502,","BNSF,",5,"M5,","M,",YARD,Texas,0,0,8,Morning
Other impacts,2005:01:BNSF:TX0105102,0,0,500,15100,0,0,0,GRAYSON,9:50,2005,2005,"H702,","BNSF,",1,"H7,","H,",YARD,Texas,0,0,9,Morning
Other impacts,2005:01:CMC:JAN05001,0,0,0,41637,0,0,0,LIBERTY,9:10,2005,2005,"H702,","CMC,",7,"H7,","H,",YARD,Texas,0,0,9,Morning
Derailments,2005:01:DGNO:ID05003,0,0,3000,18000,0,0,0,DALLAS,6:20,2005,2005,"T110,T205,","DGNO,",1,"T1,T2,","T,",MAIN,Texas,0,0,6,Morning
Other impacts,2005:01:PTRA:20050101,0,0,0,41000,15,0,0,HARRIS,9:50,2005,2005,"H021,","PTRA,",6,"H0,","H,",YARD,Texas,0,0,9,Morning
Derailments,2005:01:UP:0105SA022,0,0,19467,9015,0,0,0,MAVERICK,5:30,2005,2005,"T220,","UP,",67,"T2,","T,",YARD,Texas,0,0,5,Morning
Derailments,2005:02:BNSF:TX0205107,0,0,32000,5000,6,0,0,DALLAS,10:00,2005,2005,"H018,","BNSF,",1,"H0,","H,",YARD,Texas,0,0,10,Morning
Other impacts,2005:02:PPRJ:INDUSTRY,0,0,0,17268,0,0,0,SHELBY,9:00,2005,2005,"H022,","UP,",7,"H0,","H,",INDUSTRY,Texas,0,0,9,Morning
Derailments,2005:02:UP:0205HO001,0,0,92095,23679,28,4,0,HARRIS,5:05,2005,2005,"T220,","UP,",1,"T2,","T,",MAIN,Texas,0,0,5,Morning
Derailments,2005:02:WATX:D380905,0,0,2894,7299,17,1,0,HARRIS,8:00,2005,2005,"H702,H601,","WATX,",7,"H7,H6,","H,",INDUSTRY,Texas,0,0,8,Morning
Derailments,2005:02:XTXI:INDUSTRY,0,0,0,42269,0,0,0,COLLIN,7:45,2005,2005,"H306,H307,","BNSF,",1,"H3,","H,",INDUSTRY,Texas,0,0,7,Morning
Highway-rail impact,2005:03:BNSF:KS0305201,0,1,20000,5000,0,0,0,GARZA,7:35,2005,2005,"M302,","BNSF,",1,"M3,","M,",MAIN,Texas,0,0,7,Morning
Other impacts,2005:03:HNTJ:INDUSTRY,0,0,1500,18714,0,0,0,ELLIS,5:30,2005,2005,"H307,","BNSF,",16,"H3,","H,",INDUSTRY,Texas,0,0,5,Morning
Derailments,2005:03:UP:0305FW014,0,0,47662,32156,0,0,0,DALLAS,6:15,2005,2005,"H702,","UP,",7,"H7,","H,",YARD,Texas,0,0,6,Morning
Highway-rail impact,2005:03:UP:0305HO035,0,0,0,40000,0,0,0,HARRIS,11:00,2005,2005,"M399,","UP,",NA,"M3,","M,",MAIN,Texas,0,0,11,Morning
Other impacts,2005:03:UP:0305LK021,0,0,0,17485,0,0,0,GREGG,6:40,2005,2005,"H601,","UP,",8,"H6,","H,",YARD,Texas,0,0,6,Morning
Derailments,2005:03:UP:0305SA016,0,0,92912,9913,0,0,0,BEXAR,9:55,2005,2005,"T309,","UP,",16,"T3,","T,",MAIN,Texas,0,0,9,Morning
Derailments,2005:03:UP:0305SA020,0,0,45023,554,0,0,0,WEBB,5:50,2005,2005,"T303,","UP,",7,"T3,","T,",YARD,Texas,0,0,5,Morning
Highway-rail impact,2005:03:UP:0305SA023,0,0,0,11502,0,0,0,WILLIAMSON,10:50,2005,2005,"M302,","ATK,UP,",2,"M3,","M,",MAIN,Texas,0,0,10,Morning
Side collision,2005:04:BNSF:GC0405102,0,0,0,17000,4,0,0,JEFFERSON,11:00,2005,2005,"H021,","BNSF,",61,"H0,","H,",YARD,Texas,0,0,11,Morning
Derailments,2005:04:BNSF:GC0405106,0,0,10000,17000,1,1,1,GALVESTON,11:00,2005,2005,"H504,","BNSF,",1,"H5,","H,",YARD,Texas,0,0,11,Morning
Derailments,2005:04:CNCQ:INDUSTRY,0,0,20000,27612,0,0,0,LIBERTY,10:50,2005,2005,"T314,","UP,",7,"T3,","T,",YARD,Texas,0,0,10,Morning
Derailments,2005:04:TM:TM05041103,0,0,9270,6000,1,1,0,JIM WELLS,5:30,2005,2005,"T101,","TM,",1,"T1,","T,",MAIN,Texas,0,0,5,Morning
Highway-rail impact,2005:04:UP:0405FW011,0,0,0,9419,0,0,0,ROBERTSON,8:20,2005,2005,"M303,","UP,",1,"M3,","M,",MAIN,Texas,0,0,8,Morning
Derailments,2005:04:UP:0405FW014,0,0,5079,7250,0,0,0,TARRANT,8:00,2005,2005,"H702,","UP,",7,"H7,","H,",YARD,Texas,0,0,8,Morning
Derailments,2005:04:UP:0405FW015,0,0,20000,4509,0,0,0,TARRANT,6:25,2005,2005,"T314,","UP,",7,"T3,","T,",YARD,Texas,0,0,6,Morning
Obstruction impact,2005:04:UP:0405FW029,0,0,8000,0,0,0,0,DENTON,7:31,2005,2005,"M402,","UP,",1,"M4,","M,",MAIN,Texas,0,0,7,Morning
Derailments,2005:04:UP:0405HO039,0,0,29682,192,2,0,0,HARRIS,9:05,2005,2005,"T314,","UP,",7,"T3,","T,",YARD,Texas,0,0,9,Morning
Derailments,2005:04:UP:0405SA006,0,0,25606,6871,0,0,0,GUADALUPE,7:55,2005,2005,"T222,","UP,",7,"T2,","T,",INDUSTRY,Texas,0,0,7,Morning
Derailments,2005:04:UP:0405SA017,0,0,3614,3500,0,0,0,MAVERICK,5:10,2005,2005,"H704,H307,H703,H305,","BNSF,UP,",1,"H7,H3,H7,H3,","H,",YARD,Texas,0,0,5,Morning
Derailments,2005:04:UTNK:INDUSTRY,0,1,8800,4578,0,0,0,HARRIS,11:50,2005,2005,"T319,","UP,",76,"T3,","T,",INDUSTRY,Texas,0,0,11,Morning
Other impacts,2005:05:BNSF:GC0505120,0,0,500,10300,15,3,0,GALVESTON,5:15,2005,2005,"H318,","BNSF,",7,"H3,","H,",YARD,Texas,0,0,5,Morning
Highway-rail impact,2005:05:BNSF:GC0505201,0,0,0,25000,0,0,0,MADISON,11:05,2005,2005,"M302,","BNSF,",1,"M3,","M,",MAIN,Texas,0,0,11,Morning
Derailments,2005:05:KCS:05051601,0,0,33840,467009,0,0,0,JEFFERSON,6:20,2005,2005,"M405,","KCS,",1,"M4,","M,",MAIN,Texas,0,0,6,Morning
Derailments,2005:05:TM:TM05052401,0,0,800,10150,0,0,0,WEBB,6:30,2005,2005,"T201,","TM,",7,"T2,","T,",YARD,Texas,0,0,6,Morning
Derailments,2005:05:UP:0505HO029,0,0,1500,12804,10,0,0,BRAZORIA,8:15,2005,2005,"T220,","UP,",75,"T2,","T,",YARD,Texas,0,0,8,Morning
Other impacts,2005:05:UP:0505HO033,0,0,207,12106,14,0,0,HARRIS,9:45,2005,2005,"M408,","UP,",75,"M4,","M,",YARD,Texas,0,0,9,Morning
Derailments,2005:05:UP:0505HO059,0,0,17328,2463,0,0,0,HARRIS,9:30,2005,2005,"T319,","UP,",7,"T3,","T,",YARD,Texas,0,0,9,Morning
Derailments,2005:05:UP:0505HO113,0,0,4696,26408,10,0,0,HARRIS,11:40,2005,2005,"T313,","UP,",1,"T3,","T,",YARD,Texas,0,0,11,Morning
Derailments,2005:05:UP:0505SA010,0,0,542944,40323,0,0,0,CALDWELL,6:30,2005,2005,"T221,","UP,",1,"T2,","T,",MAIN,Texas,0,0,6,Morning
Derailments,2005:05:UP:0505SA035,0,0,80660,12617,0,0,0,BEXAR,8:30,2005,2005,"T314,","UP,",7,"T3,","T,",YARD,Texas,0,0,8,Morning
Other events,2005:06:KCS:05060304,0,0,703,20000,0,0,0,HUNT,11:30,2005,2005,"E27C,","KCS,",1,"E2,","E,",MAIN,Texas,0,0,11,Morning
Derailments,2005:06:TM:TM05061001,0,0,0,7652,3,0,0,WEBB,8:35,2005,2005,"H019,","TM,",1,"H0,","H,",MAIN,Texas,0,0,8,Morning
Derailments,2005:06:TM:TM05062201,0,0,115241,15794,0,0,0,NUECES,10:00,2005,2005,"T101,T102,","BNSF,TM,UP,",16,"T1,","T,",MAIN,Texas,0,0,10,Morning
Derailments,2005:06:UP:0605EP006,0,0,61575,299981,0,0,0,EL PASO,8:08,2005,2005,"H508,","UP,",1,"H5,","H,",MAIN,Texas,0,0,8,Morning
Highway-rail impact,2005:06:UP:0605FW024,0,1,80000,10,0,0,0,TARRANT,8:57,2005,2005,"M304,","UP,",1,"M3,","M,",MAIN,Texas,0,0,8,Morning
Derailments,2005:06:UP:0605FW027,0,0,47045,267,0,0,0,DALLAS,5:15,2005,2005,"E46C,","UP,",1,"E4,","E,",SIDING,Texas,0,0,5,Morning
Derailments,2005:06:UP:0605HO008,0,0,43842,11664,4,1,0,HARRIS,11:30,2005,2005,"T314,","UP,",7,"T3,","T,",YARD,Texas,0,0,11,Morning
Other events,2005:06:UP:0605HO073,0,0,0,7703,0,0,0,HARRIS,10:00,2005,2005,"E29C,","UP,",6,"E2,","E,",YARD,Texas,0,0,10,Morning
Derailments,2005:06:UP:0605HO082,0,0,43983,100,0,0,0,HARRIS,10:00,2005,2005,"H022,","UP,",7,"H0,","H,",YARD,Texas,0,0,10,Morning
Side collision,2005:06:UP:0605LK026,0,0,1035,20504,8,1,0,HARRISON,5:00,2005,2005,"H306,","UP,",1,"H3,","H,",MAIN,Texas,0,0,5,Morning
Derailments,2005:06:UP:0605LV021,0,0,31270,29448,0,0,0,JEFFERSON,10:00,2005,2005,"M503,","UP,",7,"M5,","M,",YARD,Texas,0,0,10,Morning
Derailments,2005:06:UP:0605SA003,0,0,88529,7550,0,0,0,MAVERICK,6:33,2005,2005,"T309,T319,E46C,","BNSF,UP,",1,"T3,E4,","T,E,",YARD,Texas,0,0,6,Morning
Other impacts,2005:06:UP:0605SA030,0,0,9191,1312,0,0,0,WEBB,9:30,2005,2005,"H312,","UP,",76,"H3,","H,",YARD,Texas,0,0,9,Morning
Derailments,2005:07:BNSF:GC0705108,0,0,145000,1037,11,0,0,GALVESTON,6:10,2005,2005,"T314,","BNSF,UP,",1,"T3,","T,",SIDING,Texas,0,0,6,Morning
Highway-rail impact,2005:07:BNSF:KS0705201,0,1,0,6700,7,0,0,SCURRY,11:15,2005,2005,"M302,","BNSF,",1,"M3,","M,",MAIN,Texas,0,0,11,Morning
Other impacts,2005:07:CCPN:CCT305PE,0,0,0,10000,0,0,0,NUECES,9:30,2005,2005,"H307,","CCPN,",7,"H3,","H,",INDUSTRY,Texas,0,0,9,Morning
Derailments,2005:07:UP:0705HO021,0,0,2000,17429,0,0,0,HARRIS,6:20,2005,2005,"M503,","UP,",76,"M5,","M,",YARD,Texas,0,0,6,Morning
Obstruction impact,2005:07:UP:0705HO046,0,0,0,53112,0,0,0,HARRIS,8:30,2005,2005,"M501,","UP,",7,"M5,","M,",YARD,Texas,0,0,8,Morning
Highway-rail impact,2005:07:UP:0705HO053,0,0,0,30000,0,0,0,KENEDY,11:30,2005,2005,"H997,","UP,",NA,"H9,","H,",MAIN,Texas,0,0,11,Morning
Highway-rail impact,2005:07:UP:0705HO054,0,1,0,12537,36,0,0,GREGG,11:00,2005,2005,"M303,","UP,",1,"M3,","M,",MAIN,Texas,0,0,11,Morning
Other impacts,2005:07:UP:0705HO074,0,0,0,54640,1,0,0,LIBERTY,7:45,2005,2005,"H302,H306,","UP,",76,"H3,","H,",YARD,Texas,0,0,7,Morning
Highway-rail impact,2005:07:UP:0705SA023,1,3,436091,751154,0,0,0,MEDINA,7:41,2005,2005,"M302,","UP,",1,"M3,","M,",MAIN,Texas,0,0,7,Morning
Derailments,2005:07:XTXG:INDUSTRY,0,0,0,10000,0,0,0,FORT BEND,8:40,2005,2005,"M504,","BNSF,",1,"M5,","M,",INDUSTRY,Texas,0,0,8,Morning
Derailments,2005:08:BNSF:KS0805100,0,0,84500,145549,12,2,0,GARZA,5:45,2005,2005,"E4TC,","BNSF,",1,"E4,","E,",MAIN,Texas,0,0,5,Morning
Other impacts,2005:08:BNSF:TX0805109,0,0,100,13697,0,0,0,TARRANT,9:15,2005,2005,"M504,","BNSF,",6,"M5,","M,",YARD,Texas,0,0,9,Morning
Derailments,2005:08:UP:0805EP001,0,0,40133,0,0,0,0,EL PASO,11:00,2005,2005,"H306,","UP,",7,"H3,","H,",YARD,Texas,0,0,11,Morning
Derailments,2005:08:UP:0805FW022,0,0,30307,15611,0,0,0,TARRANT,9:40,2005,2005,"M405,","UP,",7,"M4,","M,",YARD,Texas,0,0,9,Morning
Highway-rail impact,2005:08:UP:0805HO058,0,1,22600,500,0,0,0,LIBERTY,10:10,2005,2005,"M399,","UP,",1,"M3,","M,",MAIN,Texas,0,0,10,Morning
Highway-rail impact,2005:08:UP:0805HO083,0,1,6000,16839,0,0,0,CHEROKEE,8:20,2005,2005,"M304,","UP,",1,"M3,","M,",MAIN,Texas,0,0,8,Morning
Derailments,2005:08:UP:0805LK019,0,0,138200,389185,0,0,0,UPSHUR,6:03,2005,2005,"H599,T205,","UP,",1,"H5,T2,","H,T,",MAIN,Texas,0,0,6,Morning
Derailments,2005:08:UP:0805SA001,0,0,236480,606761,0,0,0,WILLIAMSON,6:30,2005,2005,"M204,","UP,",1,"M2,","M,",MAIN,Texas,0,0,6,Morning
Highway-rail impact,2005:08:UP:0805SA030,0,0,20000,13114,1,0,0,MEDINA,10:08,2005,2005,"M304,","UP,",1,"M3,","M,",MAIN,Texas,0,0,10,Morning
Derailments,2005:08:UP:0805WH008,0,0,40605,2034,0,0,0,DALLAM,11:35,2005,2005,"H525,","UP,",1,"H5,","H,",MAIN,Texas,0,0,11,Morning
Derailments,2005:08:XABT:INDUSTRY,0,0,36000,6000,0,0,0,TARRANT,10:10,2005,2005,"T311,","UP,",7,"T3,","T,",INDUSTRY,Texas,0,0,10,Morning
Derailments,2005:09:BNSF:GC0905103,0,0,149000,1500,9,1,0,LAMPASAS,10:20,2005,2005,"E68C,","BNSF,",1,"E6,","E,",MAIN,Texas,0,0,10,Morning