AccidentType,inckey,Fatalities,Injuries,TrackDamage,EquipmentDamage,HazmatCars,HazmatCarsDerailed,HazmatCarsReleasing,County,DisplayTime,calendar,Fiscal,AccidentCause,RailroadCodes,RAILEQUIPMENT_TYPE,CauseGroup,CauseDiscipline,TYPE_OF_TRACK,StateName,latitude,longitude,hour,cat
Side collision,2005:09:BNSF:GC0905104,0,1,2000,533550,4,0,0,HARRIS,5:20,2005,2005,"H306,H399,","BNSF,",7,"H3,","H,",YARD,Texas,0,0,5,Morning
Derailments,2005:09:BNSF:GC0905108,0,0,14000,7316,1,0,0,HARRIS,5:30,2005,2005,"H306,H303,","BNSF,",7,"H3,","H,",YARD,Texas,0,0,5,Morning
Highway-rail impact,2005:09:BNSF:TX0905201,0,0,0,6701,11,0,0,DENTON,7:35,2005,2005,"M399,","BNSF,",1,"M3,","M,",MAIN,Texas,0,0,7,Morning
Derailments,2005:09:RVSC:RV05082,0,0,3012,6495,0,0,0,CAMERON,9:00,2005,2005,"H501,","RVSC,",1,"H5,","H,",INDUSTRY,Texas,0,0,9,Morning
Other impacts,2005:09:UP:0905HO018,0,0,1610,21977,24,1,0,HARRIS,10:50,2005,2005,"H307,","UP,",7,"H3,","H,",YARD,Texas,0,0,10,Morning
Derailments,2005:09:UP:0905HO027,0,0,6070,12138,30,5,0,HARRIS,8:00,2005,2005,"T111,","UP,",7,"T1,","T,",SIDING,Texas,0,0,8,Morning
Derailments,2005:09:UP:0905HO047,0,0,1150,6815,0,0,0,GRIMES,10:30,2005,2005,"T102,","UP,",1,"T1,","T,",SIDING,Texas,0,0,10,Morning
Derailments,2005:09:UP:0905SA002,0,0,1725,24657,0,0,0,BEXAR,9:30,2005,2005,"M599,E30C,","UP,",7,"M5,E3,","M,E,",YARD,Texas,0,0,9,Morning
Derailments,2005:10:BNSF:GC1005111,0,0,0,28479,0,0,0,HARRIS,11:50,2005,2006,"H312,","BNSF,",57,"H3,","H,",YARD,Texas,0,0,11,Morning
Highway-rail impact,2005:10:BNSF:TX1005202,0,1,168000,78819,1,0,0,WILBARGER,8:30,2005,2006,"M302,M304,","BNSF,",1,"M3,","M,",MAIN,Texas,0,0,8,Morning
Derailments,2005:10:UP:1005FW014,0,0,9724,11247,0,0,0,WARD,11:40,2005,2006,"M405,","UP,",1,"M4,","M,",YARD,Texas,0,0,11,Morning
Derailments,2005:10:UP:1005FW017,0,0,2292,6432,0,0,0,KAUFMAN,11:15,2005,2006,"T199,","UP,",1,"T1,","T,",MAIN,Texas,0,0,11,Morning
Derailments,2005:10:UP:1005HO054,0,0,19460,567,0,0,0,CAMERON,7:30,2005,2006,"H702,","UP,",7,"H7,","H,",YARD,Texas,0,0,7,Morning
Other impacts,2005:10:UP:1005HO072,0,0,460,8968,0,0,0,HARRIS,9:10,2005,2006,"T306,","UP,",76,"T3,","T,",YARD,Texas,0,0,9,Morning
Highway-rail impact,2005:10:UP:1005LK013,0,0,448,27515,0,0,0,HARRISON,10:30,2005,2006,"M399,","UP,",1,"M3,","M,",MAIN,Texas,0,0,10,Morning
Derailments,2005:10:UP:1005WH011,0,0,353000,156161,0,0,0,HARTLEY,10:00,2005,2006,"M405,","UP,",1,"M4,","M,",MAIN,Texas,0,0,10,Morning
Derailments,2005:11:AGCR:111705,0,0,27000,25000,0,0,0,BEXAR,7:35,2005,2006,"H702,H703,","AGCR,",7,"H7,","H,",YARD,Texas,0,0,7,Morning
Derailments,2005:11:BNSF:GC1105110,0,0,1200,17800,0,0,0,AUSTIN,10:30,2005,2006,"H306,H303,","BNSF,",1,"H3,","H,",YARD,Texas,0,0,10,Morning
Highway-rail impact,2005:11:BNSF:KS1105201,0,0,0,24148,16,0,0,LAMB,9:45,2005,2006,"M302,","BNSF,",1,"M3,","M,",MAIN,Texas,0,0,9,Morning
Highway-rail impact,2005:11:BNSF:TX1105200,0,1,0,6701,1,0,0,CLAY,10:05,2005,2006,"M399,","BNSF,",1,"M3,","M,",MAIN,Texas,0,0,10,Morning
Highway-rail impact,2005:11:BNSF:TX1105201,0,1,0,7500,0,0,0,TARRANT,11:48,2005,2006,"M302,M304,","BNSF,",1,"M3,","M,",MAIN,Texas,0,0,11,Morning
Derailments,2005:11:UP:1105FW027,0,0,2000,37172,4,0,0,FALLS,9:15,2005,2006,"T210,","UP,",1,"T2,","T,",MAIN,Texas,0,0,9,Morning
Derailments,2005:11:UP:1105LK016,0,0,16500,3459,0,0,0,GREGG,9:45,2005,2006,"M405,","UP,",7,"M4,","M,",YARD,Texas,0,0,9,Morning
Side collision,2005:11:UP:1105LK022,0,0,1727,57067,0,0,0,GREGG,6:09,2005,2006,"H399,","UP,",78,"H3,","H,",YARD,Texas,0,0,6,Morning
Derailments,2005:11:UP:1105SA018,0,0,55770,48232,0,0,0,CALDWELL,6:40,2005,2006,"E53C,H509,","UP,",1,"E5,H5,","E,H,",MAIN,Texas,0,0,6,Morning
Highway-rail impact,2005:12:BNSF:GC1205200,0,0,0,6701,0,0,0,HARRIS,11:40,2005,2006,"M302,M304,","BNSF,",7,"M3,","M,",MAIN,Texas,0,0,11,Morning
Derailments,2005:12:BNSF:TX1205101,0,0,337400,1144531,0,0,0,DONLEY,6:00,2005,2006,"T204,","BNSF,",1,"T2,","T,",MAIN,Texas,0,0,6,Morning
Side collision,2005:12:BNSF:TX1205107,0,0,200,10000,0,0,0,TARRANT,7:20,2005,2006,"H399,H302,","BNSF,",8,"H3,","H,",YARD,Texas,0,0,7,Morning
Derailments,2005:12:TIBR:D543105,0,0,140000,90000,0,0,0,JASPER,6:20,2005,2006,"H503,","TIBR,",1,"H5,","H,",MAIN,Texas,0,0,6,Morning
Derailments,2005:12:TXCQ:INDUSTRY,0,0,2000,9732,0,0,0,SMITH,8:30,2005,2006,"T210,","UP,",7,"T2,","T,",INDUSTRY,Texas,0,0,8,Morning
Derailments,2005:12:UP:1205FW022,0,0,2350,6558,0,0,0,ELLIS,8:05,2005,2006,"T212,","UP,",7,"T2,","T,",YARD,Texas,0,0,8,Morning
Derailments,2005:12:UP:1205HO046,0,0,1000,10347,0,0,0,HARRIS,6:45,2005,2006,"T220,","UP,",7,"T2,","T,",YARD,Texas,0,0,6,Morning
Derailments,2006:01:BNSF:GC0106100,0,0,36000,15959,8,1,0,BELL,8:45,2006,2006,"M201,","BNSF,",7,"M2,","M,",YARD,Texas,0,0,8,Morning
Highway-rail impact,2006:01:BNSF:GC0106204,0,0,15000,500,0,0,0,HARRIS,9:45,2006,2006,"M308,M304,","BNSF,",1,"M3,","M,",MAIN,Texas,0,0,9,Morning
Highway-rail impact,2006:01:BNSF:TX0106206,0,1,0,7700,3,0,0,TARRANT,7:15,2006,2006,"M399,","BNSF,",1,"M3,","M,",MAIN,Texas,0,0,7,Morning
Derailments,2006:01:GCSR:ID01220657,0,0,10000,10000,0,0,0,MCCULLOCH,8:00,2006,2006,"T218,","GCSR,",1,"T2,","T,",MAIN,Texas,0,0,8,Morning
Derailments,2006:01:TXTX:F0042006,0,0,4500,20000,0,0,0,JEFFERSON,10:30,2006,2006,"T311,","TXTX,",7,"T3,","T,",INDUSTRY,Texas,0,0,10,Morning
Other impacts,2006:01:UP:0106ES009,0,1,0,314806,0,0,0,BRAZOS,10:00,2006,2006,"H402,","UP,",NA,"H4,","H,",MAIN,Texas,0,0,10,Morning
Derailments,2006:01:UP:0106FW006,0,0,10263,12158,0,0,0,TARRANT,7:30,2006,2006,"H702,","UP,",7,"H7,","H,",YARD,Texas,0,0,7,Morning
Derailments,2006:01:UP:0106FW011,0,0,725,17127,1,1,0,GRAYSON,9:09,2006,2006,"H601,","UP,",7,"H6,","H,",YARD,Texas,0,0,9,Morning
Derailments,2006:01:UP:0106FW012,0,0,39995,3787,0,0,0,TARRANT,8:45,2006,2006,"S011,T399,","UP,",7,"S0,T3,","S,T,",YARD,Texas,0,0,8,Morning
Obstruction impact,2006:01:UP:0106HO002,0,0,730,9796,0,0,0,HARRIS,5:00,2006,2006,"M409,","UP,",7,"M4,","M,",YARD,Texas,0,0,5,Morning
Other impacts,2006:01:UP:0106HO064,0,0,17300,4472,0,0,0,HARRIS,11:15,2006,2006,"M411,","UP,",75,"M4,","M,",YARD,Texas,0,0,11,Morning
Derailments,2006:01:UP:0106LK013,0,0,22789,0,0,0,0,HARRISON,10:10,2006,2006,"T110,","UP,",8,"T1,","T,",INDUSTRY,Texas,0,0,10,Morning
Derailments,2006:01:UP:0106LK035,0,0,43450,4399,0,0,0,HARRISON,7:53,2006,2006,"T318,","UP,",1,"T3,","T,",MAIN,Texas,0,0,7,Morning
Derailments,2006:01:UP:0106LK036,0,0,0,8769,0,0,0,HARRISON,8:20,2006,2006,"T318,","UP,",1,"T3,","T,",MAIN,Texas,0,0,8,Morning
Derailments,2006:01:UP:0106LV019,0,0,830800,128123,42,28,0,SHELBY,11:45,2006,2006,"E40C,","UP,",1,"E4,","E,",MAIN,Texas,0,0,11,Morning
Derailments,2006:01:UP:0106SA016,0,0,2300,24667,0,0,0,BEXAR,5:15,2006,2006,"S011,","UP,",7,"S0,","S,",YARD,Texas,0,0,5,Morning
Highway-rail impact,2006:01:UP:0106SA022,0,1,26725,93873,0,0,0,FAYETTE,10:20,2006,2006,"M304,","UP,",1,"M3,","M,",MAIN,Texas,0,0,10,Morning
Derailments,2006:02:BNSF:GC0206103,0,0,250,10200,0,0,0,GALVESTON,9:03,2006,2006,"T210,T202,","BNSF,GVSR,",7,"T2,","T,",YARD,Texas,0,0,9,Morning
Other impacts,2006:02:BNSF:GC0206106,0,0,0,21600,3,1,0,HARRIS,11:30,2006,2006,"H018,H318,","BNSF,",7,"H0,H3,","H,",YARD,Texas,0,0,11,Morning
Side collision,2006:02:BNSF:KS0206110,0,0,0,18362,2,2,0,POTTER,5:20,2006,2006,"H306,H301,","BNSF,",7,"H3,","H,",YARD,Texas,0,0,5,Morning
Derailments,2006:02:TM:TM06020201,0,0,38000,351000,4,4,0,WEBB,8:10,2006,2006,"T220,","TM,",1,"T2,","T,",MAIN,Texas,0,0,8,Morning
Derailments,2006:02:UP:0206EP006,0,0,131060,4272,0,0,0,PRESIDIO,7:52,2006,2006,"M201,","UP,",1,"M2,","M,",MAIN,Texas,0,0,7,Morning
Derailments,2006:02:UP:0206EP013,0,0,31412,6199,0,0,0,EL PASO,8:30,2006,2006,"T207,","UP,",7,"T2,","T,",YARD,Texas,0,0,8,Morning
Derailments,2006:02:UP:0206FW004,0,0,57600,1064,0,0,0,WOOD,10:25,2006,2006,"T110,","UP,",4,"T1,","T,",YARD,Texas,0,0,10,Morning
Obstruction impact,2006:02:UP:0206FW019,0,0,1493,37787,24,0,0,NAVARRO,6:00,2006,2006,"M404,","UP,",1,"M4,","M,",MAIN,Texas,0,0,6,Morning
Other impacts,2006:02:UP:0206LK016,0,0,0,10081,10,0,0,GREGG,6:25,2006,2006,"H399,","UP,",78,"H3,","H,",YARD,Texas,0,0,6,Morning
Other events,2006:02:UP:0206WH006,0,0,84000,0,0,0,0,DALLAM,6:00,2006,2006,"H702,","UP,",1,"H7,","H,",MAIN,Texas,0,0,6,Morning
Derailments,2006:03:BNSF:KS0306125,0,0,4000,5555,0,0,0,POTTER,8:30,2006,2006,"H507,T316,","BNSF,UP,",7,"H5,T3,","H,T,",SIDING,Texas,0,0,8,Morning
Derailments,2006:03:BNSF:TX0306105,0,0,1000,21791,0,0,0,HARDEMAN,11:45,2006,2006,"T319,","BNSF,",7,"T3,","T,",YARD,Texas,0,0,11,Morning
Derailments,2006:03:DGNO:ID06134,0,0,9500,5000,0,0,0,DALLAS,6:00,2006,2006,"M503,","DGNO,",1,"M5,","M,",MAIN,Texas,0,0,6,Morning
Highway-rail impact,2006:03:KCS:06031701,0,2,570,50000,0,0,0,HOPKINS,9:00,2006,2006,"M302,","KCS,",1,"M3,","M,",MAIN,Texas,0,0,9,Morning
Side collision,2006:03:TM:TM06031101,0,0,0,47454,0,0,0,WEBB,6:00,2006,2006,"H399,","TM,",7,"H3,","H,",YARD,Texas,0,0,6,Morning
Derailments,2006:03:UP:0306HO001,0,0,2504,5649,0,0,0,HARRIS,7:30,2006,2006,"T303,","UP,",7,"T3,","T,",YARD,Texas,0,0,7,Morning
Derailments,2006:03:UP:0306HO003,0,0,8000,1806,0,0,0,BRAZOS,11:45,2006,2006,"T110,","UP,",1,"T1,","T,",INDUSTRY,Texas,0,0,11,Morning
Highway-rail impact,2006:03:UP:0306HO040,0,2,148572,800,21,0,0,HARRIS,11:25,2006,2006,"M304,","UP,",1,"M3,","M,",MAIN,Texas,0,0,11,Morning
Derailments,2006:03:UP:0306HO045,0,0,7466,1495,0,0,0,HARRIS,6:00,2006,2006,"T313,","UP,",7,"T3,","T,",YARD,Texas,0,0,6,Morning
Derailments,2006:03:UP:0306HO049,0,0,252880,41675,0,0,0,VICTORIA,6:20,2006,2006,"T101,H606,H503,","TM,UP,",1,"T1,H6,H5,","T,H,",YARD,Texas,0,0,6,Morning
Derailments,2006:03:UP:0306HO059,0,0,32000,0,0,0,0,LIBERTY,9:30,2006,2006,"H221,","UP,",8,"H2,","H,",MAIN,Texas,0,0,9,Morning
Derailments,2006:03:UP:0306HO067,0,0,51615,6000,0,0,0,HARRIS,9:56,2006,2006,"T101,T103,","PTRA,UP,",1,"T1,","T,",YARD,Texas,0,0,9,Morning
Derailments,2006:03:UP:0306SA025,0,0,26956,17883,0,0,0,WILLIAMSON,11:30,2006,2006,"T201,","UP,",7,"T2,","T,",YARD,Texas,0,0,11,Morning
Derailments,2006:03:WATX:D0290306,0,0,0,9300,0,0,0,HARRIS,11:30,2006,2006,"T314,","WATX,",7,"T3,","T,",INDUSTRY,Texas,0,0,11,Morning
Derailments,2006:04:BNSF:GC0406107,0,0,0,77427,1,1,0,GALVESTON,11:30,2006,2006,"H599,","BNSF,",7,"H5,","H,",YARD,Texas,0,0,11,Morning
Other impacts,2006:04:BNSF:GC0406118,0,0,900,22343,0,0,0,HARRIS,5:30,2006,2006,"H318,","BNSF,",57,"H3,","H,",YARD,Texas,0,0,5,Morning
Derailments,2006:04:BNSF:GC0406128,0,0,37230,100,0,0,0,GALVESTON,6:05,2006,2006,"T222,T108,","BNSF,UP,",1,"T2,T1,","T,",MAIN,Texas,0,0,6,Morning
Derailments,2006:04:BNSF:GC0406129,0,0,10000,13616,0,0,0,HARRIS,5:15,2006,2006,"T001,","BNSF,",7,"T0,","T,",YARD,Texas,0,0,5,Morning
Derailments,2006:04:BNSF:KS0406123,0,0,4000,17820,1,0,0,LUBBOCK,8:29,2006,2006,"H018,","BNSF,",6,"H0,","H,",YARD,Texas,0,0,8,Morning
Highway-rail impact,2006:04:UP:0406EP004,1,0,50000,8693,0,0,0,EL PASO,10:40,2006,2006,"M302,M399,","ATK,UP,",2,"M3,","M,",MAIN,Texas,0,0,10,Morning
Derailments,2006:04:UP:0406FW009,0,0,26048,9300,0,0,0,MCLENNAN,11:20,2006,2006,"T314,H401,","UP,",1,"T3,H4,","T,H,",SIDING,Texas,0,0,11,Morning
Highway-rail impact,2006:04:UP:0406FW027,0,1,100000,2689,14,0,0,DALLAS,7:15,2006,2006,"M399,","UP,",1,"M3,","M,",MAIN,Texas,0,0,7,Morning
Derailments,2006:04:UP:0406FW030,0,0,518,9943,0,0,0,TARRANT,7:15,2006,2006,"E46C,","UP,",7,"E4,","E,",YARD,Texas,0,0,7,Morning
Derailments,2006:04:UP:0406HO001,0,0,92979,76858,4,1,0,HARRIS,5:30,2006,2006,"E04C,","UP,",7,"E0,","E,",YARD,Texas,0,0,5,Morning
Highway-rail impact,2006:04:UP:0406HO010,0,0,1000,27229,0,0,0,ROBERTSON,11:35,2006,2006,"M304,","UP,",1,"M3,","M,",MAIN,Texas,0,0,11,Morning
Other impacts,2006:04:UP:0406HO015,0,1,0,10000,0,0,0,HOUSTON,10:30,2006,2006,"M501,","UP,",9,"M5,","M,",MAIN,Texas,0,0,10,Morning
Obstruction impact,2006:04:XCCR:INDUSTRY,0,0,0,30000,0,0,0,GOLIAD,5:30,2006,2006,"M404,","UP,",7,"M4,","M,",INDUSTRY,Texas,0,0,5,Morning
Other events,2006:05:AGCR:050606,0,0,0,40000,0,0,0,BEXAR,8:00,2006,2006,"M101,M103,","AGCR,",6,"M1,","M,",YARD,Texas,0,0,8,Morning
Derailments,2006:05:BNSF:GC0506107,0,0,21000,3543,0,0,0,BELL,9:40,2006,2006,"M101,","BNSF,",75,"M1,","M,",YARD,Texas,0,0,9,Morning
Derailments,2006:05:BNSF:GC0506113,0,0,18000,74184,0,0,0,HARRIS,10:45,2006,2006,"M405,","BNSF,",7,"M4,","M,",YARD,Texas,0,0,10,Morning
Derailments,2006:05:BNSF:GC0506114,0,0,186275,17805,0,0,0,COLEMAN,10:00,2006,2006,"E40C,","BNSF,",1,"E4,","E,",SIDING,Texas,0,0,10,Morning
Derailments,2006:05:BNSF:GC0506119,0,0,7000,14972,23,1,0,HARRIS,10:15,2006,2006,"M405,","BNSF,",16,"M4,","M,",YARD,Texas,0,0,10,Morning
Other impacts,2006:05:BNSF:TX0506103,0,0,18000,5762,1,0,0,TARRANT,11:02,2006,2006,"H522,","BNSF,",75,"H5,","H,",YARD,Texas,0,0,11,Morning
Derailments,2006:05:KCS:06050406,0,0,1547,6660,0,0,0,NUECES,5:15,2006,2006,"H799,H702,","BNSF,CCPN,KCS,",1,"H7,","H,",MAIN,Texas,0,0,5,Morning
Side collision,2006:05:PTRA:20060503,0,0,2500,24500,0,0,0,HARRIS,10:15,2006,2006,"H702,","PTRA,",7,"H7,","H,",YARD,Texas,0,0,10,Morning
Obstruction impact,2006:05:TPSZ:INDUSTRY,0,0,0,20000,21,2,0,HARRIS,9:15,2006,2006,"H306,","WATX,",7,"H3,","H,",INDUSTRY,Texas,0,0,9,Morning
Highway-rail impact,2006:05:UP:0506FW030,0,0,0,36511,0,0,0,ECTOR,7:25,2006,2006,"M399,","UP,",1,"M3,","M,",MAIN,Texas,0,0,7,Morning
Derailments,2006:05:UP:0506HO018,0,0,85055,82493,0,0,0,CAMERON,9:45,2006,2006,"T314,","UP,",1,"T3,","T,",MAIN,Texas,0,0,9,Morning
Other impacts,2006:05:UP:0506HO060,0,0,750,68233,0,0,0,HARRIS,5:30,2006,2006,"H302,","UP,",85,"H3,","H,",YARD,Texas,0,0,5,Morning
Other impacts,2006:05:UP:0506HO073,0,0,230,14156,23,3,0,HARRIS,8:00,2006,2006,"M408,","UP,",7,"M4,","M,",YARD,Texas,0,0,8,Morning
Highway-rail impact,2006:05:UP:0506SA008,0,11,420,35340,0,0,0,COLORADO,9:52,2006,2006,"M302,","ATK,UP,",2,"M3,","M,",MAIN,Texas,0,0,9,Morning
Other impacts,2006:05:UP:0506SA011,0,0,2013,14865,0,0,0,BEXAR,11:30,2006,2006,"H318,","UP,",7,"H3,","H,",YARD,Texas,0,0,11,Morning
Side collision,2006:05:UP:0506SA025,0,0,1490,14566,0,0,0,BEXAR,10:00,2006,2006,"H210,","UP,",87,"H2,","H,",YARD,Texas,0,0,10,Morning
Derailments,2006:05:UP:0506SA027,0,0,1535,7014,2,0,0,BEXAR,6:15,2006,2006,"H702,","UP,",7,"H7,","H,",YARD,Texas,0,0,6,Morning
Derailments,2006:05:UP:0506SA029,0,0,24295,5514,11,0,0,MAVERICK,11:35,2006,2006,"H703,H702,","BNSF,UP,",1,"H7,","H,",MAIN,Texas,0,0,11,Morning
Derailments,2006:06:AGCR:061006,0,1,11717,48216,0,0,0,BEXAR,9:45,2006,2006,"H702,E85C,","AGCR,",1,"H7,E8,","H,E,",YARD,Texas,0,0,9,Morning
Other events,2006:06:BNSF:PR0606119,0,0,0,13445,2,2,0,MOORE,10:00,2006,2006,"M507,","BNSF,",6,"M5,","M,",YARD,Texas,0,0,10,Morning
Derailments,2006:06:BNSF:SW0606105,0,0,21700,0,0,0,0,EL PASO,7:27,2006,2006,"T207,","BNSF,",NA,"T2,","T,",YARD,Texas,0,0,7,Morning
Other impacts,2006:06:BNSF:TX0606108,0,1,0,40000,0,0,0,TARRANT,11:50,2006,2006,"H307,H702,","BNSF,",7,"H3,H7,","H,",YARD,Texas,0,0,11,Morning
Derailments,2006:06:KCS:06060901,0,0,9666,700,10,0,0,JEFFERSON,7:05,2006,2006,"T108,","BNSF,KCS,",1,"T1,","T,",MAIN,Texas,0,0,7,Morning
Other impacts,2006:06:TXNW:3,0,0,0,46828,0,0,0,MOORE,8:20,2006,2006,"H017,","BNSF,TXNW,",18,"H0,","H,",YARD,Texas,0,0,8,Morning
Derailments,2006:06:UP:0606FW004,0,0,74773,4687,0,0,0,TARRANT,10:15,2006,2006,"M411,","UP,",7,"M4,","M,",YARD,Texas,0,0,10,Morning
Derailments,2006:06:UP:0606SA034,0,0,16980,3533,0,0,0,BEXAR,8:50,2006,2006,"E46C,","UP,",7,"E4,","E,",YARD,Texas,0,0,8,Morning
Other impacts,2006:07:BNSF:GC0706101,0,0,5000,155022,89,6,0,HARRIS,5:40,2006,2006,"H306,H702,","BNSF,",71,"H3,H7,H3,H7,","H,",YARD,Texas,0,0,5,Morning
Derailments,2006:07:BNSF:GC0706112,0,0,5000,8020,2,1,0,BRAZORIA,9:55,2006,2006,"T110,","BNSF,",7,"T1,","T,",YARD,Texas,0,0,9,Morning
Derailments,2006:07:CNSQ:INDUSTRY,0,0,127863,80735,23,13,0,GRAY,7:30,2006,2006,"H306,","BNSF,",61,"H3,","H,",INDUSTRY,Texas,0,0,7,Morning
Derailments,2006:07:TXNW:4,0,0,0,12630,0,0,0,MOORE,9:55,2006,2006,"T109,","BNSF,TXNW,",1,"T1,","T,",YARD,Texas,0,0,9,Morning
Other impacts,2006:07:UP:0706FW005,0,0,4341,8912,1,1,0,TARRANT,5:30,2006,2006,"S016,","UP,",75,"S0,","S,",YARD,Texas,0,0,5,Morning
Other impacts,2006:07:UP:0706FW015,0,0,0,10780,0,0,0,MCLENNAN,10:00,2006,2006,"H306,","UP,",76,"H3,","H,",YARD,Texas,0,0,10,Morning
Derailments,2006:07:UP:0706HO050,0,0,60733,1228,1,0,0,VICTORIA,10:20,2006,2006,"T102,","KCS,UP,",1,"T1,","T,",MAIN,Texas,0,0,10,Morning
Derailments,2006:07:UP:0706SA007,0,0,760,9258,0,0,0,BEXAR,8:11,2006,2006,"E4BC,","UP,",7,"E4,","E,",YARD,Texas,0,0,8,Morning
Side collision,2006:07:UP:0706SA012,0,0,4247,41896,0,0,0,BEXAR,10:10,2006,2006,"H306,","UP,",7,"H3,","H,",YARD,Texas,0,0,10,Morning
Highway-rail impact,2006:08:BNSF:TX0806201,0,0,0,7701,0,0,0,TARRANT,11:30,2006,2006,"M308,","BNSF,",1,"M3,","M,",MAIN,Texas,0,0,11,Morning
Derailments,2006:08:DBGZ:INDUSTRY,0,0,34000,30200,0,0,0,POTTER,9:00,2006,2006,"T301,","UP,",7,"T3,","T,",INDUSTRY,Texas,0,0,9,Morning
Derailments,2006:08:DGNO:ID06532,0,0,15000,4800,0,0,0,GRAYSON,11:20,2006,2006,"T108,T313,","DGNO,",1,"T1,T3,","T,",INDUSTRY,Texas,0,0,11,Morning
Highway-rail impact,2006:08:KCS:06080501,1,0,250,28680,0,0,0,HOPKINS,11:00,2006,2006,"M302,","KCS,",1,"M3,","M,",MAIN,Texas,0,0,11,Morning
Derailments,2006:08:UP:0806FW038,0,0,40950,3000,0,0,0,DENTON,9:20,2006,2006,"E61C,","UP,",1,"E6,","E,",MAIN,Texas,0,0,9,Morning
Derailments,2006:08:UP:0806HO022,0,0,1680,28928,10,0,0,HARRIS,6:55,2006,2006,"T311,","UP,",7,"T3,","T,",YARD,Texas,0,0,6,Morning
Highway-rail impact,2006:08:UP:0806LK017,0,0,200000,100,0,0,0,HARRISON,9:47,2006,2006,"M304,","UP,",1,"M3,","M,",MAIN,Texas,0,0,9,Morning
Derailments,2006:08:UP:0806LV028,0,0,637869,125969,14,2,0,JEFFERSON,8:45,2006,2006,"E43C,M507,","BNSF,UP,",1,"E4,M5,","E,M,",MAIN,Texas,0,0,8,Morning
Derailments,2006:08:UP:0806SA010,0,0,129906,3086,0,0,0,KINNEY,11:15,2006,2006,"E61C,","UP,",1,"E6,","E,",MAIN,Texas,0,0,11,Morning
Derailments,2006:08:WTLC:182006,0,0,12400,380,0,0,0,LUBBOCK,11:51,2006,2006,"T311,T318,","WTLC,",1,"T3,","T,",SIDING,Texas,0,0,11,Morning
Derailments,2006:09:BNSF:GC0906109,0,0,11000,7500,35,4,0,JEFFERSON,11:15,2006,2006,"T101,","BNSF,",1,"T1,","T,",YARD,Texas,0,0,11,Morning
Derailments,2006:09:BNSF:TX0906101,0,0,5000,18158,1,0,0,JOHNSON,8:10,2006,2006,"H607,","BNSF,",1,"H6,","H,",YARD,Texas,0,0,8,Morning
Derailments,2006:09:UP:0906FW016,0,0,246514,2317,0,0,0,BELL,9:28,2006,2006,"M404,","UP,",1,"M4,","M,",MAIN,Texas,0,0,9,Morning
Derailments,2006:09:UP:0906HO010,0,0,9965,100,0,0,0,VICTORIA,5:35,2006,2006,"T101,H503,","KCS,UP,",1,"T1,H5,","T,H,",MAIN,Texas,0,0,5,Morning
Other impacts,2006:09:UP:0906LV003,0,0,460,16059,0,0,0,JEFFERSON,5:00,2006,2006,"H306,","UP,",7,"H3,","H,",YARD,Texas,0,0,5,Morning
Derailments,2006:09:UP:0906LV028,0,0,16200,1500,14,0,0,JEFFERSON,6:15,2006,2006,"H999,","UP,",1,"H9,","H,",MAIN,Texas,0,0,6,Morning
Other impacts,2006:10:BNSF:GC1006108,0,0,100,12003,2,0,0,BELL,9:30,2006,2007,"H607,H302,","BNSF,",76,"H6,H3,H6,H3,","H,",YARD,Texas,0,0,9,Morning
Side collision,2006:10:BNSF:GC1006111,0,2,0,12271,0,0,0,HARRIS,10:54,2006,2007,"H307,H602,","BNSF,",7,"H3,H6,","H,",YARD,Texas,0,0,10,Morning
Derailments,2006:10:BNSF:GC1006115,0,0,5000,58718,0,0,0,BROWN,8:55,2006,2007,"T205,T110,","BNSF,",1,"T2,T1,","T,",YARD,Texas,0,0,8,Morning
Derailments,2006:10:BNSF:TX1006113,0,0,3500,13305,6,0,0,CHILDRESS,5:30,2006,2007,"H307,H303,","BNSF,",1,"H3,","H,",SIDING,Texas,0,0,5,Morning
Highway-rail impact,2006:10:BNSF:TX1006206,0,0,0,16822,0,0,0,DENTON,8:05,2006,2007,"M399,","BNSF,",1,"M3,","M,",MAIN,Texas,0,0,8,Morning
Derailments,2006:10:TXTX:F0352006,0,0,4670,4200,0,0,0,JEFFERSON,9:45,2006,2007,"T110,","BNSF,TXTX,",1,"T1,","T,",INDUSTRY,Texas,0,0,9,Morning
Rear end collision,2006:10:UP:1006EP010,0,0,0,30000,0,0,0,EL PASO,10:40,2006,2007,"H102,","UP,",9,"H1,","H,",MAIN,Texas,0,0,10,Morning
Highway-rail impact,2006:10:UP:1006FW002,0,0,30000,46852,0,0,0,HOWARD,8:41,2006,2007,"M399,","UP,",1,"M3,","M,",MAIN,Texas,0,0,8,Morning
Highway-rail impact,2006:10:UP:1006LK030,0,0,0,28000,0,0,0,HARRISON,8:30,2006,2007,"M302,","ATK,UP,",2,"M3,","M,",MAIN,Texas,0,0,8,Morning
Derailments,2006:10:UP:1006SA013,0,0,180180,145824,0,0,0,BEXAR,10:56,2006,2007,"H520,","UP,",1,"H5,","H,",MAIN,Texas,0,0,10,Morning
Derailments,2006:10:XMUC:INDUSTRY,0,0,3000,13129,0,0,0,DALLAS,7:30,2006,2007,"M502,","BNSF,",6,"M5,","M,",INDUSTRY,Texas,0,0,7,Morning
Derailments,2006:11:BNSF:KS1106121,0,0,545411,207517,0,0,0,GRAY,7:30,2006,2007,"E45C,","BNSF,",1,"E4,","E,",MAIN,Texas,0,0,7,Morning
Derailments,2006:11:TXGN:TXGN1106,0,0,45365,42292,0,0,0,GONZALES,11:10,2006,2007,"T110,","TXGN,UP,",7,"T1,","T,",SIDING,Texas,0,0,11,Morning
Highway-rail impact,2006:11:UP:1106EP002,0,3,0,35281,1,0,0,HUDSPETH,11:18,2006,2007,"M304,","UP,",1,"M3,","M,",MAIN,Texas,0,0,11,Morning
Highway-rail impact,2006:11:UP:1106FW003,0,3,31000,1500,0,0,0,KAUFMAN,8:00,2006,2007,"M304,","UP,",1,"M3,","M,",MAIN,Texas,0,0,8,Morning
Highway-rail impact,2006:11:UP:1106FW019,1,2,20000,0,22,0,0,TARRANT,7:30,2006,2007,"M399,","UP,",1,"M3,","M,",MAIN,Texas,0,0,7,Morning