AccidentType,inckey,Fatalities,Injuries,TrackDamage,EquipmentDamage,HazmatCars,HazmatCarsDerailed,HazmatCarsReleasing,County,DisplayTime,calendar,Fiscal,AccidentCause,RailroadCodes,RAILEQUIPMENT_TYPE,CauseGroup,CauseDiscipline,TYPE_OF_TRACK,StateName,latitude,longitude,hour,cat
Other impacts,2006:12:BNSF:KS1206106,0,0,0,9205,1,1,0,POTTER,10:30,2006,2007,"H302,H318,","BNSF,",7,"H3,","H,",YARD,Texas,0,0,10,Morning
Derailments,2006:12:BNSF:KS1206116,0,0,47880,130218,24,2,2,POTTER,8:45,2006,2007,"H307,","BNSF,",1,"H3,","H,",YARD,Texas,0,0,8,Morning
Highway-rail impact,2006:12:KCS:06120901,0,1,4312,10895,0,0,0,CAMP,9:21,2006,2007,"M304,","KCS,",1,"M3,","M,",MAIN,Texas,0,0,9,Morning
Derailments,2006:12:PPRJ:INDUSTRY,0,0,10000,979,0,0,0,NACOGDOCHES,5:40,2006,2007,"T110,","UP,",7,"T1,","T,",INDUSTRY,Texas,0,0,5,Morning
Derailments,2006:12:TXIQ:INDUSTRY,0,0,0,14348,0,0,0,DALLAS,8:05,2006,2007,"H306,","BNSF,",1,"H3,","H,",INDUSTRY,Texas,0,0,8,Morning
Side collision,2006:12:UP:1206SA006,0,0,1690,19347,0,0,0,BEXAR,7:00,2006,2007,"H997,","UP,",78,"H9,","H,",YARD,Texas,0,0,7,Morning
Derailments,2006:12:UP:1206SA011,0,0,25150,3983,0,0,0,HAYS,7:30,2006,2007,"E37C,","UP,",1,"E3,","E,",MAIN,Texas,0,0,7,Morning
Derailments,2007:01:BNSF:KS0107122,0,0,5000,11673,18,0,0,POTTER,5:15,2007,2007,"T111,","BNSF,",1,"T1,","T,",YARD,Texas,0,0,5,Morning
Other impacts,2007:01:CMC:JAN07001,0,0,0,41637,0,0,0,LIBERTY,9:10,2007,2007,"H702,","CMC,",7,"H7,","H,",YARD,Texas,0,0,9,Morning
Derailments,2007:01:PTRA:2007000003,0,0,30000,11750,0,0,0,HARRIS,11:45,2007,2007,"H702,H704,","ITSL,PTRA,",7,"H7,","H,",YARD,Texas,0,0,11,Morning
Derailments,2007:01:UP:0107FW002,0,0,118455,40623,0,0,0,MCLENNAN,5:05,2007,2007,"T220,","UP,",1,"T2,","T,",SIDING,Texas,0,0,5,Morning
Highway-rail impact,2007:01:UP:0107HO002,0,3,30000,1400,0,0,0,HARRIS,8:25,2007,2007,"M303,M304,M302,","BNSF,UP,",7,"M3,","M,",MAIN,Texas,0,0,8,Morning
Highway-rail impact,2007:01:UP:0107HO021,0,0,4500,35197,0,0,0,ROBERTSON,7:45,2007,2007,"M304,","UP,",1,"M3,","M,",MAIN,Texas,0,0,7,Morning
Derailments,2007:01:UP:0107LV016,0,0,3220,11963,4,0,0,JEFFERSON,10:00,2007,2007,"S011,","UP,",7,"S0,","S,",YARD,Texas,0,0,10,Morning
Highway-rail impact,2007:02:BNSF:GC0207201,0,1,0,8200,6,0,0,RUSK,10:40,2007,2007,"M308,","BNSF,",1,"M3,","M,",MAIN,Texas,0,0,10,Morning
Side collision,2007:02:KCS:07020503,0,0,21,40600,4,4,0,JEFFERSON,9:30,2007,2007,"H301,H999,","KCS,",17,"H3,H9,H3,","H,",YARD,Texas,0,0,9,Morning
Derailments,2007:02:UP:0207FW015,0,0,66045,1105,0,0,0,TARRANT,11:53,2007,2007,"T221,","UP,",7,"T2,","T,",YARD,Texas,0,0,11,Morning
Derailments,2007:02:UP:0207HO006,0,0,6090,23596,0,0,0,HARRIS,10:50,2007,2007,"E23C,","UP,",7,"E2,","E,",YARD,Texas,0,0,10,Morning
Highway-rail impact,2007:02:UP:0207HO007,0,1,1000,89294,2,0,0,HARRIS,7:45,2007,2007,"M304,","UP,",1,"M3,","M,",MAIN,Texas,0,0,7,Morning
Derailments,2007:02:UP:0207HO025,0,0,46420,3437,7,0,0,HARRIS,7:30,2007,2007,"T316,","UP,",7,"T3,","T,",YARD,Texas,0,0,7,Morning
Derailments,2007:02:UP:0207HO029,0,0,300000,1800000,0,0,0,WILLACY,10:50,2007,2007,"T220,","UP,",1,"T2,","T,",MAIN,Texas,0,0,10,Morning
Derailments,2007:02:UP:0207LV013,0,0,86807,1077,0,0,0,ORANGE,11:30,2007,2007,"E6AC,","UP,",1,"E6,","E,",MAIN,Texas,0,0,11,Morning
Derailments,2007:02:UP:0207SA001,0,0,900,12258,0,0,0,ROBERTSON,5:56,2007,2007,"H303,","UP,",7,"H3,","H,",YARD,Texas,0,0,5,Morning
Derailments,2007:02:UP:0207SA003,0,0,7721,909,2,2,0,MAVERICK,6:40,2007,2007,"H507,","UP,",7,"H5,","H,",YARD,Texas,0,0,6,Morning
Other impacts,2007:02:UP:0207SA011,0,1,1035,9356,0,0,0,BEXAR,9:15,2007,2007,"H310,","UP,",76,"H3,","H,",YARD,Texas,0,0,9,Morning
Derailments,2007:02:UP:0207SA013,0,0,4555,9043,0,0,0,MAVERICK,11:30,2007,2007,"T201,","UP,",76,"T2,","T,",YARD,Texas,0,0,11,Morning
Derailments,2007:02:UP:0207SA015,0,0,4555,23183,0,0,0,VAL VERDE,10:33,2007,2007,"T101,","UP,",1,"T1,","T,",SIDING,Texas,0,0,10,Morning
Derailments,2007:02:WTLC:122007,0,0,9118,11596,5,0,0,TERRY,10:16,2007,2007,"T205,T202,","WTLC,",1,"T2,","T,",MAIN,Texas,0,0,10,Morning
Derailments,2007:03:BNSF:CO0307113,0,0,6000,199873,0,0,0,MOORE,10:25,2007,2007,"H503,H522,","BNSF,",1,"H5,","H,",YARD,Texas,0,0,10,Morning
Derailments,2007:03:KCS:07030401,0,0,16255,2622,2,0,0,MARION,11:55,2007,2007,"E30L,","KCS,",1,"E3,","E,",MAIN,Texas,0,0,11,Morning
Other impacts,2007:03:UP:0307HO029,0,0,50000,200,0,0,0,BRAZORIA,5:45,2007,2007,"M201,","UP,",1,"M2,","M,",MAIN,Texas,0,0,5,Morning
Highway-rail impact,2007:03:UP:0307LV014,0,0,300,10000,29,0,0,SHELBY,7:55,2007,2007,"M304,","UP,",1,"M3,","M,",MAIN,Texas,0,0,7,Morning
Derailments,2007:03:WTLC:332007,0,0,9500,750,2,2,0,TERRY,10:01,2007,2007,"T110,","WTLC,",1,"T1,","T,",MAIN,Texas,0,0,10,Morning
Derailments,2007:03:WTLC:632007,0,0,13000,6800,0,0,0,LUBBOCK,11:30,2007,2007,"T110,","WTLC,",1,"T1,","T,",YARD,Texas,0,0,11,Morning
Other events,2007:04:BNSF:KS0407109,0,0,17500,8100,0,0,0,SWISHER,11:00,2007,2007,"H101,","BNSF,",9,"H1,","H,",MAIN,Texas,0,0,11,Morning
Obstruction impact,2007:04:BNSF:KS0407110,0,0,0,13900,0,0,0,POTTER,9:30,2007,2007,"M402,","BNSF,",1,"M4,","M,",MAIN,Texas,0,0,9,Morning
Highway-rail impact,2007:04:UP:0407FW023,0,1,12000,5054,0,0,0,EASTLAND,10:30,2007,2007,"M399,","UP,",1,"M3,","M,",MAIN,Texas,0,0,10,Morning
Highway-rail impact,2007:04:UP:0407FW029,0,0,0,8266,0,0,0,KAUFMAN,11:15,2007,2007,"M399,","UP,",1,"M3,","M,",MAIN,Texas,0,0,11,Morning
Rear end collision,2007:04:UP:0407FW037,0,0,2000,19794,0,0,0,TARRANT,5:55,2007,2007,"H307,","UP,",8,"H3,","H,",YARD,Texas,0,0,5,Morning
Highway-rail impact,2007:04:UP:0407LK025,1,1,0,8200,3,0,0,BOWIE,8:05,2007,2007,"M399,M303,","BNSF,UP,",1,"M3,","M,",MAIN,Texas,0,0,8,Morning
Other impacts,2007:04:XETA:INDUSTRY,0,0,12000,37629,0,0,0,ANGELINA,7:00,2007,2007,"H302,H307,","UP,",76,"H3,","H,",INDUSTRY,Texas,0,0,7,Morning
Derailments,2007:05:BNSF:CO0507104,0,0,12000,32500,2,0,0,MOORE,11:41,2007,2007,"H307,","BNSF,",1,"H3,","H,",SIDING,Texas,0,0,11,Morning
Other impacts,2007:05:BNSF:KS0507108,0,0,0,42175,0,0,0,LUBBOCK,9:45,2007,2007,"H018,","BNSF,",76,"H0,","H,",YARD,Texas,0,0,9,Morning
Derailments,2007:05:BNSF:KS0507109,0,0,9293,5658,0,0,0,POTTER,11:00,2007,2007,"T314,","BNSF,",1,"T3,","T,",YARD,Texas,0,0,11,Morning
Highway-rail impact,2007:05:BNSF:TX0507204,0,0,0,8201,0,0,0,CLAY,7:00,2007,2007,"M303,M304,","BNSF,",1,"M3,","M,",MAIN,Texas,0,0,7,Morning
Derailments,2007:05:DGNO:ID070277,0,0,13000,18000,0,0,0,COLLIN,5:45,2007,2007,"H099,T002,","DGNO,",1,"H0,T0,","H,T,",MAIN,Texas,0,0,5,Morning
Derailments,2007:05:UP:0507FW008,0,0,75000,12177,0,0,0,TARRANT,10:30,2007,2007,"H704,","UP,",7,"H7,","H,",YARD,Texas,0,0,10,Morning
Other impacts,2007:05:UP:0507FW013,0,2,0,26000,0,0,0,HENDERSON,11:30,2007,2007,"H997,","UP,",NA,"H9,","H,",MAIN,Texas,0,0,11,Morning
Highway-rail impact,2007:05:UP:0507FW034,0,0,2500,8714,0,0,0,MITCHELL,10:15,2007,2007,"M304,","UP,",1,"M3,","M,",MAIN,Texas,0,0,10,Morning
Derailments,2007:05:UP:0507HO007,0,0,13870,9672,0,0,0,HARRIS,6:15,2007,2007,"E40C,","UP,",7,"E4,","E,",SIDING,Texas,0,0,6,Morning
Side collision,2007:05:UP:0507HO014,0,0,2715,15862,25,0,0,HARRIS,9:40,2007,2007,"H599,","UP,",7,"H5,","H,",YARD,Texas,0,0,9,Morning
Derailments,2007:05:UP:0507HO024,0,0,33130,4734,0,0,0,ANDERSON,5:30,2007,2007,"T314,","UP,",7,"T3,","T,",YARD,Texas,0,0,5,Morning
Derailments,2007:05:UP:0507HO043,0,0,144505,560900,0,0,0,HARRIS,5:15,2007,2007,"E86C,","BNSF,UP,",11,"E8,","E,",MAIN,Texas,0,0,5,Morning
Highway-rail impact,2007:05:UP:0507HO049,0,3,0,12000,36,0,0,HARRIS,10:55,2007,2007,"M302,","BNSF,UP,",1,"M3,","M,",MAIN,Texas,0,0,10,Morning
Derailments,2007:05:UP:0507HO054,0,0,8640,165597,0,0,0,HARRIS,9:10,2007,2007,"T402,","UP,",7,"T4,","T,",INDUSTRY,Texas,0,0,9,Morning
Highway-rail impact,2007:05:UP:0507LK027,0,1,15026,11706,0,0,0,HARRISON,11:39,2007,2007,"M304,","UP,",1,"M3,","M,",MAIN,Texas,0,0,11,Morning
Derailments,2007:05:UP:0507LK055,0,0,9391,500,0,0,0,GREGG,5:30,2007,2007,"H307,","BNSF,UP,",1,"H3,","H,",YARD,Texas,0,0,5,Morning
Highway-rail impact,2007:05:UP:0507SA006,0,0,20000,250,0,0,0,WILLIAMSON,5:40,2007,2007,"M302,","UP,",1,"M3,","M,",MAIN,Texas,0,0,5,Morning
Derailments,2007:06:BNSF:GC0607109,0,0,583895,62801,0,0,0,PANOLA,6:45,2007,2007,"T110,","BNSF,",1,"T1,","T,",MAIN,Texas,0,0,6,Morning
Other impacts,2007:06:DGNO:ID070364,0,0,0,28000,0,0,0,HUNT,11:00,2007,2007,"H601,","DGNO,",1,"H6,","H,",MAIN,Texas,0,0,11,Morning
Derailments,2007:06:FWWR:07062701,0,0,62463,385000,0,0,0,COMANCHE,8:58,2007,2007,"M103,","FWWR,",1,"M1,","M,",MAIN,Texas,0,0,8,Morning
Derailments,2007:06:GVSR:GVS407DR,0,0,19746,800,0,0,0,GALVESTON,10:30,2007,2007,"E64C,T314,","GVSR,UP,",7,"E6,T3,","E,T,",SIDING,Texas,0,0,10,Morning
Other impacts,2007:06:UP:0607FW025,0,0,920,10851,0,0,0,TARRANT,10:00,2007,2007,"T305,","UP,",7,"T3,","T,",YARD,Texas,0,0,10,Morning
Derailments,2007:07:BNSF:GC0707100,0,0,750,9250,0,0,0,HARRIS,5:45,2007,2007,"H306,H303,","BNSF,",7,"H3,","H,",YARD,Texas,0,0,5,Morning
Derailments,2007:07:BNSF:GC0707108,0,0,2000,40058,0,0,0,GALVESTON,5:15,2007,2007,"H302,","BNSF,",7,"H3,","H,",YARD,Texas,0,0,5,Morning
Derailments,2007:07:BNSF:TX0707103,0,0,2000,9485,4,0,0,TARRANT,8:30,2007,2007,"T110,","BNSF,",7,"T1,","T,",INDUSTRY,Texas,0,0,8,Morning
Obstruction impact,2007:07:BNSF:TX0707110,0,0,0,10000,17,0,0,HALL,6:22,2007,2007,"M402,","BNSF,",1,"M4,","M,",MAIN,Texas,0,0,6,Morning
Derailments,2007:07:BNSF:TX0707115,0,0,15500,39314,0,0,0,TARRANT,6:30,2007,2007,"H306,","BNSF,",76,"H3,","H,",YARD,Texas,0,0,6,Morning
Derailments,2007:07:BNSF:TX0707117,0,0,10000,33311,0,0,0,TARRANT,5:10,2007,2007,"H306,","BNSF,",7,"H3,","H,",INDUSTRY,Texas,0,0,5,Morning
Other impacts,2007:07:KCS:07071004,0,0,38,11861,0,0,0,WEBB,6:15,2007,2007,"H318,","KCS,",7,"H3,","H,",YARD,Texas,0,0,6,Morning
Derailments,2007:07:KMCJ:INDUSTRY,0,0,250,23137,0,0,0,HARRIS,8:45,2007,2007,"T110,T111,","BNSF,",7,"T1,","T,",INDUSTRY,Texas,0,0,8,Morning
Other impacts,2007:07:TSR:R1307,0,0,1000,10325,0,0,0,CHEROKEE,11:43,2007,2007,"H799,","TSR,",22,"H7,","H,",SIDING,Texas,0,0,11,Morning
Derailments,2007:07:UP:0707FW004,0,0,28437,2097,0,0,0,DALLAS,10:40,2007,2007,"T110,","UP,",7,"T1,","T,",YARD,Texas,0,0,10,Morning
Highway-rail impact,2007:07:UP:0707FW008,0,0,0,56717,26,0,0,NOLAN,8:10,2007,2007,"M304,","UP,",1,"M3,","M,",MAIN,Texas,0,0,8,Morning
Highway-rail impact,2007:07:UP:0707FW023,0,0,80000,14476,19,0,0,MIDLAND,9:00,2007,2007,"M304,","UP,",1,"M3,","M,",MAIN,Texas,0,0,9,Morning
Highway-rail impact,2007:07:UP:0707FW033,0,0,600,14114,0,0,0,DENTON,8:10,2007,2007,"M399,","UP,",1,"M3,","M,",MAIN,Texas,0,0,8,Morning
Derailments,2007:07:UP:0707HO014,0,0,1354,83833,44,8,0,HARRIS,5:30,2007,2007,"T220,","UP,",7,"T2,","T,",YARD,Texas,0,0,5,Morning
Derailments,2007:07:UP:0707HO071,0,0,4801,68993,4,0,0,HARRIS,7:55,2007,2007,"H702,","UP,",7,"H7,","H,",INDUSTRY,Texas,0,0,7,Morning
Derailments,2007:08:BNSF:GC0807100,0,0,41000,11367,59,1,0,BURLESON,11:00,2007,2007,"T108,","BNSF,",1,"T1,","T,",SIDING,Texas,0,0,11,Morning
Derailments,2007:08:BNSF:GC0807106,0,0,27100,20090,28,0,0,JEFFERSON,7:45,2007,2007,"M204,M503,","BNSF,UP,",1,"M2,M5,","M,",SIDING,Texas,0,0,7,Morning
Derailments,2007:08:BNSF:GC0807112,0,0,2000,13962,20,1,0,BELL,7:00,2007,2007,"H020,","BNSF,",17,"H0,","H,",YARD,Texas,0,0,7,Morning
Derailments,2007:08:BNSF:GC0807116,0,0,325000,148719,24,2,1,MONTGOMERY,8:35,2007,2007,"E06C,","BNSF,",1,"E0,","E,",MAIN,Texas,0,0,8,Morning
Derailments,2007:08:BNSF:KS0807123,0,0,1500,16308,0,0,0,DEAF SMITH,10:00,2007,2007,"H018,H602,","BNSF,",61,"H0,H6,H0,H6,","H,",YARD,Texas,0,0,10,Morning
Derailments,2007:08:TIBR:D543107,0,0,15500,400,0,0,0,HARDIN,6:15,2007,2007,"T303,","BNSF,TIBR,",7,"T3,","T,",YARD,Texas,0,0,6,Morning
Derailments,2007:08:TXTX:F0252007,0,0,11864,1796,0,0,0,CHAMBERS,11:45,2007,2007,"T110,","TXTX,",7,"T1,","T,",INDUSTRY,Texas,0,0,11,Morning
Derailments,2007:08:UP:0807HO019,0,0,38959,6601,0,0,0,HARRIS,7:05,2007,2007,"T313,","UP,",7,"T3,","T,",YARD,Texas,0,0,7,Morning
Derailments,2007:08:UP:0807SA003,0,0,3836,10500,0,0,0,TRAVIS,10:15,2007,2007,"H704,H702,","AUAR,UP,",71,"H7,","H,",YARD,Texas,0,0,10,Morning
Derailments,2007:08:UP:0807SA021,0,0,3914,47137,0,0,0,VAL VERDE,11:53,2007,2007,"H519,","UP,",1,"H5,","H,",MAIN,Texas,0,0,11,Morning
Highway-rail impact,2007:08:UP:0807SA023,0,0,500,8000,0,0,0,CALDWELL,8:19,2007,2007,"M304,","UP,",1,"M3,","M,",MAIN,Texas,0,0,8,Morning
Other impacts,2007:09:BNSF:KS0907127,0,0,0,12700,0,0,0,DEAF SMITH,10:45,2007,2007,"H310,","BNSF,",7,"H3,","H,",YARD,Texas,0,0,10,Morning
Derailments,2007:09:DOWX:INDUSTRY,0,0,5558,17994,2,2,0,BRAZORIA,11:00,2007,2007,"T102,T108,T199,","RASX,UP,",7,"T1,","T,",INDUSTRY,Texas,0,0,11,Morning
Derailments,2007:09:GVSR:GVS1107DR,0,0,14800,3381,0,0,0,GALVESTON,10:55,2007,2007,"E46C,T314,E4BC,","GVSR,UP,",7,"E4,T3,E4,","E,T,E,",SIDING,Texas,0,0,10,Morning
Derailments,2007:09:TXTX:F0292007,0,0,17310,7251,2,1,0,CHAMBERS,9:00,2007,2007,"T110,","TXTX,",7,"T1,","T,",INDUSTRY,Texas,0,0,9,Morning
Other events,2007:09:UP:0907FW008,0,0,0,21217,0,0,0,TARRANT,8:00,2007,2007,"M507,","UP,",6,"M5,","M,",YARD,Texas,0,0,8,Morning
Derailments,2007:09:UP:0907FW037,0,0,125000,7797,1,0,0,BELL,5:45,2007,2007,"H212,","BNSF,UP,",1,"H2,","H,",SIDING,Texas,0,0,5,Morning
Derailments,2007:09:UP:0907HO044,0,0,40820,63614,3,0,0,HARRIS,7:01,2007,2007,"T108,","UP,",7,"T1,","T,",YARD,Texas,0,0,7,Morning
Derailments,2007:09:UP:0907HO048,0,0,5370,16842,15,0,0,HARRIS,10:45,2007,2007,"E39L,","UP,",7,"E3,","E,",YARD,Texas,0,0,10,Morning
Obstruction impact,2007:09:UP:0907LK005,0,0,0,13749,0,0,0,HARRISON,7:10,2007,2007,"M404,","UP,",1,"M4,","M,",MAIN,Texas,0,0,7,Morning
Highway-rail impact,2007:09:UP:0907LK054,0,0,35000,43743,0,0,0,HARRISON,7:50,2007,2007,"M304,","UP,",1,"M3,","M,",MAIN,Texas,0,0,7,Morning
Derailments,2007:09:UP:0907LV002,0,0,1702,10971,12,1,0,ORANGE,9:15,2007,2007,"H702,","UP,",7,"H7,","H,",YARD,Texas,0,0,9,Morning
Derailments,2007:10:DGNO:ID070686,0,0,0,15000,0,0,0,BOWIE,10:30,2007,2008,"H995,","DGNO,",1,"H9,","H,",SIDING,Texas,0,0,10,Morning
Derailments,2007:10:KCS:07100201,0,0,1393,99144,42,2,0,JEFFERSON,8:15,2007,2008,"H702,H303,","KCS,",1,"H7,H3,","H,",INDUSTRY,Texas,0,0,8,Morning
Side collision,2007:10:PTRA:2007000080,0,0,2500,25000,11,0,0,HARRIS,7:30,2007,2008,"H607,H602,","PTRA,",7,"H6,","H,",YARD,Texas,0,0,7,Morning
Side collision,2007:10:PTRA:2007000082,0,0,9000,24000,13,0,0,HARRIS,10:30,2007,2008,"H220,H605,","BNSF,PTRA,",78,"H2,H6,H2,H6,","H,",SIDING,Texas,0,0,10,Morning
Highway-rail impact,2007:10:TRE:10122007,0,1,0,13000,0,0,0,TARRANT,10:50,2007,2008,"M308,M304,","TRE,",3,"M3,","M,",MAIN,Texas,0,0,10,Morning
Derailments,2007:10:TXTX:F0352007,0,0,17735,1321,0,0,0,JASPER,8:30,2007,2008,"T110,T108,","TXTX,",7,"T1,","T,",INDUSTRY,Texas,0,0,8,Morning
Highway-rail impact,2007:10:UP:1007FW009,0,0,0,8350,0,0,0,DALLAS,7:50,2007,2008,"M399,","UP,",1,"M3,","M,",MAIN,Texas,0,0,7,Morning
Derailments,2007:10:UP:1007FW033,0,0,14966,3335,0,0,0,GRAYSON,5:42,2007,2008,"H022,","UP,",1,"H0,","H,",MAIN,Texas,0,0,5,Morning
Derailments,2007:10:UP:1007HO025,0,0,1937,6353,3,0,0,HARRIS,7:00,2007,2008,"T317,","UP,",7,"T3,","T,",YARD,Texas,0,0,7,Morning
Highway-rail impact,2007:10:UP:1007HO047,0,2,0,10000,16,0,0,CAMERON,10:35,2007,2008,"M304,","UP,",1,"M3,","M,",MAIN,Texas,0,0,10,Morning
Obstruction impact,2007:11:BNSF:CO1107102,0,0,0,8200,0,0,0,POTTER,8:30,2007,2008,"M501,","BNSF,",1,"M5,","M,",MAIN,Texas,0,0,8,Morning
Other events,2007:11:BNSF:GC1107113,0,0,10000,0,0,0,0,BRAZORIA,8:16,2007,2008,"M501,","BNSF,",5,"M5,","M,",MAIN,Texas,0,0,8,Morning
Derailments,2007:11:BNSF:TX1107100,0,0,296455,116163,10,4,0,WICHITA,11:50,2007,2008,"H503,T199,","BNSF,",1,"H5,T1,","H,T,",MAIN,Texas,0,0,11,Morning
Other impacts,2007:11:BNSF:TX1107103,0,0,0,12269,0,0,0,TARRANT,11:30,2007,2008,"H302,","BNSF,",75,"H3,","H,",YARD,Texas,0,0,11,Morning
Derailments,2007:11:BNSF:TX1107104,0,0,110000,4000,0,0,0,GRAYSON,8:45,2007,2008,"E53C,","BNSF,",1,"E5,","E,",MAIN,Texas,0,0,8,Morning
Derailments,2007:11:KCS:07112404,0,0,10772,13785,0,0,0,WEBB,9:20,2007,2008,"M599,","KCS,",7,"M5,","M,",YARD,Texas,0,0,9,Morning
Highway-rail impact,2007:11:UP:1107HO017,0,2,75000,42892,12,0,0,HARRIS,9:05,2007,2008,"M308,M302,","BNSF,UP,",11,"M3,","M,",MAIN,Texas,0,0,9,Morning
Derailments,2007:12:BNSF:GC1207107,0,0,3000,15393,0,0,0,HARRIS,8:15,2007,2008,"E46C,","BNSF,",7,"E4,","E,",YARD,Texas,0,0,8,Morning
Derailments,2007:12:BNSF:KS1207106,0,0,0,18818,21,2,0,LUBBOCK,9:56,2007,2008,"H514,","BNSF,",7,"H5,","H,",YARD,Texas,0,0,9,Morning
Highway-rail impact,2007:12:BNSF:TX1207201,0,0,10125,8201,0,0,0,JOHNSON,7:00,2007,2008,"M303,","BNSF,",1,"M3,","M,",MAIN,Texas,0,0,7,Morning
Highway-rail impact,2007:12:PPRJ:INDUSTRY,0,2,7474,8000,0,0,0,CAMP,8:17,2007,2008,"M399,","UP,",1,"M3,","M,",MAIN,Texas,0,0,8,Morning
Derailments,2007:12:UP:1207HO005,0,0,2099,6951,0,0,0,CHAMBERS,9:15,2007,2008,"T001,","UP,",7,"T0,","T,",YARD,Texas,0,0,9,Morning
Derailments,2007:12:UP:1207HO032,0,0,41107,1697,17,0,0,HARRIS,8:00,2007,2008,"T311,T307,S011,S012,","BNSF,UP,",1,"T3,S0,","T,S,",YARD,Texas,0,0,8,Morning
Derailments,2007:12:UP:1207SA015,0,0,10210,101,0,0,0,BEXAR,11:30,2007,2008,"T110,","UP,",7,"T1,","T,",INDUSTRY,Texas,0,0,11,Morning
Derailments,2008:01:KCS:08011301,0,0,12584,2841,0,0,0,JEFFERSON,5:20,2008,2008,"T110,","KCS,",7,"T1,","T,",YARD,Texas,0,0,5,Morning
Derailments,2008:01:KCS:08012902,0,0,2996,11330,0,0,0,CASS,5:05,2008,2008,"T101,","KCS,",1,"T1,","T,",MAIN,Texas,0,0,5,Morning
Raking collision,2008:01:PNR:PNRCS08001,0,0,8000,21000,4,1,0,HUTCHINSON,5:52,2008,2008,"H020,","PNR,",7,"H0,","H,",SIDING,Texas,0,0,5,Morning
Highway-rail impact,2008:01:UP:0108FW019,0,0,1400,15000,0,0,0,KAUFMAN,10:33,2008,2008,"M302,M308,","ATK,UP,",2,"M3,","M,",MAIN,Texas,0,0,10,Morning
Derailments,2008:02:BNSF:GC0208103,0,0,2000,22259,0,0,0,JEFFERSON,6:35,2008,2008,"T205,","BNSF,",1,"T2,","T,",MAIN,Texas,0,0,6,Morning
Derailments,2008:02:BNSF:GC0208106,0,0,200,21242,1,0,0,HARRIS,11:25,2008,2008,"H018,","BNSF,",7,"H0,","H,",YARD,Texas,0,0,11,Morning
Other impacts,2008:02:FWWR:08020201,0,0,500,53000,0,0,0,JOHNSON,9:45,2008,2008,"H601,","FWWR,",7,"H6,","H,",YARD,Texas,0,0,9,Morning
Derailments,2008:02:TXI:INDUSTRY,0,0,2000,10524,0,0,0,FORT BEND,7:15,2008,2008,"H306,","UP,",7,"H3,","H,",INDUSTRY,Texas,0,0,7,Morning
Derailments,2008:02:UP:0208LK020,0,0,227855,37249,15,4,0,MARION,7:15,2008,2008,"T102,M405,","BNSF,UP,",1,"T1,M4,","T,M,",MAIN,Texas,0,0,7,Morning
Derailments,2008:03:BNSF:KS0308119,0,0,48500,22416,0,0,0,POTTER,10:30,2008,2008,"E51C,","BNSF,",1,"E5,","E,",MAIN,Texas,0,0,10,Morning
Derailments,2008:03:KRR:ID080230,0,0,27000,4000,0,0,0,LAMAR,11:40,2008,2008,"T110,T202,","KRR,",1,"T1,T2,","T,",MAIN,Texas,0,0,11,Morning
Derailments,2008:03:UP:0308HO005,0,0,29590,41274,0,0,0,LIBERTY,9:45,2008,2008,"M409,","UP,",1,"M4,","M,",MAIN,Texas,0,0,9,Morning
Other impacts,2008:03:UP:0308HO033,0,0,0,11068,0,0,0,HARRIS,11:00,2008,2008,"M411,","UP,",75,"M4,","M,",YARD,Texas,0,0,11,Morning
Other impacts,2008:03:UP:0308HO045,0,0,48516,1303,0,0,0,HARRIS,6:15,2008,2008,"E09C,M411,","UP,",75,"E0,M4,E0,M4,","E,M,E,M,",YARD,Texas,0,0,6,Morning
Derailments,2008:03:UP:0308LK063,0,0,215000,278228,0,0,0,BOWIE,5:05,2008,2008,"M405,","UP,",1,"M4,","M,",MAIN,Texas,0,0,5,Morning
Derailments,2008:04:BNSF:GC0408101,0,0,200000,22400,6,2,0,BELL,9:00,2008,2008,"M410,","BNSF,",7,"M4,","M,",YARD,Texas,0,0,9,Morning
Derailments,2008:04:BNSF:GC0408102,0,0,20000,38719,1,1,0,BELL,10:15,2008,2008,"H318,","BNSF,",7,"H3,","H,",YARD,Texas,0,0,10,Morning
Derailments,2008:04:BNSF:GC0408107,0,0,4000,12076,5,3,0,BRAZORIA,11:40,2008,2008,"T101,","BNSF,",7,"T1,","T,",YARD,Texas,0,0,11,Morning
Derailments,2008:04:BNSF:KS0408109,0,0,2500,10648,2,0,0,LUBBOCK,11:05,2008,2008,"H307,","BNSF,",17,"H3,","H,",YARD,Texas,0,0,11,Morning
Other impacts,2008:04:BNSF:TX0408110,0,0,1500,16452,0,0,0,JOHNSON,10:30,2008,2008,"H306,","BNSF,",16,"H3,","H,",INDUSTRY,Texas,0,0,10,Morning
Highway-rail impact,2008:04:UP:0408EP002,0,0,25000,17229,0,0,0,EL PASO,8:55,2008,2008,"M399,","UP,",1,"M3,","M,",MAIN,Texas,0,0,8,Morning
Other events,2008:04:UP:0408FW004,0,0,18096,18500,0,0,0,SMITH,7:00,2008,2008,"T002,","UP,",4,"T0,","T,",MAIN,Texas,0,0,7,Morning
Other events,2008:04:UP:0408HO017,0,0,0,16315,0,0,0,HARRIS,8:00,2008,2008,"M507,","UP,",5,"M5,","M,",YARD,Texas,0,0,8,Morning
Derailments,2008:04:UP:0408HO021,0,0,3494,29671,0,0,0,HARRIS,5:45,2008,2008,"T208,","UP,",7,"T2,","T,",YARD,Texas,0,0,5,Morning
Derailments,2008:04:UP:0408HO032,0,0,8035,22175,23,2,0,HARRIS,5:50,2008,2008,"M204,","UP,",7,"M2,","M,",YARD,Texas,0,0,5,Morning
Other events,2008:05:KCS:08051003,0,0,21246,0,0,0,0,HUNT,11:25,2008,2008,"H605,H702,","BLR,KCS,",1,"H6,H7,H6,","H,",MAIN,Texas,0,0,11,Morning
Derailments,2008:05:TXTX:F0162008,0,0,31090,67563,0,0,0,JEFFERSON,5:30,2008,2008,"T111,T110,","BNSF,TXTX,",1,"T1,","T,",INDUSTRY,Texas,0,0,5,Morning
Derailments,2008:05:UP:0508FW015,0,0,1083,79211,0,0,0,TARRANT,10:15,2008,2008,"H602,","UP,",7,"H6,","H,",YARD,Texas,0,0,10,Morning