AccidentType,inckey,Fatalities,Injuries,TrackDamage,EquipmentDamage,HazmatCars,HazmatCarsDerailed,HazmatCarsReleasing,County,DisplayTime,calendar,Fiscal,AccidentCause,RailroadCodes,RAILEQUIPMENT_TYPE,CauseGroup,CauseDiscipline,TYPE_OF_TRACK,StateName,latitude,longitude,hour,cat
Derailments,2008:05:UP:0508HO005,0,0,46852,11207,0,0,0,NUECES,5:20,2008,2008,"H607,H702,","BNSF,UP,",1,"H6,H7,","H,",MAIN,Texas,0,0,5,Morning
Derailments,2008:05:UP:0508LV025,0,0,62486,61263,21,0,0,JEFFERSON,9:00,2008,2008,"M405,","UP,",7,"M4,","M,",YARD,Texas,0,0,9,Morning
Side collision,2008:05:UP:0508SA006,0,0,132818,14987,0,0,0,BEXAR,8:30,2008,2008,"H306,H307,","UP,",7,"H3,","H,",YARD,Texas,0,0,8,Morning
Derailments,2008:06:BNSF:GC0608111,0,0,250,200000,0,0,0,BELL,8:15,2008,2008,"T314,","BNSF,",9,"T3,","T,",YARD,Texas,0,0,8,Morning
Other impacts,2008:06:CMC:JUNE08011,0,0,0,42000,0,0,0,LIBERTY,11:00,2008,2008,"H302,","CMC,",7,"H3,","H,",YARD,Texas,0,0,11,Morning
Derailments,2008:06:TXTX:TXTXBNSF01,0,0,13929,5626,0,0,0,JEFFERSON,11:30,2008,2008,"T110,","BNSF,TXTX,",1,"T1,","T,",INDUSTRY,Texas,0,0,11,Morning
Highway-rail impact,2008:06:UP:0608FW004,0,0,0,35000,0,0,0,NOLAN,7:05,2008,2008,"M304,","UP,",1,"M3,","M,",MAIN,Texas,0,0,7,Morning
Highway-rail impact,2008:06:UP:0608FW005,1,0,200,42570,0,0,0,PARKER,10:51,2008,2008,"M308,","UP,",1,"M3,","M,",MAIN,Texas,0,0,10,Morning
Highway-rail impact,2008:06:UP:0608FW010,0,0,37950,25930,0,0,0,MIDLAND,6:55,2008,2008,"M304,","UP,",1,"M3,","M,",MAIN,Texas,0,0,6,Morning
Highway-rail impact,2008:06:UP:0608FW017,0,0,0,72550,0,0,0,WISE,10:50,2008,2008,"M308,","UP,",1,"M3,","M,",MAIN,Texas,0,0,10,Morning
Highway-rail impact,2008:06:UP:0608FW021,0,0,3000,7634,1,0,0,KAUFMAN,9:15,2008,2008,"M308,","UP,",1,"M3,","M,",MAIN,Texas,0,0,9,Morning
Highway-rail impact,2008:06:UP:0608HO003,0,0,0,16992,0,0,0,GREGG,6:55,2008,2008,"M308,","UP,",7,"M3,","M,",INDUSTRY,Texas,0,0,6,Morning
Other impacts,2008:06:UP:0608HO027,0,0,3100,12485,0,0,0,HARRIS,11:15,2008,2008,"H306,","UP,",78,"H3,","H,",YARD,Texas,0,0,11,Morning
Derailments,2008:06:UP:0608LV001,0,0,0,14706,6,0,0,JEFFERSON,11:30,2008,2008,"E49C,","UP,",1,"E4,","E,",MAIN,Texas,0,0,11,Morning
Derailments,2008:07:BNSF:GC0708106,0,0,80000,6724,17,0,0,MONTGOMERY,5:15,2008,2008,"E09C,","BNSF,",1,"E0,","E,",MAIN,Texas,0,0,5,Morning
Other impacts,2008:07:BNSF:TX0708108,0,1,0,28500,0,0,0,DENTON,10:15,2008,2008,"H997,","BNSF,",9,"H9,","H,",MAIN,Texas,0,0,10,Morning
Derailments,2008:07:MMZ:INDUSTRY,0,0,1900,30000,0,0,0,UVALDE,11:30,2008,2008,"E46L,","UP,",7,"E4,","E,",INDUSTRY,Texas,0,0,11,Morning
Side collision,2008:07:UP:0708HO008,0,0,210,34456,10,0,0,HARRIS,5:15,2008,2008,"H702,","UP,",78,"H7,","H,",YARD,Texas,0,0,5,Morning
Derailments,2008:07:UP:0708HO051,0,0,55090,147674,2,0,0,HARRIS,6:00,2008,2008,"T110,","BNSF,UP,",7,"T1,","T,",YARD,Texas,0,0,6,Morning
Derailments,2008:07:UP:0708HO054,0,0,38264,1110,0,0,0,HARRIS,5:40,2008,2008,"H605,","UP,",7,"H6,","H,",YARD,Texas,0,0,5,Morning
Other events,2008:07:UP:0708SA011,0,0,11352,0,6,0,0,FAYETTE,8:14,2008,2008,"H605,H702,","BNSF,UP,",1,"H6,H7,","H,",MAIN,Texas,0,0,8,Morning
Derailments,2008:07:UP:0708SA013,0,0,36683,7200,2,0,0,COMAL,11:30,2008,2008,"T102,T111,","BNSF,UP,",1,"T1,","T,",SIDING,Texas,0,0,11,Morning
Derailments,2008:08:BNSF:GC0808116,0,0,7500,16393,5,2,0,FREESTONE,10:30,2008,2008,"T106,M405,","BNSF,",1,"T1,M4,","T,M,",YARD,Texas,0,0,10,Morning
Derailments,2008:08:BNSF:TX0808101,0,0,58000,65755,23,1,0,TARRANT,11:30,2008,2008,"E46C,","BNSF,",1,"E4,","E,",YARD,Texas,0,0,11,Morning
Derailments,2008:08:BNSF:TX0808108,0,0,235000,215630,0,0,0,TARRANT,6:30,2008,2008,"E41C,","BNSF,",7,"E4,","E,",YARD,Texas,0,0,6,Morning
Derailments,2008:08:UP:0808HO006,0,0,12535,7051,0,0,0,HARRIS,10:30,2008,2008,"T314,","UP,",7,"T3,","T,",YARD,Texas,0,0,10,Morning
Derailments,2008:08:UP:0808HO028,0,0,27228,1000,13,3,0,CHAMBERS,5:30,2008,2008,"H702,","BNSF,UP,",7,"H7,","H,",YARD,Texas,0,0,5,Morning
Derailments,2008:08:UP:0808HO030,0,0,17375,10407,27,0,0,GALVESTON,5:02,2008,2008,"T311,","UP,",7,"T3,","T,",YARD,Texas,0,0,5,Morning
Derailments,2008:08:UP:0808SA015,0,0,37136,9078,1,0,0,TRAVIS,9:20,2008,2008,"H019,","UP,",1,"H0,","H,",MAIN,Texas,0,0,9,Morning
Derailments,2008:08:VM:INDUSTRY,0,0,14428,1185,0,0,0,BEXAR,10:00,2008,2008,"T110,","UP,",7,"T1,","T,",INDUSTRY,Texas,0,0,10,Morning
Other impacts,2008:09:BNSF:KS0908106,0,0,6600,28509,4,0,0,POTTER,5:45,2008,2008,"H307,","BNSF,",17,"H3,","H,",YARD,Texas,0,0,5,Morning
Highway-rail impact,2008:09:TIBR:X542208,0,1,1200,18000,0,0,0,JASPER,7:35,2008,2008,"M302,","TIBR,",4,"M3,","M,",MAIN,Texas,0,0,7,Morning
Derailments,2008:09:UP:0908FW012,0,0,60433,852,0,0,0,ELLIS,11:36,2008,2008,"T403,T001,","UP,",7,"T4,T0,","T,",INDUSTRY,Texas,0,0,11,Morning
Derailments,2008:09:UP:0908FW017,0,0,0,10000,4,0,0,PALO PINTO,5:30,2008,2008,"M203,M204,","BNSF,UP,",1,"M2,","M,",MAIN,Texas,0,0,5,Morning
Derailments,2008:09:UP:0908HO011,0,0,12026,2888,41,0,0,HARRIS,6:00,2008,2008,"T101,","UP,",7,"T1,","T,",YARD,Texas,0,0,6,Morning
Derailments,2008:09:UP:0908LK028,0,0,40195,17465,20,0,0,BOWIE,8:57,2008,2008,"H513,","UP,",7,"H5,","H,",YARD,Texas,0,0,8,Morning
Highway-rail impact,2008:09:WTLC:WT090408,0,0,3000,100000,0,0,0,TERRY,10:55,2008,2008,"M399,","WTLC,",1,"M3,","M,",MAIN,Texas,0,0,10,Morning
Derailments,2008:10:ADMS:INDUSTRY,0,0,10000,0,0,0,0,NUECES,8:30,2008,2009,"T311,","CCPN,",7,"T3,","T,",INDUSTRY,Texas,0,0,8,Morning
Derailments,2008:10:KRCZ:INDUSTRY,0,0,500,20198,0,0,0,GRIMES,5:45,2008,2009,"T402,","UP,",76,"T4,","T,",INDUSTRY,Texas,0,0,5,Morning
Side collision,2008:10:PTRA:2008000072,0,0,0,25000,0,0,0,HARRIS,5:45,2008,2009,"H018,E04C,","PTRA,",15,"H0,E0,H0,E0,","H,E,H,E,",YARD,Texas,0,0,5,Morning
Derailments,2008:10:UP:1008FW011,0,0,5512,10840,0,0,0,ELLIS,11:56,2008,2009,"H306,","UP,",87,"H3,","H,",YARD,Texas,0,0,11,Morning
Derailments,2008:10:UP:1008FW015,0,0,64156,1203,5,0,0,ELLIS,6:00,2008,2009,"E32C,","UP,",1,"E3,","E,",MAIN,Texas,0,0,6,Morning
Derailments,2008:10:UP:1008FW021,0,0,15076,15023,0,0,0,TARRANT,9:40,2008,2009,"M411,","UP,",7,"M4,","M,",YARD,Texas,0,0,9,Morning
Derailments,2008:10:UP:1008HO023,0,0,5302,26000,13,1,0,LIBERTY,6:30,2008,2009,"T101,H521,","BNSF,UP,",7,"T1,H5,T1,","T,H,T,",YARD,Texas,0,0,6,Morning
Derailments,2008:10:UP:1008HO036,0,0,18602,7611,0,0,0,HARRIS,10:00,2008,2009,"T314,","UP,",7,"T3,","T,",YARD,Texas,0,0,10,Morning
Highway-rail impact,2008:10:UP:1008HO053,0,2,0,15000,0,0,0,HARRIS,11:25,2008,2009,"M302,","UP,",1,"M3,","M,",MAIN,Texas,0,0,11,Morning
Other events,2008:10:UP:1008HO057,0,0,0,15104,0,0,0,CAMERON,9:30,2008,2009,"M507,","UP,",6,"M5,","M,",YARD,Texas,0,0,9,Morning
Highway-rail impact,2008:10:UP:1008LK009,0,0,0,21069,0,0,0,HARRISON,5:08,2008,2009,"M302,","UP,",1,"M3,","M,",MAIN,Texas,0,0,5,Morning
Derailments,2008:11:BNSF:TX1108106,0,0,154000,1513116,5,1,0,DONLEY,5:45,2008,2009,"T207,","BNSF,",1,"T2,","T,",MAIN,Texas,0,0,5,Morning
Derailments,2008:11:FWWR:08112001,0,0,3000,20628,0,0,0,TARRANT,10:15,2008,2009,"T110,","FWWR,",7,"T1,","T,",YARD,Texas,0,0,10,Morning
Other impacts,2008:11:KCS:08111202,0,0,0,70000,0,0,0,JEFFERSON,11:30,2008,2009,"H601,H607,","KCS,",8,"H6,","H,",MAIN,Texas,0,0,11,Morning
Derailments,2008:11:KCS:08111301,0,0,22790,8700,4,4,0,JEFFERSON,11:30,2008,2009,"T110,","KCS,",1,"T1,","T,",YARD,Texas,0,0,11,Morning
Derailments,2008:11:UP:1108EP002,0,0,304,21053,0,0,0,EL PASO,5:15,2008,2009,"T205,","UP,",7,"T2,","T,",YARD,Texas,0,0,5,Morning
Highway-rail impact,2008:11:UP:1108FW002,0,0,150,16605,14,0,0,ECTOR,6:20,2008,2009,"M302,","UP,",1,"M3,","M,",MAIN,Texas,0,0,6,Morning
Derailments,2008:11:UP:1108HO002,0,0,14032,24929,0,0,0,KLEBERG,11:15,2008,2009,"T207,","UP,",7,"T2,","T,",YARD,Texas,0,0,11,Morning
Other impacts,2008:11:UP:1108HO018,0,0,0,19919,0,0,0,GALVESTON,11:30,2008,2009,"H318,","UP,",7,"H3,","H,",YARD,Texas,0,0,11,Morning
Other impacts,2008:11:UP:1108HO021,0,0,0,75250,0,0,0,HARRIS,7:10,2008,2009,"H402,H212,","UP,",91,"H4,H2,H4,H2,","H,",MAIN,Texas,0,0,7,Morning
Derailments,2008:11:UP:1108HO029,0,0,17915,2700,0,0,0,HARRIS,5:30,2008,2009,"H704,H702,","PTRA,UP,",1,"H7,","H,",INDUSTRY,Texas,0,0,5,Morning
Highway-rail impact,2008:11:UP:1108LK020,0,1,0,25585,18,0,0,HARRISON,7:07,2008,2009,"M302,","UP,",1,"M3,","M,",MAIN,Texas,0,0,7,Morning
Derailments,2008:11:WTLC:111508,0,0,2517,16480,0,0,0,TERRY,6:06,2008,2009,"T202,","WTLC,",1,"T2,","T,",MAIN,Texas,0,0,6,Morning
Derailments,2008:12:BNSF:GC1208103,0,0,5500,8044,0,0,0,FREESTONE,7:38,2008,2009,"T001,T110,","BNSF,",1,"T0,T1,","T,",YARD,Texas,0,0,7,Morning
Derailments,2008:12:BNSF:GC1208105,0,0,40000,85578,0,0,0,MILAM,5:40,2008,2009,"T207,","BNSF,",1,"T2,","T,",MAIN,Texas,0,0,5,Morning
Other impacts,2008:12:BNSF:GC1208109,0,0,0,12459,1,1,0,FREESTONE,10:30,2008,2009,"H318,","BNSF,",7,"H3,","H,",YARD,Texas,0,0,10,Morning
Derailments,2008:12:UP:1208HO016,0,0,4119,6900,1,0,0,HARRIS,8:45,2008,2009,"T110,","UP,",7,"T1,","T,",YARD,Texas,0,0,8,Morning
Highway-rail impact,2008:12:UP:1208HO019,0,0,30000,8085,27,0,0,JEFFERSON,9:50,2008,2009,"M302,","UP,",1,"M3,","M,",MAIN,Texas,0,0,9,Morning
Other impacts,2008:12:UP:1208HO025,0,0,0,24359,35,1,0,HARRIS,11:50,2008,2009,"S007,","UP,",75,"S0,","S,",YARD,Texas,0,0,11,Morning
Derailments,2008:12:UP:1208HO036,0,0,101,26414,0,0,0,HARRIS,6:30,2008,2009,"T111,","UP,",1,"T1,","T,",YARD,Texas,0,0,6,Morning
Derailments,2009:01:BNSF:GC0109103,0,0,0,16852,0,0,0,GALVESTON,9:30,2009,2009,"H703,","BNSF,",7,"H7,","H,",YARD,Texas,0,0,9,Morning
Derailments,2009:01:BNSF:TX0109100,0,0,2500,33060,0,0,0,COOKE,9:15,2009,2009,"H020,","BNSF,",1,"H0,","H,",YARD,Texas,0,0,9,Morning
Highway-rail impact,2009:01:UP:0109FW003,0,0,15000,16081,1,0,0,KAUFMAN,9:15,2009,2009,"M302,","UP,",1,"M3,","M,",MAIN,Texas,0,0,9,Morning
Highway-rail impact,2009:01:UP:0109FW009,0,0,21146,8300,0,0,0,TAYLOR,10:40,2009,2009,"M304,","UP,",1,"M3,","M,",MAIN,Texas,0,0,10,Morning
Derailments,2009:02:BNSF:GC0209109,0,0,4000,7075,0,0,0,FREESTONE,11:35,2009,2009,"T113,","BNSF,",1,"T1,","T,",YARD,Texas,0,0,11,Morning
Side collision,2009:02:ESSV:021409,0,0,0,27000,0,0,0,CHAMBERS,8:30,2009,2009,"H020,H021,","ESSV,",76,"H0,","H,",INDUSTRY,Texas,0,0,8,Morning
Derailments,2009:02:KCS:09020601,0,0,0,30000,0,0,0,NUECES,11:10,2009,2009,"H602,","KCS,",7,"H6,","H,",YARD,Texas,0,0,11,Morning
Highway-rail impact,2009:02:UP:0209FW004,0,0,190,14115,1,0,0,DALLAS,6:30,2009,2009,"M302,","UP,",1,"M3,","M,",MAIN,Texas,0,0,6,Morning
Other events,2009:02:UP:0209FW020,0,0,0,18514,0,0,0,DALLAS,6:13,2009,2009,"E71L,","UP,",1,"E7,","E,",MAIN,Texas,0,0,6,Morning
Derailments,2009:03:BNSF:TX0309114,0,0,41000,19404,34,4,0,COOKE,11:00,2009,2009,"E40C,","BNSF,",1,"E4,","E,",MAIN,Texas,0,0,11,Morning
Highway-rail impact,2009:03:BNSF:TX0309200,0,0,15000,1500,0,0,0,DENTON,10:45,2009,2009,"M303,","BNSF,",1,"M3,","M,",MAIN,Texas,0,0,10,Morning
Highway-rail impact,2009:03:BNSF:TX0309201,0,9,500,200000,0,0,0,COOKE,11:20,2009,2009,"M302,","ATK,BNSF,",2,"M3,","M,",MAIN,Texas,0,0,11,Morning
Highway-rail impact,2009:03:BNSF:TX0309203,1,0,20800,500,0,0,0,WILBARGER,10:30,2009,2009,"M302,","BNSF,",1,"M3,","M,",MAIN,Texas,0,0,10,Morning
Other impacts,2009:03:CMC:GC0309101,0,0,0,19395,14,1,0,LIBERTY,9:30,2009,2009,"H307,","BNSF,CMC,",57,"H3,","H,",YARD,Texas,0,0,9,Morning
Highway-rail impact,2009:03:FWWR:09030601,0,0,2202,7500,0,0,0,JOHNSON,8:50,2009,2009,"M302,","FWWR,",1,"M3,","M,",MAIN,Texas,0,0,8,Morning
Other impacts,2009:04:UP:0409FW008,0,0,1307,22335,4,1,0,ECTOR,11:50,2009,2009,"H701,","UP,",87,"H7,","H,",YARD,Texas,0,0,11,Morning
Derailments,2009:04:UP:0409HO002,0,0,8850,1565,0,0,0,HOUSTON,10:15,2009,2009,"T111,","UP,",7,"T1,","T,",SIDING,Texas,0,0,10,Morning
Derailments,2009:04:UP:0409HO037,0,0,2699,9726,10,0,0,HARRIS,5:30,2009,2009,"M411,","UP,",6575,"M4,","M,",YARD,Texas,0,0,5,Morning
Other impacts,2009:04:WTJR:OP042209WT,0,0,4800,23000,0,0,0,WICHITA,11:40,2009,2009,"H306,","WTJR,",7,"H3,","H,",YARD,Texas,0,0,11,Morning
Derailments,2009:05:BNSF:TX0509101,0,0,567061,56500,0,0,0,FREESTONE,6:30,2009,2009,"T001,","BNSF,",1,"T0,","T,",MAIN,Texas,0,0,6,Morning
Derailments,2009:05:CMC:MAY09003,0,0,9280,200,17,0,0,LIBERTY,6:19,2009,2009,"H702,","BNSF,CMC,",7,"H7,","H,",YARD,Texas,0,0,6,Morning
Other impacts,2009:05:PNR:PNRCS09003,0,0,0,37795,1,1,0,HUTCHINSON,11:06,2009,2009,"H018,E08C,","PNR,",5,"H0,E0,","H,E,",YARD,Texas,0,0,11,Morning
Highway-rail impact,2009:05:UP:0509FW022,0,1,15000,2939,0,0,0,GRAYSON,9:50,2009,2009,"M302,","UP,",1,"M3,","M,",MAIN,Texas,0,0,9,Morning
Obstruction impact,2009:05:UP:0509HO003,0,0,241052,8309,0,0,0,HARRIS,5:15,2009,2009,"M409,","UP,",4,"M4,","M,",MAIN,Texas,0,0,5,Morning
Highway-rail impact,2009:05:UP:0509LK032,0,0,0,29346,0,0,0,BOWIE,8:15,2009,2009,"M302,","UP,",1,"M3,","M,",MAIN,Texas,0,0,8,Morning
Highway-rail impact,2009:05:UP:0509SA011,0,0,12600,33423,1,0,0,BEXAR,9:52,2009,2009,"M302,","UP,",1,"M3,","M,",MAIN,Texas,0,0,9,Morning
Highway-rail impact,2009:06:BNSF:GC0609201,1,2,35730,31323,0,0,0,PANOLA,6:49,2009,2009,"M302,","BNSF,",1,"M3,","M,",MAIN,Texas,0,0,6,Morning
Derailments,2009:06:KRR:ID090299,0,0,12675,62000,0,0,0,LAMAR,7:30,2009,2009,"T109,","KRR,",7,"T1,","T,",YARD,Texas,0,0,7,Morning
Obstruction impact,2009:06:UP:0609FW011,0,0,1672,10382,13,1,0,DALLAS,6:30,2009,2009,"E32C,","UP,",1,"E3,","E,",MAIN,Texas,0,0,6,Morning
Derailments,2009:06:UP:0609LK009,0,0,12580,30000,0,0,0,UPSHUR,10:25,2009,2009,"M406,","UP,",9,"M4,","M,",MAIN,Texas,0,0,10,Morning
Obstruction impact,2009:06:UP:0609SA012,0,0,14270,9144,0,0,0,UVALDE,10:45,2009,2009,"M402,","UP,",7,"M4,","M,",INDUSTRY,Texas,0,0,10,Morning
Derailments,2009:07:BNSF:KS0709104,0,0,300,18252,0,0,0,POTTER,5:19,2009,2009,"H312,","BNSF,",7,"H3,","H,",YARD,Texas,0,0,5,Morning
Other events,2009:07:BNSF:TX0709107,0,0,11000,0,0,0,0,TARRANT,6:30,2009,2009,"T301,M404,","ATR,BNSF,",1,"T3,M4,T3,M4,","T,M,T,M,",YARD,Texas,0,0,6,Morning
Derailments,2009:07:BNSF:TX0709115,0,0,90614,148938,0,0,0,CLAY,9:30,2009,2009,"T111,E46C,","BNSF,",1,"T1,E4,","T,E,",SIDING,Texas,0,0,9,Morning
Broken train collision,2009:07:UP:0709FW017,0,0,26935,466738,0,0,0,TARRANT,10:10,2009,2009,"M599,","UP,",7,"M5,","M,",YARD,Texas,0,0,10,Morning
Highway-rail impact,2009:07:UP:0709FW025,0,1,0,19594,0,0,0,DALLAS,8:40,2009,2009,"M302,","UP,",1,"M3,","M,",MAIN,Texas,0,0,8,Morning
Derailments,2009:08:BNSF:TX0809107,0,0,121500,30592,1,0,0,TARRANT,9:10,2009,2009,"H607,","BNSF,",1,"H6,","H,",YARD,Texas,0,0,9,Morning
Derailments,2009:08:TXTX:F0062009,0,0,3556,12931,0,0,0,CHAMBERS,9:20,2009,2009,"H303,H306,","TXTX,",7,"H3,","H,",INDUSTRY,Texas,0,0,9,Morning
Highway-rail impact,2009:08:UP:0809FW002,0,2,59260,51000,4,0,0,EASTLAND,10:51,2009,2009,"M302,","UP,",1,"M3,","M,",MAIN,Texas,0,0,10,Morning
Derailments,2009:08:UP:0809HO047,0,0,21350,5494,10,1,0,HARRIS,11:00,2009,2009,"H702,","UP,",7,"H7,","H,",YARD,Texas,0,0,11,Morning
Derailments,2009:09:BNSF:TX0909113,0,0,16850,7382,0,0,0,HARDEMAN,5:15,2009,2009,"H607,","BNSF,",15,"H6,","H,",YARD,Texas,0,0,5,Morning
Other events,2009:09:KCS:09091001,0,0,65000,1523,0,0,0,MARION,8:45,2009,2009,"M207,","KCS,",1,"M2,","M,",MAIN,Texas,0,0,8,Morning
Derailments,2009:09:SGSC:QR43600,0,0,25000,275000,0,0,0,HARRIS,10:20,2009,2009,"H303,H307,","SGSC,",7,"H3,","H,",YARD,Texas,0,0,10,Morning
Derailments,2009:09:UP:0909FW003,0,0,2144,11524,1,1,0,TARRANT,8:45,2009,2009,"T214,","UP,",7,"T2,","T,",YARD,Texas,0,0,8,Morning
Derailments,2009:10:BNSF:CO1009108,0,0,3500,38511,21,0,0,DALLAM,5:00,2009,2010,"E64C,","BNSF,",1,"E6,","E,",YARD,Texas,0,0,5,Morning
Derailments,2009:10:BNSF:TX1009102,0,0,155000,2975943,0,0,0,JOHNSON,5:00,2009,2010,"T207,","BNSF,",1,"T2,","T,",MAIN,Texas,0,0,5,Morning
Derailments,2009:10:BNSF:TX1009106,0,0,10200,8500,3,0,0,TARRANT,11:45,2009,2010,"T319,","BNSF,",7,"T3,","T,",YARD,Texas,0,0,11,Morning
Derailments,2009:10:WTLC:WTLC100709,0,0,15000,20000,0,0,0,TERRY,10:30,2009,2010,"T110,","WTLC,",1,"T1,","T,",MAIN,Texas,0,0,10,Morning
Other impacts,2009:11:HOMJ:INDUSTRY,0,0,500,18445,0,0,0,TARRANT,5:30,2009,2010,"H307,","BNSF,",76,"H3,","H,",INDUSTRY,Texas,0,0,5,Morning
Derailments,2009:11:KCS:09111201,0,0,68056,218085,13,0,0,WEBB,7:15,2009,2010,"T207,T210,","KCS,",1,"T2,","T,",MAIN,Texas,0,0,7,Morning
Derailments,2009:11:KCS:09113001,0,0,6798,16000,0,0,0,HOPKINS,9:00,2009,2010,"T110,","BLR,KCS,",1,"T1,","T,",YARD,Texas,0,0,9,Morning
Derailments,2009:11:UP:1109HO022,0,0,3564,51301,0,0,0,HARRIS,6:20,2009,2010,"T102,","UP,",8,"T1,","T,",YARD,Texas,0,0,6,Morning
Obstruction impact,2009:11:UP:1109HO023,0,0,408615,1051998,17,4,4,HARRIS,11:02,2009,2010,"M404,","UP,",1,"M4,","M,",MAIN,Texas,0,0,11,Morning
Side collision,2009:12:BNSF:GC1209105,0,0,0,39792,0,0,0,LIBERTY,8:43,2009,2010,"H020,","BNSF,",78,"H0,","H,",YARD,Texas,30.0137,-94.90216,8,Morning
Highway-rail impact,2009:12:BNSF:KS1209200,0,0,27000,38996,0,0,0,LUBBOCK,7:25,2009,2010,"M304,","BNSF,",1,"M3,","M,",MAIN,Texas,0,0,7,Morning
Other impacts,2009:12:BNSF:TX1209101,0,0,23500,0,24,0,0,TARRANT,10:07,2009,2010,"H525,","BNSF,",78,"H5,","H,",YARD,Texas,0,0,10,Morning
Derailments,2009:12:KCS:09120703,0,0,15469,8000,40,0,0,JEFFERSON,10:15,2009,2010,"T319,M503,","BNSF,KCS,",1,"T3,M5,","T,M,",YARD,Texas,0,0,10,Morning
Derailments,2009:12:UP:1209FW027,0,0,114,9046,0,0,0,WISE,10:50,2009,2010,"E67C,E06C,","UP,",1,"E6,E0,","E,",MAIN,Texas,0,0,10,Morning
Derailments,2009:12:UP:1209HO005,0,0,15478,9860,2,0,0,HARRIS,9:00,2009,2010,"H514,","UP,",67,"H5,","H,",YARD,Texas,0,0,9,Morning
Other events,2009:12:UP:1209HO020,0,0,0,9984,0,0,0,HARRIS,8:00,2009,2010,"M201,","UP,",6,"M2,","M,",YARD,Texas,0,0,8,Morning
Highway-rail impact,2009:12:UP:1209SA001,0,1,24700,20,0,0,0,BEXAR,5:00,2009,2010,"M308,","UP,",1,"M3,","M,",MAIN,Texas,0,0,5,Morning
Derailments,2009:12:UP:1209SA006,0,0,750000,889402,0,0,0,MAVERICK,7:30,2009,2010,"T220,","UP,",1,"T2,","T,",MAIN,Texas,0,0,7,Morning
Derailments,2009:12:XWTB:INDUSTRY,0,0,0,10000,0,0,0,LIBERTY,10:20,2009,2010,"H020,","BNSF,",7,"H0,","H,",INDUSTRY,Texas,0,0,10,Morning
Derailments,2010:01:BNSF:GC0110101,0,0,6850,7400,0,0,0,FREESTONE,9:50,2010,2010,"H303,","BNSF,",1,"H3,","H,",SIDING,Texas,0,0,9,Morning
Highway-rail impact,2010:01:BNSF:GC0110203,0,1,45000,250,15,0,0,GREGG,6:04,2010,2010,"M302,","BNSF,",1,"M3,","M,",MAIN,Texas,0,0,6,Morning
Derailments,2010:01:TXTX:F0012010,0,0,25500,20335,0,0,0,JEFFERSON,10:45,2010,2010,"T303,","TXTX,",7,"T3,","T,",INDUSTRY,Texas,0,0,10,Morning
Derailments,2010:01:TXTX:F0032010,0,0,8365,2960,0,0,0,JEFFERSON,6:15,2010,2010,"T309,","TXTX,",7,"T3,","T,",INDUSTRY,Texas,0,0,6,Morning
Derailments,2010:01:UP:0110FW006,0,0,24941,1126,0,0,0,DALLAS,10:30,2010,2010,"T110,","UP,",7,"T1,","T,",YARD,Texas,0,0,10,Morning
Derailments,2010:01:UP:0110FW022,0,0,60588,66711,0,0,0,DALLAS,8:25,2010,2010,"H514,","UP,",7,"H5,","H,",YARD,Texas,0,0,8,Morning
Other events,2010:01:UP:0110HO008,0,0,0,10879,0,0,0,HARRIS,8:00,2010,2010,"M507,","UP,",5,"M5,","M,",YARD,Texas,0,0,8,Morning
Highway-rail impact,2010:01:UP:0110SA009,0,0,3000,15463,0,0,0,BEXAR,7:33,2010,2010,"M306,","UP,",1,"M3,","M,",MAIN,Texas,0,0,7,Morning
Derailments,2010:02:BNSF:GC0210105,0,0,206000,1286082,49,15,2,GALVESTON,5:30,2010,2010,"T399,","BNSF,",1,"T3,","T,",MAIN,Texas,0,0,5,Morning
Derailments,2010:02:UP:0210FW019,0,0,17665,28932,10,0,0,TARRANT,11:15,2010,2010,"E36C,","UP,",7,"E3,","E,",YARD,Texas,0,0,11,Morning
Derailments,2010:02:UP:0210HO003,0,0,17700,19082,7,3,0,HARRIS,10:40,2010,2010,"E40C,","UP,",7,"E4,","E,",YARD,Texas,0,0,10,Morning
Derailments,2010:02:UP:0210HO034,0,0,53324,11600,0,0,0,VICTORIA,10:30,2010,2010,"T210,T221,","BNSF,UP,",1,"T2,","T,",YARD,Texas,0,0,10,Morning
Derailments,2010:02:UP:0210HO042,0,0,3614,19909,0,0,0,HARRIS,8:15,2010,2010,"T220,","UP,",7,"T2,","T,",YARD,Texas,0,0,8,Morning
Derailments,2010:02:UP:0210SA008,0,0,29858,22462,0,0,0,COMAL,8:40,2010,2010,"E21C,","UP,",1,"E2,","E,",MAIN,Texas,0,0,8,Morning
Other impacts,2010:03:BNSF:KS0310123,0,0,0,10028,0,0,0,DEAF SMITH,10:45,2010,2010,"H018,","BNSF,",16,"H0,","H,",YARD,Texas,0,0,10,Morning
Derailments,2010:03:KCS:10031401,0,2,160000,1826835,37,0,0,DUVAL,8:50,2010,2010,"T204,","KCS,",1,"T2,","T,",MAIN,Texas,0,0,8,Morning
Derailments,2010:03:TXGN:G00326D,0,0,13360,0,0,0,0,GONZALES,11:45,2010,2010,"T110,","TXGN,",1,"T1,","T,",MAIN,Texas,0,0,11,Morning
Derailments,2010:03:UP:0310HO031,0,0,73683,4500,0,0,0,NUECES,10:45,2010,2010,"T106,","BNSF,KCS,UP,",1,"T1,","T,",YARD,Texas,0,0,10,Morning
Derailments,2010:04:BNSF:GC0410109,0,0,11500,7072,1,0,0,BELL,9:45,2010,2010,"H503,H511,","BNSF,",7,"H5,","H,",YARD,Texas,0,0,9,Morning
Other impacts,2010:04:BNSF:SW0410102,0,0,0,18536,0,0,0,EL PASO,9:50,2010,2010,"H302,H318,","BNSF,",15,"H3,","H,",MAIN,Texas,0,0,9,Morning
Other events,2010:04:TCT:280216,0,0,0,40000,13,3,0,GALVESTON,9:00,2010,2010,"H021,","TCT,",7,"H0,","H,",YARD,Texas,0,0,9,Morning
Side collision,2010:04:UP:0410HO017,0,0,0,14666,0,0,0,HARRIS,10:40,2010,2010,"H516,","UP,",18,"H5,","H,",YARD,Texas,0,0,10,Morning
Derailments,2010:04:UP:0410HO033,0,0,11700,22548,22,1,0,HARRIS,8:50,2010,2010,"E99C,","UP,",7,"E9,","E,",YARD,Texas,0,0,8,Morning