AccidentType,inckey,Fatalities,Injuries,TrackDamage,EquipmentDamage,HazmatCars,HazmatCarsDerailed,HazmatCarsReleasing,County,DisplayTime,calendar,Fiscal,AccidentCause,RailroadCodes,RAILEQUIPMENT_TYPE,CauseGroup,CauseDiscipline,TYPE_OF_TRACK,StateName,latitude,longitude,hour,cat
Derailments,2010:04:UP:0410LK016,0,0,2875,15378,0,0,0,HARRISON,8:35,2010,2010,"T221,T222,","UP,",8,"T2,","T,",YARD,Texas,0,0,8,Morning
Highway-rail impact,2010:05:BNSF:KS0510200,0,0,5500,4464,5,0,0,LUBBOCK,8:45,2010,2010,"M302,","BNSF,",1,"M3,","M,",MAIN,Texas,0,0,8,Morning
Obstruction impact,2010:05:BNSF:TX0510104,0,0,0,20000,0,0,0,HALL,10:15,2010,2010,"H997,H210,","BNSF,",NA,"H9,H2,H9,H2,","H,",MAIN,Texas,0,0,10,Morning
Derailments,2010:05:UP:0510EP004,0,0,77040,30848,10,0,0,EL PASO,9:50,2010,2010,"M404,","UP,",7,"M4,","M,",YARD,Texas,0,0,9,Morning
Other events,2010:05:UP:0510FW015,0,0,0,22000,0,0,0,MCLENNAN,11:00,2010,2010,"H402,","UP,",NA,"H4,","H,",MAIN,Texas,0,0,11,Morning
Derailments,2010:05:UP:0510FW020,0,0,12974,3545,3,0,0,TARRANT,11:30,2010,2010,"H504,","UP,",1,"H5,","H,",YARD,Texas,0,0,11,Morning
Derailments,2010:06:BNSF:GC0610112,0,0,20400,600,0,0,0,HARRIS,9:06,2010,2010,"T307,T399,","BNSF,",7,"T3,","T,",YARD,Texas,0,0,9,Morning
Derailments,2010:06:BNSF:KS0610100,0,0,42000,21017,7,0,0,POTTER,7:30,2010,2010,"H503,E46C,","BNSF,",1,"H5,E4,","H,E,",YARD,Texas,0,0,7,Morning
Derailments,2010:06:BNSF:TX0610107,0,0,270250,2228845,0,0,0,COLLIN,8:20,2010,2010,"E53C,S015,","BNSF,",1,"E5,S0,","E,S,",MAIN,Texas,0,0,8,Morning
Derailments,2010:06:BNSF:TX0610109,0,0,2000,16382,0,0,0,GRAYSON,7:50,2010,2010,"H318,","BNSF,",1,"H3,","H,",YARD,Texas,0,0,7,Morning
Highway-rail impact,2010:06:KCS:10062501,0,1,0,38000,0,0,0,WEBB,9:10,2010,2010,"M308,","KCS,",1,"M3,","M,",MAIN,Texas,0,0,9,Morning
Derailments,2010:06:UP:0610EP003,0,0,48255,1014,2,0,0,EL PASO,8:00,2010,2010,"M404,H307,","UP,",7,"M4,H3,","M,H,",MAIN,Texas,0,0,8,Morning
Derailments,2010:06:UP:0610FW011,0,0,45784,1000,0,0,0,SMITH,11:50,2010,2010,"T002,T110,","UP,",1,"T0,T1,","T,",YARD,Texas,0,0,11,Morning
Highway-rail impact,2010:06:UP:0610FW013,0,1,15300,983,0,0,0,KAUFMAN,10:55,2010,2010,"M302,","UP,",1,"M3,","M,",MAIN,Texas,0,0,10,Morning
Highway-rail impact,2010:06:UP:0610SA013,0,4,85500,123169,0,0,0,LA SALLE,10:54,2010,2010,"M304,","UP,",1,"M3,","M,",MAIN,Texas,0,0,10,Morning
Derailments,2010:07:BNSF:TX0710102,0,0,10250,2703,0,0,0,TARRANT,8:21,2010,2010,"H516,H599,","BNSF,",8,"H5,","H,",YARD,Texas,0,0,8,Morning
Derailments,2010:07:TXPF:A071001,0,0,21439,90421,0,0,0,COLEMAN,9:55,2010,2010,"E64C,T314,","TXPF,",7,"E6,T3,","E,T,",MAIN,Texas,0,0,9,Morning
Derailments,2010:07:TXTX:F0182010,0,0,12000,29696,0,0,0,JEFFERSON,8:30,2010,2010,"T110,T205,","BNSF,TXTX,",1,"T1,T2,","T,",INDUSTRY,Texas,0,0,8,Morning
Derailments,2010:07:UP:0710FW015,0,0,28122,336,0,0,0,GRAYSON,11:00,2010,2010,"T314,","UP,",1,"T3,","T,",YARD,Texas,0,0,11,Morning
Derailments,2010:07:UP:0710HO034,0,0,6164,21994,7,0,0,BRAZORIA,10:20,2010,2010,"T101,T001,","UP,",7,"T1,T0,","T,",YARD,Texas,0,0,10,Morning
Raking collision,2010:07:UP:0710SA006,0,0,12956,25110,1,1,0,WEBB,10:45,2010,2010,"H021,","UP,",75,"H0,","H,",YARD,Texas,0,0,10,Morning
Derailments,2010:07:WTLC:WTLC070910,0,0,2000,10000,0,0,0,TERRY,8:59,2010,2010,"T110,","WTLC,",1,"T1,","T,",INDUSTRY,Texas,0,0,8,Morning
Derailments,2010:08:CMTY:D690810,0,0,0,13998,0,0,0,BURNET,10:30,2010,2010,"E21C,","AWRR,CMTY,",1,"E2,","E,",MAIN,Texas,0,0,10,Morning
Derailments,2010:08:UP:0810FW013,0,0,33617,224,0,0,0,GRAYSON,10:37,2010,2010,"T201,","UP,",7,"T2,","T,",YARD,Texas,0,0,10,Morning
Other events,2010:08:UP:0810SA019,0,0,71600,200,0,0,0,BEXAR,10:00,2010,2010,"E29C,","UP,",7,"E2,","E,",YARD,Texas,0,0,10,Morning
Derailments,2010:09:BNSF:GC0910100,0,0,198500,4880,0,0,0,BURLESON,5:10,2010,2010,"E62C,","BNSF,",1,"E6,","E,",MAIN,Texas,0,0,5,Morning
Derailments,2010:09:BNSF:KS0910104,0,0,39500,58960,52,0,0,POTTER,9:30,2010,2010,"H307,H303,","BNSF,",1,"H3,","H,",YARD,Texas,0,0,9,Morning
Derailments,2010:09:BNSF:TX0910111,0,0,500,12888,27,0,0,COOKE,6:21,2010,2010,"H307,","BNSF,",1,"H3,","H,",YARD,Texas,0,0,6,Morning
Derailments,2010:09:CHRZ:INDUSTRY,0,0,9546,300,0,0,0,JEFFERSON,9:50,2010,2010,"T110,","RASX,",7,"T1,","T,",INDUSTRY,Texas,0,0,9,Morning
Derailments,2010:09:KCS:10092601,0,0,30180,178591,13,0,0,WEBB,11:15,2010,2010,"E41C,T102,","KCS,",1,"E4,T1,","E,T,",YARD,Texas,0,0,11,Morning
Derailments,2010:09:UP:0910FW004,0,0,10928,21686,0,0,0,TARRANT,10:00,2010,2010,"H503,","UP,",7,"H5,","H,",YARD,Texas,0,0,10,Morning
Derailments,2010:09:UP:0910FW018,0,0,351,14025,0,0,0,TARRANT,8:45,2010,2010,"T110,","UP,",8,"T1,","T,",YARD,Texas,0,0,8,Morning
Derailments,2010:09:UP:0910FW028,0,0,15756,224,0,0,0,TARRANT,9:35,2010,2010,"H503,","UP,",7,"H5,","H,",YARD,Texas,0,0,9,Morning
Raking collision,2010:09:UP:0910HO027,0,0,0,12277,11,1,0,BRAZORIA,8:40,2010,2010,"H307,","UP,",78,"H3,","H,",YARD,Texas,0,0,8,Morning
Derailments,2010:10:BNSF:KS1010100,0,0,15250,16092,10,4,0,POTTER,8:30,2010,2011,"T110,","BNSF,",1,"T1,","T,",YARD,Texas,0,0,8,Morning
Derailments,2010:10:BNSF:TX1010100,0,0,20000,42548,2,0,0,COOKE,5:50,2010,2011,"E34C,","BNSF,",1,"E3,","E,",MAIN,Texas,0,0,5,Morning
Highway-rail impact,2010:10:UP:1010FW004,0,1,50000,20255,0,0,0,ROBERTSON,8:15,2010,2011,"M303,","UP,",1,"M3,","M,",MAIN,Texas,0,0,8,Morning
Other impacts,2010:10:UP:1010FW013,0,0,435,166005,1,0,0,TARRANT,8:30,2010,2011,"M407,","UP,",7,"M4,","M,",YARD,Texas,0,0,8,Morning
Derailments,2010:10:UP:1010LK032,0,0,500,45970,0,0,0,MARION,5:30,2010,2011,"E69C,","UP,",1,"E6,","E,",MAIN,Texas,0,0,5,Morning
Derailments,2010:11:BNSF:GC1110110,0,0,15000,26400,12,0,0,HARRIS,11:00,2010,2011,"T102,T099,","BNSF,",7,"T1,T0,","T,",YARD,Texas,0,0,11,Morning
Other impacts,2010:11:CMC:NOV10006,0,0,5000,5000,4,0,0,LIBERTY,10:34,2010,2011,"H702,","BNSF,CMC,",7,"H7,","H,",YARD,Texas,0,0,10,Morning
Derailments,2010:11:GVSR:GVS080310,0,0,52000,107585,0,0,0,GALVESTON,9:35,2010,2011,"T111,","GVSR,UP,",7,"T1,","T,",YARD,Texas,0,0,9,Morning
Derailments,2010:11:TXNW:W01115D,0,0,5000,11862,0,0,0,MOORE,10:00,2010,2011,"H704,T311,","TXNW,",1,"H7,T3,","H,T,",MAIN,Texas,0,0,10,Morning
Derailments,2010:11:UP:1110LK026,0,0,44993,4591,0,0,0,GREGG,11:40,2010,2011,"T110,","UP,",7,"T1,","T,",YARD,Texas,0,0,11,Morning
Highway-rail impact,2010:11:UP:1110SA001,0,1,18600,23695,0,0,0,MEDINA,8:10,2010,2011,"M302,","UP,",1,"M3,","M,",MAIN,Texas,0,0,8,Morning
Highway-rail impact,2010:11:UP:1110SA014,0,3,50631,20089,0,0,0,BRAZOS,10:50,2010,2011,"M308,","UP,",1,"M3,","M,",MAIN,Texas,0,0,10,Morning
Derailments,2010:11:ZLDH:INDUSTRY,0,0,15440,6000,1,1,0,CHAMBERS,6:30,2010,2011,"T399,","BNSF,UP,",7,"T3,","T,",YARD,Texas,0,0,6,Morning
Other events,2010:12:BNSF:GC1210106,0,0,95100,0,0,0,0,BURLESON,10:00,2010,2011,"H220,","BNSF,",1,"H2,","H,",SIDING,Texas,0,0,10,Morning
Highway-rail impact,2010:12:BNSF:KS1210200,0,3,125151,84143,0,0,0,GARZA,8:00,2010,2011,"M302,","BNSF,",1,"M3,","M,",MAIN,Texas,0,0,8,Morning
Derailments,2010:12:TXTX:0392010,0,0,9360,257,3,0,0,CHAMBERS,11:25,2010,2011,"T319,","TXTX,",7,"T3,","T,",INDUSTRY,Texas,0,0,11,Morning
Derailments,2010:12:UP:1210HO007,0,0,391595,171000,0,0,0,HARRIS,5:00,2010,2011,"E47C,","KCS,UP,",1,"E4,","E,",MAIN,Texas,0,0,5,Morning
Derailments,2011:01:KCS:11010601,0,0,15025,66006,3,0,0,WEBB,11:40,2011,2011,"M599,","KCS,",1,"M5,","M,",MAIN,Texas,0,0,11,Morning
Highway-rail impact,2011:02:BNSF:GC0211202,0,0,0,14000,0,0,0,CORYELL,7:03,2011,2011,"M302,","BNSF,",9,"M3,","M,",MAIN,Texas,0,0,7,Morning
Derailments,2011:02:BNSF:TX0211101,0,0,21113,7400,4,0,0,TARRANT,5:15,2011,2011,"M101,","BNSF,",7,"M1,","M,",YARD,Texas,0,0,5,Morning
Derailments,2011:02:KCS:11020501,0,0,3400,100129,0,0,0,WEBB,5:15,2011,2011,"M403,","KCS,",7,"M4,","M,",YARD,Texas,0,0,5,Morning
Derailments,2011:02:UP:0211FW017,0,0,734,55756,0,0,0,TARRANT,10:00,2011,2011,"H303,","UP,",7,"H3,","H,",YARD,Texas,0,0,10,Morning
Derailments,2011:02:UP:0211FW018,0,0,1077,23399,34,2,0,HOWARD,11:05,2011,2011,"T210,","UP,",76,"T2,","T,",YARD,Texas,0,0,11,Morning
Other events,2011:02:UP:0211SA014,0,0,32061,0,0,0,0,COLORADO,11:30,2011,2011,"H220,","UP,",1,"H2,","H,",MAIN,Texas,0,0,11,Morning
Derailments,2011:03:BNSF:KS0311109,0,0,60000,28473,2,2,0,POTTER,6:15,2011,2011,"H312,H309,","BNSF,",7,"H3,","H,",YARD,Texas,0,0,6,Morning
Highway-rail impact,2011:03:BNSF:TX0311202,0,0,23299,3605,9,0,0,TARRANT,9:30,2011,2011,"M302,","BNSF,",1,"M3,","M,",MAIN,Texas,0,0,9,Morning
Highway-rail impact,2011:03:CMTY:C03242011,0,0,100,80000,0,0,0,WILLIAMSON,8:40,2011,2011,"M304,M308,","CMTY,",3,"M3,","M,",MAIN,Texas,0,0,8,Morning
Raking collision,2011:03:TXTX:F0072011,0,0,0,25000,15,1,0,CHAMBERS,9:45,2011,2011,"H018,","TXTX,",7,"H0,","H,",INDUSTRY,Texas,0,0,9,Morning
Derailments,2011:03:UP:0311EP001,0,0,14348,335,2,0,0,EL PASO,5:00,2011,2011,"H312,","UP,",76,"H3,","H,",YARD,Texas,0,0,5,Morning
Derailments,2011:03:UP:0311FW014,0,0,54941,67094,16,3,0,HOWARD,6:40,2011,2011,"T403,","UP,",676,"T4,","T,",YARD,Texas,0,0,6,Morning
Rear end collision,2011:03:UP:0311HO003,0,1,4535,92121,0,0,0,GREGG,5:10,2011,2011,"H220,","UP,",1,"H2,","H,",MAIN,Texas,0,0,5,Morning
Derailments,2011:03:UP:0311HO013,0,0,230800,7484,26,0,0,BRAZOS,6:20,2011,2011,"E53C,","UP,",1,"E5,","E,",MAIN,Texas,0,0,6,Morning
Other events,2011:03:UP:0311SA007,0,0,40263,0,0,0,0,AUSTIN,9:45,2011,2011,"H706,","BNSF,UP,",1,"H7,","H,",MAIN,Texas,0,0,9,Morning
Derailments,2011:04:BNSF:KS0411111,0,0,500,17037,45,0,0,ROBERTS,11:30,2011,2011,"H525,H503,","BNSF,",1,"H5,","H,",MAIN,Texas,35.751335,-100.535122,11,Morning
Raking collision,2011:04:TXTX:F0132011,0,0,3499,25000,0,0,0,CHAMBERS,10:00,2011,2011,"H702,H306,","TXTX,",7,"H7,H3,","H,",INDUSTRY,Texas,0,0,10,Morning
Derailments,2011:04:UP:0411FW022,0,0,137992,62076,0,0,0,NAVARRO,11:56,2011,2011,"T309,","UP,",1,"T3,","T,",SIDING,Texas,0,0,11,Morning
Derailments,2011:04:UP:0411HO024,0,0,1294,8637,0,0,0,HARRIS,8:10,2011,2011,"H306,","UP,",7,"H3,","H,",YARD,Texas,0,0,8,Morning
Derailments,2011:04:UP:0411HO026,0,0,216451,103923,3,0,0,HARRIS,9:40,2011,2011,"T102,M405,","BNSF,UP,",1,"T1,M4,T1,M4,","T,M,T,M,",MAIN,Texas,0,0,9,Morning
Derailments,2011:05:FWWR:11051801,0,0,500,77022,0,0,0,TARRANT,5:20,2011,2011,"H702,","FWWR,",7,"H7,","H,",YARD,Texas,0,0,5,Morning
Highway-rail impact,2011:05:UP:0511FW003,0,2,12857,1913,8,0,0,TARRANT,8:40,2011,2011,"M304,","UP,",1,"M3,","M,",MAIN,Texas,0,0,8,Morning
Raking collision,2011:05:UP:0511FW014,0,0,2144,89445,15,0,0,TARRANT,6:00,2011,2011,"M407,","UP,",75,"M4,","M,",YARD,Texas,0,0,6,Morning
Derailments,2011:05:UP:0511FW020,0,0,19,17777,0,0,0,TARRANT,9:00,2011,2011,"H310,","UP,",8,"H3,","H,",YARD,Texas,0,0,9,Morning
Derailments,2011:05:UP:0511HO026,0,0,9420,1882,0,0,0,HARRIS,10:15,2011,2011,"T303,T316,","UP,",7,"T3,","T,",YARD,Texas,0,0,10,Morning
Derailments,2011:06:BNSF:KS0611106,0,0,4759,29766,0,0,0,LUBBOCK,5:40,2011,2011,"E40C,T299,","BNSF,",51,"E4,T2,E4,T2,","E,T,E,T,",YARD,Texas,38.353246,-101.652451,5,Morning
Derailments,2011:06:UP:0611FW005,0,0,30064,7142,17,2,0,HOWARD,11:45,2011,2011,"T403,","UP,",7,"T4,","T,",YARD,Texas,32.25196,-101.484981,11,Morning
Derailments,2011:06:UP:0611FW036,0,0,228,10449,0,0,0,TARRANT,6:56,2011,2011,"H511,","UP,",7,"H5,","H,",YARD,Texas,32.737552,-97.112709,6,Morning
Derailments,2011:06:UP:0611SA012,0,0,14938,267,4,0,0,WEBB,10:18,2011,2011,"T111,","UP,",7,"T1,","T,",YARD,Texas,27.666005,-99.432537,10,Morning
Derailments,2011:07:TXTX:F0252011,0,0,3500,15000,7,0,0,CHAMBERS,10:20,2011,2011,"T314,","TXTX,",7,"T3,","T,",SIDING,Texas,29.695006,-94.891963,10,Morning
Derailments,2011:08:FWWR:11081801,0,0,5900,5529,0,0,0,TARRANT,6:30,2011,2011,"H306,","FWWR,",7,"H3,","H,",YARD,Texas,32.764723,-97.405031,6,Morning
Derailments,2011:08:UP:0811FW012,0,0,21665,6345,0,0,0,TARRANT,11:30,2011,2011,"T309,","UP,",7,"T3,","T,",YARD,Texas,32.741082,-97.058819,11,Morning
Side collision,2011:08:UP:0811FW030,0,0,1776,30622,0,0,0,DALLAS,10:30,2011,2011,"H607,","UP,",71,"H6,","H,",SIDING,Texas,32.707379,-96.745937,10,Morning
Raking collision,2011:08:UP:0811HO016,0,0,0,11826,2,2,0,HARRIS,9:10,2011,2011,"H306,","UP,",76,"H3,","H,",YARD,Texas,29.807805,-95.292335,9,Morning
Highway-rail impact,2011:08:UP:0811HO032,0,1,37950,9163,47,0,0,NUECES,6:00,2011,2011,"M304,","UP,",1,"M3,","M,",MAIN,Texas,27.648229,-97.736008,6,Morning
Highway-rail impact,2011:08:UP:0811SA010,0,2,26950,100484,0,0,0,LA SALLE,9:47,2011,2011,"M304,","UP,",1,"M3,","M,",MAIN,Texas,28.280154,-99.284779,9,Morning
Other impacts,2011:09:BNSF:KS0911107,0,3,93000,853211,14,4,1,POTTER,11:30,2011,2011,"H312,","BNSF,",7,"H3,","H,",YARD,Texas,35.195489,-101.830914,11,Morning
Other impacts,2011:09:BNSF:TX0911110,0,0,5000,128201,0,0,0,TARRANT,10:15,2011,2011,"H525,H510,H513,","BNSF,",77,"H5,","H,",YARD,Texas,32.979949,-97.340806,10,Morning
Derailments,2011:09:GVSR:GVS169111,0,0,7683,3000,0,0,0,GALVESTON,9:20,2011,2011,"T314,","GVSR,",1,"T3,","T,",YARD,Texas,29.301111,-94.7975,9,Morning
Derailments,2011:09:KRR:ID110439,0,0,2500,14000,0,0,0,LAMAR,10:00,2011,2011,"T499,","KRR,",1,"T4,","T,",MAIN,Texas,33.642,-95.572,10,Morning
Derailments,2011:09:PRSQ:INDUSTRY,0,0,35000,1500,0,0,0,BEXAR,9:40,2011,2011,"H607,","UP,",7,"H6,","H,",YARD,Texas,29.313451,-98.643489,9,Morning
Derailments,2011:09:TXTX:F0292011,0,0,13050,2200,0,0,0,JEFFERSON,11:30,2011,2011,"T205,","TXTX,",7,"T2,","T,",INDUSTRY,Texas,30.078081,-94.0909,11,Morning
Highway-rail impact,2011:09:UP:0911FW012,0,1,1175,85118,0,0,0,MIDLAND,6:56,2011,2011,"M304,","UP,",1,"M3,","M,",MAIN,Texas,32.041534,-101.984987,6,Morning
Highway-rail impact,2011:09:UP:0911HO006,0,1,195000,86155,0,0,0,BRAZOS,9:00,2011,2011,"M303,","UP,",1,"M3,","M,",MAIN,Texas,30.512252,-96.298037,9,Morning
Other events,2011:09:UP:0911HO026,0,0,0,14014,0,0,0,HARRIS,9:00,2011,2011,"M507,","UP,",5,"M5,","M,",YARD,Texas,29.802556,-95.288622,9,Morning
Derailments,2011:09:UP:0911LV016,0,0,31376,1192,1,1,0,JEFFERSON,8:25,2011,2011,"S007,","UP,",7,"S0,","S,",YARD,Texas,30.072231,-94.1574,8,Morning
Derailments,2011:09:UP:0911LV021,0,0,400,10643,0,0,0,JEFFERSON,10:00,2011,2011,"T216,","UP,",7,"T2,","T,",YARD,Texas,30.072231,-94.1574,10,Morning
Highway-rail impact,2011:09:UP:0911SA014,0,1,0,18315,0,0,0,FRIO,8:12,2011,2011,"M399,","UP,",1,"M3,","M,",MAIN,Texas,29.057924,-99.002032,8,Morning
Derailments,2011:09:UP:0911ST001,0,0,30199,10504,52,0,0,EL PASO,8:30,2011,2011,"M405,","UP,",1,"M4,","M,",MAIN,Texas,31.773789,-106.469193,8,Morning
Derailments,2011:09:XHSA:INDUSTRY,0,0,200,10446,0,0,0,COMAL,7:30,2011,2011,"M101,","UP,",1,"M1,","M,",INDUSTRY,Texas,29.632979,-98.25447,7,Morning
Derailments,2011:10:BNSF:GC1011120,0,0,8500,7660,0,0,0,JEFFERSON,9:45,2011,2012,"T210,","BNSF,",7,"T2,","T,",YARD,Texas,30.093886,-94.115658,9,Morning
Derailments,2011:10:BNSF:TX1011106,0,0,3500,42403,36,0,0,GRAYSON,11:40,2011,2012,"T102,","BNSF,",1,"T1,","T,",MAIN,Texas,33.753451,-96.533651,11,Morning
Highway-rail impact,2011:10:BNSF:TX1011201,0,0,155000,500,8,0,0,JOHNSON,8:45,2011,2012,"M302,","BNSF,",1,"M3,","M,",MAIN,Texas,32.424902,-97.388246,8,Morning
Derailments,2011:10:TSE:TSE0001,0,0,23908,400,0,0,0,ANGELINA,10:30,2011,2012,"T110,","TSE,",7,"T1,","T,",YARD,Texas,31.18606,-94.785395,10,Morning
Other events,2011:10:UP:1011HO040,0,0,0,29438,0,0,0,HARRIS,9:15,2011,2012,"M507,","UP,",6,"M5,","M,",YARD,Texas,29.791225,-95.307595,9,Morning
Highway-rail impact,2011:10:UP:1011SA021,0,0,377,137513,10,0,0,WILLIAMSON,6:10,2011,2012,"M302,","UP,",1,"M3,","M,",MAIN,Texas,30.522054,-97.638528,6,Morning
Other impacts,2011:11:BNSF:KS1111106,0,0,0,24668,2,2,0,POTTER,10:00,2011,2012,"H306,","BNSF,",76,"H3,","H,",YARD,Texas,35.207248,-101.833892,10,Morning
Other events,2011:11:UP:1111HO021,0,0,0,20204,0,0,0,HARRIS,8:00,2011,2012,"M507,","UP,",5,"M5,","M,",YARD,Texas,29.807291,-95.290875,8,Morning
Derailments,2011:11:UP:1111SA013,0,0,5079,7500,23,0,0,BREWSTER,6:23,2011,2012,"M299,","UP,",1,"M2,","M,",MAIN,Texas,30.092501,-102.792436,6,Morning
Derailments,2011:11:XRCR:INDUSTRY,0,0,19,10463,0,0,0,HUDSPETH,9:30,2011,2012,"H306,","UP,",4,"H3,","H,",INDUSTRY,Texas,31.191686,-105.423459,9,Morning
Highway-rail impact,2011:12:BNSF:CO1211200,0,0,0,10000,0,0,0,HARTLEY,9:25,2011,2012,"M305,","BNSF,",9,"M3,","M,",MAIN,Texas,35.814792,-102.35667,9,Morning
Derailments,2011:12:BNSF:GC1211115,0,0,61573,5000,0,0,0,BURLESON,11:20,2011,2012,"T102,","BNSF,",1,"T1,","T,",MAIN,Texas,30.533034,-96.718198,11,Morning
Derailments,2011:12:BNSF:KS1211104,0,0,18550,4090,4,4,0,HALE,5:45,2011,2012,"H307,H702,","BNSF,",1,"H3,H7,","H,",INDUSTRY,Texas,34.194142,-101.703322,5,Morning
Derailments,2011:12:BNSF:TX1211101,0,0,17500,11400,5,0,0,GRAYSON,5:40,2011,2012,"E67C,","BNSF,",1,"E6,","E,",SIDING,Texas,33.656582,-96.59664,5,Morning
Derailments,2011:12:UP:1211HO010,0,0,51474,5000,22,0,0,HARRIS,8:30,2011,2012,"H503,","BNSF,UP,",7,"H5,","H,",MAIN,Texas,29.694256,-95.3279,8,Morning
Highway-rail impact,2011:12:UP:1211SA009,0,2,0,22044,0,0,0,WILLIAMSON,9:58,2011,2012,"M302,M303,","ATK,UP,",2,"M3,","M,",MAIN,Texas,30.546227,-97.524048,9,Morning
Derailments,2011:12:UP:1211SA010,0,0,1482,15468,0,0,0,BEXAR,10:55,2011,2012,"T110,","UP,",7,"T1,","T,",INDUSTRY,Texas,29.463742,-98.399141,10,Morning
Highway-rail impact,2012:01:BNSF:KS0112202,0,1,9000,14000,7,0,0,DEAF SMITH,8:50,2012,2012,"M302,","BNSF,",1,"M3,","M,",MAIN,Texas,34.813602,-102.40004,8,Morning
Derailments,2012:01:CCPN:CCP201512,0,0,67400,75000,0,0,0,NUECES,8:54,2012,2012,"T221,","CCPN,",7,"T2,","T,",YARD,Texas,27.815666,-97.413953,8,Morning
Highway-rail impact,2012:01:CMTY:C01072012,0,0,0,21215,0,0,0,WILLIAMSON,10:51,2012,2012,"M304,M302,","ATCX,CMTY,",2,"M3,","M,",MAIN,Texas,30.674984,-97.930104,10,Morning
Highway-rail impact,2012:01:UP:0112FW003,0,2,16580,78797,0,0,0,ELLIS,9:36,2012,2012,"M303,","UP,",1,"M3,","M,",MAIN,Texas,32.319278,-96.619715,9,Morning
Derailments,2012:02:BLR:120228A,0,0,10000,25000,0,0,0,HOPKINS,9:15,2012,2012,"T201,","BLR,",7,"T2,","T,",YARD,Texas,33.145156,-95.612392,9,Morning
Derailments,2012:02:BNSF:GC0212119,0,0,351561,30774,0,0,0,NOLAN,6:00,2012,2012,"T001,T205,","BNSF,",1,"T0,T2,","T,",YARD,Texas,32.510498,-100.405461,6,Morning
Other events,2012:02:BNSF:GC0212125,0,0,107889,0,0,0,0,GRIMES,7:35,2012,2012,"E09C,M406,","BNSF,",1,"E0,M4,","E,M,",MAIN,Texas,30.630913,-95.93216,7,Morning
Derailments,2012:02:BNSF:KS0212106,0,0,19890,200,0,0,0,POTTER,6:15,2012,2012,"H305,","BNSF,",7,"H3,","H,",YARD,Texas,35.181675,-101.835992,6,Morning
Derailments,2012:02:PNR:PNRCS12005,0,0,1500,90000,3,3,0,HUTCHINSON,10:05,2012,2012,"T201,","PNR,",7,"T2,","T,",INDUSTRY,Texas,35.6575,-101.406944,10,Morning
Derailments,2012:02:UP:0212SA004,0,0,201669,1521732,9,5,0,KINNEY,7:37,2012,2012,"T207,","UP,",1,"T2,","T,",MAIN,Texas,29.364746,-100.640705,7,Morning
Side collision,2012:03:FWWR:12032701,0,0,0,40181,0,0,0,TARRANT,8:10,2012,2012,"H601,","FWWR,",78,"H6,","H,",YARD,Texas,32.483168,-97.192329,8,Morning
Other impacts,2012:03:KCS:12030501,0,2,1000,123674,4,0,0,NUECES,11:12,2012,2012,"H702,","KCS,",51,"H7,","H,",SIDING,Texas,27.779382,-97.916216,11,Morning
Side collision,2012:03:KCS:12031202,0,0,66000,14430,11,0,0,NUECES,7:31,2012,2012,"H307,H702,","KCS,",17,"H3,H7,H3,H7,","H,",SIDING,Texas,27.783998,-97.637477,7,Morning
Derailments,2012:03:UP:0312FW018,0,0,169088,4879,0,0,0,DENTON,11:30,2012,2012,"T102,T001,","UP,",1,"T1,T0,","T,",MAIN,Texas,33.39635,-96.958719,11,Morning
Obstruction impact,2012:03:UP:0312FW022,0,0,19,88265,1,0,0,REEVES,8:20,2012,2012,"M402,","UP,",1,"M4,","M,",MAIN,Texas,31.426869,-103.49914,8,Morning
Other events,2012:03:UP:0312HO029,0,0,0,20929,0,0,0,COLORADO,11:05,2012,2012,"E73L,","UP,",1,"E7,","E,",YARD,Texas,29.59645,-96.355221,11,Morning
Obstruction impact,2012:03:UP:0312LV009,0,0,20530,89134,29,1,0,SHELBY,8:00,2012,2012,"M404,","UP,",1,"M4,","M,",MAIN,Texas,31.966605,-94.130509,8,Morning
Highway-rail impact,2012:04:CMTY:C043012ATX,1,3,0,70000,0,0,0,TRAVIS,7:40,2012,2012,"M302,M303,","CMTY,",NA,"M3,","M,",MAIN,Texas,30.427879,-97.702596,7,Morning
Side collision,2012:04:GRR:201201,0,0,6000,36038,0,0,0,WILLIAMSON,9:55,2012,2012,"H018,","GRR,UP,",11,"H0,","H,",YARD,Texas,30.57987,-97.69714,9,Morning
Derailments,2012:04:MMAZ:INDUSTRY,0,0,0,17157,0,0,0,HARRIS,5:45,2012,2012,"T311,","UP,",8,"T3,","T,",INDUSTRY,Texas,29.629399,-95.20358,5,Morning
Highway-rail impact,2012:04:UP:0412FW001,1,2,0,90305,0,0,0,WISE,9:30,2012,2012,"M302,","UP,",1,"M3,","M,",MAIN,Texas,33.247782,-97.784083,9,Morning
Highway-rail impact,2012:04:UP:0412FW008,1,0,2277,58177,0,0,0,HOWARD,11:27,2012,2012,"M303,","UP,",1,"M3,","M,",MAIN,Texas,32.270343,-101.418904,11,Morning
Derailments,2012:04:UP:0412FW024,0,0,27930,250,0,0,0,HOWARD,11:55,2012,2012,"E71L,E65L,","UP,",1,"E7,E6,","E,",MAIN,Texas,32.261379,-101.458064,11,Morning
Derailments,2012:04:UP:0412HO013,0,0,51574,35716,0,0,0,HARRIS,11:39,2012,2012,"T111,","UP,",7,"T1,","T,",YARD,Texas,30.056693,-95.396762,11,Morning
Derailments,2012:04:UP:0412HO034,0,0,8906,8331,0,0,0,HARRIS,11:15,2012,2012,"T499,","UP,",7,"T4,","T,",INDUSTRY,Texas,29.833213,-95.504595,11,Morning