AccidentType,inckey,Fatalities,Injuries,TrackDamage,EquipmentDamage,HazmatCars,HazmatCarsDerailed,HazmatCarsReleasing,County,DisplayTime,calendar,Fiscal,AccidentCause,RailroadCodes,RAILEQUIPMENT_TYPE,CauseGroup,CauseDiscipline,TYPE_OF_TRACK,StateName,latitude,longitude,hour,cat
Derailments,2012:04:UP:0412SA005,0,0,156965,25028,1,0,0,WILLIAMSON,11:15,2012,2012,"T319,","UP,",1,"T3,","T,",YARD,Texas,30.566514,-97.422658,11,Morning
Derailments,2012:05:PTRA:2012000021,0,0,4500,21000,0,0,0,HARRIS,8:00,2012,2012,"H503,","BNSF,PTRA,",1,"H5,","H,",MAIN,Texas,29.7559,-95.2931,8,Morning
Derailments,2012:05:UP:0512FW023,0,1,0,20000,0,0,0,CALLAHAN,9:00,2012,2012,"M507,","UP,",NA,"M5,","M,",MAIN,Texas,32.390308,-99.365103,9,Morning
Raking collision,2012:05:UP:0512HO008,0,0,1580,65433,32,2,0,HARRIS,11:30,2012,2012,"H020,","UP,",7,"H0,","H,",YARD,Texas,29.797237,-95.293532,11,Morning
Highway-rail impact,2012:05:UP:0512HO013,0,0,2046,104200,0,0,0,HARRIS,11:57,2012,2012,"M303,","KCS,UP,",1,"M3,","M,",MAIN,Texas,29.921594,-95.052979,11,Morning
Derailments,2012:05:UP:0512SA002,0,0,2436,8746,1,1,0,LIVE OAK,9:00,2012,2012,"H312,","UP,",1,"H3,","H,",INDUSTRY,Texas,28.458826,-98.186783,9,Morning
Derailments,2012:05:UP:0512SA023,0,0,97088,4335,0,0,0,BEXAR,10:00,2012,2012,"S099,","UP,",1,"S0,","S,",SIDING,Texas,29.264783,-98.734058,10,Morning
Derailments,2012:06:BNSF:KS0612106,0,0,1600,19235,1,1,0,LUBBOCK,11:15,2012,2012,"H306,H303,","BNSF,",7,"H3,","H,",YARD,Texas,33.586652,-101.840924,11,Morning
Derailments,2012:06:UP:0612FW004,0,0,911125,610494,0,0,0,GRAYSON,6:01,2012,2012,"T220,","UP,",1,"T2,","T,",MAIN,Texas,33.77036,-96.601308,6,Morning
Highway-rail impact,2012:06:UP:0612FW005,0,1,27660,149780,13,0,0,TAYLOR,5:00,2012,2012,"M308,","UP,",1,"M3,","M,",SIDING,Texas,32.446974,-99.713698,5,Morning
Derailments,2012:06:UP:0612FW010,0,0,11590,1756,0,0,0,DALLAS,11:50,2012,2012,"T110,","UP,",7,"T1,","T,",YARD,Texas,32.771374,-96.903251,11,Morning
Derailments,2012:06:UP:0612FW022,0,0,78289,5019,0,0,0,DALLAS,11:30,2012,2012,"T108,","UP,",1,"T1,","T,",SIDING,Texas,32.763912,-96.56171,11,Morning
Highway-rail impact,2012:06:UP:0612FW023,0,1,0,228011,3,0,0,WARD,8:30,2012,2012,"M302,","UP,",1,"M3,","M,",MAIN,Texas,31.502456,-103.231244,8,Morning
Highway-rail impact,2012:06:UP:0612HO018,0,0,71556,21991,0,0,0,HARRIS,9:20,2012,2012,"M304,","UP,",1,"M3,","M,",MAIN,Texas,29.996036,-95.396197,9,Morning
Other impacts,2012:06:UP:0612HO027,0,0,14970,424,0,0,0,HARRIS,10:15,2012,2012,"H317,","UP,",75,"H3,","H,",YARD,Texas,29.690418,-95.048802,10,Morning
Other events,2012:06:UP:0612HO042,0,0,0,10188,0,0,0,HARRIS,8:34,2012,2012,"M507,","UP,",5,"M5,","M,",YARD,Texas,29.80306,-95.288628,8,Morning
Other impacts,2012:06:UP:0612ST015,0,0,0,13406,2,0,0,EL PASO,11:00,2012,2012,"H306,","UP,",7,"H3,","H,",YARD,Texas,31.755519,-106.390733,11,Morning
Other impacts,2012:06:UP:0612ST024,0,0,792,11245,0,0,0,EL PASO,11:00,2012,2012,"H310,","UP,",75,"H3,","H,",YARD,Texas,31.750679,-106.383645,11,Morning
Derailments,2012:07:BNSF:GC0712102,0,0,3000,37968,0,0,0,HARRIS,11:40,2012,2012,"T099,","BNSF,",1,"T0,","T,",YARD,Texas,29.620274,-95.304233,11,Morning
Side collision,2012:07:BNSF:GC0712111,0,1,6500,140904,34,2,0,HARRIS,10:10,2012,2012,"H104,","BNSF,",71,"H1,","H,",MAIN,Texas,29.92466,-95.514953,10,Morning
Derailments,2012:07:BNSF:GC0712114,0,0,11500,4894,8,1,0,FREESTONE,9:00,2012,2012,"E68C,","BNSF,",7,"E6,","E,",YARD,Texas,31.637087,-96.289066,9,Morning
Derailments,2012:07:BNSF:TX0712108,0,0,78000,400,2,0,0,TARRANT,8:45,2012,2012,"H504,","BNSF,",7,"H5,","H,",YARD,Texas,32.858218,-97.361101,8,Morning
Derailments,2012:07:BNSF:TX0712110,0,0,346796,331575,0,0,0,DENTON,11:15,2012,2012,"T102,","BNSF,",1,"T1,","T,",MAIN,Texas,33.234236,-97.249357,11,Morning
Highway-rail impact,2012:07:BNSF:TX0712205,0,0,0,26250,0,0,0,CLAY,11:00,2012,2012,"M302,","BNSF,",1,"M3,","M,",SIDING,Texas,33.776145,-98.144994,11,Morning
Derailments,2012:07:GCSR:070712,0,0,50000,0,0,0,0,MCCULLOCH,11:40,2012,2012,"T109,","GCSR,",1,"T1,","T,",MAIN,Texas,31.236307,-99.119833,11,Morning
Derailments,2012:07:UP:0712HO002,0,0,13937,3099,11,0,0,HARRIS,7:15,2012,2012,"M599,","UP,",7,"M5,","M,",YARD,Texas,29.788658,-95.3136,7,Morning
Derailments,2012:07:UP:0712HO041,0,0,7740,4442,3,0,0,HARRIS,6:21,2012,2012,"T108,","UP,",7,"T1,","T,",YARD,Texas,29.792942,-95.299825,6,Morning
Derailments,2012:07:UP:0712LV007,0,0,5798,5481,0,0,0,JEFFERSON,10:30,2012,2012,"H303,","UP,",7,"H3,","H,",MAIN,Texas,30.076385,-94.124747,10,Morning
Derailments,2012:07:UP:0712LV011,0,0,81481,272746,0,0,0,HARDIN,11:50,2012,2012,"M405,","UP,",1,"M4,","M,",SIDING,Texas,30.12103,-94.39333,11,Morning
Highway-rail impact,2012:07:UP:0712SA005,0,0,25363,1525,0,0,0,COLORADO,5:58,2012,2012,"M399,","UP,",1,"M3,","M,",MAIN,Texas,29.705132,-96.568777,5,Morning
Derailments,2012:07:UP:0712SA020,0,0,38991,28875,6,2,0,WEBB,7:00,2012,2012,"T110,","UP,",1,"T1,","T,",YARD,Texas,27.664812,-99.451615,7,Morning
Derailments,2012:08:BNSF:GC0812116,0,0,4808,20068,1,0,0,HARRIS,11:05,2012,2012,"T111,T110,","BNSF,",7,"T1,","T,",YARD,Texas,29.716756,-95.333433,11,Morning
Derailments,2012:08:BNSF:KS0812103,0,0,18954,300,0,0,0,POTTER,10:50,2012,2012,"H307,H303,","BNSF,",7,"H3,","H,",YARD,Texas,35.196893,-101.83,10,Morning
Raking collision,2012:08:PMSW:R01,0,0,0,70000,0,0,0,LUBBOCK,9:30,2012,2012,"H302,H306,","PMSW,",8,"H3,","H,",YARD,Texas,30.566683,-101.81676,9,Morning
Highway-rail impact,2012:08:UP:0812FW006,0,0,16297,2474,0,0,0,ROBERTSON,10:30,2012,2012,"M303,","UP,",1,"M3,","M,",MAIN,Texas,30.96801,-96.663971,10,Morning
Derailments,2012:08:UP:0812HO005,0,0,33820,500,0,0,0,LIBERTY,11:00,2012,2012,"T221,","BNSF,UP,",7,"T2,","T,",MAIN,Texas,30.238067,-92.989317,11,Morning
Derailments,2012:08:UP:0812HO021,0,0,32113,64485,4,4,0,HARRIS,5:05,2012,2012,"T399,","UP,",7,"T3,","T,",YARD,Texas,29.67682,-95.038708,5,Morning
Highway-rail impact,2012:08:UP:0812HO030,0,2,20800,23085,0,0,0,HARRIS,8:25,2012,2012,"M304,","UP,",1,"M3,","M,",MAIN,Texas,29.965196,-95.389287,8,Morning
Derailments,2012:08:UP:0812SA017,0,0,24181,13102,29,0,0,BEXAR,7:20,2012,2012,"H503,T221,","UP,",7,"H5,T2,","H,T,",YARD,Texas,29.477032,-98.378972,7,Morning
Derailments,2012:09:BNSF:SW0912105,0,0,9000,4500,0,0,0,EL PASO,11:35,2012,2012,"S011,","BNSF,",1,"S0,","S,",YARD,Texas,31.749482,-106.489401,11,Morning
Derailments,2012:09:BNSF:TX0912111,0,0,8500,46000,0,0,0,TARRANT,9:30,2012,2012,"H307,H303,","BNSF,",7,"H3,","H,",INDUSTRY,Texas,32.84762,-97.351887,9,Morning
Highway-rail impact,2012:09:BNSF:TX0912204,1,0,1200,18150,0,0,0,TARRANT,7:24,2012,2012,"M308,","BNSF,",1,"M3,","M,",MAIN,Texas,32.815068,-97.349257,7,Morning
Highway-rail impact,2012:09:UP:0912FW002,0,1,500,20598,0,0,0,WARD,11:15,2012,2012,"M302,","UP,",1,"M3,","M,",MAIN,Texas,31.502496,-103.231254,11,Morning
Derailments,2012:09:UP:0912SA011,0,0,61773,90158,0,0,0,ATASCOSA,8:00,2012,2012,"T221,","UP,",1,"T2,","T,",SIDING,Texas,28.996492,-98.47902,8,Morning
Derailments,2012:09:XUNI:INDUSTRY,0,0,6510,11634,0,0,0,WEBB,11:15,2012,2012,"T110,T111,","UP,",7,"T1,","T,",INDUSTRY,Texas,27.684995,-99.462077,11,Morning
Derailments,2012:10:BNSF:GC1012105,0,0,900,14356,1,0,0,BELL,10:30,2012,2013,"T113,T205,","BNSF,",1,"T1,T2,","T,",YARD,Texas,31.094622,-97.343823,10,Morning
Derailments,2012:10:BNSF:GC1012108,0,0,0,40248,1,1,0,FREESTONE,5:00,2012,2013,"H318,H601,","BNSF,",7,"H3,H6,","H,",MAIN,Texas,31.637087,-96.289066,5,Morning
Derailments,2012:10:BNSF:TX1012102,0,0,1500,18500,22,0,0,TARRANT,7:00,2012,2013,"T201,","BNSF,",76,"T2,","T,",YARD,Texas,32.82737,-97.33451,7,Morning
Derailments,2012:10:UP:1012HO006,0,0,11838,1825,0,0,0,HARRIS,5:14,2012,2013,"H607,H704,","UP,",1,"H6,H7,","H,",YARD,Texas,30.076034,-95.416149,5,Morning
Derailments,2012:10:UP:1012HO030,0,0,19850,16091,26,3,0,NUECES,5:05,2012,2013,"T314,","UP,",1,"T3,","T,",YARD,Texas,27.834148,-97.510174,5,Morning
Derailments,2012:11:BNSF:CO1112110,0,0,236717,266625,0,0,0,POTTER,5:00,2012,2013,"T207,","BNSF,",1,"T2,","T,",MAIN,Texas,35.453645,-101.886403,5,Morning
Derailments,2012:11:BNSF:GC1112104,0,0,5200,37280,0,0,0,BRAZORIA,6:00,2012,2013,"T311,","BNSF,",7,"T3,","T,",YARD,Texas,29.639482,-95.290025,6,Morning
Derailments,2012:11:BNSF:GC1112116,0,0,10000,20644,2,2,0,HARRIS,5:40,2012,2013,"T201,","BNSF,",7,"T2,","T,",YARD,Texas,29.691561,-95.325565,5,Morning
Derailments,2012:11:UP:1112FW001,0,0,6442,43884,0,0,0,DALLAS,10:00,2012,2013,"T202,","UP,",7,"T2,","T,",YARD,Texas,32.702207,-96.742861,10,Morning
Side collision,2012:11:UP:1112FW008,0,0,22878,20555,9,0,0,TARRANT,9:00,2012,2013,"H702,","UP,",7,"H7,","H,",YARD,Texas,32.714531,-97.396392,9,Morning
Derailments,2012:11:UP:1112HO004,0,0,43339,95094,0,0,0,LIBERTY,6:36,2012,2013,"T222,H522,","BNSF,UP,",1,"T2,H5,","T,H,",MAIN,Texas,29.986653,-94.909151,6,Morning
Derailments,2012:11:UP:1112HO041,0,0,9852,500,3,0,0,HARRIS,10:20,2012,2013,"E64L,","BNSF,UP,",7,"E6,","E,",MAIN,Texas,29.688149,-95.447038,10,Morning
Derailments,2012:11:UP:1112SA008,0,0,9600,4703,0,0,0,BEXAR,5:30,2012,2013,"M599,","UP,",7,"M5,","M,",INDUSTRY,Texas,29.320269,-98.782474,5,Morning
Derailments,2012:12:BNSF:GC1212105,0,0,15200,8188,0,0,0,HARRIS,6:15,2012,2013,"T202,","BNSF,",7,"T2,","T,",YARD,Texas,29.630057,-95.301763,6,Morning
Derailments,2012:12:BNSF:GC1212116,0,0,1175,8409,17,0,0,JEFFERSON,5:45,2012,2013,"H607,H702,","BNSF,",1,"H6,H7,","H,",YARD,Texas,30.09703,-94.11824,5,Morning
Highway-rail impact,2012:12:UP:1212FW001,1,0,12196,0,102,0,0,DENTON,9:30,2012,2013,"M308,","UP,",1,"M3,","M,",MAIN,Texas,33.39635,-96.958719,9,Morning
Derailments,2012:12:UP:1212HO031,0,0,4579,12340,2,2,0,BRAZORIA,9:45,2012,2013,"H704,","UP,",7,"H7,","H,",YARD,Texas,29.00691,-95.383751,9,Morning
Derailments,2013:01:UP:0113FW016,0,0,28380,16059,0,0,0,DALLAS,9:30,2013,2013,"T215,","UP,",7,"T2,","T,",YARD,Texas,32.6827,-96.731548,9,Morning
Highway-rail impact,2013:01:UP:0113HO006,0,0,25800,2689,1,0,0,FORT BEND,11:42,2013,2013,"M399,M303,","KCS,UP,",1,"M3,","M,",MAIN,Texas,29.647267,-95.46532,11,Morning
Raking collision,2013:01:UP:0113HO025,0,0,2799,16913,16,3,0,HARRIS,10:35,2013,2013,"S007,","UP,",75,"S0,","S,",YARD,Texas,29.676347,-95.038847,10,Morning
Other events,2013:01:UP:0113HO032,0,0,20500,153,0,0,0,HARRIS,8:30,2013,2013,"E30C,","UP,",7,"E3,","E,",YARD,Texas,29.787701,-95.306718,8,Morning
Highway-rail impact,2013:01:UP:0113HO034,0,1,3000,22188,10,0,0,HARRIS,11:31,2013,2013,"M303,","UP,",1,"M3,","M,",MAIN,Texas,29.935961,-95.650216,11,Morning
Derailments,2013:01:UP:0113LK012,0,0,60,16615,2,0,0,GREGG,11:03,2013,2013,"H019,","UP,",1,"H0,","H,",YARD,Texas,32.496324,-94.718751,11,Morning
Derailments,2013:01:UP:0113SA013,0,0,0,24272,0,0,0,WEBB,10:30,2013,2013,"E21C,","UP,",7,"E2,","E,",YARD,Texas,27.674058,-99.467647,10,Morning
Highway-rail impact,2013:01:UP:0113SA016,0,1,0,192372,0,0,0,LA SALLE,11:35,2013,2013,"M302,M304,","UP,",1,"M3,","M,",MAIN,Texas,28.602179,-99.189636,11,Morning
Highway-rail impact,2013:02:DCTA:13001,0,0,0,9932,0,0,0,DENTON,8:06,2013,2013,"M304,","DCTA,",NA,"M3,","M,",MAIN,Texas,33.118889,-97.029184,8,Morning
Highway-rail impact,2013:02:UP:0213LV008,1,3,54066,908191,0,0,0,JEFFERSON,8:00,2013,2013,"M399,","UP,",8,"M3,","M,",MAIN,Texas,30.060918,-94.240636,8,Morning
Derailments,2013:03:BNSF:GC0313103,0,0,11700,92623,0,0,0,PANOLA,11:10,2013,2013,"T202,","BNSF,",1,"T2,","T,",SIDING,Texas,32.243609,-94.456424,11,Morning
Derailments,2013:03:BNSF:GC0313107,0,0,0,21439,9,0,0,HARRIS,8:45,2013,2013,"E40C,","BNSF,",7,"E4,","E,",YARD,Texas,29.4225,-95.1945,8,Morning
Other events,2013:03:BNSF:PR0313112,0,0,1000,10984,35,0,0,POTTER,10:30,2013,2013,"E29C,","BNSF,",1,"E2,","E,",MAIN,Texas,35.213831,-101.839368,10,Morning
Highway-rail impact,2013:03:DCTA:DCTA13002,0,2,0,60000,0,0,0,DENTON,11:50,2013,2013,"M302,M304,","DCTA,",NA,"M3,","M,",MAIN,Texas,33.053781,-96.99224,11,Morning
Derailments,2013:03:UP:0313FW013,0,0,53722,4835,0,0,0,TARRANT,11:00,2013,2013,"M411,","UP,",75,"M4,","M,",YARD,Texas,32.724308,-97.371845,11,Morning
RR crossing collision,2013:03:UP:0313LK031,0,0,140,180139,53,0,0,BOWIE,11:30,2013,2013,"H402,","BNSF,KCS,UP,",NA,"H4,","H,",MAIN,Texas,33.390323,-94.062027,11,Morning
Derailments,2013:03:UP:0313SA021,0,0,1485,38630,0,0,0,BEXAR,10:00,2013,2013,"H306,H702,","UP,",7,"H3,H7,","H,",INDUSTRY,Texas,29.32039,-98.647192,10,Morning
Side collision,2013:03:UP:0313ST015,0,0,2600,120901,0,0,0,EL PASO,11:45,2013,2013,"S012,H307,","UP,",76,"S0,H3,S0,H3,","S,H,S,H,",YARD,Texas,31.749341,-106.475541,11,Morning
Derailments,2013:03:WTLC:WT03012013,0,0,6518,45000,0,0,0,HOCKLEY,5:30,2013,2013,"T221,","WTLC,",1,"T2,","T,",MAIN,Texas,33.418023,-102.154465,5,Morning
Derailments,2013:03:XTLC:INDUSTRY,0,0,9500,24026,0,0,0,HAYS,5:30,2013,2013,"T211,","UP,",1,"T2,","T,",INDUSTRY,Texas,30.057821,-97.856978,5,Morning
Highway-rail impact,2013:04:BNSF:KS0413200,1,0,0,18277,0,0,0,LAMB,11:12,2013,2013,"M302,","BNSF,",1,"M3,","M,",MAIN,Texas,34.10387,-102.571454,11,Morning
Derailments,2013:04:UP:0413FW018,0,0,44538,22095,0,0,0,FALLS,5:30,2013,2013,"M507,","UP,",1,"M5,","M,",MAIN,Texas,31.300231,-96.890873,5,Morning
Highway-rail impact,2013:04:UP:0413HO001,0,7,0,250000,0,0,0,WHARTON,10:03,2013,2013,"M308,","ATK,UP,",2,"M3,","M,",MAIN,Texas,29.553286,-96.208524,10,Morning
Highway-rail impact,2013:04:UP:0413HO004,0,3,0,23090,9,0,0,FORT BEND,11:42,2013,2013,"M303,","UP,",1,"M3,","M,",MAIN,Texas,29.620543,-95.548692,11,Morning
Other events,2013:04:UP:0413HO037,0,0,0,10805,0,0,0,HARRIS,9:00,2013,2013,"M507,","UP,",5,"M5,","M,",YARD,Texas,29.816379,-95.28837,9,Morning
Highway-rail impact,2013:04:UP:0413SA009,0,2,0,16081,0,0,0,ATASCOSA,7:54,2013,2013,"M302,","UP,",1,"M3,","M,",MAIN,Texas,28.750399,-98.307564,7,Morning
Derailments,2013:05:TXPF:051813,0,0,5000,96947,13,10,0,IRION,7:30,2013,2013,"H703,H212,","TXPF,",1,"H7,H2,","H,",INDUSTRY,Texas,31.117358,-101.234024,7,Morning
Derailments,2013:05:UP:0513HO011,0,0,95305,35380,0,0,0,HARRIS,9:00,2013,2013,"T110,T206,","BNSF,UP,",1,"T1,T2,","T,",MAIN,Texas,29.821936,-95.352667,9,Morning
Derailments,2013:05:UP:0513HO034,0,0,8366,18275,0,0,0,CHAMBERS,6:45,2013,2013,"H607,H306,","UP,",8,"H6,H3,","H,",YARD,Texas,29.868314,-94.908429,6,Morning
Highway-rail impact,2013:05:UP:0513HO038,0,0,0,12667,100,0,0,HARRIS,5:44,2013,2013,"M308,","UP,",1,"M3,","M,",MAIN,Texas,29.632324,-95.206317,5,Morning
Derailments,2013:05:UP:0513SA002,0,0,493015,797204,0,0,0,ATASCOSA,7:57,2013,2013,"T213,","UP,",1,"T2,","T,",MAIN,Texas,29.232549,-98.799093,7,Morning
Derailments,2013:05:UP:0513ST002,0,0,100,15672,0,0,0,EL PASO,9:40,2013,2013,"H401,","UP,",1,"H4,","H,",MAIN,Texas,31.772642,-106.469146,9,Morning
Derailments,2013:05:XPCP:INDUSTRY,0,0,0,120000,0,0,0,NUECES,9:55,2013,2013,"M599,","CCPN,",7,"M5,","M,",YARD,Texas,27.816229,-97.415621,9,Morning
Derailments,2013:06:GMC:INDUSTRY,0,0,6270,21169,0,0,0,TARRANT,5:10,2013,2013,"E35C,","UP,",7,"E3,","E,",INDUSTRY,Texas,32.742299,-97.061694,5,Morning
Derailments,2013:06:KCS:13062901,0,0,4625,31976,0,0,0,WEBB,7:45,2013,2013,"T110,","KCS,",8,"T1,","T,",YARD,Texas,27.498534,-99.394556,7,Morning
Highway-rail impact,2013:06:UP:0613HO018,0,0,23100,750,2,0,0,HARRIS,6:55,2013,2013,"M303,M304,","KCS,UP,",1,"M3,","M,",MAIN,Texas,29.778161,-95.4265,6,Morning
Derailments,2013:06:UP:0613HO030,0,0,5160,10478,32,4,0,HARRIS,8:30,2013,2013,"S006,","UP,",7,"S0,","S,",YARD,Texas,29.807765,-95.292365,8,Morning
Derailments,2013:06:UP:0613HO039,0,0,24696,22348,0,0,0,HARRIS,7:13,2013,2013,"H514,H525,H503,","BNSF,UP,",1,"H5,","H,",MAIN,Texas,29.739726,-95.312604,7,Morning
Other events,2013:07:BNSF:KS0713115,0,0,250,10500,0,0,0,ROBERTS,10:00,2013,2013,"H997,","BNSF,",9,"H9,","H,",MAIN,Texas,35.692016,-100.639361,10,Morning
Derailments,2013:07:TIBR:D540913,0,0,6000,10500,0,0,0,HARDIN,8:10,2013,2013,"H021,","TIBR,",7,"H0,","H,",YARD,Texas,30.35243,-94.186654,8,Morning
Derailments,2013:07:UP:0713FW014,0,1,59749,269577,0,0,0,TARRANT,5:20,2013,2013,"H605,","UP,",1,"H6,","H,",SIDING,Texas,32.681121,-97.538166,5,Morning
Derailments,2013:07:UP:0713FW016,0,0,2541,9209,0,0,0,DALLAS,11:45,2013,2013,"H310,","UP,",75,"H3,","H,",YARD,Texas,32.695714,-96.739096,11,Morning
Highway-rail impact,2013:07:UP:0713SA012,0,1,227,18370,0,0,0,LA SALLE,10:30,2013,2013,"M302,M304,","UP,",1,"M3,","M,",MAIN,Texas,28.556281,-99.203527,10,Morning
Derailments,2013:08:BNSF:GC0813105,0,0,215400,48567,10,3,0,FREESTONE,7:36,2013,2013,"T111,","BNSF,",7,"T1,","T,",YARD,Texas,31.621957,-96.284293,7,Morning
Obstruction impact,2013:08:BNSF:GC0813118,0,1,0,40000,0,0,0,NAVARRO,11:40,2013,2013,"H997,","BNSF,",NA,"H9,","H,",MAIN,Texas,32.09762,-96.4608,11,Morning
Highway-rail impact,2013:08:BNSF:KS0813203,0,1,600,30093,2,0,0,DEAF SMITH,10:26,2013,2013,"M302,","BNSF,",1,"M3,","M,",MAIN,Texas,34.835781,-102.354043,10,Morning
Highway-rail impact,2013:08:BNSF:TX0813203,0,4,18300,1000,0,0,0,TARRANT,7:25,2013,2013,"M302,","BNSF,",1,"M3,","M,",MAIN,Texas,32.701314,-97.341463,7,Morning
Highway-rail impact,2013:08:PMSW:XA03,1,0,0,10000,0,0,0,LUBBOCK,11:45,2013,2013,"M308,M302,","PMSW,",7,"M3,","M,",INDUSTRY,Texas,33.538378,-101.793316,11,Morning
Derailments,2013:08:TXPF:08312013,0,0,8400,74500,0,0,0,COLEMAN,9:20,2013,2013,"T212,T222,","TXPF,",1,"T2,","T,",MAIN,Texas,31.77596,-99.71177,9,Morning
Other events,2013:08:UP:0813HO021,0,0,0,16272,0,0,0,HARRIS,6:00,2013,2013,"M507,","UP,",6,"M5,","M,",YARD,Texas,29.845161,-95.288492,6,Morning
Highway-rail impact,2013:08:UP:0813LK029,0,2,88455,387855,2,0,0,BOWIE,9:46,2013,2013,"M302,M304,","UP,",1,"M3,","M,",MAIN,Texas,33.365515,-94.236926,9,Morning
Derailments,2013:08:UP:0813SA011,0,0,1980,11513,0,0,0,BEXAR,5:30,2013,2013,"H602,","UP,",7,"H6,","H,",YARD,Texas,29.435673,-98.457541,5,Morning
Highway-rail impact,2013:08:UP:0813SA018,0,0,623,22721,0,0,0,BEXAR,6:18,2013,2013,"M302,","UP,",1,"M3,","M,",MAIN,Texas,29.294732,-98.638241,6,Morning
Derailments,2013:09:BNSF:GC0913103,0,0,2500,16790,1,1,0,FREESTONE,5:00,2013,2013,"T399,","BNSF,",7,"T3,","T,",YARD,Texas,31.626314,-96.285631,5,Morning
Derailments,2013:09:BNSF:GC0913113,0,0,1000,10240,0,0,0,FREESTONE,10:00,2013,2013,"H307,H702,","BNSF,",1,"H3,H7,","H,",YARD,Texas,31.645405,-96.294587,10,Morning
Derailments,2013:09:CCPN:CCP409313,0,0,15374,2000,0,0,0,NUECES,10:15,2013,2013,"T299,","CCPN,",7,"T2,","T,",YARD,Texas,27.819872,-97.456,10,Morning
Derailments,2013:09:UP:0913HO020,0,0,2475,51380,46,0,0,HARRIS,8:45,2013,2013,"T111,","UP,",1,"T1,","T,",YARD,Texas,29.797833,-95.292136,8,Morning
Derailments,2013:09:XTGS:F0142013,0,0,1500,9500,0,0,0,CHAMBERS,11:30,2013,2013,"H307,","XTGS,",7,"H3,","H,",INDUSTRY,Texas,29.695006,-94.891963,11,Morning
Derailments,2013:10:BNSF:GC1013119,0,0,190000,108750,0,0,0,BELL,9:00,2013,2014,"H399,","BNSF,",7,"H3,","H,",YARD,Texas,31.094622,-97.343823,9,Morning
Derailments,2013:10:GVSR:GVS428913,0,0,13300,5071,0,0,0,GALVESTON,11:30,2013,2014,"T113,T112,","GVSR,UP,",1,"T1,","T,",INDUSTRY,Texas,29.301351,-94.809859,11,Morning
Highway-rail impact,2013:10:UP:1013FW008,0,1,41875,66670,0,0,0,MIDLAND,9:15,2013,2014,"M304,","UP,",1,"M3,","M,",MAIN,Texas,32.04153,-101.984994,9,Morning
Other events,2013:10:UP:1013HO017,0,0,0,18933,12,0,0,WALLER,6:20,2013,2014,"E32C,","UP,",1,"E3,","E,",MAIN,Texas,30.20827,-96.074085,6,Morning
Highway-rail impact,2013:10:UP:1013LK003,0,0,0,10864,0,0,0,BOWIE,11:21,2013,2014,"M303,","UP,",1,"M3,","M,",MAIN,Texas,33.331138,-94.350788,11,Morning
Highway-rail impact,2013:10:UP:1013SA025,0,0,81950,26295,0,0,0,LA SALLE,11:45,2013,2014,"M304,","UP,",1,"M3,","M,",MAIN,Texas,28.437069,-99.233603,11,Morning
Derailments,2013:11:BNSF:GC1113100,0,0,22000,35785,0,0,0,BRAZORIA,5:20,2013,2014,"H307,H702,","BNSF,",76,"H3,H7,H3,H7,","H,",YARD,Texas,29.630057,-95.307163,5,Morning
Derailments,2013:11:BNSF:GC1113109,0,0,500,20277,4,1,0,HARRIS,7:45,2013,2014,"T314,","BNSF,",1,"T3,","T,",YARD,Texas,29.724359,-95.33618,7,Morning
Highway-rail impact,2013:11:BNSF:KS1113203,0,0,22300,1260,21,0,0,POTTER,5:00,2013,2014,"M302,","BNSF,",1,"M3,","M,",MAIN,Texas,35.241219,-101.689108,5,Morning
Highway-rail impact,2013:11:UP:1113FW014,0,0,1132,14567,1,0,0,MIDLAND,6:44,2013,2014,"M304,","UP,",1,"M3,","M,",MAIN,Texas,32.008065,-102.049987,6,Morning
Derailments,2013:11:UP:1113HO004,0,0,9318,4100,1,1,0,GALVESTON,7:53,2013,2014,"T211,","UP,",1,"T2,","T,",YARD,Texas,29.34599,-94.939137,7,Morning
Highway-rail impact,2013:11:UP:1113HO006,0,0,28650,8084,0,0,0,HARRIS,5:45,2013,2014,"M304,","UP,",1,"M3,","M,",MAIN,Texas,30.082848,-95.429988,5,Morning
Derailments,2013:11:UP:1113HO012,0,0,9426,21491,29,3,0,HARRIS,8:30,2013,2014,"H607,","UP,",1,"H6,","H,",MAIN,Texas,29.781604,-95.016697,8,Morning
Derailments,2013:12:BNSF:GC1213120,0,0,0,88020,0,0,0,NOLAN,10:30,2013,2014,"H601,","BNSF,",8,"H6,","H,",YARD,Texas,32.504533,-100.388177,10,Morning
Derailments,2013:12:BNSF:KS1213114,0,0,20475,1800,8,0,0,CARSON,10:03,2013,2014,"H702,","BNSF,",1,"H7,","H,",SIDING,Texas,35.323082,-101.424185,10,Morning
Derailments,2013:12:CMTY:D121413ATX,0,0,11000,21000,0,0,0,TRAVIS,10:45,2013,2014,"T215,T111,","AWRR,CMTY,UP,",1,"T2,T1,T2,","T,",SIDING,Texas,30.481944,-97.721098,10,Morning