AccidentType,inckey,Fatalities,Injuries,TrackDamage,EquipmentDamage,HazmatCars,HazmatCarsDerailed,HazmatCarsReleasing,County,DisplayTime,calendar,Fiscal,AccidentCause,RailroadCodes,RAILEQUIPMENT_TYPE,CauseGroup,CauseDiscipline,TYPE_OF_TRACK,StateName,latitude,longitude,hour,cat
Side collision,2013:12:KCS:13122701,0,0,0,52700,12,1,0,JEFFERSON,5:15,2013,2014,"H699,","KCS,",7,"H6,","H,",YARD,Texas,30.076189,-94.115644,5,Morning
Fire/violent rupture,2013:12:UP:1213HO028,0,0,0,150000,0,0,0,HARRIS,8:30,2013,2014,"E74L,","UP,",1,"E7,","E,",YARD,Texas,29.607143,-95.046885,8,Morning
Highway-rail impact,2013:12:UP:1213SA006,0,1,16000,0,0,0,0,BEXAR,8:30,2013,2014,"M304,","UP,",1,"M3,","M,",MAIN,Texas,29.535383,-98.451827,8,Morning
Derailments,2013:12:UP:1213SA008,0,0,50470,7226,0,0,0,BEXAR,8:10,2013,2014,"H599,","UP,",1,"H5,","H,",MAIN,Texas,29.530035,-98.457537,8,Morning
Highway-rail impact,2013:12:UP:1213SA010,0,0,0,27597,0,0,0,LA SALLE,10:00,2013,2014,"M308,","UP,",1,"M3,","M,",MAIN,Texas,28.351299,-99.27076,10,Morning
Derailments,2013:12:XCTX:INDUSTRY,0,0,5230,5647,2,1,0,GUADALUPE,5:30,2013,2014,"H702,","UP,",1,"H7,","H,",INDUSTRY,Texas,29.57914,-98.03122,5,Morning
Derailments,2013:12:XRWE:INDUSTRY,0,0,45950,462,14,2,0,MIDLAND,9:30,2013,2014,"T110,T001,","UP,",1,"T1,T0,","T,",INDUSTRY,Texas,31.97094,-102.121959,9,Morning
Obstruction impact,2014:01:BNSF:GC0114111,0,0,0,75000,0,0,0,GALVESTON,9:00,2014,2014,"H997,","BNSF,",9,"H9,","H,",YARD,Texas,29.302725,-94.811732,9,Morning
Other events,2014:01:BNSF:TX0114113,0,0,22000,500,0,0,0,TARRANT,9:45,2014,2014,"H522,","BNSF,",8,"H5,","H,",MAIN,Texas,32.80858,-97.320688,9,Morning
Derailments,2014:01:UP:0114FW013,0,0,5190,5917,0,0,0,TARRANT,11:15,2014,2014,"T403,","UP,",7,"T4,","T,",YARD,Texas,32.709713,-97.412358,11,Morning
Highway-rail impact,2014:01:UP:0114FW018,0,0,25050,8125,0,0,0,KAUFMAN,8:40,2014,2014,"M302,","UP,",1,"M3,","M,",MAIN,Texas,32.735765,-96.278539,8,Morning
Derailments,2014:01:UP:0114LK020,0,0,43748,15501,3,0,0,CAMP,7:02,2014,2014,"T299,","UP,",1,"T2,","T,",MAIN,Texas,32.997255,-94.968584,7,Morning
Derailments,2014:01:UP:0114LV015,0,0,7488,4369,20,0,0,JEFFERSON,8:25,2014,2014,"S007,","UP,",75,"S0,","S,",YARD,Texas,30.073104,-94.150925,8,Morning
Derailments,2014:01:UP:0114SA006,0,0,52587,11249,2,0,0,BEXAR,8:30,2014,2014,"H312,","UP,",75,"H3,","H,",YARD,Texas,29.373834,-98.559298,8,Morning
Derailments,2014:01:UP:0114SA017,0,0,269621,181399,22,0,0,BEXAR,6:00,2014,2014,"H607,","UP,",1,"H6,","H,",YARD,Texas,29.460142,-98.404056,6,Morning
Derailments,2014:02:UP:0214FW015,0,0,210690,124775,20,0,0,TARRANT,5:30,2014,2014,"T110,","UP,",7,"T1,","T,",YARD,Texas,32.713025,-97.403077,5,Morning
Derailments,2014:02:UP:0214LV002,0,0,19760,2772,1,1,0,JEFFERSON,5:00,2014,2014,"T220,","UP,",7,"T2,","T,",YARD,Texas,30.072431,-94.155611,5,Morning
Obstruction impact,2014:02:UP:0214SA009,0,1,0,17866,0,0,0,WEBB,7:30,2014,2014,"M402,","UP,",1,"M4,","M,",MAIN,Texas,28.007582,-99.365566,7,Morning
Derailments,2014:03:TNMR:TN030514,0,0,500,12150,0,0,0,WARD,10:45,2014,2014,"H018,","TNMR,",1,"H0,","H,",MAIN,Texas,31.595575,-102.920457,10,Morning
Other events,2014:03:UP:0314FW016,0,0,30976,0,0,0,0,JOHNSON,11:20,2014,2014,"H402,H404,","BNSF,UP,",NA,"H4,","H,",MAIN,Texas,32.404771,-97.227703,11,Morning
Highway-rail impact,2014:03:UP:0314HO018,0,0,15099,2341,0,0,0,HARRIS,8:25,2014,2014,"M304,","KCS,UP,",1,"M3,","M,",MAIN,Texas,29.808901,-95.266312,8,Morning
Derailments,2014:03:UP:0314LV017,0,0,1434,27173,0,0,0,JEFFERSON,5:30,2014,2014,"H306,","UP,",7,"H3,","H,",YARD,Texas,30.072225,-94.157445,5,Morning
Derailments,2014:04:BNSF:TX0414104,0,0,4950,7300,0,0,0,ELLIS,10:55,2014,2014,"T111,","BNSF,",1,"T1,","T,",YARD,Texas,32.465331,-97.029324,10,Morning
Highway-rail impact,2014:04:KCS:14041001,0,0,0,15841,0,0,0,JEFFERSON,7:55,2014,2014,"M303,","KCS,",NA,"M3,","M,",YARD,Texas,29.98059,-93.99462,7,Morning
Derailments,2014:04:UP:0414FW014,0,0,46820,555,0,0,0,TARRANT,11:45,2014,2014,"T313,T299,","UP,",7,"T3,T2,","T,",YARD,Texas,32.723816,-97.377019,11,Morning
Highway-rail impact,2014:04:UP:0414FW036,0,0,41074,0,0,0,0,DALLAS,7:56,2014,2014,"M399,","UP,",1,"M3,","M,",MAIN,Texas,32.777175,-96.873841,7,Morning
Derailments,2014:04:UP:0414LV010,0,0,35275,408,0,0,0,JEFFERSON,6:00,2014,2014,"S099,","UP,",7,"S0,","S,",YARD,Texas,30.071078,-94.165627,6,Morning
Highway-rail impact,2014:04:UP:0414SA002,0,1,0,14292,0,0,0,LA SALLE,8:00,2014,2014,"M302,M304,","UP,",1,"M3,","M,",MAIN,Texas,28.521466,-99.213904,8,Morning
Derailments,2014:04:UP:0414SA005,0,0,26847,13684,0,0,0,BEXAR,10:00,2014,2014,"H306,","UP,",7,"H3,","H,",YARD,Texas,29.383894,-98.550164,10,Morning
Highway-rail impact,2014:04:UP:0414SA014,0,0,6239,11326,0,0,0,LAVACA,9:19,2014,2014,"M303,","UP,",1,"M3,","M,",MAIN,Texas,29.542312,-97.151569,9,Morning
Other events,2014:05:BNSF:GC0514107,0,0,10600,0,0,0,0,BELL,11:30,2014,2014,"M409,","BNSF,",7,"M4,","M,",YARD,Texas,31.09367,-97.34253,11,Morning
Raking collision,2014:05:BNSF:KS0514109,0,0,0,64346,0,0,0,POTTER,11:00,2014,2014,"H318,H021,","BNSF,",7,"H3,H0,","H,",YARD,Texas,35.174365,-101.838737,11,Morning
Other impacts,2014:05:KCS:14052301,0,0,0,28402,11,1,0,NUECES,5:20,2014,2014,"H306,","KCS,",57,"H3,","H,",YARD,Texas,27.785819,-97.473964,5,Morning
Derailments,2014:05:RVSC:RV14026,0,0,16751,832,0,0,0,CAMERON,11:00,2014,2014,"T399,","RVSC,UP,",1,"T3,","T,",YARD,Texas,26.20248,-97.70518,11,Morning
Derailments,2014:05:UP:0514FW011,0,0,8510,6058,3,0,0,TARRANT,7:25,2014,2014,"T221,","UP,",1,"T2,","T,",YARD,Texas,32.756713,-97.322403,7,Morning
Other impacts,2014:05:UP:0514HO010,0,0,1485,21121,33,3,0,HARRIS,5:17,2014,2014,"M411,","UP,",75,"M4,","M,",YARD,Texas,29.795256,-95.29247,5,Morning
Highway-rail impact,2014:05:UP:0514LK002,0,0,23898,1693,0,0,0,HARRISON,7:10,2014,2014,"M302,","UP,",1,"M3,","M,",MAIN,Texas,32.504451,-94.645158,7,Morning
Highway-rail impact,2014:06:BNSF:TX0614200,0,1,0,20493,5,0,0,WISE,9:30,2014,2014,"M303,M304,","BNSF,UP,",1,"M3,","M,",MAIN,Texas,33.197511,-97.561064,9,Morning
Derailments,2014:06:TXPF:06082014,0,0,13000,600,0,0,0,TOM GREEN,11:25,2014,2014,"T222,T210,","TXPF,",7,"T2,","T,",YARD,Texas,31.493199,-100.413631,11,Morning
Derailments,2014:06:UP:0614FW022,0,0,95258,16551,0,0,0,TARRANT,8:30,2014,2014,"T110,","UP,",1,"T1,","T,",YARD,Texas,32.743182,-97.312547,8,Morning
Derailments,2014:06:UP:0614HO030,0,0,245831,247917,34,1,1,GRIMES,6:10,2014,2014,"T210,","UP,",1,"T2,","T,",SIDING,Texas,30.361677,-96.063341,6,Morning
Highway-rail impact,2014:06:UP:0614SA015,0,0,0,22362,0,0,0,LA SALLE,10:30,2014,2014,"M308,M304,","UP,",1,"M3,","M,",MAIN,Texas,28.602179,-99.189637,10,Morning
Derailments,2014:06:UP:0614SA020,0,0,990,115764,0,0,0,BEXAR,5:30,2014,2014,"E69L,T399,","UP,",7,"E6,T3,","E,T,",YARD,Texas,29.436271,-98.467798,5,Morning
Derailments,2014:06:XTGS:F0142014,0,0,25000,2200,0,0,0,CHAMBERS,8:30,2014,2014,"T110,","XTGS,",7,"T1,","T,",INDUSTRY,Texas,29.713945,-94.896251,8,Morning
Derailments,2014:07:BNSF:GC0714108,0,0,26400,203968,1,1,0,FREESTONE,9:05,2014,2014,"H318,H302,","BNSF,",7,"H3,","H,",YARD,Texas,31.637087,-96.289066,9,Morning
Derailments,2014:07:CMC:0714002,0,0,20554,7683,1,1,0,LIBERTY,6:45,2014,2014,"T309,H703,","BNSF,CMC,",7,"T3,H7,","T,H,",YARD,Texas,30.027864,-94.904446,6,Morning
Derailments,2014:07:TXNW:TXNW070514,0,0,0,150000,5,5,0,MOORE,10:00,2014,2014,"H306,","TXNW,",7,"H3,","H,",YARD,Texas,36.016702,-101.824616,10,Morning
Derailments,2014:07:UP:0714FW022,0,0,156509,3225,9,0,0,PALO PINTO,5:35,2014,2014,"E53C,","UP,",1,"E5,","E,",MAIN,Texas,32.54625,-98.314123,5,Morning
Derailments,2014:07:UP:0714FW026,0,0,9127,5075,0,0,0,TARRANT,11:20,2014,2014,"E79L,","UP,",7,"E7,","E,",YARD,Texas,32.727964,-97.371255,11,Morning
Derailments,2014:07:UP:0714FW034,0,0,14000,6377,0,0,0,DALLAS,6:20,2014,2014,"M507,","UP,",1,"M5,","M,",YARD,Texas,32.708686,-96.746695,6,Morning
Highway-rail impact,2014:07:UP:0714SA015,0,1,81250,7729,3,0,0,LA SALLE,8:25,2014,2014,"M304,","UP,",1,"M3,","M,",MAIN,Texas,28.577798,-99.196965,8,Morning
Derailments,2014:07:UP:0714SA016,0,0,47770,6458,0,0,0,BEXAR,11:30,2014,2014,"H523,","UP,",7,"H5,","H,",YARD,Texas,29.435763,-98.454862,11,Morning
Other impacts,2014:08:BNSF:GC0814106,0,0,0,61602,0,0,0,GALVESTON,6:30,2014,2014,"H601,","BNSF,",7,"H6,","H,",YARD,Texas,29.294441,-94.84166,6,Morning
Derailments,2014:08:BNSF:TX0814107,0,0,18000,600,0,0,0,TARRANT,7:15,2014,2014,"H019,H503,","BNSF,FWWR,",7,"H0,H5,H0,H5,","H,",YARD,Texas,32.813758,-97.322292,7,Morning
Derailments,2014:08:UP:0814HO011,0,0,24232,644,4,0,0,HARRIS,10:52,2014,2014,"M404,","UP,",7,"M4,","M,",YARD,Texas,29.797833,-95.292136,10,Morning
Derailments,2014:08:UP:0814LV014,0,0,25036,1750,1,1,0,JEFFERSON,11:06,2014,2014,"T110,","BNSF,UP,",7,"T1,","T,",YARD,Texas,30.074636,-94.139568,11,Morning
Raking collision,2014:09:ATR:140878,0,0,0,43435,0,0,0,TARRANT,9:15,2014,2014,"H021,H022,","ATR,BNSF,",15,"H0,","H,",YARD,Texas,32.977951,-97.343303,9,Morning
Fire/violent rupture,2014:09:UP:0914HO011,0,0,73177,9919,0,0,0,HARRIS,8:14,2014,2014,"M405,","UP,",1,"M4,","M,",YARD,Texas,30.061718,-95.412569,8,Morning
Derailments,2014:09:ZCVP:INDUSTRY,0,0,20000,10000,0,0,0,HARRIS,11:25,2014,2014,"H704,","SGSC,",7,"H7,","H,",SIDING,Texas,29.723056,-95.180964,11,Morning
Derailments,2014:10:BNSF:GC1014108,0,0,71100,29410,1,1,0,BELL,5:00,2014,2015,"H021,","BNSF,",7,"H0,","H,",MAIN,Texas,31.086385,-97.337523,5,Morning
Rear end collision,2014:10:BNSF:GC1014115,0,0,0,50250,0,0,0,BURLESON,10:45,2014,2015,"H997,","BNSF,",19,"H9,","H,",MAIN,Texas,30.502013,-96.663848,10,Morning
Other impacts,2014:10:BNSF:TX1014101,0,0,1800,26020,1,1,0,TARRANT,10:35,2014,2015,"H306,","BNSF,",7,"H3,","H,",YARD,Texas,33.000491,-97.322444,10,Morning
Derailments,2014:10:UP:1014SA016,0,2,92657,1904391,0,0,0,ATASCOSA,6:33,2014,2015,"T207,","UP,",1,"T2,","T,",MAIN,Texas,29.119644,-98.492851,6,Morning
Derailments,2014:10:VMQ:INDUSTRY,0,0,500,39800,0,0,0,HARRIS,9:05,2014,2015,"T110,","BNSF,",1,"T1,","T,",INDUSTRY,Texas,30.057174,-95.590221,9,Morning
Derailments,2014:10:XMMM:INDUSTRY,0,0,27420,47534,0,0,0,SAN PATRICIO,10:00,2014,2015,"T106,","UP,",1,"T1,","T,",INDUSTRY,Texas,27.922226,-97.290603,10,Morning
Derailments,2014:11:BNSF:GC1114104,0,0,1000,20278,2,2,0,BROWN,10:00,2014,2015,"T207,","BNSF,",1,"T2,","T,",YARD,Texas,31.714015,-98.986881,10,Morning
Rear end collision,2014:11:BNSF:PR1114104,0,1,0,25250,0,0,0,POTTER,10:30,2014,2015,"H104,","BNSF,",91,"H1,","H,",MAIN,Texas,35.369598,-101.814479,10,Morning
Derailments,2014:11:CMEX:INDUSTRY,0,0,2745,14398,0,0,0,HARRIS,11:30,2014,2015,"T111,T205,","UP,",1,"T1,T2,","T,",INDUSTRY,Texas,29.750997,-95.315624,11,Morning
Derailments,2014:11:UP:1114FW006,0,1,102613,278772,7,3,0,LIMESTONE,10:40,2014,2015,"M204,","UP,",1,"M2,","M,",SIDING,Texas,31.306726,-96.628942,10,Morning
Highway-rail impact,2014:11:UP:1114FW008,0,0,0,12778,0,0,0,MIDLAND,5:30,2014,2015,"M304,","UP,",1,"M3,","M,",MAIN,Texas,31.912995,-102.234173,5,Morning
Highway-rail impact,2014:11:UP:1114SA007,0,0,25684,1305,16,0,0,VAL VERDE,6:00,2014,2015,"M303,","UP,",1,"M3,","M,",MAIN,Texas,29.355868,-100.922362,6,Morning
Obstruction impact,2014:11:UP:1114SA012,0,0,0,50000,0,0,0,VAL VERDE,11:26,2014,2015,"H606,","UP,",NA,"H6,","H,",MAIN,Texas,29.817712,-101.508204,11,Morning
Highway-rail impact,2014:11:UP:1114SA014,0,1,0,18000,0,0,0,COMAL,8:05,2014,2015,"M308,","ATK,UP,",2,"M3,","M,",MAIN,Texas,29.67963,-98.158584,8,Morning
Highway-rail impact,2014:11:UP:1114SA015,0,0,239,66553,0,0,0,WEBB,7:09,2014,2015,"M304,","UP,",1,"M3,","M,",MAIN,Texas,27.944081,-99.385039,7,Morning
Derailments,2014:12:BNSF:GC1214106,0,0,5500,8074,5,3,0,BROWN,9:20,2014,2015,"T202,","BNSF,",1,"T2,","T,",YARD,Texas,31.713162,-98.990199,9,Morning
Derailments,2014:12:KCS:14120901,0,1,70384,191654,0,0,0,HARRISON,5:06,2014,2015,"H605,H704,","KCS,",1,"H6,H7,","H,",MAIN,Texas,32.662596,-94.165404,5,Morning
Derailments,2014:12:UP:1214FW028,0,0,19997,478,0,0,0,DALLAS,8:00,2014,2015,"T110,","UP,",7,"T1,","T,",YARD,Texas,32.721828,-96.753887,8,Morning
Other impacts,2014:12:UP:1214HO006,0,0,0,12930,1,1,0,HARRIS,7:10,2014,2015,"H318,","UP,",51,"H3,","H,",YARD,Texas,29.784562,-95.016731,7,Morning
Highway-rail impact,2014:12:UP:1214HO014,0,0,35231,1400,0,0,0,NUECES,10:38,2014,2015,"M304,","KCS,UP,",1,"M3,","M,",MAIN,Texas,27.571722,-97.816543,10,Morning
Obstruction impact,2014:12:UP:1214HO021,0,0,57,13094,0,0,0,HARRIS,10:17,2014,2015,"M202,","UP,",57,"M2,","M,",YARD,Texas,29.816562,-95.287975,10,Morning
Derailments,2014:12:XALD:INDUSTRY,0,0,19997,14400,0,0,0,DALLAS,5:00,2014,2015,"T110,","UP,",8,"T1,","T,",INDUSTRY,Texas,32.721828,-96.753887,5,Morning
Derailments,2014:12:XMMM:INDUSTRY,0,0,21999,32961,0,0,0,SAN PATRICIO,9:30,2014,2015,"T110,","UP,",1,"T1,","T,",INDUSTRY,Texas,27.92076,-97.287804,9,Morning
Derailments,2015:01:UP:0115HO029,0,0,883,15297,8,0,0,NUECES,11:50,2015,2015,"H607,H303,","UP,",7,"H6,H3,","H,",YARD,Texas,27.82589,-97.497255,11,Morning
Derailments,2015:01:UP:0115ST006,0,0,56330,278,0,0,0,EL PASO,5:00,2015,2015,"T314,","UP,",1,"T3,","T,",YARD,Texas,31.752846,-106.38734,5,Morning
Derailments,2015:01:ZKDM:INDUSTRY,0,0,13500,150,0,0,0,HARRIS,9:30,2015,2015,"T202,","UP,",7,"T2,","T,",INDUSTRY,Texas,29.751966,-95.309969,9,Morning
Derailments,2015:02:BNSF:GC0215113,0,0,0,24500,0,0,0,BURLESON,11:50,2015,2015,"H997,","BNSF,",NA,"H9,","H,",MAIN,Texas,30.627629,-96.789934,11,Morning
Highway-rail impact,2015:02:BNSF:KS0215201,0,0,150000,700,18,0,0,LUBBOCK,8:35,2015,2015,"M302,M308,","BNSF,",1,"M3,","M,",MAIN,Texas,33.559962,-101.814398,8,Morning
Side collision,2015:02:UP:0215FW023,0,0,1617,94703,2,1,0,DALLAS,7:40,2015,2015,"H306,","UP,",71,"H3,","H,",YARD,Texas,32.717814,-96.751964,7,Morning
Derailments,2015:02:UP:0215HO022,0,0,176770,6029,0,0,0,SAN PATRICIO,7:20,2015,2015,"T313,","UP,",1,"T3,","T,",YARD,Texas,27.946662,-97.579769,7,Morning
Derailments,2015:02:UP:0215HO030,0,0,3196,48564,0,0,0,HARRIS,11:00,2015,2015,"T212,","UP,",7,"T2,","T,",INDUSTRY,Texas,29.787491,-95.442519,11,Morning
Other impacts,2015:02:UP:0215HO033,0,0,0,23008,0,0,0,HARRIS,6:26,2015,2015,"M411,","UP,",7,"M4,","M,",YARD,Texas,29.81572,-95.288298,6,Morning
Raking collision,2015:02:UP:0215LV006,0,0,0,16315,0,0,0,JEFFERSON,5:35,2015,2015,"M507,","UP,",75,"M5,","M,",YARD,Texas,30.073242,-94.149314,5,Morning
Other events,2015:02:UP:0215SA025,0,0,14058,9554,0,0,0,GONZALES,5:49,2015,2015,"E34C,","UP,",1,"E3,","E,",MAIN,Texas,29.679239,-97.221274,5,Morning
Derailments,2015:02:UP:0215SA026,0,0,27800,43767,0,0,0,BEXAR,6:00,2015,2015,"H704,","UP,",1,"H7,","H,",MAIN,Texas,29.408019,-98.510775,6,Morning
Derailments,2015:02:XLAP:INDUSTRY,0,0,10098,72639,0,0,0,GREGG,10:30,2015,2015,"T110,","UP,",1,"T1,","T,",INDUSTRY,Texas,32.494056,-94.728901,10,Morning
Raking collision,2015:03:UP:0315HU002,0,7,16753,117601,0,0,0,HARRIS,10:05,2015,2015,"E99L,","UP,",8,"E9,","E,",YARD,Texas,29.824722,-95.290816,10,Morning
Derailments,2015:03:UP:0315SA011,0,0,26038,10169,0,0,0,WILLIAMSON,5:10,2015,2015,"T314,","UP,",1,"T3,","T,",YARD,Texas,30.567698,-97.404039,5,Morning
Derailments,2015:04:CLCQ:INDUSTRY,0,0,1400,15809,8,1,0,BEXAR,9:15,2015,2015,"H307,","UP,",7,"H3,","H,",INDUSTRY,Texas,29.347301,-98.461477,9,Morning
Derailments,2015:04:UP:0415FW011,0,0,186739,100973,0,0,0,DALLAS,9:55,2015,2015,"T113,","UP,",7,"T1,","T,",YARD,Texas,32.701306,-96.742338,9,Morning
Fire/violent rupture,2015:04:UP:0415HO038,0,0,0,331568,0,0,0,JACKSON,10:46,2015,2015,"E73L,","UP,",1,"E7,","E,",MAIN,Texas,28.844882,-96.418261,10,Morning
Derailments,2015:04:UP:0415HO039,0,0,4093,47622,29,1,0,HARRIS,5:08,2015,2015,"T204,","UP,",7,"T2,","T,",YARD,Texas,29.686408,-95.038461,5,Morning
Derailments,2015:04:ZKMT:INDUSTRY,0,0,4864,12138,3,0,0,JEFFERSON,8:00,2015,2015,"T216,","UP,",1,"T2,","T,",INDUSTRY,Texas,29.835168,-93.968162,8,Morning
Derailments,2015:05:BNSF:GC0515109,0,0,17500,600,0,0,0,GALVESTON,11:00,2015,2015,"H702,","BNSF,",7,"H7,","H,",YARD,Texas,29.294613,-94.839284,11,Morning
Derailments,2015:05:BNSF:KS0515117,0,0,1000,18826,0,0,0,POTTER,8:00,2015,2015,"H505,","BNSF,",7,"H5,","H,",YARD,Texas,35.212707,-101.830417,8,Morning
Derailments,2015:05:BNSF:TX0515101,0,0,190448,1017493,0,0,0,TARRANT,6:50,2015,2015,"M105,","BNSF,",1,"M1,","M,",MAIN,Texas,32.921943,-97.361386,6,Morning
Other events,2015:05:MOSJ:INDUSTRY,0,0,16000,500,0,0,0,HARRIS,11:45,2015,2015,"H307,H997,","PTRA,",6,"H3,H9,","H,",INDUSTRY,Texas,29.742388,-95.11503,11,Morning
Derailments,2015:05:TXR:TXR150520,0,0,0,11076,0,0,0,BROWN,11:30,2015,2015,"T110,","TXR,",7,"T1,","T,",INDUSTRY,Texas,31.683035,-98.989086,11,Morning
Fire/violent rupture,2015:05:UP:0515FW009,0,0,0,24590,0,0,0,TARRANT,10:20,2015,2015,"E99C,","UP,",5,"E9,","E,",YARD,Texas,32.767257,-97.323313,10,Morning
Derailments,2015:05:UP:0515FW017,0,0,46581,3128,0,0,0,TAYLOR,9:45,2015,2015,"T207,","UP,",1,"T2,","T,",YARD,Texas,32.448967,-99.732792,9,Morning
Derailments,2015:05:UP:0515FW024,0,0,504331,93817,0,0,0,ELLIS,9:50,2015,2015,"T002,","UP,",1,"T0,","T,",MAIN,Texas,32.522115,-97.014629,9,Morning
Other impacts,2015:05:UP:0515HO006,0,0,12355,492,0,0,0,HARRIS,8:05,2015,2015,"M411,","UP,",75,"M4,","M,",YARD,Texas,29.81641,-95.290373,8,Morning
Derailments,2015:05:UP:0515HO032,0,0,61652,120000,7,7,0,HARRIS,5:50,2015,2015,"T212,T207,","BNSF,UP,",7,"T2,","T,",YARD,Texas,29.807848,-95.268569,5,Morning
Obstruction impact,2015:05:UP:0515LK033,0,0,600,22000,0,0,0,MARION,9:35,2015,2015,"M404,","ATK,UP,",2,"M4,","M,",MAIN,Texas,32.787882,-94.334025,9,Morning
Other events,2015:06:BNSF:TX0615118,0,0,0,41347,0,0,0,COLLIN,8:00,2015,2015,"H997,","BNSF,",NA,"H9,","H,",MAIN,Texas,33.1373,-96.836195,8,Morning
Derailments,2015:06:UP:0615FW029,0,0,270,12302,6,0,0,DALLAS,7:45,2015,2015,"T205,","UP,",7,"T2,","T,",YARD,Texas,32.715206,-96.750459,7,Morning
Highway-rail impact,2015:06:UP:0615FW034,0,0,0,29526,15,0,0,ECTOR,9:25,2015,2015,"M303,M302,","UP,",1,"M3,","M,",MAIN,Texas,31.656906,-102.737516,9,Morning
Derailments,2015:06:UP:0615HO012,0,0,194670,400580,0,0,0,HARRIS,11:15,2015,2015,"T111,H524,","BNSF,PTRA,UP,",7,"T1,H5,","T,H,",MAIN,Texas,29.74807,-95.293037,11,Morning
Other events,2015:06:UP:0615HO015,0,0,0,19803,0,0,0,HARRIS,10:21,2015,2015,"M507,","UP,",5,"M5,","M,",YARD,Texas,29.803412,-95.300268,10,Morning
Derailments,2015:06:UP:0615HO017,0,0,465715,134080,9,0,0,HARRIS,8:34,2015,2015,"T108,T102,","KCS,UP,",1,"T1,","T,",MAIN,Texas,29.776324,-95.443178,8,Morning
Highway-rail impact,2015:06:UP:0615HO018,0,2,0,17587,0,0,0,CAMERON,8:45,2015,2015,"M303,","UP,",1,"M3,","M,",MAIN,Texas,26.295752,-97.765302,8,Morning
Other impacts,2015:06:UP:0615HO051,0,0,0,28723,0,0,0,HARRIS,8:08,2015,2015,"M404,","UP,",75,"M4,","M,",YARD,Texas,29.690912,-95.050439,8,Morning
Derailments,2015:06:UP:0615SA016,0,0,44825,384834,0,0,0,AUSTIN,7:31,2015,2015,"T002,","UP,",1,"T0,","T,",INDUSTRY,Texas,29.780532,-96.127607,7,Morning
Raking collision,2015:06:XTEX:INDUSTRY,0,0,0,100520,0,0,0,JOHNSON,10:52,2015,2015,"H306,H302,","BNSF,",1,"H3,","H,",INDUSTRY,Texas,32.427087,-97.130376,10,Morning
Derailments,2015:07:BNSF:KS0715100,0,0,0,121471,0,0,0,LUBBOCK,9:45,2015,2015,"H020,","BNSF,",7,"H0,","H,",YARD,Texas,33.57028,-101.82422,9,Morning
Rear end collision,2015:07:BNSF:KS0715105,0,0,0,14753,0,0,0,POTTER,10:00,2015,2015,"H306,","BNSF,",7,"H3,","H,",YARD,Texas,35.186991,-101.833438,10,Morning
Derailments,2015:07:PTRA:2015000025,0,0,1500,28500,1,1,0,HARRIS,10:00,2015,2015,"H020,","PTRA,",6,"H0,","H,",YARD,Texas,29.726501,-95.19122,10,Morning
Derailments,2015:07:UP:0715FW010,0,0,41443,4751,0,0,0,TARRANT,6:00,2015,2015,"T207,","UP,",7,"T2,","T,",YARD,Texas,32.727291,-97.366957,6,Morning
Other impacts,2015:07:UP:0715HO001,0,0,57,26090,2,1,0,HARRIS,6:38,2015,2015,"T403,","UP,",75,"T4,","T,",YARD,Texas,29.807805,-95.292335,6,Morning
Derailments,2015:07:UP:0715HO023,0,0,27312,1200,0,0,0,WALKER,9:40,2015,2015,"T109,","UP,",1,"T1,","T,",INDUSTRY,Texas,30.70483,-95.47475,9,Morning
Other impacts,2015:07:UP:0715HO030,0,0,0,11590,0,0,0,HARRIS,10:40,2015,2015,"H317,","UP,",75,"H3,","H,",YARD,Texas,29.807805,-95.292335,10,Morning
Raking collision,2015:07:UP:0715LV005,0,0,114,27508,2,2,0,JEFFERSON,11:30,2015,2015,"H602,","UP,",7,"H6,","H,",YARD,Texas,30.074373,-94.141208,11,Morning
Other impacts,2015:07:UP:0715LV006,0,0,0,14518,1,1,0,JEFFERSON,5:15,2015,2015,"M407,","UP,",57,"M4,","M,",YARD,Texas,30.074373,-94.141208,5,Morning
Derailments,2015:07:UP:0715SA019,0,0,23308,13629,0,0,0,WILLIAMSON,9:30,2015,2015,"T101,","UP,",1,"T1,","T,",MAIN,Texas,30.567556,-97.407072,9,Morning
Derailments,2015:07:XTBM:INDUSTRY,0,0,3857,7734,0,0,0,BEXAR,10:00,2015,2015,"T110,","UP,",1,"T1,","T,",INDUSTRY,Texas,29.376214,-98.47605,10,Morning
Highway-rail impact,2015:08:DCTA:DCTA15001,1,0,176514,316000,0,0,0,DENTON,8:40,2015,2015,"M302,","DCTA,",NA,"M3,","M,",MAIN,Texas,33.122588,-97.032478,8,Morning
Raking collision,1975:03:PTRA:C1,0,0,0,3500,0,0,0,HARRIS,7:00,1975,1975,"H301,","PTRA,",7,"H3,","H,",YARD,Texas,31.827233,-99.423022,7,Morning
Derailments,2015:08:KCS:15082901,0,0,10153,2000,6,0,0,MARION,9:26,2015,2015,"E64C,","KCS,",1,"E6,","E,",SIDING,Texas,32.829227,-94.495767,9,Morning