AccidentType,inckey,Fatalities,Injuries,TrackDamage,EquipmentDamage,HazmatCars,HazmatCarsDerailed,HazmatCarsReleasing,County,DisplayTime,calendar,Fiscal,AccidentCause,RailroadCodes,RAILEQUIPMENT_TYPE,CauseGroup,CauseDiscipline,TYPE_OF_TRACK,StateName,latitude,longitude,hour,cat
Derailments,2015:08:UP:0815FW015,0,0,8350,9622,0,0,0,TARRANT,10:30,2015,2015,"T403,","UP,",8,"T4,","T,",YARD,Texas,32.726102,-97.369321,10,Morning
Derailments,2015:08:UP:0815HO037,0,0,30412,3410,36,0,0,HARRIS,9:10,2015,2015,"T221,","UP,",7,"T2,","T,",YARD,Texas,29.794361,-95.291921,9,Morning
Raking collision,2015:08:UP:0815SA012,0,0,0,11017,0,0,0,BEXAR,5:50,2015,2015,"H509,","UP,",87,"H5,","H,",YARD,Texas,29.436455,-98.468057,5,Morning
Side collision,2015:09:BNSF:TX0915104,0,0,6000,90000,0,0,0,DENTON,5:30,2015,2015,"H607,","ATR,BNSF,",18,"H6,","H,",YARD,Texas,33.009828,-97.353229,5,Morning
Other events,2015:09:UP:0915FW001,0,0,0,34094,0,0,0,TARRANT,8:00,2015,2015,"E29C,","UP,",5,"E2,","E,",YARD,Texas,32.724333,-97.377708,8,Morning
Derailments,2015:09:UP:0915HO024,0,0,12153,194,8,1,0,HARRIS,10:48,2015,2015,"S007,","UP,",7,"S0,","S,",YARD,Texas,29.825884,-95.289484,10,Morning
Derailments,2015:09:XTGS:F0102015,0,0,76843,145000,0,0,0,CHAMBERS,9:15,2015,2015,"E46C,","XTGS,",7,"E4,","E,",INDUSTRY,Texas,29.713945,-94.896251,9,Morning
Derailments,2015:10:BNSF:GC1015110,0,0,334000,28933,0,0,0,JEFFERSON,7:30,2015,2016,"M404,","BNSF,",1,"M4,","M,",YARD,Texas,30.093626,-94.115884,7,Morning
Derailments,2015:10:BNSF:GC1015111,0,0,250,25000,0,0,0,NOLAN,11:00,2015,2016,"H607,H303,","BNSF,",7,"H6,H3,","H,",YARD,Texas,32.503312,-100.398649,11,Morning
Derailments,2015:10:RLGX:10302015,0,0,0,16172,0,0,0,HARRIS,7:10,2015,2016,"H306,","RLGX,",7,"H3,","H,",YARD,Texas,29.642992,-95.038339,7,Morning
Highway-rail impact,2015:10:UP:1015FW013,0,0,18990,1680,0,0,0,TARRANT,10:30,2015,2016,"M303,","UP,",1,"M3,","M,",MAIN,Texas,32.718132,-97.328835,10,Morning
Derailments,2015:10:UP:1015HO002,0,0,237295,47500,5,1,0,HARRIS,7:35,2015,2016,"M507,H503,","KCS,UP,",1,"M5,H5,","M,H,",MAIN,Texas,29.810558,-95.262275,7,Morning
Other impacts,2015:10:UP:1015HO012,0,0,2497,27939,0,0,0,HARRIS,10:55,2015,2016,"M404,","UP,",7,"M4,","M,",YARD,Texas,29.807805,-95.292335,10,Morning
Fire/violent rupture,2015:10:UP:1015HO020,0,0,0,58490,0,0,0,HARRIS,9:00,2015,2016,"E79L,","UP,",1,"E7,","E,",MAIN,Texas,29.771822,-95.312568,9,Morning
Derailments,2015:10:UP:1015LK013,0,0,704222,489487,0,0,0,BOWIE,11:52,2015,2016,"T102,","UP,",1,"T1,","T,",MAIN,Texas,33.309634,-94.522995,11,Morning
Highway-rail impact,2015:10:UP:1015SA010,0,1,120000,6605,0,0,0,FRIO,9:22,2015,2016,"M302,M303,","UP,",1,"M3,","M,",MAIN,Texas,28.84164,-99.11145,9,Morning
Derailments,2015:11:BNSF:GC1115101,0,0,30400,0,0,0,0,BROWN,8:30,2015,2016,"T111,","BNSF,TXR,",1,"T1,","T,",YARD,Texas,31.713845,-98.967473,8,Morning
Derailments,2015:11:BNSF:TX1115113,0,0,57528,3000,0,0,0,ARMSTRONG,6:25,2015,2016,"S011,","BNSF,",1,"S0,","S,",MAIN,Texas,35.086071,-101.29336,6,Morning
Derailments,2015:11:UP:1115HO010,0,0,138492,17300,0,0,0,LIBERTY,8:30,2015,2016,"T102,T001,T104,","BNSF,UP,",7,"T1,T0,T1,","T,",MAIN,Texas,29.994569,-94.907461,8,Morning
Side collision,1975:02:TP:P5006,0,0,550,4240,32,3,0,TARRANT,11:40,1975,1975,"H403,","TP,",7,"H4,","H,",YARD,Texas,31.827233,-99.423022,11,Morning
Derailments,2015:11:UP:1115SA005,0,0,6212,7926,0,0,0,BEXAR,8:48,2015,2016,"T303,","UP,",1,"T3,","T,",MAIN,Texas,29.348933,-98.581431,8,Morning
Derailments,2015:11:XVEF:INDUSTRY,0,0,2500,13599,0,0,0,TARRANT,7:20,2015,2016,"H307,","BNSF,",7,"H3,","H,",INDUSTRY,Texas,32.873027,-97.36562,7,Morning
Other events,2015:12:ANR:9515,0,0,2000,1120000,0,0,0,ANGELINA,7:15,2015,2016,"M105,","ANR,",6,"M1,","M,",YARD,Texas,31.366278,-94.757111,7,Morning
Derailments,2015:12:BNSF:KS1215107,0,0,1500,20709,3,3,0,POTTER,7:45,2015,2016,"T113,","BNSF,",7,"T1,","T,",YARD,Texas,35.194025,-101.828599,7,Morning
Derailments,2015:12:KCS:15122803,0,0,170773,35975,7,3,0,FRANKLIN,9:50,2015,2016,"T002,","KCS,",1,"T0,","T,",MAIN,Texas,32.959335,-95.246133,9,Morning
Derailments,2015:12:UP:1215FW017,0,0,1655,18850,0,0,0,WARD,6:30,2015,2016,"T310,M101,","UP,",1,"T3,M1,","T,M,",YARD,Texas,31.592468,-102.902556,6,Morning
Derailments,2015:12:UP:1215LK017,0,0,75826,1419,55,0,0,HARRISON,5:53,2015,2016,"M103,","UP,",1,"M1,","M,",MAIN,Texas,32.552911,-94.367452,5,Morning
Obstruction impact,2015:12:UP:1215SA003,0,0,0,20330,0,0,0,COMAL,9:00,2015,2016,"H404,","UP,",NA,"H4,","H,",MAIN,Texas,29.702771,-98.129185,9,Morning
Derailments,2016:01:BNSF:TX0116102,0,0,3500,42000,0,0,0,DALLAS,11:00,2016,2016,"H020,","BNSF,",6,"H0,","H,",YARD,Texas,32.689452,-96.904955,11,Morning
Derailments,2016:01:FWWR:16011401,0,0,483125,1894218,0,0,0,TARRANT,8:00,2016,2016,"T202,","FWWR,",1,"T2,","T,",MAIN,Texas,32.673055,-97.460277,8,Morning
Derailments,2016:01:UP:0116FW002,0,0,0,37194,0,0,0,DALLAS,11:15,2016,2016,"T499,","UP,",4,"T4,","T,",YARD,Texas,32.776493,-96.665141,11,Morning
Highway-rail impact,2016:01:UP:0116SA004,0,0,0,12102,1,0,0,LA SALLE,10:46,2016,2016,"M303,","UP,",1,"M3,","M,",MAIN,Texas,28.623944,-99.183095,10,Morning
Other events,2016:01:UP:0116SA006,0,0,25001,0,0,0,0,BEXAR,9:45,2016,2016,"H706,","UP,",7,"H7,","H,",YARD,Texas,29.35911,-98.571413,9,Morning
Derailments,2016:01:XMER:INDUSTRY,0,0,13787,5978,0,0,0,MCLENNAN,11:28,2016,2016,"T110,","UP,",1,"T1,","T,",INDUSTRY,Texas,31.50287,-97.196685,11,Morning
Derailments,2016:01:ZXPT:INDUSTRY,0,0,17000,1008,0,0,0,HARRIS,6:00,2016,2016,"T110,","UP,",1,"T1,","T,",INDUSTRY,Texas,29.817548,-95.053178,6,Morning
Other events,2016:02:BNSF:GC0216116,0,0,0,190000,0,0,0,MILLS,11:30,2016,2016,"H402,","BNSF,",9,"H4,","H,",MAIN,Texas,31.471447,-98.572867,11,Morning
Derailments,2016:02:BNSF:PR0216106,0,0,58000,6250,0,0,0,POTTER,10:00,2016,2016,"T108,","BNSF,",7,"T1,","T,",INDUSTRY,Texas,35.216177,-101.79707,10,Morning
Fire/violent rupture,2016:02:UP:0216FW002,0,0,0,52391,0,0,0,LIMESTONE,7:39,2016,2016,"E74L,","UP,",1,"E7,","E,",MAIN,Texas,31.280705,-96.636887,7,Morning
Derailments,2016:03:AWRR:IN20160312,0,0,125000,22000,0,0,0,TRAVIS,8:50,2016,2016,"T202,","AWRR,",1,"T2,","T,",MAIN,Texas,30.306944,-97.638611,8,Morning
Derailments,2016:03:SRN:1601,0,0,26650,120800,0,0,0,ORANGE,11:45,2016,2016,"M507,","SRN,",1,"M5,","M,",YARD,Texas,30.219559,-93.823646,11,Morning
Highway-rail impact,2016:03:UP:0316FW007,0,0,14669,0,0,0,0,DALLAS,6:30,2016,2016,"M303,","UP,",1,"M3,","M,",MAIN,Texas,32.59903,-96.691715,6,Morning
Fire/violent rupture,2016:03:UP:0316FW012,0,0,0,62610,0,0,0,VAN ZANDT,9:27,2016,2016,"E73L,","UP,",1,"E7,","E,",MAIN,Texas,32.712808,-96.076499,9,Morning
Highway-rail impact,2016:03:UP:0316HO018,0,0,26950,1015,1,0,0,HARRIS,7:55,2016,2016,"M302,","UP,",1,"M3,","M,",MAIN,Texas,29.81813,-95.483472,7,Morning
Derailments,2016:03:UP:0316HO020,0,0,43738,11654,13,3,0,BRAZORIA,7:25,2016,2016,"T309,","UP,",15,"T3,","T,",YARD,Texas,29.146103,-95.45041,7,Morning
Derailments,2016:04:BNSF:GC0416105,0,0,275000,3999,0,0,0,BELL,8:15,2016,2016,"H601,","BNSF,",7,"H6,","H,",YARD,Texas,31.108612,-97.348619,8,Morning
Derailments,2016:04:CMTY:CMTH031,0,0,1609606,28000,0,0,0,TRAVIS,9:00,2016,2016,"T110,T222,","BNSF,CMTY,UP,",1,"T1,T2,","T,",MAIN,Texas,30.453581,-97.431373,9,Morning
Derailments,2016:04:KCS:16042302,0,0,19486,0,0,0,0,CASS,6:50,2016,2016,"H702,","KCS,",7,"H7,","H,",INDUSTRY,Texas,33.25178,-94.110019,6,Morning
Derailments,2016:04:UP:0416HO004,0,0,6105,7475,0,0,0,HARRIS,9:05,2016,2016,"S102,","UP,",7,"S1,","S,",YARD,Texas,29.836193,-95.288492,9,Morning
Derailments,2016:04:UP:0416HO024,0,0,17534,35782,1,1,0,HARRIS,8:20,2016,2016,"M405,","UP,",1,"M4,","M,",MAIN,Texas,29.819938,-95.336881,8,Morning
Other events,2016:04:UP:0416LK001,0,0,0,39268,0,0,0,GREGG,11:50,2016,2016,"E29C,","UP,",5,"E2,","E,",YARD,Texas,32.493209,-94.735161,11,Morning
Raking collision,2016:05:PMSW:S01,0,0,0,40000,1,1,0,LUBBOCK,9:05,2016,2016,"H018,","PMSW,",7,"H0,","H,",YARD,Texas,33.321325,-101.481075,9,Morning
Derailments,2016:05:UP:0516FW002,0,0,239781,44843,3,0,0,MITCHELL,9:41,2016,2016,"E53C,","UP,",1,"E5,","E,",MAIN,Texas,32.356564,-101.002296,9,Morning
Derailments,2016:05:UP:0516FW012,0,0,328063,24404,1,0,0,GRAYSON,8:00,2016,2016,"M204,","UP,",1,"M2,","M,",MAIN,Texas,33.45656,-96.921878,8,Morning
Other events,2016:05:UP:0516FW016,0,0,0,14111,0,0,0,TARRANT,9:00,2016,2016,"M411,","UP,",57,"M4,","M,",YARD,Texas,32.717104,-97.388545,9,Morning
Derailments,2016:05:UP:0516HO001,0,0,483101,1098725,0,0,0,SMITH,8:20,2016,2016,"M103,","UP,",1,"M1,","M,",MAIN,Texas,32.195423,-95.097864,8,Morning
Other events,2016:05:UP:0516HO026,0,0,0,13419,1,1,0,HARRIS,10:51,2016,2016,"M507,","UP,",5,"M5,","M,",YARD,Texas,29.818455,-95.288969,10,Morning
Derailments,2016:05:UP:0516LK026,0,0,0,12731,0,0,0,BOWIE,5:32,2016,2016,"H303,","UP,",7,"H3,","H,",YARD,Texas,33.41804,-94.046663,5,Morning
Head on collision,2016:06:BNSF:KS0616108,3,1,263496,14190573,5,2,1,CARSON,8:21,2016,2016,"M505,","BNSF,",1,"M5,","M,",MAIN,Texas,35.360988,-101.334873,8,Morning
Derailments,2016:06:KCS:16061301,0,0,0,65000,0,0,0,WEBB,8:15,2016,2016,"H704,H702,","KCS,",7,"H7,","H,",YARD,Texas,27.500758,-99.40239,8,Morning
Highway-rail impact,2016:06:TXPF:06292016,0,1,0,0,0,0,0,IRION,11:45,2016,2016,"M308,M302,","TXPF,",9,"M3,","M,",MAIN,Texas,31.24897,-100.81618,11,Morning
Derailments,2016:06:UP:0616FW006,0,0,25421,140395,0,0,0,CALLAHAN,10:30,2016,2016,"M103,","UP,",4,"M1,","M,",MAIN,Texas,32.390308,-99.365103,10,Morning
Fire/violent rupture,2016:06:UP:0616FW014,0,0,0,25714,12,0,0,EASTLAND,10:26,2016,2016,"E73L,","UP,",1,"E7,","E,",MAIN,Texas,32.406676,-98.821806,10,Morning
Other impacts,2016:06:UP:0616HO017,0,0,66,11724,0,0,0,HARRIS,11:30,2016,2016,"M411,","UP,",57,"M4,","M,",YARD,Texas,29.804317,-95.30502,11,Morning
Derailments,2016:06:UP:0616LV003,0,0,20629,73005,0,0,0,JEFFERSON,7:15,2016,2016,"E64C,","UP,",1,"E6,","E,",INDUSTRY,Texas,29.874187,-93.997301,7,Morning
Fire/violent rupture,2016:06:UP:0616SA011,0,0,0,45413,0,0,0,LIVE OAK,11:00,2016,2016,"E74L,","UP,",1,"E7,","E,",MAIN,Texas,28.199093,-97.895098,11,Morning
Derailments,2016:06:UP:0616SA018,0,0,66926,6034,0,0,0,FAYETTE,7:05,2016,2016,"T106,","UP,",1,"T1,","T,",MAIN,Texas,29.955161,-97.046192,7,Morning
Derailments,2016:07:BNSF:GC0716111,0,0,13300,250,0,0,0,JEFFERSON,11:26,2016,2016,"T311,","BNSF,",8,"T3,","T,",YARD,Texas,30.092415,-94.115336,11,Morning
Derailments,2016:07:BNSF:TX0716101,0,0,133000,319014,0,0,0,DALLAS,11:15,2016,2016,"E61C,","BNSF,",1,"E6,","E,",MAIN,Texas,32.750539,-96.777303,11,Morning
Derailments,2016:07:CMEX:INDUSTRY,0,0,82495,1937,0,0,0,HARRIS,10:50,2016,2016,"T110,","UP,",1,"T1,","T,",INDUSTRY,Texas,29.734886,-95.316289,10,Morning
Derailments,2016:07:UP:0716HO034,0,0,129052,0,0,0,0,LIBERTY,7:50,2016,2016,"H503,","UP,",NA,"H5,","H,",MAIN,Texas,29.983803,-94.909916,7,Morning
Derailments,2016:07:UP:0716HO038,0,0,10140,41000,0,0,0,CAMERON,7:30,2016,2016,"T202,","UP,",1,"T2,","T,",MAIN,Texas,25.918626,-97.520421,7,Morning
Highway-rail impact,2016:08:BNSF:GC0816200,0,0,0,15000,0,0,0,BROWN,8:52,2016,2016,"M302,","BNSF,",9,"M3,","M,",MAIN,Texas,31.715593,-99.132731,8,Morning
Highway-rail impact,2016:08:UP:0816FW007,0,2,31180,400,19,0,0,MARTIN,11:10,2016,2016,"M304,","UP,",1,"M3,","M,",MAIN,Texas,32.124604,-101.80146,11,Morning
Derailments,2016:08:UP:0816FW018,0,0,39678,15581,0,0,0,TARRANT,9:00,2016,2016,"T103,","UP,",7,"T1,","T,",YARD,Texas,32.71804,-97.385657,9,Morning
Highway-rail impact,2016:08:UP:0816HO004,0,0,46885,447,96,0,0,HARRIS,8:00,2016,2016,"M302,","UP,",1,"M3,","M,",MAIN,Texas,29.996041,-95.396207,8,Morning
Derailments,2016:08:UP:0816HO017,0,0,210559,42901,0,0,0,HARRIS,6:05,2016,2016,"H707,","UP,",1,"H7,","H,",MAIN,Texas,29.757045,-95.294606,6,Morning
Highway-rail impact,2016:08:UP:0816HO040,0,2,93769,1487,0,0,0,GALVESTON,5:55,2016,2016,"M308,","UP,",1,"M3,","M,",MAIN,Texas,29.337287,-94.931062,5,Morning
Derailments,2016:08:UP:0816SA006,0,0,121488,4616,0,0,0,MAVERICK,5:00,2016,2016,"T212,","UP,",1,"T2,","T,",YARD,Texas,28.697257,-100.501567,5,Morning
Derailments,2016:08:UP:0816SA011,0,0,100534,1947697,0,0,0,LEE,6:50,2016,2016,"T001,T204,","BNSF,UP,",1,"T0,T2,T0,T2,","T,",MAIN,Texas,30.33895,-96.837445,6,Morning
Raking collision,2016:08:ZNRP:INDUSTRY,0,0,0,2814000,0,0,0,FORT BEND,5:00,2016,2016,"M501,","BNSF,",1,"M5,","M,",INDUSTRY,Texas,29.476026,-95.639563,5,Morning
Raking collision,1980:05:SP:X1630,0,0,3000,23075,10,0,0,HARRIS,7:00,1980,1980,"H702,H306,","SP,",67,"H7,H3,H7,H3,","H,",MAIN,Texas,31.827233,-99.423022,7,Morning
Derailments,1980:05:SP:X3750,0,0,5000,300,2,2,0,HARRIS,9:20,1980,1980,"H702,","SP,",1,"H7,","H,",YARD,Texas,31.827233,-99.423022,9,Morning
Derailments,1980:06:FWD:FW153,0,0,0,12500,0,0,0,TARRANT,10:30,1980,1980,"M501,","FWD,",5,"M5,","M,",INDUSTRY,Texas,31.827233,-99.423022,10,Morning
Derailments,1975:01:ATSF:27015107,0,0,3600,11300,0,0,0,COLORADO,5:35,1975,1975,"E42C,T101,","ATSF,",1,"E4,T1,","E,T,",MAIN,Texas,31.827233,-99.423022,5,Morning
Derailments,1980:05:SP:U4670,0,0,4000,500,0,0,0,FAYETTE,9:10,1980,1980,"M201,","SP,",1,"M2,","M,",MAIN,Texas,31.827233,-99.423022,9,Morning
Derailments,1980:05:SP:S4360,0,0,4500,7900,0,0,0,EL PASO,5:05,1980,1980,"E31C,","SP,",1,"E3,","E,",MAIN,Texas,31.827233,-99.423022,5,Morning
Side collision,1980:06:FWD:FW151,0,0,0,14500,0,0,0,WICHITA,6:35,1980,1980,"H307,","FWD,",67,"H3,","H,",YARD,Texas,31.827233,-99.423022,6,Morning
Derailments,1980:05:SP:X1280,0,0,4500,1500,0,0,0,GALVESTON,5:50,1980,1980,"T202,","SP,",7,"T2,","T,",YARD,Texas,31.827233,-99.423022,5,Morning
Derailments,1980:05:SP:X2680,0,0,3200,800,0,0,0,HARRIS,10:45,1980,1980,"H503,","SP,",1,"H5,","H,",SIDING,Texas,31.827233,-99.423022,10,Morning
Head on collision,1975:01:MKT:AX15S,0,0,0,6000,0,0,0,BASTROP,5:50,1975,1975,"M599,","MKT,",5,"M5,","M,",MAIN,Texas,31.827233,-99.423022,5,Morning
Derailments,1980:06:ATSF:220680105,0,0,3000,9500,0,0,0,COOKE,9:15,1980,1980,"T299,","ATSF,",1,"T2,","T,",YARD,Texas,31.827233,-99.423022,9,Morning
Head on collision,1975:02:HBT:AX3B75,0,0,0,1950,0,0,0,HARRIS,9:15,1975,1975,"H303,","HBT,",NA,"H3,","H,",YARD,Texas,31.827233,-99.423022,9,Morning
Derailments,1975:01:ATSF:27015115,0,0,400,2550,0,0,0,WHARTON,7:40,1975,1975,"E24C,E42C,","ATSF,",1,"E2,E4,","E,",SIDING,Texas,31.827233,-99.423022,7,Morning
Derailments,1980:06:ATSF:230680104,0,0,3000,41300,0,0,0,JEFFERSON,5:20,1980,1980,"T314,E64L,","ATSF,SP,",1,"T3,E6,T3,","T,E,T,",MAIN,Texas,31.827233,-99.423022,5,Morning
Derailments,1980:06:ATSF:220680109,0,0,2764,1800,0,0,0,DALLAS,8:15,1980,1980,"T210,T299,","ATSF,LA,",1,"T2,","T,",MAIN,Texas,31.827233,-99.423022,8,Morning
Derailments,1980:06:ATSF:220680101,0,0,3400,4500,0,0,0,DALLAS,5:15,1980,1980,"T399,","ATSF,LA,",1,"T3,","T,",MAIN,Texas,31.827233,-99.423022,5,Morning
Derailments,1975:01:ATSF:26015129,0,0,1200,7700,3,1,1,HOOD,7:40,1975,1975,"E24C,","ATSF,",1,"E2,","E,",MAIN,Texas,31.827233,-99.423022,7,Morning
Highway-rail impact,1980:05:SSW:K6160,0,0,400,15000,0,0,0,MORRIS,6:40,1980,1980,"M399,","SSW,",1,"M3,","M,",MAIN,Texas,31.827233,-99.423022,6,Morning
Fire/violent rupture,1975:01:RI:A87,0,0,0,7500,0,0,0,MONTGOMERY,9:30,1975,1975,"E73L,","RI,",1,"E7,","E,",MAIN,Texas,31.827233,-99.423022,9,Morning
Derailments,1975:01:SP:J0115,0,0,2000,51550,0,0,0,LIBERTY,9:35,1975,1975,"T202,","SP,",1,"T2,","T,",SIDING,Texas,31.827233,-99.423022,9,Morning
Derailments,1975:02:ATSF:26025105,0,0,18500,300,0,0,0,NOLAN,9:05,1975,1975,"T101,","ATSF,",1,"T1,","T,",MAIN,Texas,31.827233,-99.423022,9,Morning
Derailments,1975:02:TP:P5004,0,0,600,1500,1,0,0,BOWIE,5:15,1975,1975,"E64C,","TP,",1,"E6,","E,",YARD,Texas,31.827233,-99.423022,5,Morning
Derailments,1975:04:PTRA:D2,0,0,3180,15225,0,0,0,HARRIS,5:20,1975,1975,"E42C,","ATSF,PTRA,",11,"E4,","E,",YARD,Texas,31.827233,-99.423022,5,Morning
Derailments,1975:01:SP:G0485,0,0,7500,24550,0,0,0,LAVACA,11:30,1975,1975,"E00L,","SP,",1,"E0,","E,",MAIN,Texas,31.827233,-99.423022,11,Morning
Derailments,1975:02:HBT:AX2B75,0,0,400,3550,0,0,0,HARRIS,6:00,1975,1975,"H703,","HBT,",6,"H7,","H,",YARD,Texas,31.827233,-99.423022,6,Morning
Derailments,1975:02:SSW:U1775,0,0,3450,0,0,0,0,TARRANT,11:00,1975,1975,"H701,","SLSF,SSW,",77,"H7,","H,",YARD,Texas,31.827233,-99.423022,11,Morning
Derailments,1975:02:RI:WF99,0,0,2115,150,0,0,0,WISE,5:30,1975,1975,"T001,","RI,",1,"T0,","T,",MAIN,Texas,31.827233,-99.423022,5,Morning
Derailments,1975:02:SLSF:T3A11,0,0,450,3850,0,0,0,TARRANT,7:30,1975,1975,"T202,","SLSF,",7,"T2,","T,",YARD,Texas,31.827233,-99.423022,7,Morning
Derailments,1975:02:TP:P5001,0,0,0,4000,97,7,0,TARRANT,10:40,1975,1975,"T299,","TP,",1,"T2,","T,",MAIN,Texas,31.827233,-99.423022,10,Morning
Rear end collision,1975:02:LA:303908,0,1,0,8000,0,0,0,HUNT,6:00,1975,1975,"H017,","LA,",7,"H0,","H,",YARD,Texas,31.827233,-99.423022,6,Morning
Derailments,1975:03:ATSF:27035114,0,2,5500,60500,0,0,0,MCLENNAN,8:40,1975,1975,"E61L,","ATSF,",1,"E6,","E,",MAIN,Texas,31.827233,-99.423022,8,Morning
Derailments,1975:02:MKT:AX24S,0,0,3040,0,0,0,0,TARRANT,10:40,1975,1975,"T221,","MKT,MP,",11,"T2,","T,",MAIN,Texas,31.827233,-99.423022,10,Morning
Derailments,1975:01:RI:WF77,0,0,253,2900,0,0,0,TARRANT,11:00,1975,1975,"H304,","RI,",6,"H3,","H,",YARD,Texas,31.827233,-99.423022,11,Morning
Highway-rail impact,1975:02:SP:H1735,0,1,50,39525,0,0,0,ANGELINA,11:35,1975,1975,"M399,","SP,",1,"M3,","M,",MAIN,Texas,31.827233,-99.423022,11,Morning
Raking collision,1975:02:RI:WF150,0,0,0,2200,0,0,0,TARRANT,6:30,1975,1975,"H403,","RI,",67,"H4,","H,",YARD,Texas,31.827233,-99.423022,6,Morning
Derailments,1975:03:RI:SRWF179,0,0,5800,9250,0,0,0,TARRANT,9:40,1975,1975,"T101,","RI,",1,"T1,","T,",MAIN,Texas,31.827233,-99.423022,9,Morning
Derailments,1975:02:FWD:FW14,0,1,0,4500,0,0,0,OLDHAM,10:00,1975,1975,"M599,","FWD,",5,"M5,","M,",MAIN,Texas,31.827233,-99.423022,10,Morning
Derailments,1975:02:SP:G0965,0,0,1000,6800,0,0,0,BASTROP,6:00,1975,1975,"T220,","SP,",1,"T2,","T,",MAIN,Texas,31.827233,-99.423022,6,Morning
Derailments,1975:02:TP:AX2,0,0,10050,64400,0,0,0,MITCHELL,6:45,1975,1975,"E61C,","TP,",1,"E6,","E,",MAIN,Texas,31.827233,-99.423022,6,Morning
Derailments,1975:02:RI:JTDWF6,0,0,10228,34,0,0,0,LEON,8:45,1975,1975,"H403,","RI,",1,"H4,","H,",MAIN,Texas,31.827233,-99.423022,8,Morning
Raking collision,1975:01:SP:H0565,0,0,0,11700,0,0,0,HARRIS,8:45,1975,1975,"M599,","SP,",7,"M5,","M,",YARD,Texas,31.827233,-99.423022,8,Morning
Derailments,1975:02:TP:P5003,0,0,686,1500,0,0,0,RED RIVER,11:00,1975,1975,"E0HC,","TP,",1,"E0,","E,",YARD,Texas,31.827233,-99.423022,11,Morning
Highway-rail impact,1975:01:RI:SRH2,0,1,6380,19050,0,0,0,TARRANT,5:00,1975,1975,"M399,","RI,",1,"M3,","M,",MAIN,Texas,31.827233,-99.423022,5,Morning
Derailments,1975:04:KCS:300061,0,0,500,3000,0,0,0,JEFFERSON,7:15,1975,1975,"T110,T113,","ATSF,KCS,",17,"T1,","T,",YARD,Texas,31.827233,-99.423022,7,Morning
Derailments,1975:04:ATSF:27045116,0,0,1925,2650,0,0,0,COOKE,8:15,1975,1975,"T309,T310,","ATSF,",1,"T3,","T,",YARD,Texas,31.827233,-99.423022,8,Morning
Derailments,1975:03:SLSF:T3A16,0,0,600,1500,0,0,0,GRAYSON,5:40,1975,1975,"H099,","SLSF,",1,"H0,","H,",YARD,Texas,31.827233,-99.423022,5,Morning
Derailments,1975:04:RI:MK75433,0,0,1331,1000,0,0,0,DALLAM,10:10,1975,1975,"T314,","RI,",1,"T3,","T,",MAIN,Texas,31.827233,-99.423022,10,Morning
Highway-rail impact,1975:03:GSW:7503192,0,1,0,4000,0,0,0,TARRANT,8:30,1975,1975,"M399,","GSW,",5,"M3,","M,",YARD,Texas,31.827233,-99.423022,8,Morning
Derailments,1975:04:PTRA:D1,0,0,13734,53750,0,0,0,HARRIS,10:50,1975,1975,"T399,","PTRA,",7,"T3,","T,",MAIN,Texas,31.827233,-99.423022,10,Morning
Derailments,1975:03:MP:5,0,0,5303,43800,0,0,0,LA SALLE,8:05,1975,1975,"E52C,","MP,",1,"E5,","E,",MAIN,Texas,31.827233,-99.423022,8,Morning
Derailments,1975:04:MKT:AX51S,0,0,2218,4300,0,0,0,DALLAS,11:30,1975,1975,"E40C,","MKT,",1,"E4,","E,",MAIN,Texas,31.827233,-99.423022,11,Morning
Derailments,1975:03:RI:SRWF246,0,0,1489,10089,0,0,0,TARRANT,5:10,1975,1975,"T101,","RI,",1,"T1,","T,",MAIN,Texas,31.827233,-99.423022,5,Morning
Derailments,1975:04:LA:303917,0,0,10000,500,0,0,0,HUNT,8:50,1975,1975,"T101,","LA,",1,"T1,","T,",MAIN,Texas,31.827233,-99.423022,8,Morning
Highway-rail impact,1975:03:SP:J2035,0,1,400,10000,0,0,0,JEFFERSON,8:40,1975,1975,"M399,","SP,",1,"M3,","M,",MAIN,Texas,31.827233,-99.423022,8,Morning
Derailments,1975:04:HBT:AX1D75,0,0,1925,2810,36,3,0,HARRIS,8:20,1975,1975,"T221,","ATSF,HBT,",11,"T2,","T,",MAIN,Texas,31.827233,-99.423022,8,Morning
Derailments,1975:03:MKT:AX42S,0,0,3475,475,0,0,0,MCLENNAN,6:55,1975,1975,"T210,","MKT,",1,"T2,","T,",YARD,Texas,31.827233,-99.423022,6,Morning
Derailments,1975:03:TCT:581,0,0,88043,15000,1,0,0,GALVESTON,5:30,1975,1975,"M599,","TCT,",7,"M5,","M,",YARD,Texas,31.827233,-99.423022,5,Morning
Derailments,1975:03:TM:7620A,0,0,15500,28738,7,1,0,DUVAL,5:10,1975,1975,"E32C,","TM,",1,"E3,","E,",MAIN,Texas,31.827233,-99.423022,5,Morning
Derailments,1975:04:SP:G2575,0,0,4900,2350,0,0,0,ROBERTSON,9:35,1975,1975,"E30C,","SP,",1,"E3,","E,",YARD,Texas,31.827233,-99.423022,9,Morning