AccidentType,inckey,Fatalities,Injuries,TrackDamage,EquipmentDamage,HazmatCars,HazmatCarsDerailed,HazmatCarsReleasing,County,DisplayTime,calendar,Fiscal,AccidentCause,RailroadCodes,RAILEQUIPMENT_TYPE,CauseGroup,CauseDiscipline,TYPE_OF_TRACK,StateName,latitude,longitude,hour,cat
Rear end collision,1975:03:TP:P5012,0,0,0,8100,0,0,0,DENTON,9:37,1975,1975,"H604,","MKT,TP,",11,"H6,","H,",MAIN,Texas,31.827233,-99.423022,9,Morning
Derailments,1975:03:PTRA:D1,0,0,576,6500,0,0,0,HARRIS,7:00,1975,1975,"T399,","PTRA,",7,"T3,","T,",YARD,Texas,31.827233,-99.423022,7,Morning
Derailments,1975:04:TP:P5011,0,0,6040,13734,3,3,0,GREGG,6:30,1975,1975,"H503,","TP,",6,"H5,","H,",INDUSTRY,Texas,31.827233,-99.423022,6,Morning
Derailments,1975:05:SP:H4855,0,0,13650,1300,0,0,0,HARRIS,6:25,1975,1975,"T314,","HBT,SP,",NA,"T3,","T,",SIDING,Texas,31.827233,-99.423022,6,Morning
Derailments,1975:06:SP:J4395,0,0,9000,0,0,0,0,HARRIS,10:00,1975,1975,"E40C,","SP,",1,"E4,","E,",MAIN,Texas,31.827233,-99.423022,10,Morning
Derailments,1975:04:SP:H3135,0,0,4300,0,0,0,0,HARRIS,7:25,1975,1975,"E64C,","SP,",7,"E6,","E,",YARD,Texas,31.827233,-99.423022,7,Morning
Other impacts,1975:04:SP:J2555,0,0,0,12000,0,0,0,CHAMBERS,11:15,1975,1975,"E21C,E29C,","SP,",1,"E2,","E,",MAIN,Texas,31.827233,-99.423022,11,Morning
Derailments,1975:05:PTRA:D1,0,0,14078,10500,0,0,0,HARRIS,11:00,1975,1975,"E42C,","PTRA,",7,"E4,","E,",MAIN,Texas,31.827233,-99.423022,11,Morning
Side collision,1975:06:HBT:AX1F75,0,0,182,2100,15,0,0,HARRIS,8:15,1975,1975,"H310,H301,","HBT,",7,"H3,","H,",YARD,Texas,31.827233,-99.423022,8,Morning
Derailments,1975:05:SP:G2975,0,0,8000,0,0,0,0,LIMESTONE,11:45,1975,1975,"E00C,","SP,",1,"E0,","E,",MAIN,Texas,31.827233,-99.423022,11,Morning
Derailments,1975:04:TM:7644,0,0,700,10000,2,2,1,WEBB,7:15,1975,1975,"H703,","TM,",6,"H7,","H,",YARD,Texas,31.827233,-99.423022,7,Morning
Derailments,1975:06:KCS:306854,0,0,78,3700,0,0,0,JEFFERSON,5:00,1975,1975,"H312,","KCS,",7,"H3,","H,",YARD,Texas,31.827233,-99.423022,5,Morning
Side collision,1975:06:HBT:AX5F75,0,0,70,2050,53,0,0,HARRIS,5:30,1975,1975,"H301,","HBT,",7,"H3,","H,",YARD,Texas,31.827233,-99.423022,5,Morning
Rear end collision,1975:05:MKT:AX85S,0,0,0,7090,0,0,0,TARRANT,6:15,1975,1975,"H017,","MKT,MP,",61,"H0,","H,",MAIN,Texas,31.827233,-99.423022,6,Morning
Derailments,1975:05:SP:H4285,0,0,4248,1275,0,0,0,BRAZOS,7:50,1975,1975,"E34C,","MP,SP,",11,"E3,","E,",MAIN,Texas,31.827233,-99.423022,7,Morning
Derailments,1975:08:MKT:AX121S,0,0,1400,8200,0,0,0,TARRANT,7:55,1975,1975,"T220,","MKT,",1,"T2,","T,",MAIN,Texas,31.827233,-99.423022,7,Morning
Side collision,1975:05:SLSF:T3A39,0,0,30,4600,0,0,0,GRAYSON,7:45,1975,1975,"H017,","SLSF,",1,"H0,","H,",YARD,Texas,31.827233,-99.423022,7,Morning
Side collision,1975:05:TP:8450,0,0,0,2878,0,0,0,HOWARD,7:45,1975,1975,"H403,H301,","TP,",7,"H4,H3,","H,",YARD,Texas,31.827233,-99.423022,7,Morning
Side collision,1975:05:TP:8472,0,0,400,4700,0,0,0,TARRANT,5:15,1975,1975,"H301,","TP,",67,"H3,","H,",INDUSTRY,Texas,31.827233,-99.423022,5,Morning
Derailments,1975:04:SP:G2635,0,0,12000,337450,0,0,0,FAYETTE,9:20,1975,1975,"H503,","SP,",1,"H5,","H,",MAIN,Texas,31.827233,-99.423022,9,Morning
Fire/violent rupture,1975:05:SSW:U4225,0,0,0,4250,0,0,0,TITUS,9:50,1975,1975,"E0HC,","SSW,",1,"E0,","E,",MAIN,Texas,31.827233,-99.423022,9,Morning
Derailments,1975:05:MKT:AX81S,0,0,4800,19750,0,0,0,DALLAS,5:45,1975,1975,"E64C,T314,","MKT,SSW,",77,"E6,T3,E6,T3,","E,T,E,T,",YARD,Texas,31.827233,-99.423022,5,Morning
Derailments,1975:06:ATSF:30065122,0,0,3000,25500,0,0,0,ERATH,10:25,1975,1975,"M599,T101,","ATSF,",1,"M5,T1,","M,T,",MAIN,Texas,31.827233,-99.423022,10,Morning
Derailments,1975:07:ATSF:32075118,0,0,0,16500,0,0,0,SWISHER,7:55,1975,1975,"H601,H206,","ATSF,",1,"H6,H2,","H,",SIDING,Texas,31.827233,-99.423022,7,Morning
Derailments,1975:09:ATSF:32095107,0,0,12200,2550,7,0,0,GARZA,8:30,1975,1975,"E52C,","ATSF,",1,"E5,","E,",MAIN,Texas,31.827233,-99.423022,8,Morning
Derailments,1975:06:RI:SRWF463,0,0,2000,485,1,1,0,OLDHAM,11:30,1975,1975,"T399,","RI,",1,"T3,","T,",MAIN,Texas,31.827233,-99.423022,11,Morning
Derailments,1975:07:SP:74785,0,0,2000,350,0,0,0,EL PASO,7:55,1975,1975,"H702,","SP,",8,"H7,","H,",MAIN,Texas,31.827233,-99.423022,7,Morning
Derailments,1975:07:TP:8546,0,0,0,4450,0,0,0,PARKER,11:45,1975,1975,"H305,","TP,",NA,"H3,","H,",MAIN,Texas,31.827233,-99.423022,11,Morning
Derailments,1975:07:KCS:306757,0,0,4700,14500,0,0,0,JEFFERSON,9:35,1975,1975,"T110,","KCS,",7,"T1,","T,",YARD,Texas,31.827233,-99.423022,9,Morning
Derailments,1975:07:HBT:AX7G75,0,0,736,6500,0,0,0,HARRIS,7:45,1975,1975,"E29C,","HBT,",7,"E2,","E,",YARD,Texas,31.827233,-99.423022,7,Morning
Highway-rail impact,1975:07:SP:G4605,0,1,200,2000,0,0,0,EL PASO,9:40,1975,1975,"M399,","SP,",1,"M3,","M,",MAIN,Texas,31.827233,-99.423022,9,Morning
Side collision,1975:07:MKT:AX119S,0,0,727,7475,1,0,0,GRAYSON,7:15,1975,1975,"H017,","MKT,",1,"H0,","H,",YARD,Texas,31.827233,-99.423022,7,Morning
Side collision,1975:07:TP:8503,0,0,0,2500,0,0,0,BOWIE,9:05,1975,1975,"H017,","TP,",76,"H0,","H,",YARD,Texas,31.827233,-99.423022,9,Morning
Side collision,1975:06:TP:8483,0,0,750,9525,0,0,0,HOWARD,11:00,1975,1975,"H403,H301,","TP,",7,"H4,H3,","H,",YARD,Texas,31.827233,-99.423022,11,Morning
Derailments,1975:07:TM:7679A,0,0,6635,1500,0,0,0,WEBB,5:00,1975,1975,"E66C,","TM,",1,"E6,","E,",MAIN,Texas,31.827233,-99.423022,5,Morning
Broken train collision,1975:07:SP:G5085,0,0,0,3000,0,0,0,PECOS,10:00,1975,1975,"E32C,","SP,",1,"E3,","E,",MAIN,Texas,31.827233,-99.423022,10,Morning
Derailments,1975:07:ATSF:31075111,0,0,3300,332,0,0,0,WASHINGTON,6:45,1975,1975,"E40C,T106,","ATSF,",1,"E4,T1,","E,T,",MAIN,Texas,31.827233,-99.423022,6,Morning
Raking collision,1975:07:HBT:JAX3G75,0,0,50,4100,0,0,0,HARRIS,6:25,1975,1975,"H301,","HBT,MP,",11,"H3,","H,",YARD,Texas,31.827233,-99.423022,6,Morning
Derailments,1975:07:SP:H5885,0,0,200,4200,0,0,0,HARRIS,7:45,1975,1975,"T111,","SP,",7,"T1,","T,",YARD,Texas,31.827233,-99.423022,7,Morning
Derailments,1975:06:MKT:AX93S,0,0,1650,4100,0,0,0,WICHITA,5:00,1975,1975,"T110,","MKT,",1,"T1,","T,",MAIN,Texas,31.827233,-99.423022,5,Morning
Derailments,1975:07:MKT:AX107S,0,0,5468,7850,0,0,0,BASTROP,6:45,1975,1975,"T220,","MKT,",1,"T2,","T,",MAIN,Texas,31.827233,-99.423022,6,Morning
Derailments,1975:06:SP:H5365,0,0,1500,38000,0,0,0,FORT BEND,6:00,1975,1975,"E31C,","SP,",1,"E3,","E,",MAIN,Texas,31.827233,-99.423022,6,Morning
Derailments,1975:07:HBT:AX5G75,0,0,0,2000,0,0,0,HARRIS,8:30,1975,1975,"H699,","HBT,",NA,"H6,","H,",YARD,Texas,31.827233,-99.423022,8,Morning
Derailments,1975:06:MKT:AX95S,0,0,1000,3000,0,0,0,WICHITA,5:15,1975,1975,"T210,","MKT,",1,"T2,","T,",MAIN,Texas,31.827233,-99.423022,5,Morning
Derailments,1975:07:PTRA:D2,0,0,8462,11000,0,0,0,HARRIS,10:20,1975,1975,"T314,","PTRA,",7,"T3,","T,",INDUSTRY,Texas,31.827233,-99.423022,10,Morning
Head on collision,1975:07:TP:8540,0,0,0,15000,0,0,0,DALLAS,6:35,1975,1975,"H299,H702,","TP,",8,"H2,H7,","H,",YARD,Texas,31.827233,-99.423022,6,Morning
Derailments,1975:06:MKT:AX90S,0,0,550,8000,0,0,0,BELL,5:40,1975,1975,"E29C,","MKT,",1,"E2,","E,",MAIN,Texas,31.827233,-99.423022,5,Morning
Derailments,1975:07:RI:SRWF597,0,0,146500,519,0,0,0,WISE,10:00,1975,1975,"T110,","RI,",1,"T1,","T,",MAIN,Texas,31.827233,-99.423022,10,Morning
Derailments,1975:08:RI:SRWF16JTD,0,0,6428,2000,0,0,0,FREESTONE,11:00,1975,1975,"T102,","RI,",7,"T1,","T,",YARD,Texas,31.827233,-99.423022,11,Morning
Derailments,1975:08:ATSF:32085112,0,0,2500,41200,7,0,0,SCURRY,5:50,1975,1975,"T314,","ATSF,",1,"T3,","T,",SIDING,Texas,31.827233,-99.423022,5,Morning
Derailments,1975:09:RI:WF874,0,0,1887,9950,0,0,0,WISE,5:45,1975,1975,"E69C,","RI,",1,"E6,","E,",MAIN,Texas,31.827233,-99.423022,5,Morning
Derailments,1975:08:MKT:AX122S,0,0,2600,150,2,0,0,BELL,8:50,1975,1975,"H403,","MKT,",1,"H4,","H,",MAIN,Texas,31.827233,-99.423022,8,Morning
Derailments,1975:09:KCS:308953,0,0,1150,950,2,2,0,JEFFERSON,7:45,1975,1975,"T314,","KCS,",1,"T3,","T,",MAIN,Texas,31.827233,-99.423022,7,Morning
Other impacts,1975:08:HBT:AX2H75,0,0,2000,0,0,0,0,HARRIS,5:35,1975,1975,"H017,","HBT,",7,"H0,","H,",INDUSTRY,Texas,31.827233,-99.423022,5,Morning
Derailments,1975:09:KCS:308826,0,0,3130,0,1,1,0,JEFFERSON,6:10,1975,1975,"T307,","KCS,",7,"T3,","T,",YARD,Texas,31.827233,-99.423022,6,Morning
Derailments,1975:09:TP:8609,0,0,0,6000,0,0,0,DENTON,10:30,1975,1975,"E21C,","TP,",1,"E2,","E,",MAIN,Texas,31.827233,-99.423022,10,Morning
Derailments,1975:08:ATSF:31085105,0,0,1500,1635,0,0,0,BURLESON,11:35,1975,1975,"T110,","ATSF,",7,"T1,","T,",YARD,Texas,31.827233,-99.423022,11,Morning
Derailments,1975:09:HBT:AX3I75,0,0,0,3957,0,0,0,HARRIS,8:40,1975,1975,"M599,","HBT,",6,"M5,","M,",INDUSTRY,Texas,31.827233,-99.423022,8,Morning
Derailments,1975:08:KCS:306935,0,0,8500,97000,0,0,0,JEFFERSON,7:55,1975,1975,"T101,","KCS,",1,"T1,","T,",MAIN,Texas,31.827233,-99.423022,7,Morning
Rear end collision,1975:08:SP:G5915,0,0,300,7250,1,1,0,NAVARRO,8:30,1975,1975,"H301,","SP,",61,"H3,","H,",YARD,Texas,31.827233,-99.423022,8,Morning
Obstruction impact,1975:08:MKT:AX135S,0,1,0,5200,0,0,0,BRISCOE,9:15,1975,1975,"H305,","MKT,",5,"H3,","H,",MAIN,Texas,31.827233,-99.423022,9,Morning
Head on collision,1975:08:SSW:U7415,0,12,18000,459000,1,0,0,FRANKLIN,11:18,1975,1975,"H017,","SSW,",615,"H0,","H,",SIDING,Texas,31.827233,-99.423022,11,Morning
Raking collision,1975:09:HBT:AX1I75,0,0,0,7750,0,0,0,HARRIS,7:00,1975,1975,"H403,","HBT,",7,"H4,","H,",YARD,Texas,31.827233,-99.423022,7,Morning
Derailments,1975:10:SP:G7405,0,0,6100,2450,0,0,0,CALDWELL,11:05,1975,1976,"M401,","SP,",1,"M4,","M,",MAIN,Texas,31.827233,-99.423022,11,Morning
Derailments,1975:10:MKT:AX153S,0,0,41000,350,0,0,0,DALLAS,6:37,1975,1976,"E40C,","MKT,RI,",11,"E4,","E,",MAIN,Texas,31.827233,-99.423022,6,Morning
Broken train collision,1975:10:SP:H9045,0,2,0,2175,0,0,0,BRAZOS,6:00,1975,1976,"E32C,","SP,",1,"E3,","E,",MAIN,Texas,31.827233,-99.423022,6,Morning
Side collision,1975:11:TP:8814,0,0,200,3200,3,0,0,TARRANT,8:05,1975,1976,"H017,","TP,",81,"H0,","H,",YARD,Texas,31.827233,-99.423022,8,Morning
Side collision,1975:10:SP:H9275,0,2,0,21370,0,0,0,HARRIS,5:50,1975,1976,"H301,","SP,",11,"H3,","H,",SIDING,Texas,31.827233,-99.423022,5,Morning
Derailments,1975:09:RI:WF837,0,0,1498,1700,0,0,0,WISE,6:40,1975,1975,"T110,","RI,",NA,"T1,","T,",SIDING,Texas,31.827233,-99.423022,6,Morning
Derailments,1975:09:TP:8580,0,0,12000,231000,3,3,1,VAN ZANDT,5:10,1975,1975,"E43C,","TP,",1,"E4,","E,",MAIN,Texas,31.827233,-99.423022,5,Morning
Derailments,1975:09:MKT:AX137N,0,0,750,6800,0,0,0,TARRANT,6:05,1975,1975,"T220,","MKT,",1,"T2,","T,",MAIN,Texas,31.827233,-99.423022,6,Morning
Raking collision,1975:10:RI:SRWF885,0,0,0,3675,0,0,0,TARRANT,5:12,1975,1976,"M203,","RI,",1,"M2,","M,",YARD,Texas,31.827233,-99.423022,5,Morning
Derailments,1975:09:RI:WF867,0,0,3750,20350,0,0,0,DALLAS,7:55,1975,1975,"T202,","FWD,RI,",11,"T2,","T,",MAIN,Texas,31.827233,-99.423022,7,Morning
Derailments,1975:10:SLSF:T3A80,0,0,1221,0,2,0,0,GRAYSON,7:40,1975,1976,"T314,","SLSF,",7,"T3,","T,",YARD,Texas,31.827233,-99.423022,7,Morning
Derailments,1975:09:MKT:AX148S,0,0,13000,107850,0,0,0,AUSTIN,7:35,1975,1975,"T220,","MKT,",1,"T2,","T,",MAIN,Texas,31.827233,-99.423022,7,Morning
Derailments,1975:10:MKT:AX154S,0,3,7500,83411,0,0,0,HARRIS,7:30,1975,1976,"T210,","MKT,",1,"T2,","T,",MAIN,Texas,31.827233,-99.423022,7,Morning
Derailments,1975:10:HBT:AX6J75,0,0,200,2075,0,0,0,HARRIS,9:15,1975,1976,"M503,","HBT,",7,"M5,","M,",YARD,Texas,31.827233,-99.423022,9,Morning
Explosion/detonation,1975:10:ATSF:31105126,0,0,0,27000,0,0,0,LIBERTY,10:50,1975,1976,"E72L,","ATSF,",1,"E7,","E,",MAIN,Texas,31.827233,-99.423022,10,Morning
Derailments,1975:10:SP:G7485,0,0,9400,250,0,0,0,UVALDE,9:25,1975,1976,"E61C,","SP,",1,"E6,","E,",MAIN,Texas,31.827233,-99.423022,9,Morning
Broken train collision,1975:10:MP:8597,0,0,300,3525,0,0,0,COMAL,7:00,1975,1976,"E39C,","MP,",1,"E3,","E,",MAIN,Texas,31.827233,-99.423022,7,Morning
Derailments,1975:10:MP:8599,0,0,6200,2000,0,0,0,LA SALLE,5:00,1975,1976,"E52C,","MP,",1,"E5,","E,",MAIN,Texas,31.827233,-99.423022,5,Morning
Derailments,1975:09:MKT:AX149S,0,0,8868,41900,32,2,0,HILL,7:38,1975,1975,"H602,","MKT,MP,",11,"H6,","H,",SIDING,Texas,31.827233,-99.423022,7,Morning
RR crossing collision,1975:10:MKT:AX160S,0,0,0,3124,0,0,0,FAYETTE,9:35,1975,1976,"H305,","MKT,SP,",51,"H3,","H,",MAIN,Texas,31.827233,-99.423022,9,Morning
Derailments,1975:10:MKT:AX166N,0,0,439,3650,0,0,0,WICHITA,5:15,1975,1976,"E22C,","MKT,TP,",11,"E2,","E,",MAIN,Texas,31.827233,-99.423022,5,Morning
Derailments,1975:09:PTRA:D2,0,0,5295,46500,0,0,0,HARRIS,11:10,1975,1975,"T108,","PTRA,",7,"T1,","T,",MAIN,Texas,31.827233,-99.423022,11,Morning
Derailments,1975:11:HBT:AX2K75,0,0,260,2400,0,0,0,HARRIS,10:45,1975,1976,"T308,","HBT,",7,"T3,","T,",INDUSTRY,Texas,31.827233,-99.423022,10,Morning
Derailments,1975:10:SP:77615,0,0,6700,600,0,0,0,EL PASO,5:25,1975,1976,"H701,","SP,",7,"H7,","H,",YARD,Texas,31.827233,-99.423022,5,Morning
Derailments,1975:11:GWF:2456,0,0,0,2300,0,0,0,,8:00,1975,1976,"E23C,","GWF,",7,"E2,","E,",YARD,Texas,31.827233,-99.423022,8,Morning
Derailments,1975:11:SP:J8065,0,0,4450,5800,0,0,0,JEFFERSON,5:20,1975,1976,"T111,","SP,",7,"T1,","T,",YARD,Texas,31.827233,-99.423022,5,Morning
Derailments,1975:11:MKT:AX175S,0,0,9500,39350,0,0,0,FAYETTE,9:17,1975,1976,"T210,","MKT,",1,"T2,","T,",MAIN,Texas,31.827233,-99.423022,9,Morning
Derailments,1975:12:ATSF:30125101,0,0,2000,29500,0,0,0,TARRANT,8:40,1975,1976,"H603,","ATSF,",1,"H6,","H,",MAIN,Texas,31.827233,-99.423022,8,Morning
Derailments,1975:11:HBT:JAX4K75,0,0,1500,13474,0,0,0,HARRIS,7:05,1975,1976,"E43C,","ATSF,HBT,",11,"E4,","E,",MAIN,Texas,31.827233,-99.423022,7,Morning
Derailments,1975:11:SSW:V0475,0,0,10000,34200,0,0,0,UPSHUR,7:50,1975,1976,"H602,","SSW,",1,"H6,","H,",MAIN,Texas,31.827233,-99.423022,7,Morning
Derailments,1975:11:MP:8825,0,0,4435,3700,0,0,0,WILLIAMSON,8:25,1975,1976,"T220,","MP,",1,"T2,","T,",YARD,Texas,31.827233,-99.423022,8,Morning
Side collision,1975:11:HBT:AX6K75,0,0,0,9700,0,0,0,HARRIS,6:30,1975,1976,"H301,","HBT,",7,"H3,","H,",YARD,Texas,31.827233,-99.423022,6,Morning
Derailments,1975:11:SLSF:T3A93,0,0,368,12500,0,0,0,COLLIN,5:20,1975,1976,"T221,","SLSF,",1,"T2,","T,",SIDING,Texas,31.827233,-99.423022,5,Morning
Derailments,1975:11:RI:WF964,0,0,3552,4000,0,0,0,TARRANT,11:45,1975,1976,"T202,","FWD,RI,",11,"T2,","T,",YARD,Texas,31.827233,-99.423022,11,Morning
Side collision,1975:11:HBT:JAX5K75,0,0,0,3000,0,0,0,HARRIS,10:05,1975,1976,"H208,","HBT,",7,"H2,","H,",YARD,Texas,31.827233,-99.423022,10,Morning
Derailments,1975:11:MKT:AX179S,0,0,600,1500,0,0,0,MCLENNAN,6:30,1975,1976,"T202,","MKT,MP,",11,"T2,","T,",SIDING,Texas,31.827233,-99.423022,6,Morning
Derailments,1975:11:TP:8819,0,0,5300,1200,0,0,0,RED RIVER,11:35,1975,1976,"M599,","TP,",1,"M5,","M,",MAIN,Texas,31.827233,-99.423022,11,Morning
Derailments,1975:12:KCS:304775,0,0,150,8000,0,0,0,JEFFERSON,11:15,1975,1976,"T217,","KCS,",7,"T2,","T,",INDUSTRY,Texas,31.827233,-99.423022,11,Morning
Derailments,1975:12:SP:N0975,0,0,50,6000,0,0,0,VICTORIA,9:00,1975,1976,"E00C,","SP,",1,"E0,","E,",MAIN,Texas,31.827233,-99.423022,9,Morning
Derailments,1976:01:KCS:305578,0,0,200,15100,0,0,0,JEFFERSON,8:40,1976,1976,"T110,","KCS,",7,"T1,","T,",YARD,Texas,31.827233,-99.423022,8,Morning
Derailments,1975:12:MKT:AX202S,0,0,3130,11800,1,0,0,TARRANT,7:30,1975,1976,"T101,T102,","MKT,MP,",11,"T1,","T,",MAIN,Texas,31.827233,-99.423022,7,Morning
Derailments,1976:01:KCS:303223,0,0,25500,19090,0,0,0,BOWIE,8:15,1976,1976,"T101,","KCS,",1,"T1,","T,",MAIN,Texas,31.827233,-99.423022,8,Morning
Raking collision,1976:01:ATSF:32016118,0,0,300,7265,0,0,0,HUTCHINSON,7:10,1976,1976,"H017,","ATSF,",76,"H0,","H,",YARD,Texas,31.827233,-99.423022,7,Morning
Derailments,1975:12:SP:N1115,0,0,150,5000,0,0,0,HIDALGO,6:05,1975,1976,"T202,","SP,",1,"T2,","T,",MAIN,Texas,31.827233,-99.423022,6,Morning
Derailments,1975:12:TP:8834,0,0,12460,91800,0,0,0,DALLAS,7:25,1975,1976,"E63C,E66C,","TP,",1,"E6,","E,",MAIN,Texas,31.827233,-99.423022,7,Morning
Derailments,1976:01:KCS:310557,0,0,780,5200,0,0,0,JEFFERSON,10:35,1976,1976,"T110,","KCS,",7,"T1,","T,",YARD,Texas,31.827233,-99.423022,10,Morning
Side collision,1976:02:ATSF:31026102,0,0,70,5100,0,0,0,BELL,6:30,1976,1976,"H303,","ATSF,",84,"H3,","H,",YARD,Texas,31.827233,-99.423022,6,Morning
Derailments,1975:12:MKT:AX198S,0,0,2440,300,0,0,0,WICHITA,8:30,1975,1976,"E64C,","MKT,",7,"E6,","E,",YARD,Texas,31.827233,-99.423022,8,Morning
Rear end collision,1975:12:MKT:AX189S,0,1,0,7411,0,0,0,FAYETTE,5:15,1975,1976,"H305,","MKT,",5,"H3,","H,",MAIN,Texas,31.827233,-99.423022,5,Morning
Derailments,1976:01:SP:H0826,0,0,7000,21000,0,0,0,HARRIS,11:30,1976,1976,"T111,T113,","PTRA,SP,",71,"T1,","T,",MAIN,Texas,31.827233,-99.423022,11,Morning
Broken train collision,1976:01:HBT:AX1X76,0,0,110,2500,0,0,0,HARRIS,11:30,1976,1976,"H301,","HBT,",7,"H3,","H,",YARD,Texas,31.827233,-99.423022,11,Morning
Derailments,1975:12:MKT:AX191S,0,0,98703,372300,0,0,0,DALLAS,7:05,1975,1976,"E23C,M599,","MKT,RI,",11,"E2,M5,","E,M,",MAIN,Texas,31.827233,-99.423022,7,Morning
Derailments,1975:12:SP:G8765,0,0,300,7500,0,0,0,NAVARRO,8:15,1975,1976,"T216,","SP,",1,"T2,","T,",SIDING,Texas,31.827233,-99.423022,8,Morning
Derailments,1975:12:MP:8831,0,0,1803,1500,0,0,0,MONTGOMERY,10:10,1975,1976,"E52C,","MP,",1,"E5,","E,",MAIN,Texas,31.827233,-99.423022,10,Morning
Derailments,1976:01:SP:G0496,0,0,13000,0,0,0,0,DALLAS,5:30,1976,1976,"H701,","SP,SSW,",7,"H7,","H,",YARD,Texas,31.827233,-99.423022,5,Morning
Derailments,1976:02:ATSF:30026106,0,0,6000,18100,0,0,0,ELLIS,9:55,1976,1976,"T101,","ATSF,",1,"T1,","T,",MAIN,Texas,31.827233,-99.423022,9,Morning
Derailments,1976:02:KCS:300347,0,0,500,1700,0,0,0,JEFFERSON,9:45,1976,1976,"T314,","KCS,",7,"T3,","T,",YARD,Texas,31.827233,-99.423022,9,Morning
Derailments,1976:02:TP:8908,0,0,6565,8400,0,0,0,TARRANT,6:35,1976,1976,"T210,","SLSF,TP,",11,"T2,","T,",YARD,Texas,31.827233,-99.423022,6,Morning
Derailments,1976:01:RI:SRWF94,0,0,250,2600,0,0,0,TARRANT,5:30,1976,1976,"H017,","RI,",67,"H0,","H,",YARD,Texas,31.827233,-99.423022,5,Morning
Derailments,1976:01:SP:G0066,0,0,200,5050,0,0,0,JEFF DAVIS,7:50,1976,1976,"E30C,","SP,",1,"E3,","E,",MAIN,Texas,31.827233,-99.423022,7,Morning
Raking collision,1976:02:ATSF:30026105,0,0,50,9125,0,0,0,BROWN,6:00,1976,1976,"H403,","ATSF,",85,"H4,","H,",YARD,Texas,31.827233,-99.423022,6,Morning
Raking collision,1976:01:SP:H0236,0,0,0,3600,0,0,0,HIDALGO,8:15,1976,1976,"H403,","SP,",15,"H4,","H,",MAIN,Texas,31.827233,-99.423022,8,Morning
Derailments,1976:02:LA:303469,0,0,5910,25910,0,0,0,CASS,8:55,1976,1976,"T101,","LA,",1,"T1,","T,",MAIN,Texas,31.827233,-99.423022,8,Morning
Derailments,1976:01:SP:G0186,0,0,800,4700,0,0,0,COLORADO,11:00,1976,1976,"E32C,","SP,",1,"E3,","E,",MAIN,Texas,31.827233,-99.423022,11,Morning
Derailments,1976:01:MKT:AX3S,0,0,6750,10700,0,0,0,DALLAS,9:30,1976,1976,"T106,","MKT,",1,"T1,","T,",MAIN,Texas,31.827233,-99.423022,9,Morning
Derailments,1976:01:SSW:U0366,0,0,500,3500,0,0,0,BOWIE,10:31,1976,1976,"H503,","SSW,",1,"H5,","H,",YARD,Texas,31.827233,-99.423022,10,Morning
Highway-rail impact,1976:02:MP:T0122,0,1,23100,46300,0,0,0,HARRIS,11:40,1976,1976,"M399,","MP,",1,"M3,","M,",YARD,Texas,31.827233,-99.423022,11,Morning
Derailments,1976:01:MP:ZZZ,0,0,0,125,0,0,0,JEFFERSON,8:30,1976,1976,"T399,","SP,",1,"T3,","T,",MAIN,Texas,31.827233,-99.423022,8,Morning
Other impacts,1976:02:HBT:AX1B76,0,0,0,5117,0,0,0,HARRIS,9:20,1976,1976,"H302,","HBT,",7,"H3,","H,",INDUSTRY,Texas,31.827233,-99.423022,9,Morning
Derailments,1976:02:HBT:JAX2B76,0,0,3484,500,0,0,0,HARRIS,6:35,1976,1976,"E40C,","HBT,MP,",11,"E4,","E,",MAIN,Texas,31.827233,-99.423022,6,Morning
Derailments,1976:01:MP:8901,0,0,11500,3900,0,0,0,CHEROKEE,7:35,1976,1976,"E52C,","MP,",1,"E5,","E,",MAIN,Texas,31.827233,-99.423022,7,Morning
Derailments,1976:02:RI:SRWF106,0,0,3440,19650,0,0,0,TARRANT,6:14,1976,1976,"T310,","RI,SLSF,",11,"T3,","T,",MAIN,Texas,31.827233,-99.423022,6,Morning
Derailments,1976:03:ATSF:31036101,0,0,1100,5200,18,0,0,BRAZORIA,10:55,1976,1976,"H503,M401,H203,","ATSF,MP,",1,"H5,M4,H2,H5,","H,M,H,",MAIN,Texas,31.827233,-99.423022,10,Morning
Derailments,1976:02:SP:G0656,0,0,61000,250,0,0,0,GUADALUPE,6:00,1976,1976,"E66C,","SP,",1,"E6,","E,",MAIN,Texas,31.827233,-99.423022,6,Morning
Derailments,1976:03:KCS:305634,0,0,1000,1850,0,0,0,JEFFERSON,7:50,1976,1976,"T101,","KCS,",7,"T1,","T,",YARD,Texas,31.827233,-99.423022,7,Morning
Derailments,1976:03:ATSF:30036104,0,0,5000,5315,0,0,0,TAYLOR,10:40,1976,1976,"E64C,","ATSF,",1,"E6,","E,",MAIN,Texas,31.827233,-99.423022,10,Morning
Derailments,1976:03:KCS:305651,0,0,2200,8220,0,0,0,JEFFERSON,10:20,1976,1976,"T110,","KCS,",7,"T1,","T,",YARD,Texas,31.827233,-99.423022,10,Morning
Raking collision,1976:03:HBT:AX2C76,0,0,200,3550,0,0,0,HARRIS,10:45,1976,1976,"H301,","HBT,",7,"H3,","H,",YARD,Texas,31.827233,-99.423022,10,Morning
Highway-rail impact,1976:03:MP:T0203,0,1,0,2400,0,0,0,ZAVALA,11:32,1976,1976,"M399,","MP,",1,"M3,","M,",MAIN,Texas,31.827233,-99.423022,11,Morning