AccidentType,inckey,Fatalities,Injuries,TrackDamage,EquipmentDamage,HazmatCars,HazmatCarsDerailed,HazmatCarsReleasing,County,DisplayTime,calendar,Fiscal,AccidentCause,RailroadCodes,RAILEQUIPMENT_TYPE,CauseGroup,CauseDiscipline,TYPE_OF_TRACK,StateName,latitude,longitude,hour,cat
Side collision,1976:03:FWD:FW37,0,0,100,5700,0,0,0,TARRANT,5:00,1976,1976,"E0HC,","FWD,",57,"E0,","E,",INDUSTRY,Texas,31.827233,-99.423022,5,Morning
Derailments,1976:04:SLSF:T3A35,0,0,2400,3000,0,0,0,DALLAS,8:30,1976,1976,"T314,","FWD,SLSF,",11,"T3,","T,",YARD,Texas,31.827233,-99.423022,8,Morning
Derailments,1976:04:HBT:AX1D76,0,0,225,3982,0,0,0,HARRIS,11:55,1976,1976,"E49C,","HBT,",7,"E4,","E,",SIDING,Texas,31.827233,-99.423022,11,Morning
Derailments,1976:03:RI:SRWF202,0,0,13250,18177,0,0,0,TARRANT,6:25,1976,1976,"T101,","RI,SLSF,",11,"T1,","T,",MAIN,Texas,31.827233,-99.423022,6,Morning
Derailments,1976:04:MKT:AX42S,0,0,2750,410,0,0,0,TARRANT,11:25,1976,1976,"T318,","MKT,",1,"T3,","T,",MAIN,Texas,31.827233,-99.423022,11,Morning
Highway-rail impact,1976:04:SP:G2406,0,0,8450,10000,0,0,0,GRIMES,9:30,1976,1976,"M399,","SP,",1,"M3,","M,",MAIN,Texas,31.827233,-99.423022,9,Morning
Derailments,1976:03:SP:G1486,0,0,19970,0,0,0,0,EL PASO,7:40,1976,1976,"E05C,","SP,",NA,"E0,","E,",MAIN,Texas,31.827233,-99.423022,7,Morning
Side collision,1976:04:MP:8969,0,0,0,6000,0,0,0,CAMERON,8:55,1976,1976,"H403,","MP,",7,"H4,","H,",YARD,Texas,31.827233,-99.423022,8,Morning
Rear end collision,1976:04:MKT:AX38S,0,0,0,0,0,0,0,DALLAS,9:30,1976,1976,"H307,","FWD,MKT,",11,"H3,","H,",MAIN,Texas,31.827233,-99.423022,9,Morning
Derailments,1976:03:RI:SRWF221,0,0,0,5575,0,0,0,DALLAS,9:00,1976,1976,"H601,","RI,",7,"H6,","H,",YARD,Texas,31.827233,-99.423022,9,Morning
Side collision,1976:04:TP:8966,0,0,150,5650,0,0,0,TARRANT,6:15,1976,1976,"T305,","TP,",75,"T3,","T,",YARD,Texas,31.827233,-99.423022,6,Morning
Derailments,1976:04:SP:H3166,1,0,0,3500,0,0,0,ANGELINA,8:00,1976,1976,"M599,","SP,",5,"M5,","M,",MAIN,Texas,31.827233,-99.423022,8,Morning
Fire/violent rupture,1976:03:SP:G1806,1,2,100000,526148,0,0,0,ROBERTSON,5:55,1976,1976,"M599,","SP,",1,"M5,","M,",MAIN,Texas,31.827233,-99.423022,5,Morning
Derailments,1976:04:SP:H2956,0,0,160,5550,1,1,0,HARRIS,5:15,1976,1976,"H403,","SP,",1,"H4,","H,",INDUSTRY,Texas,31.827233,-99.423022,5,Morning
Derailments,1976:03:SSW:U2226,0,0,2960,0,1,1,0,DALLAS,7:10,1976,1976,"T314,","ATSF,SSW,",7,"T3,","T,",MAIN,Texas,31.827233,-99.423022,7,Morning
Derailments,1976:04:RI:SRWF266,0,0,1670,16900,0,0,0,TARRANT,6:12,1976,1976,"T102,","FWD,RI,",11,"T1,","T,",SIDING,Texas,31.827233,-99.423022,6,Morning
Derailments,1976:04:RI:WF274,0,0,3615,230,0,0,0,TARRANT,8:50,1976,1976,"H702,","RI,",7,"H7,","H,",SIDING,Texas,31.827233,-99.423022,8,Morning
Derailments,1976:04:MP:8963,0,0,4603,45750,0,0,0,CHEROKEE,6:40,1976,1976,"E40C,","MP,",NA,"E4,","E,",MAIN,Texas,31.827233,-99.423022,6,Morning
Derailments,1976:04:TP:8964,0,0,2500,7700,0,0,0,TARRANT,8:30,1976,1976,"M599,H020,","TP,",1,"M5,H0,","M,H,",MAIN,Texas,31.827233,-99.423022,8,Morning
Highway-rail impact,1976:04:FWD:FW49,0,0,515,1500,0,0,0,POTTER,10:00,1976,1976,"M399,","FWD,",7,"M3,","M,",MAIN,Texas,31.827233,-99.423022,10,Morning
Derailments,1976:04:RI:SRWF237,0,0,3325,3000,0,0,0,DALLAS,9:40,1976,1976,"T202,","RI,",7,"T2,","T,",YARD,Texas,31.827233,-99.423022,9,Morning
Derailments,1976:03:SP:G1636,0,2,1200,115000,0,0,0,BREWSTER,7:00,1976,1976,"E35C,","SP,",1,"E3,","E,",MAIN,Texas,31.827233,-99.423022,7,Morning
Derailments,1976:04:SP:H2756,0,0,7085,0,0,0,0,HARRIS,10:25,1976,1976,"E04C,","SP,",1,"E0,","E,",MAIN,Texas,31.827233,-99.423022,10,Morning
Derailments,1976:06:ATSF:32066122,0,0,2062,31280,0,0,0,HASKELL,9:30,1976,1976,"T220,","ATSF,",1,"T2,","T,",MAIN,Texas,31.827233,-99.423022,9,Morning
Derailments,1976:05:PTRA:D2,0,0,1209,8500,0,0,0,HARRIS,6:45,1976,1976,"T314,","PTRA,",7,"T3,","T,",MAIN,Texas,31.827233,-99.423022,6,Morning
Derailments,1976:05:MKT:AX47S,0,0,502,10400,0,0,0,HARRIS,7:20,1976,1976,"E00C,H503,","MKT,",1,"E0,H5,","E,H,",MAIN,Texas,31.827233,-99.423022,7,Morning
Highway-rail impact,1976:05:ATSF:31056115,0,1,1850,800,0,0,0,SAN AUGUSTINE,8:25,1976,1976,"M399,","ATSF,",1,"M3,","M,",MAIN,Texas,31.827233,-99.423022,8,Morning
Side collision,1976:05:KCS:312667,0,0,0,19920,0,0,0,JEFFERSON,5:30,1976,1976,"T101,","KCS,",76,"T1,","T,",YARD,Texas,31.827233,-99.423022,5,Morning
Side collision,1976:06:ATSF:32066123,0,0,250,3325,0,0,0,POTTER,5:30,1976,1976,"H403,","ATSF,",86,"H4,","H,",YARD,Texas,31.827233,-99.423022,5,Morning
Derailments,1976:05:KCS:305751,0,0,0,7040,0,0,0,JEFFERSON,9:00,1976,1976,"T102,","KCS,",7,"T1,","T,",YARD,Texas,31.827233,-99.423022,9,Morning
Derailments,1976:06:ATSF:ZZZ,0,0,0,2000,0,0,0,TARRANT,11:15,1976,1976,"T101,","FWD,",7,"T1,","T,",INDUSTRY,Texas,31.827233,-99.423022,11,Morning
Derailments,1976:05:KCS:308855,0,0,2000,7680,0,0,0,JEFFERSON,11:10,1976,1976,"T314,","KCS,",1,"T3,","T,",YARD,Texas,31.827233,-99.423022,11,Morning
Derailments,1976:05:ATSF:32056102,0,0,5500,3000,0,0,0,GRAY,8:45,1976,1976,"E51C,","ATSF,",1,"E5,","E,",MAIN,Texas,31.827233,-99.423022,8,Morning
Derailments,1976:06:ATSF:32066105,0,0,6600,62500,0,0,0,HASKELL,11:55,1976,1976,"T199,","ATSF,",1,"T1,","T,",MAIN,Texas,31.827233,-99.423022,11,Morning
Side collision,1976:07:TP:9024,0,0,375,3650,0,0,0,TARRANT,9:25,1976,1976,"T305,","TP,",57,"T3,","T,",YARD,Texas,31.827233,-99.423022,9,Morning
Derailments,1976:06:TP:8993,0,0,800,3100,0,0,0,DALLAS,10:10,1976,1976,"H701,","SSW,",7,"H7,","H,",INDUSTRY,Texas,31.827233,-99.423022,10,Morning
Derailments,1976:07:ATSF:31076122,0,0,7600,25000,0,0,0,HARDIN,8:50,1976,1976,"E23C,","ATSF,",1,"E2,","E,",MAIN,Texas,31.827233,-99.423022,8,Morning
Raking collision,1976:07:HBT:AX3G76,0,0,150,3600,0,0,0,HARRIS,11:05,1976,1976,"H301,","HBT,",7,"H3,","H,",YARD,Texas,31.827233,-99.423022,11,Morning
Highway-rail impact,1976:06:RI:SRH51,0,4,6117,278141,1,1,0,CARSON,8:05,1976,1976,"H099,","RI,",1,"H0,","H,",MAIN,Texas,31.827233,-99.423022,8,Morning
Derailments,1976:06:MKT:AX63S,0,0,385,4250,0,0,0,TARRANT,5:45,1976,1976,"T199,","MKT,",1,"T1,","T,",YARD,Texas,31.827233,-99.423022,5,Morning
Highway-rail impact,1976:06:SP:H4416,1,0,0,15600,0,0,0,COLORADO,9:11,1976,1976,"M399,","ATK,SP,",22,"M3,","M,",MAIN,Texas,31.827233,-99.423022,9,Morning
Derailments,1976:07:SP:G5306,0,0,1200,4600,0,0,0,TARRANT,6:20,1976,1976,"H503,","FWD,SP,",1,"H5,","H,",MAIN,Texas,31.827233,-99.423022,6,Morning
Derailments,1976:09:TP:9069,0,0,17000,271400,1,1,0,HOWARD,6:20,1976,1976,"E66C,","TP,",1,"E6,","E,",MAIN,Texas,31.827233,-99.423022,6,Morning
Derailments,1976:08:MKT:AX86S,0,0,950,8300,0,0,0,HARRIS,10:00,1976,1976,"T199,","MKT,",7,"T1,","T,",YARD,Texas,31.827233,-99.423022,10,Morning
Derailments,1976:07:KCS:305731,0,0,0,2150,0,0,0,JEFFERSON,10:15,1976,1976,"H403,","KCS,",7,"H4,","H,",INDUSTRY,Texas,31.827233,-99.423022,10,Morning
Derailments,1976:07:TP:9019,0,0,1200,2650,0,0,0,TARRANT,5:01,1976,1976,"H505,","TP,",7,"H5,","H,",YARD,Texas,31.827233,-99.423022,5,Morning
Fire/violent rupture,1976:07:SSW:U7086,0,0,0,2000,0,0,0,NAVARRO,6:51,1976,1976,"E04C,","SSW,",1,"E0,","E,",YARD,Texas,31.827233,-99.423022,6,Morning
Derailments,1976:07:MP:9026,0,0,100,2500,7,1,0,BRAZORIA,11:25,1976,1976,"E40C,","MP,",1,"E4,","E,",YARD,Texas,31.827233,-99.423022,11,Morning
Derailments,1976:07:SP:76066,0,0,7030,1650,0,0,0,EL PASO,7:35,1976,1976,"T211,","SP,",7,"T2,","T,",YARD,Texas,31.827233,-99.423022,7,Morning
Derailments,1976:08:MKT:AX79S,0,0,7800,22400,0,0,0,HARRIS,10:15,1976,1976,"E52C,H307,","MKT,",NA,"E5,H3,","E,H,",MAIN,Texas,31.827233,-99.423022,10,Morning
Derailments,1976:07:TP:9023,0,0,625,8500,66,4,0,BOWIE,6:20,1976,1976,"T314,","TP,",1,"T3,","T,",MAIN,Texas,31.827233,-99.423022,6,Morning
Derailments,1976:07:RI:WF473,0,0,2159,775,0,0,0,TARRANT,5:55,1976,1976,"T110,","RI,",1,"T1,","T,",YARD,Texas,31.827233,-99.423022,5,Morning
Derailments,1976:07:TP:9025,0,0,0,5700,0,0,0,TARRANT,11:45,1976,1976,"H017,","TP,",6,"H0,","H,",YARD,Texas,31.827233,-99.423022,11,Morning
Derailments,1976:07:TP:9022,0,0,0,4000,0,0,0,TARRANT,11:45,1976,1976,"H017,","TP,",6,"H0,","H,",YARD,Texas,31.827233,-99.423022,11,Morning
Highway-rail impact,1976:08:FWD:JT78,0,1,0,4000,0,0,0,HARRIS,11:35,1976,1976,"M399,","FWD,",1,"M3,","M,",MAIN,Texas,31.827233,-99.423022,11,Morning
Derailments,1976:08:SP:H6836,0,0,50,6585,0,0,0,HARRIS,8:25,1976,1976,"H703,","SP,",61,"H7,","H,",INDUSTRY,Texas,31.827233,-99.423022,8,Morning
Derailments,1976:09:TP:9060,0,0,2111,0,0,0,0,TARRANT,9:50,1976,1976,"E64C,","SP,TP,",77,"E6,","E,",YARD,Texas,31.827233,-99.423022,9,Morning
Derailments,1976:09:SP:G6826,0,0,0,2100,0,0,0,BEXAR,7:20,1976,1976,"H503,","SP,",7,"H5,","H,",INDUSTRY,Texas,31.827233,-99.423022,7,Morning
Rear end collision,1976:09:SP:G6586,0,0,0,3000,0,0,0,PRESIDIO,11:50,1976,1976,"H305,H308,","SP,",4,"H3,","H,",MAIN,Texas,31.827233,-99.423022,11,Morning
Derailments,1976:08:SP:G5656,2,0,35000,88150,0,0,0,BEXAR,11:58,1976,1976,"M401,","SP,",1,"M4,","M,",MAIN,Texas,31.827233,-99.423022,11,Morning
Derailments,1976:09:SP:H8156,0,0,1900,2600,0,0,0,HARRIS,6:00,1976,1976,"H503,","SP,",7,"H5,","H,",YARD,Texas,31.827233,-99.423022,6,Morning
Derailments,1976:09:SSW:U9686,0,0,1800,1968,0,0,0,BOWIE,8:20,1976,1976,"H505,","SSW,",1,"H5,","H,",YARD,Texas,31.827233,-99.423022,8,Morning
Derailments,1976:08:SP:L6356,0,0,8000,67650,2,2,2,JEFFERSON,9:18,1976,1976,"T222,","SP,",1,"T2,","T,",MAIN,Texas,31.827233,-99.423022,9,Morning
Derailments,1976:09:SSW:U9536,0,0,1470,3600,0,0,0,TRAVIS,6:30,1976,1976,"T314,E64C,","FWD,SSW,",17,"T3,E6,","T,E,",YARD,Texas,31.827233,-99.423022,6,Morning
Highway-rail impact,1976:09:SP:H8456,0,1,2500,11100,0,0,0,COLORADO,9:40,1976,1976,"M399,","SP,",1,"M3,","M,",MAIN,Texas,31.827233,-99.423022,9,Morning
Derailments,1976:11:ATSF:32116107,0,0,200,2150,0,0,0,GRAY,11:30,1976,1977,"H999,","ATSF,",81,"H9,","H,",INDUSTRY,Texas,31.827233,-99.423022,11,Morning
Side collision,1976:09:MKT:AX93S,0,0,0,3650,0,0,0,WILLIAMSON,10:15,1976,1976,"H702,M503,","MKT,",1,"H7,M5,","H,M,",INDUSTRY,Texas,31.827233,-99.423022,10,Morning
Side collision,1976:09:FWD:FW134,0,0,0,9900,0,0,0,TARRANT,10:15,1976,1976,"H017,","FWD,",61,"H0,","H,",MAIN,Texas,31.827233,-99.423022,10,Morning
Derailments,1976:09:SP:H8016,0,0,3000,15200,0,0,0,LIBERTY,11:55,1976,1976,"E23C,","SP,",1,"E2,","E,",MAIN,Texas,31.827233,-99.423022,11,Morning
Derailments,1976:09:MKT:AX96S,0,0,3632,1200,0,0,0,GRAYSON,6:32,1976,1976,"T201,","MKT,",1,"T2,","T,",MAIN,Texas,31.827233,-99.423022,6,Morning
Derailments,1976:09:TP:64316P1107,0,32,14500,452650,0,0,0,WOOD,6:10,1976,1976,"T109,","ATK,TP,",22,"T1,","T,",MAIN,Texas,31.827233,-99.423022,6,Morning
Derailments,1976:10:SP:H9566,0,0,100,4000,0,0,0,HARRIS,5:30,1976,1977,"H601,","SP,",7,"H6,","H,",YARD,Texas,31.827233,-99.423022,5,Morning
Derailments,1976:10:RI:WF766,0,0,1800,9560,0,0,0,TARRANT,9:00,1976,1977,"T102,E04C,","RI,SP,",77,"T1,E0,","T,E,",MAIN,Texas,31.827233,-99.423022,9,Morning
Derailments,1976:10:SSW:V0546,0,0,18000,93750,0,0,0,NAVARRO,8:40,1976,1977,"E22C,","SSW,",1,"E2,","E,",MAIN,Texas,31.827233,-99.423022,8,Morning
Derailments,1976:10:SP:H9546,0,0,3000,325,0,0,0,COLORADO,7:00,1976,1977,"H601,","SP,",1,"H6,","H,",YARD,Texas,31.827233,-99.423022,7,Morning
Derailments,1976:10:KCS:314176,0,0,250,4000,0,0,0,JEFFERSON,5:20,1976,1977,"T110,","KCS,",1,"T1,","T,",MAIN,Texas,31.827233,-99.423022,5,Morning
Derailments,1976:10:MKT:AX108S,0,0,15,3800,0,0,0,GRAYSON,11:30,1976,1977,"H018,","MKT,",6,"H0,","H,",YARD,Texas,31.827233,-99.423022,11,Morning
Derailments,1976:10:RI:WF744,0,0,8550,9600,0,0,0,TARRANT,5:20,1976,1977,"H503,","RI,SLSF,",11,"H5,","H,",MAIN,Texas,31.827233,-99.423022,5,Morning
Derailments,1976:10:ATSF:32106109,0,0,1300,6500,0,0,0,MOORE,11:45,1976,1977,"T111,T113,","ATSF,",1,"T1,","T,",INDUSTRY,Texas,31.827233,-99.423022,11,Morning
Derailments,1976:10:GSW:761028,0,0,3200,50,0,0,0,TARRANT,11:15,1976,1977,"T001,E49C,","GSW,",7,"T0,E4,","T,E,",YARD,Texas,31.827233,-99.423022,11,Morning
Side collision,1976:10:MKT:AX110S,0,0,0,7345,0,0,0,GRAYSON,6:00,1976,1977,"H017,","MKT,",67,"H0,","H,",YARD,Texas,31.827233,-99.423022,6,Morning
Side collision,1976:10:KCS:305801,0,0,0,14090,0,0,0,JEFFERSON,10:50,1976,1977,"H099,","KCS,",67,"H0,","H,",MAIN,Texas,31.827233,-99.423022,10,Morning
Derailments,1976:10:MKT:AX109S,0,0,650,4000,0,0,0,WILLIAMSON,6:23,1976,1977,"T113,","MKT,",NA,"T1,","T,",YARD,Texas,31.827233,-99.423022,6,Morning
Derailments,1976:10:PTRA:D1,0,0,13166,8000,0,0,0,HARRIS,8:30,1976,1977,"T314,","PTRA,",7,"T3,","T,",MAIN,Texas,31.827233,-99.423022,8,Morning
Side collision,1976:11:SP:G8616,0,0,0,1800,0,0,0,TARRANT,5:00,1976,1977,"H403,","SP,",75,"H4,","H,",INDUSTRY,Texas,31.827233,-99.423022,5,Morning
Derailments,1976:11:MP:9137,0,0,800,3850,0,0,0,VAN ZANDT,8:35,1976,1977,"E40C,","MP,",1,"E4,","E,",MAIN,Texas,31.827233,-99.423022,8,Morning
Derailments,1976:12:ATSF:31126119,0,0,11300,3900,0,0,0,JASPER,10:00,1976,1977,"E52C,","ATSF,",1,"E5,","E,",MAIN,Texas,31.827233,-99.423022,10,Morning
Derailments,1976:11:SP:G8796,0,0,300,1700,0,0,0,ELLIS,6:45,1976,1977,"T220,","SP,",1,"T2,","T,",YARD,Texas,31.827233,-99.423022,6,Morning
Derailments,1976:12:KCS:315426,0,0,0,12600,10,0,0,JEFFERSON,7:00,1976,1977,"E00C,","KCS,",1,"E0,","E,",MAIN,Texas,31.827233,-99.423022,7,Morning
Derailments,1976:11:SP:G8336,0,0,5000,8250,0,0,0,GUADALUPE,9:45,1976,1977,"H604,","SP,",1,"H6,","H,",MAIN,Texas,31.827233,-99.423022,9,Morning
Derailments,1976:11:SP:N0076,0,1,4000,18650,3,3,0,VICTORIA,6:05,1976,1977,"T220,","SP,",1,"T2,","T,",MAIN,Texas,31.827233,-99.423022,6,Morning
Derailments,1976:11:SP:L8876,0,0,11300,4550,0,0,0,ANGELINA,8:15,1976,1977,"T110,","SP,",1,"T1,","T,",MAIN,Texas,31.827233,-99.423022,8,Morning
Derailments,1976:11:SP:G8236,0,0,7920,1425,0,0,0,TERRELL,10:15,1976,1977,"E00C,","SP,",1,"E0,","E,",MAIN,Texas,31.827233,-99.423022,10,Morning
Derailments,1976:11:SSW:V1856,0,0,860,1200,0,0,0,COLLIN,7:20,1976,1977,"T202,","SSW,",1,"T2,","T,",SIDING,Texas,31.827233,-99.423022,7,Morning
Derailments,1976:11:SSW:V2666,0,0,12500,650,0,0,0,BOWIE,8:15,1976,1977,"H503,","SSW,",7,"H5,","H,",YARD,Texas,31.827233,-99.423022,8,Morning
Other impacts,1976:11:SLSF:T3A99,0,0,0,5050,0,0,0,GRAYSON,11:40,1976,1977,"E06C,","SLSF,",NA,"E0,","E,",INDUSTRY,Texas,31.827233,-99.423022,11,Morning
Highway-rail impact,1976:11:SP:G8636,0,1,4500,10,0,0,0,TRAVIS,11:00,1976,1977,"M399,","SP,",1,"M3,","M,",MAIN,Texas,31.827233,-99.423022,11,Morning
Derailments,1976:12:ATSF:31126121,0,0,3000,150,5,0,0,MILAM,9:00,1976,1977,"T103,","ATSF,",1,"T1,","T,",MAIN,Texas,31.827233,-99.423022,9,Morning
Derailments,1976:12:PTRA:D1,0,0,4009,0,0,0,0,HARRIS,10:10,1976,1977,"T111,","PTRA,",7,"T1,","T,",YARD,Texas,31.827233,-99.423022,10,Morning
Derailments,1977:01:ATSF:20017102,0,0,0,15500,0,0,0,RANDALL,9:15,1977,1977,"H307,","ATSF,",16,"H3,","H,",YARD,Texas,31.827233,-99.423022,9,Morning
Derailments,1976:12:KCS:308569,0,0,3500,1150,0,0,0,JEFFERSON,10:15,1976,1977,"T314,","KCS,",7,"T3,","T,",YARD,Texas,31.827233,-99.423022,10,Morning
Derailments,1977:01:ATSF:23017101,0,0,6175,28300,0,0,0,AUSTIN,11:35,1977,1977,"H503,H603,","ATSF,",15,"H5,H6,H5,H6,","H,",YARD,Texas,31.827233,-99.423022,11,Morning
Derailments,1976:12:SSW:V3926,0,0,2000,2950,0,0,0,COLLIN,8:40,1976,1977,"M599,","SSW,",1,"M5,","M,",SIDING,Texas,31.827233,-99.423022,8,Morning
Derailments,1977:01:ATSF:23017102,0,0,100,7825,0,0,0,HARDIN,9:00,1977,1977,"H704,","ATSF,",67,"H7,","H,",YARD,Texas,31.827233,-99.423022,9,Morning
Derailments,1976:12:MKT:AX127S,0,0,2000,30,0,0,0,HILL,5:05,1976,1977,"H503,","MKT,",1,"H5,","H,",SIDING,Texas,31.827233,-99.423022,5,Morning
Derailments,1976:12:SP:N1756,0,0,300,6750,0,0,0,WHARTON,5:25,1976,1977,"E31C,","SP,",1,"E3,","E,",MAIN,Texas,31.827233,-99.423022,5,Morning
Highway-rail impact,1977:01:RI:MK77116,0,0,1015,2700,0,0,0,MOORE,11:52,1977,1977,"M399,","RI,",1,"M3,","M,",MAIN,Texas,31.827233,-99.423022,11,Morning
Derailments,1977:01:ATSF:23017105,0,0,18000,33200,0,0,0,AUSTIN,9:05,1977,1977,"T102,T106,","ATSF,",1,"T1,","T,",MAIN,Texas,31.827233,-99.423022,9,Morning
Derailments,1977:01:ATSF:22017103,0,0,0,3000,0,0,0,TARRANT,8:15,1977,1977,"M101,","ATSF,",7,"M1,","M,",YARD,Texas,31.827233,-99.423022,8,Morning
Derailments,1976:12:SSW:V2876,0,0,80,2305,0,0,0,HENDERSON,5:10,1976,1977,"E32C,","SSW,",1,"E3,","E,",MAIN,Texas,31.827233,-99.423022,5,Morning
Head on collision,1976:12:TM:7883,0,0,0,63000,92,0,0,WEBB,10:55,1976,1977,"H205,","TM,",1,"H2,","H,",MAIN,Texas,31.827233,-99.423022,10,Morning
Derailments,1976:12:RI:WF1039,0,0,1950,9600,0,0,0,DALLAS,9:00,1976,1977,"E25C,T314,","RI,SLSF,",17,"E2,T3,","E,T,",MAIN,Texas,31.827233,-99.423022,9,Morning
Rear end collision,1976:12:SP:L9586,0,0,0,3000,0,0,0,ANGELINA,10:30,1976,1977,"H999,","SP,",5,"H9,","H,",INDUSTRY,Texas,31.827233,-99.423022,10,Morning
Derailments,1977:01:SP:G0127,0,0,5000,900,3,3,0,ROBERTSON,10:30,1977,1977,"E64C,","SP,",7,"E6,","E,",YARD,Texas,31.827233,-99.423022,10,Morning
Rear end collision,1977:01:SP:H0067,0,0,70,4186,4,1,0,NUECES,9:15,1977,1977,"H312,H601,","SP,TM,",77,"H3,H6,","H,",YARD,Texas,31.827233,-99.423022,9,Morning
Side collision,1977:01:MP:9184,0,0,0,2700,0,0,0,TARRANT,6:25,1977,1977,"H303,","MP,",71,"H3,","H,",YARD,Texas,31.827233,-99.423022,6,Morning
Derailments,1977:01:KCS:314283,0,0,275,6500,0,0,0,JEFFERSON,10:35,1977,1977,"E64C,","KCS,",NA,"E6,","E,",MAIN,Texas,31.827233,-99.423022,10,Morning
Derailments,1977:01:SSW:U1087,0,0,15000,2050,0,0,0,BOWIE,6:20,1977,1977,"T310,","SSW,",1,"T3,","T,",YARD,Texas,31.827233,-99.423022,6,Morning
Derailments,1977:01:SP:L0137,0,0,17300,0,0,0,0,HARRIS,7:15,1977,1977,"T001,","SP,",7,"T0,","T,",INDUSTRY,Texas,31.827233,-99.423022,7,Morning
Derailments,1977:01:HBT:AX2A77,0,0,290,2800,0,0,0,HARRIS,9:30,1977,1977,"H601,","HBT,",7,"H6,","H,",YARD,Texas,31.827233,-99.423022,9,Morning
Derailments,1977:01:SP:G0377,0,0,13700,108000,0,0,0,HUDSPETH,5:00,1977,1977,"E32C,","SP,",NA,"E3,","E,",MAIN,Texas,31.827233,-99.423022,5,Morning
Derailments,1977:01:MKT:AX14S,0,0,1800,2600,0,0,0,WILLIAMSON,11:45,1977,1977,"T217,","MKT,",1,"T2,","T,",YARD,Texas,31.827233,-99.423022,11,Morning
Derailments,1977:02:ATSF:23027102,0,0,1750,10070,0,0,0,GALVESTON,7:00,1977,1977,"T202,","ATSF,",1,"T2,","T,",YARD,Texas,31.827233,-99.423022,7,Morning
Obstruction impact,1977:01:SP:H0057,0,0,25,3400,0,0,0,NACOGDOCHES,10:05,1977,1977,"H503,","SP,",1,"H5,","H,",MAIN,Texas,31.827233,-99.423022,10,Morning
Highway-rail impact,1977:01:SP:L0307,1,0,0,5000,6,0,0,HARRIS,9:00,1977,1977,"M399,","SP,",1,"M3,","M,",MAIN,Texas,31.827233,-99.423022,9,Morning
Derailments,1977:02:RI:WASR162,0,0,9810,10328,0,0,0,TARRANT,6:00,1977,1977,"T314,","RI,SLSF,",11,"T3,","T,",MAIN,Texas,31.827233,-99.423022,6,Morning
Derailments,1977:01:SP:L1157,0,0,0,6000,0,0,0,LIBERTY,5:50,1977,1977,"E54C,","SP,",1,"E5,","E,",MAIN,Texas,31.827233,-99.423022,5,Morning
Highway-rail impact,1977:01:PTRA:7866,0,1,328,2646,0,0,0,HARRIS,8:45,1977,1977,"M399,","PTRA,",8,"M3,","M,",MAIN,Texas,31.827233,-99.423022,8,Morning
Derailments,1977:01:RI:WF1433,0,0,420,5625,0,0,0,DALLAS,8:30,1977,1977,"H312,","RI,",6,"H3,","H,",YARD,Texas,31.827233,-99.423022,8,Morning
Derailments,1977:03:ATSF:22037103,0,0,5200,1500,0,0,0,DALLAS,10:15,1977,1977,"T110,","ATSF,",7,"T1,","T,",YARD,Texas,31.827233,-99.423022,10,Morning
Derailments,1977:01:RI:WF1435,0,0,0,2400,0,0,0,DALLAS,6:15,1977,1977,"E32C,","RI,",6,"E3,","E,",YARD,Texas,31.827233,-99.423022,6,Morning
Derailments,1977:02:SP:H1137,0,0,3000,4600,0,0,0,SHELBY,5:30,1977,1977,"T314,","SP,",1,"T3,","T,",SIDING,Texas,31.827233,-99.423022,5,Morning
Derailments,1977:02:SP:G1087,0,0,0,3000,0,0,0,BURLESON,6:50,1977,1977,"E21C,","SP,",1,"E2,","E,",MAIN,Texas,31.827233,-99.423022,6,Morning
Derailments,1977:03:ATSF:20037101,0,0,31200,221200,10,4,3,LAMB,8:30,1977,1977,"E52C,","ATSF,",1,"E5,","E,",MAIN,Texas,31.827233,-99.423022,8,Morning
Side collision,1977:03:HBT:JAX2C77,0,0,0,5025,0,0,0,HARRIS,7:55,1977,1977,"E64C,T311,","ATSF,",18,"E6,T3,E6,T3,","E,T,E,T,",YARD,Texas,31.827233,-99.423022,7,Morning
Raking collision,1977:03:HBT:XA3C77A,0,0,100,2000,0,0,0,HARRIS,9:45,1977,1977,"H301,","HBT,",7,"H3,","H,",YARD,Texas,31.827233,-99.423022,9,Morning
Derailments,1977:02:SP:H1367,0,0,6000,165,0,0,0,JIM WELLS,6:00,1977,1977,"M405,","SP,",1,"M4,","M,",MAIN,Texas,31.827233,-99.423022,6,Morning
Derailments,1977:02:SP:H1107,0,0,5000,0,0,0,0,HARRIS,11:00,1977,1977,"T317,","SP,",1,"T3,","T,",YARD,Texas,31.827233,-99.423022,11,Morning
Derailments,1977:02:SP:H1297,0,0,3500,4600,0,0,0,SHELBY,5:30,1977,1977,"T314,","SP,",1,"T3,","T,",SIDING,Texas,31.827233,-99.423022,5,Morning
Derailments,1977:03:SP:71577,0,0,16530,450,0,0,0,EL PASO,6:50,1977,1977,"E39C,","SP,",1,"E3,","E,",YARD,Texas,31.827233,-99.423022,6,Morning
Derailments,1977:03:MP:9238,0,0,300,9500,0,0,0,JEFFERSON,9:55,1977,1977,"T110,","MP,",1,"T1,","T,",SIDING,Texas,31.827233,-99.423022,9,Morning
Derailments,1977:02:MP:9213,0,0,5450,5250,0,0,0,TARRANT,7:10,1977,1977,"T102,","MP,",7,"T1,","T,",YARD,Texas,31.827233,-99.423022,7,Morning