AccidentType,inckey,Fatalities,Injuries,TrackDamage,EquipmentDamage,HazmatCars,HazmatCarsDerailed,HazmatCarsReleasing,County,DisplayTime,calendar,Fiscal,AccidentCause,RailroadCodes,RAILEQUIPMENT_TYPE,CauseGroup,CauseDiscipline,TYPE_OF_TRACK,StateName,latitude,longitude,hour,cat
Derailments,1977:03:ATSF:23037101,0,0,104800,33800,0,0,0,BURLESON,6:20,1977,1977,"H699,T101,","ATSF,",1,"H6,T1,","H,T,",MAIN,Texas,31.827233,-99.423022,6,Morning
Derailments,1977:02:SP:G1027,0,0,2000,2800,0,0,0,KINNEY,7:05,1977,1977,"H503,","SP,",1,"H5,","H,",SIDING,Texas,31.827233,-99.423022,7,Morning
Explosion/detonation,1977:02:SP:G1097,0,1,400,20000,0,0,0,FAYETTE,11:45,1977,1977,"E72L,","SP,",1,"E7,","E,",MAIN,Texas,31.827233,-99.423022,11,Morning
Highway-rail impact,1977:02:SP:L2197,0,0,5000,2000,0,0,0,HARRIS,8:00,1977,1977,"M399,","SP,",1,"M3,","M,",MAIN,Texas,31.827233,-99.423022,8,Morning
Derailments,1977:02:SP:G1017,0,0,2500,0,0,0,0,UVALDE,7:20,1977,1977,"T202,","SP,",1,"T2,","T,",SIDING,Texas,31.827233,-99.423022,7,Morning
Derailments,1977:02:SP:H1117,0,0,8500,0,0,0,0,HARRIS,6:00,1977,1977,"T220,","SP,",1,"T2,","T,",YARD,Texas,31.827233,-99.423022,6,Morning
Raking collision,1977:03:MP:9232,0,0,345,3600,0,0,0,TARRANT,6:30,1977,1977,"T305,","MP,",57,"T3,","T,",YARD,Texas,31.827233,-99.423022,6,Morning
Derailments,1977:03:SP:G1987,0,0,0,6500,0,0,0,ROBERTSON,7:05,1977,1977,"H503,","SP,",1,"H5,","H,",MAIN,Texas,31.827233,-99.423022,7,Morning
Derailments,1977:04:FWD:FW57,0,0,7000,50000,0,0,0,DALLAM,10:00,1977,1977,"T215,","FWD,",1,"T2,","T,",MAIN,Texas,31.827233,-99.423022,10,Morning
Other impacts,1977:04:ATSF:23047103,0,0,200,5800,0,0,0,HARDIN,5:00,1977,1977,"H017,","ATSF,",86,"H0,","H,",YARD,Texas,31.827233,-99.423022,5,Morning
Derailments,1977:03:SP:G1507,0,0,6000,0,0,0,0,DALLAS,11:00,1977,1977,"H505,","SP,SSW,",11,"H5,","H,",MAIN,Texas,31.827233,-99.423022,11,Morning
Derailments,1977:04:SP:M0657,0,0,3000,200,0,0,0,BEXAR,9:30,1977,1977,"T314,","SP,",8,"T3,","T,",YARD,Texas,31.827233,-99.423022,9,Morning
Derailments,1977:05:RI:WF568,0,0,250,26020,0,0,0,TARRANT,9:30,1977,1977,"M201,","RI,",7,"M2,","M,",YARD,Texas,31.827233,-99.423022,9,Morning
Derailments,1977:03:SP:H2737,0,0,1900,12850,0,0,0,GRIMES,9:45,1977,1977,"E69L,","SP,",1,"E6,","E,",MAIN,Texas,31.827233,-99.423022,9,Morning
Derailments,1977:03:SP:H2497,0,0,150,6100,0,0,0,HARRIS,9:30,1977,1977,"T309,","SP,",7,"T3,","T,",YARD,Texas,31.827233,-99.423022,9,Morning
Derailments,1977:04:MP:9324,0,0,388,6200,0,0,0,ANDERSON,11:20,1977,1977,"E20C,","MP,",1,"E2,","E,",YARD,Texas,31.827233,-99.423022,11,Morning
Derailments,1977:03:MP:9240,0,0,2700,11900,0,0,0,GREGG,10:20,1977,1977,"E64C,","MP,",1,"E6,","E,",MAIN,Texas,31.827233,-99.423022,10,Morning
Derailments,1977:04:HBT:AX1D77,0,0,5000,6800,0,0,0,HARRIS,10:15,1977,1977,"E64C,","FWD,HBT,",11,"E6,","E,",MAIN,Texas,31.827233,-99.423022,10,Morning
Derailments,1977:03:MKT:AX32S,0,0,8750,71420,0,0,0,HARRIS,8:15,1977,1977,"T399,","MKT,",1,"T3,","T,",MAIN,Texas,31.827233,-99.423022,8,Morning
Derailments,1977:03:SP:H2137,0,0,900,5550,0,0,0,HARRIS,10:55,1977,1977,"T220,","SP,",1,"T2,","T,",MAIN,Texas,31.827233,-99.423022,10,Morning
Derailments,1977:04:ATSF:20047101,0,0,41000,44000,0,0,0,POTTER,5:50,1977,1977,"T199,","ATSF,",1,"T1,","T,",MAIN,Texas,31.827233,-99.423022,5,Morning
Derailments,1977:03:RI:WF309,0,0,10402,1850,0,0,0,TARRANT,5:45,1977,1977,"T102,","RI,",1,"T1,","T,",MAIN,Texas,31.827233,-99.423022,5,Morning
Highway-rail impact,1977:03:SSW:U2637,0,0,2000,300,0,0,0,GRIMES,8:35,1977,1977,"M399,","SSW,",1,"M3,","M,",MAIN,Texas,31.827233,-99.423022,8,Morning
Derailments,1977:04:KCS:308633,0,0,1000,2031,0,0,0,JEFFERSON,10:40,1977,1977,"T210,","KCS,",7,"T2,","T,",YARD,Texas,31.827233,-99.423022,10,Morning
Side collision,1977:03:SP:H2757,0,0,650,3800,0,0,0,HARRIS,11:20,1977,1977,"H704,","HBT,SP,",77,"H7,","H,",YARD,Texas,31.827233,-99.423022,11,Morning
Derailments,1977:03:SLSF:T3A11,0,1,43000,652903,0,0,0,DALLAS,11:25,1977,1977,"T002,","SLSF,",1,"T0,","T,",MAIN,Texas,31.827233,-99.423022,11,Morning
Derailments,1977:05:SP:G3157,0,0,5000,250,0,0,0,VAL VERDE,8:50,1977,1977,"E32C,","SP,",1,"E3,","E,",MAIN,Texas,31.827233,-99.423022,8,Morning
Derailments,1977:06:ATSF:20067102,0,0,3700,5350,6,2,2,HUTCHINSON,7:00,1977,1977,"T002,","ATSF,",7,"T0,","T,",MAIN,Texas,31.827233,-99.423022,7,Morning
Derailments,1977:05:ATSF:22057102,0,0,5000,0,0,0,0,JOHNSON,9:40,1977,1977,"E19C,","ATSF,",1,"E1,","E,",MAIN,Texas,31.827233,-99.423022,9,Morning
Derailments,1977:05:SP:H7017,0,0,550,23550,0,0,0,,8:20,1977,1977,"H601,","SP,",1,"H6,","H,",MAIN,Texas,31.827233,-99.423022,8,Morning
Derailments,1977:04:SSW:U3577,0,0,350,6200,0,0,0,DALLAS,5:20,1977,1977,"H702,","SSW,",7,"H7,","H,",YARD,Texas,31.827233,-99.423022,5,Morning
Derailments,1977:05:MKT:AX48S,0,0,800,2400,0,0,0,CALDWELL,11:10,1977,1977,"E21C,","MKT,",1,"E2,","E,",MAIN,Texas,31.827233,-99.423022,11,Morning
Derailments,1977:05:MP:18187T1273,1,0,500,9000,0,0,0,ORANGE,8:26,1977,1977,"M599,","MP,",1,"M5,","M,",SIDING,Texas,31.827233,-99.423022,8,Morning
Derailments,1977:05:MP:9287,0,0,13000,16500,0,0,0,GREGG,11:25,1977,1977,"T001,","MP,",1,"T0,","T,",MAIN,Texas,31.827233,-99.423022,11,Morning
Derailments,1977:05:MP:9282,0,0,7000,41000,0,0,0,ROBERTSON,11:45,1977,1977,"E52C,","MP,",1,"E5,","E,",MAIN,Texas,31.827233,-99.423022,11,Morning
Derailments,1977:05:RI:WF513,0,0,1557,3500,0,0,0,TARRANT,9:30,1977,1977,"T204,","RI,",5,"T2,","T,",YARD,Texas,31.827233,-99.423022,9,Morning
Derailments,1977:05:RI:WF540,0,0,550,5400,0,0,0,DALLAS,6:50,1977,1977,"T202,","RI,",7,"T2,","T,",YARD,Texas,31.827233,-99.423022,6,Morning
Derailments,1977:06:ATSF:23067101,0,0,500,9000,0,0,0,AUSTIN,7:45,1977,1977,"T220,","ATSF,",61,"T2,","T,",YARD,Texas,31.827233,-99.423022,7,Morning
Derailments,1977:05:SP:H6037,0,0,600,3150,22,2,0,SHELBY,6:05,1977,1977,"E30C,","SP,",1,"E3,","E,",MAIN,Texas,31.827233,-99.423022,6,Morning
Side collision,1977:05:ATSF:20057102,0,0,0,16575,0,0,0,GRAY,11:00,1977,1977,"H301,","ATSF,",76,"H3,","H,",YARD,Texas,31.827233,-99.423022,11,Morning
Derailments,1977:06:SP:H7707,0,0,0,3935,0,0,0,HARRIS,11:20,1977,1977,"T101,","SP,",27,"T1,","T,",YARD,Texas,31.827233,-99.423022,11,Morning
Derailments,1977:06:SSW:U6207,0,0,6000,15100,0,0,0,SMITH,8:27,1977,1977,"H701,","SSW,",1,"H7,","H,",MAIN,Texas,31.827233,-99.423022,8,Morning
Derailments,1977:06:MKT:AX56S,0,0,4200,1300,0,0,0,TARRANT,5:45,1977,1977,"T215,","MKT,",7,"T2,","T,",YARD,Texas,31.827233,-99.423022,5,Morning
Side collision,1977:06:SP:H7787,0,0,0,3000,1,1,0,HARRIS,7:00,1977,1977,"H302,","SP,",57,"H3,","H,",YARD,Texas,31.827233,-99.423022,7,Morning
Side collision,1977:05:SP:H6427,2,0,0,3236,0,0,0,HARRIS,6:05,1977,1977,"H702,","SP,",86,"H7,","H,",YARD,Texas,31.827233,-99.423022,6,Morning
Derailments,1977:05:SP:L6617,0,0,1800,2945,0,0,0,JEFFERSON,11:05,1977,1977,"T111,","SP,",1,"T1,","T,",YARD,Texas,31.827233,-99.423022,11,Morning
Derailments,1977:05:SP:G3227,0,0,3995,5550,0,0,0,KAUFMAN,10:00,1977,1977,"H505,","SP,",1,"H5,","H,",MAIN,Texas,31.827233,-99.423022,10,Morning
Derailments,1977:06:RI:MK77621,0,0,40943,440000,0,0,0,DALLAM,8:35,1977,1977,"E26C,","RI,",1,"E2,","E,",MAIN,Texas,31.827233,-99.423022,8,Morning
Derailments,1977:05:SP:H6027,0,0,5000,0,0,0,0,DE WITT,10:20,1977,1977,"E64C,","SP,",1,"E6,","E,",MAIN,Texas,31.827233,-99.423022,10,Morning
Derailments,1977:06:KCS:315407,0,0,1963,4000,0,0,0,BOWIE,11:20,1977,1977,"E46C,T101,","KCS,",7,"E4,T1,","E,T,",YARD,Texas,31.827233,-99.423022,11,Morning
Side collision,1977:05:SP:G3417,0,0,150,15300,0,0,0,GONZALES,6:55,1977,1977,"H306,","SP,",15,"H3,","H,",MAIN,Texas,31.827233,-99.423022,6,Morning
Derailments,1977:05:SP:G3237,0,0,5100,1750,0,0,0,KAUFMAN,9:45,1977,1977,"H604,","SP,",1,"H6,","H,",MAIN,Texas,31.827233,-99.423022,9,Morning
Highway-rail impact,1977:05:SP:H6807,0,1,0,3500,0,0,0,COLORADO,10:45,1977,1977,"M399,","SP,",1,"M3,","M,",MAIN,Texas,31.827233,-99.423022,10,Morning
Raking collision,1977:07:ATSF:22077104,0,0,0,4000,0,0,0,DALLAS,9:15,1977,1977,"H301,","ATSF,",7,"H3,","H,",YARD,Texas,31.827233,-99.423022,9,Morning
Derailments,1977:06:SP:L7307,0,0,0,30500,0,0,0,JEFFERSON,8:05,1977,1977,"E00C,","SP,",1,"E0,","E,",MAIN,Texas,31.827233,-99.423022,8,Morning
Derailments,1977:09:HBT:AX2I77,0,0,200,3400,0,0,0,HARRIS,9:30,1977,1977,"T314,","HBT,",7,"T3,","T,",INDUSTRY,Texas,31.827233,-99.423022,9,Morning
Derailments,1977:07:SP:G4527,0,0,950,5000,0,0,0,PRESIDIO,11:50,1977,1977,"E30C,","SP,",1,"E3,","E,",MAIN,Texas,31.827233,-99.423022,11,Morning
Other impacts,1977:07:SP:H9137,0,0,0,0,0,0,0,HARRIS,6:30,1977,1977,"M599,","SP,",1,"M5,","M,",MAIN,Texas,31.827233,-99.423022,6,Morning
Derailments,1977:07:SP:H8677,0,0,7300,8150,0,0,0,GOLIAD,5:10,1977,1977,"T101,","SP,",1,"T1,","T,",MAIN,Texas,31.827233,-99.423022,5,Morning
Derailments,1977:08:RI:WF905,0,0,35174,16805,4,4,0,DALLAS,5:20,1977,1977,"T314,","FWD,RI,",1,"T3,","T,",SIDING,Texas,31.827233,-99.423022,5,Morning
Other impacts,1977:07:HBT:AX1G77,0,0,0,8800,0,0,0,HARRIS,7:40,1977,1977,"H999,","HBT,",6,"H9,","H,",YARD,Texas,31.827233,-99.423022,7,Morning
Derailments,1977:08:ATSF:22087102,0,0,1500,9580,0,0,0,JOHNSON,7:50,1977,1977,"H505,","ATSF,",1,"H5,","H,",YARD,Texas,31.827233,-99.423022,7,Morning
Derailments,1977:07:SP:H8507,0,0,3300,0,0,0,0,HARRIS,11:10,1977,1977,"T311,","SP,",7,"T3,","T,",YARD,Texas,31.827233,-99.423022,11,Morning
Derailments,1977:08:ATSF:23087101,0,2,0,7000,0,0,0,HARDIN,5:30,1977,1977,"H022,","ATSF,",16,"H0,","H,",YARD,Texas,31.827233,-99.423022,5,Morning
Derailments,1977:08:SP:N0357,0,0,0,3200,1,0,0,HARRIS,9:55,1977,1977,"H601,","SP,",1,"H6,","H,",MAIN,Texas,31.827233,-99.423022,9,Morning
Side collision,1977:07:KCS:314358,0,0,150,2540,0,0,0,JEFFERSON,11:45,1977,1977,"H018,","KCS,",76,"H0,","H,",INDUSTRY,Texas,31.827233,-99.423022,11,Morning
Derailments,1977:07:LA:310876,0,0,1518,37100,0,0,0,HUNT,8:15,1977,1977,"T303,","LA,",61,"T3,","T,",YARD,Texas,31.827233,-99.423022,8,Morning
Derailments,1977:07:MKT:AX71S,0,0,27000,350,0,0,0,GRAYSON,9:15,1977,1977,"T101,","MKT,",1,"T1,","T,",MAIN,Texas,31.827233,-99.423022,9,Morning
Derailments,1977:07:SSW:U7747,0,0,500,2000,0,0,0,COLLIN,7:10,1977,1977,"E34C,","SSW,",1,"E3,","E,",MAIN,Texas,31.827233,-99.423022,7,Morning
Derailments,1977:07:SP:G4797,0,0,23000,20660,0,0,0,ROBERTSON,9:27,1977,1977,"M405,","SP,",1,"M4,","M,",MAIN,Texas,31.827233,-99.423022,9,Morning
Derailments,1977:07:RI:WF768,0,0,1127,28265,2,0,0,TARRANT,9:46,1977,1977,"T110,","FWD,RI,",11,"T1,","T,",SIDING,Texas,31.827233,-99.423022,9,Morning
Derailments,1977:08:MP:9333,0,0,18343,6500,0,0,0,GRAYSON,6:40,1977,1977,"H603,","MKT,MP,",11,"H6,","H,",MAIN,Texas,31.827233,-99.423022,6,Morning
Derailments,1977:08:SP:K0817,0,0,18200,300,0,0,0,HARRIS,11:00,1977,1977,"T101,","SP,",4,"T1,","T,",INDUSTRY,Texas,31.827233,-99.423022,11,Morning
Raking collision,1977:10:ATSF:20107101,0,0,250,6750,0,0,0,POTTER,11:15,1977,1978,"M404,M501,","ATSF,",57,"M4,M5,M4,M5,","M,",INDUSTRY,Texas,31.827233,-99.423022,11,Morning
Derailments,1977:08:HBT:AX1H77,0,0,50,2600,0,0,0,HARRIS,7:31,1977,1977,"H310,","HBT,",7,"H3,","H,",YARD,Texas,31.827233,-99.423022,7,Morning
Derailments,1977:08:RI:WF911,0,0,2200,950,0,0,0,TARRANT,9:30,1977,1977,"T202,","RI,",7,"T2,","T,",YARD,Texas,31.827233,-99.423022,9,Morning
Derailments,1977:08:HBT:AX2H77,0,0,5000,350,0,0,0,HARRIS,9:50,1977,1977,"M201,","HBT,",7,"M2,","M,",INDUSTRY,Texas,31.827233,-99.423022,9,Morning
Derailments,1977:09:FWD:FW156,0,0,17000,17300,0,0,0,DALLAM,9:05,1977,1977,"T216,","FWD,",1,"T2,","T,",MAIN,Texas,31.827233,-99.423022,9,Morning
Derailments,1977:08:MP:9334,0,0,1806,1400,0,0,0,GRAYSON,7:05,1977,1977,"T220,","MKT,MP,",11,"T2,","T,",YARD,Texas,31.827233,-99.423022,7,Morning
Derailments,1977:08:LA:313041,0,0,1002,3500,0,0,0,HUNT,9:25,1977,1977,"M501,","LA,",1,"M5,","M,",YARD,Texas,31.827233,-99.423022,9,Morning
Side collision,1977:10:MKT:AX103S,0,0,100,2600,0,0,0,HARRIS,9:25,1977,1978,"H702,H999,","MKT,",67,"H7,H9,H7,H9,","H,",YARD,Texas,31.827233,-99.423022,9,Morning
Fire/violent rupture,1977:10:MKT:039,0,0,0,1000,0,0,0,HARRIS,5:30,1977,1978,"M503,M599,","MKT,",5,"M5,","M,",INDUSTRY,Texas,31.827233,-99.423022,5,Morning
Derailments,1977:10:HBT:AX3J77,0,0,150,3850,0,0,0,HARRIS,9:20,1977,1978,"H702,","HBT,",7,"H7,","H,",INDUSTRY,Texas,31.827233,-99.423022,9,Morning
Derailments,1977:09:MKT:AX135S,0,0,2421,950,0,0,0,DALLAS,8:35,1977,1977,"T101,","MKT,",67,"T1,","T,",MAIN,Texas,31.827233,-99.423022,8,Morning
Derailments,1977:09:SP:N1747,0,0,9050,0,0,0,0,HARRIS,8:00,1977,1977,"H503,","SP,",6,"H5,","H,",YARD,Texas,31.827233,-99.423022,8,Morning
Side collision,1977:10:FWD:FW185,0,0,1400,5400,0,0,0,POTTER,10:00,1977,1978,"H021,","FWD,",67,"H0,","H,",YARD,Texas,31.827233,-99.423022,10,Morning
Derailments,1977:09:SP:G6117,0,0,3500,325,0,0,0,ROBERTSON,5:01,1977,1977,"E46C,","SP,",1,"E4,","E,",YARD,Texas,31.827233,-99.423022,5,Morning
Head on collision,1977:09:SP:G6237,0,2,0,12150,0,0,0,TARRANT,7:15,1977,1977,"H602,","SP,",61,"H6,","H,",MAIN,Texas,31.827233,-99.423022,7,Morning
Derailments,1977:10:SP:K5257,0,0,10600,157600,3,2,0,ORANGE,5:05,1977,1978,"E40C,","SP,",61,"E4,","E,",MAIN,Texas,31.827233,-99.423022,5,Morning
Derailments,1977:09:SP:N1797,0,0,150,2850,0,0,0,HARRIS,7:10,1977,1977,"T102,","SP,",7,"T1,","T,",YARD,Texas,31.827233,-99.423022,7,Morning
Derailments,1977:10:MP:9362,0,0,1100,1550,0,0,0,RUSK,6:10,1977,1978,"T102,","MP,",1,"T1,","T,",MAIN,Texas,31.827233,-99.423022,6,Morning
Derailments,1977:10:FWD:FW190,0,0,3000,3900,0,0,0,,9:35,1977,1978,"E68C,","FWD,",1,"E6,","E,",MAIN,Texas,31.827233,-99.423022,9,Morning
Derailments,1977:09:SP:N1537,0,0,4500,9050,2,2,0,HARRIS,9:00,1977,1977,"T222,","SP,",7,"T2,","T,",YARD,Texas,31.827233,-99.423022,9,Morning
Derailments,1977:09:MP:9442,0,0,1328,4905,2,2,0,CULBERSON,7:30,1977,1977,"M504,","MP,",6,"M5,","M,",INDUSTRY,Texas,31.827233,-99.423022,7,Morning
Raking collision,1977:09:MKT:AX98S,0,0,1088,10150,0,0,0,DALLAS,11:00,1977,1977,"H302,","MKT,",67,"H3,","H,",YARD,Texas,31.827233,-99.423022,11,Morning
Derailments,1977:10:FWD:FW189,0,0,1520,2400,2,0,0,FLOYD,8:50,1977,1978,"E68C,","FWD,",1,"E6,","E,",MAIN,Texas,31.827233,-99.423022,8,Morning
Highway-rail impact,1977:12:MKT:XA176S,0,1,0,4000,0,0,0,AUSTIN,10:40,1977,1978,"M399,","MKT,",1,"M3,","M,",MAIN,Texas,31.827233,-99.423022,10,Morning
Fire/violent rupture,1977:10:SP:K4007,0,0,45000,0,0,0,0,LIBERTY,10:30,1977,1978,"E06C,","SP,",1,"E0,","E,",MAIN,Texas,31.827233,-99.423022,10,Morning
Derailments,1977:10:SSW:V0727,0,0,2000,3775,0,0,0,SMITH,9:47,1977,1978,"T315,","SSW,",1,"T3,","T,",YARD,Texas,31.827233,-99.423022,9,Morning
Derailments,1977:10:SP:N2757,0,0,4000,2200,0,0,0,HARRIS,7:30,1977,1978,"M204,","SP,",6,"M2,","M,",YARD,Texas,31.827233,-99.423022,7,Morning
Derailments,1977:11:SP:G7887,0,0,6000,3025,2,2,0,TARRANT,11:55,1977,1978,"T202,","SP,",7,"T2,","T,",YARD,Texas,31.827233,-99.423022,11,Morning
Derailments,1977:10:SP:N2677,0,0,1800,2175,0,0,0,HARRIS,9:30,1977,1978,"E46C,","SP,",1,"E4,","E,",YARD,Texas,31.827233,-99.423022,9,Morning
Derailments,1977:10:SP:N2687,0,0,400,2600,0,0,0,HARRIS,9:00,1977,1978,"T314,","SP,",7,"T3,","T,",YARD,Texas,31.827233,-99.423022,9,Morning
Derailments,1977:12:MP:9392,0,0,6393,2425,3,3,0,HOWARD,9:30,1977,1978,"T311,","MP,",7,"T3,","T,",YARD,Texas,31.827233,-99.423022,9,Morning
Derailments,1977:10:SSW:V1297,0,0,236000,88425,0,0,0,DALLAS,6:40,1977,1978,"T101,E23C,","SSW,",1,"T1,E2,","T,E,",MAIN,Texas,31.827233,-99.423022,6,Morning
Derailments,1977:10:SP:N2577,0,0,2500,12900,0,0,0,VICTORIA,9:10,1977,1978,"T208,","SP,",1,"T2,","T,",MAIN,Texas,31.827233,-99.423022,9,Morning
Derailments,1977:10:SP:77827,0,0,3952,550,0,0,0,EL PASO,7:00,1977,1978,"H505,","SP,",7,"H5,","H,",MAIN,Texas,31.827233,-99.423022,7,Morning
Derailments,1977:10:TEXC:10177,0,0,2900,16000,6,0,0,,10:35,1977,1978,"E99C,","TEXC,",1,"E9,","E,",YARD,Texas,31.827233,-99.423022,10,Morning
Highway-rail impact,1977:10:SP:K4567,0,0,10600,54350,1,1,1,JEFFERSON,5:45,1977,1978,"M399,M401,","SP,",1,"M3,M4,","M,",INDUSTRY,Texas,31.827233,-99.423022,5,Morning
Derailments,1977:12:MP:9440,0,0,6250,0,0,0,0,TARRANT,8:50,1977,1978,"T314,","MP,",6,"T3,","T,",YARD,Texas,31.827233,-99.423022,8,Morning
Side collision,1977:11:MP:9443,0,0,0,6900,0,0,0,NOLAN,10:32,1977,1978,"E0HC,","MP,",6,"E0,","E,",YARD,Texas,31.827233,-99.423022,10,Morning
Derailments,1977:10:RSP:A1077,0,0,3786,200000,0,0,0,NOLAN,9:50,1977,1978,"T399,","RSP,",1,"T3,","T,",YARD,Texas,31.827233,-99.423022,9,Morning
Derailments,1977:10:SP:K5457,0,0,3100,4500,0,0,0,LIBERTY,10:30,1977,1978,"E53C,","SP,",1,"E5,","E,",MAIN,Texas,31.827233,-99.423022,10,Morning
Derailments,1977:11:MP:9441,0,0,15150,196835,0,0,0,MITCHELL,6:25,1977,1978,"E33C,","MP,",1,"E3,","E,",MAIN,Texas,31.827233,-99.423022,6,Morning
Derailments,1977:11:SP:N4757,0,0,7200,200,0,0,0,HARRIS,6:10,1977,1978,"T399,","SP,",1,"T3,","T,",YARD,Texas,31.827233,-99.423022,6,Morning
Derailments,1977:11:SP:G7707,0,0,0,11225,0,0,0,PRESIDIO,9:45,1977,1978,"E02C,","SP,",1,"E0,","E,",MAIN,Texas,31.827233,-99.423022,9,Morning
Derailments,1977:12:MP:9405,0,0,0,2800,0,0,0,TARRANT,8:50,1977,1978,"T314,","ATSF,",7,"T3,","T,",YARD,Texas,31.827233,-99.423022,8,Morning
Derailments,1977:12:SP:K9247,0,0,9600,25,0,0,0,JEFFERSON,8:05,1977,1978,"H701,","SP,",1,"H7,","H,",MAIN,Texas,31.827233,-99.423022,8,Morning
Derailments,1977:11:SP:G8167,0,0,3000,0,0,0,0,BELL,7:30,1977,1978,"H601,","SP,",7,"H6,","H,",YARD,Texas,31.827233,-99.423022,7,Morning
Derailments,1977:12:GHH:95,0,0,8658,0,0,0,0,HARRIS,11:30,1977,1978,"T110,","GHH,MKT,",77,"T1,","T,",SIDING,Texas,31.827233,-99.423022,11,Morning
Derailments,1977:11:SP:G7837,0,0,3750,775,0,0,0,NAVARRO,10:15,1977,1978,"T307,","SP,SSW,",1,"T3,","T,",SIDING,Texas,31.827233,-99.423022,10,Morning
Head on collision,1977:11:SP:78977,0,2,6250,18400,1,0,0,EL PASO,5:07,1977,1978,"H017,","SP,",87,"H0,","H,",YARD,Texas,31.827233,-99.423022,5,Morning
Derailments,1977:12:ATSF:20127103,0,0,1100,4050,4,4,0,HUTCHINSON,5:50,1977,1978,"T210,","ATSF,",7,"T2,","T,",MAIN,Texas,31.827233,-99.423022,5,Morning
Derailments,1977:11:SP:78967,0,0,17100,1650,5,0,0,EL PASO,5:30,1977,1978,"T110,","SP,",1,"T1,","T,",YARD,Texas,31.827233,-99.423022,5,Morning
Derailments,1977:11:SP:N4767,0,0,2100,7800,3,3,1,HARRIS,7:45,1977,1978,"T113,","SP,",6,"T1,","T,",SIDING,Texas,31.827233,-99.423022,7,Morning
Derailments,1977:11:SP:G7937,0,0,11100,600,0,0,0,,11:15,1977,1978,"E59C,","SP,",1,"E5,","E,",MAIN,Texas,31.827233,-99.423022,11,Morning
Derailments,1977:12:PTRA:D1,0,0,120,2800,0,0,0,HARRIS,11:15,1977,1978,"T202,","PTRA,",7,"T2,","T,",SIDING,Texas,31.827233,-99.423022,11,Morning
Derailments,1977:11:SP:G7847,0,0,3500,13500,0,0,0,GONZALES,11:30,1977,1978,"T219,","SP,",1,"T2,","T,",MAIN,Texas,31.827233,-99.423022,11,Morning
Derailments,1977:12:MP:9403,0,0,0,18600,0,0,0,CASS,10:30,1977,1978,"H208,","MP,",1,"H2,","H,",MAIN,Texas,31.827233,-99.423022,10,Morning
Derailments,1977:12:ATSF:23127103,0,0,900,1550,0,0,0,AUSTIN,10:00,1977,1978,"H505,","ATSF,MKT,",11,"H5,","H,",YARD,Texas,31.827233,-99.423022,10,Morning
Fire/violent rupture,1978:01:ATSF:22018102,0,0,0,3500,0,0,0,BROWN,10:00,1978,1978,"M599,","ATSF,",5,"M5,","M,",YARD,Texas,31.827233,-99.423022,10,Morning
Derailments,1978:02:ATSF:22028102,0,0,3000,52500,0,0,0,DALLAS,5:30,1978,1978,"E25C,E23C,","ATSF,LA,",11,"E2,","E,",MAIN,Texas,31.827233,-99.423022,5,Morning
Derailments,1978:01:RI:WF50,0,0,2057,450,2,0,0,TARRANT,6:45,1978,1978,"H503,","RI,",1,"H5,","H,",MAIN,Texas,31.827233,-99.423022,6,Morning
Derailments,1978:01:MKT:AX6S,0,0,750,2500,0,0,0,TARRANT,11:15,1978,1978,"T311,","MKT,",7,"T3,","T,",YARD,Texas,31.827233,-99.423022,11,Morning
Derailments,1978:01:FWD:JT8,0,0,3000,400,0,0,0,TARRANT,11:05,1978,1978,"T101,H503,","FWD,",1,"T1,H5,","T,H,",MAIN,Texas,31.827233,-99.423022,11,Morning
Derailments,1978:01:SP:H0378,0,0,3300,0,0,0,0,HARRIS,8:55,1978,1978,"T110,","SP,",8,"T1,","T,",YARD,Texas,31.827233,-99.423022,8,Morning
Derailments,1977:12:SP:N5587,0,0,38000,223700,0,0,0,BRAZOS,5:02,1977,1978,"E68C,","MP,SP,",11,"E6,","E,",MAIN,Texas,31.827233,-99.423022,5,Morning
Derailments,1978:01:KCS:317829,0,0,2275,1000,0,0,0,BOWIE,11:50,1978,1978,"E64L,","KCS,",1,"E6,","E,",SIDING,Texas,31.827233,-99.423022,11,Morning
Fire/violent rupture,1977:12:SP:G8997,0,0,0,4600,0,0,0,FAYETTE,8:30,1977,1978,"E06C,","SP,",1,"E0,","E,",MAIN,Texas,31.827233,-99.423022,8,Morning
Other impacts,1978:01:HBT:AX3A78,0,0,0,3200,0,0,0,HARRIS,7:00,1978,1978,"M599,","HBT,",5,"M5,","M,",YARD,Texas,31.827233,-99.423022,7,Morning
Fire/violent rupture,1978:02:FWD:JT25,0,0,9500,0,0,0,0,FREESTONE,10:40,1978,1978,"E06L,","FWD,",1,"E0,","E,",MAIN,Texas,31.827233,-99.423022,10,Morning
Derailments,1978:02:FWD:JT21,0,0,9000,63132,0,0,0,HARRIS,8:45,1978,1978,"T101,T106,","FWD,",1,"T1,","T,",MAIN,Texas,31.827233,-99.423022,8,Morning
Derailments,1978:01:SP:L0018,0,0,4700,21700,1,0,1,LIBERTY,7:25,1978,1978,"T110,","SP,",1,"T1,","T,",SIDING,Texas,31.827233,-99.423022,7,Morning