AccidentType,inckey,Fatalities,Injuries,TrackDamage,EquipmentDamage,HazmatCars,HazmatCarsDerailed,HazmatCarsReleasing,County,DisplayTime,calendar,Fiscal,AccidentCause,RailroadCodes,RAILEQUIPMENT_TYPE,CauseGroup,CauseDiscipline,TYPE_OF_TRACK,StateName,latitude,longitude,hour,cat
Derailments,1978:02:SP:H1418,0,0,4500,0,0,0,0,HARRIS,5:20,1978,1978,"T307,","SP,",7,"T3,","T,",YARD,Texas,31.827233,-99.423022,5,Morning
Derailments,1978:01:SP:G0568,0,0,700,11235,0,0,0,NAVARRO,5:50,1978,1978,"T202,","SP,",1,"T2,","T,",YARD,Texas,31.827233,-99.423022,5,Morning
Derailments,1978:02:PTRA:D1,0,0,1833,18000,0,0,0,HARRIS,5:30,1978,1978,"H099,","PTRA,",7,"H0,","H,",YARD,Texas,31.827233,-99.423022,5,Morning
Derailments,1978:01:SP:G0208,0,0,6200,4335,0,0,0,LEE,8:30,1978,1978,"H503,","SP,",1,"H5,","H,",MAIN,Texas,31.827233,-99.423022,8,Morning
Derailments,1978:01:SP:H0178,0,0,3000,0,0,0,0,GOLIAD,9:35,1978,1978,"E46C,","SP,",1,"E4,","E,",MAIN,Texas,31.827233,-99.423022,9,Morning
Derailments,1978:02:ATSF:22028104,0,0,900,21550,0,0,0,DALLAS,11:35,1978,1978,"E04C,","ATSF,",1,"E0,","E,",MAIN,Texas,31.827233,-99.423022,11,Morning
Derailments,1978:02:RI:WF235,0,0,6080,15801,0,0,0,TARRANT,11:30,1978,1978,"T101,","RI,",1,"T1,","T,",MAIN,Texas,31.827233,-99.423022,11,Morning
Other impacts,1978:02:SP:H1668,0,0,3500,0,0,0,0,NACOGDOCHES,7:50,1978,1978,"M201,","SP,",1,"M2,","M,",MAIN,Texas,31.827233,-99.423022,7,Morning
Derailments,1978:01:SP:L0628,0,0,96,7000,1,1,0,JEFFERSON,7:00,1978,1978,"H312,","SP,",7,"H3,","H,",YARD,Texas,31.827233,-99.423022,7,Morning
Derailments,1978:01:SP:G0188,0,0,17500,0,0,0,0,,8:00,1978,1978,"H999,","SP,",1,"H9,","H,",MAIN,Texas,31.827233,-99.423022,8,Morning
Rear end collision,1978:02:MP:64408P1116,0,4,800,53020,0,0,0,GREGG,11:20,1978,1978,"H204,H513,","MP,",1,"H2,H5,","H,",MAIN,Texas,31.827233,-99.423022,11,Morning
Derailments,1978:02:MKT:AX12S,0,0,3000,200,0,0,0,GRAYSON,11:30,1978,1978,"T314,","MKT,",1,"T3,","T,",YARD,Texas,31.827233,-99.423022,11,Morning
Highway-rail impact,1978:04:MKT:XA51S,0,5,0,5000,3,0,0,WILLIAMSON,7:40,1978,1978,"M399,","MKT,",1,"M3,","M,",MAIN,Texas,31.827233,-99.423022,7,Morning
Side collision,1978:03:MP:9457,0,0,0,5800,0,0,0,DALLAS,6:10,1978,1978,"H307,","MP,",1,"H3,","H,",MAIN,Texas,31.827233,-99.423022,6,Morning
Derailments,1978:03:ATSF:22038106,0,0,550,7200,0,0,0,DALLAS,10:20,1978,1978,"H018,E05C,","ATSF,SSW,",77,"H0,E0,","H,E,",SIDING,Texas,31.827233,-99.423022,10,Morning
Derailments,1978:03:MP:9466,0,0,34850,62800,0,0,0,GREGG,10:50,1978,1978,"E42C,","MP,",1,"E4,","E,",MAIN,Texas,31.827233,-99.423022,10,Morning
Derailments,1978:03:MP:9459,0,0,150,11500,0,0,0,TARRANT,9:15,1978,1978,"T221,","MP,",7,"T2,","T,",YARD,Texas,31.827233,-99.423022,9,Morning
Derailments,1978:03:GHH:107,0,0,2769,3450,0,0,0,HARRIS,5:00,1978,1978,"T310,","GHH,MKT,",77,"T3,","T,",SIDING,Texas,31.827233,-99.423022,5,Morning
Derailments,1978:02:SP:H1788,0,0,4000,0,0,0,0,HARRIS,5:50,1978,1978,"T101,","SP,",6,"T1,","T,",YARD,Texas,31.827233,-99.423022,5,Morning
Derailments,1978:03:ATSF:23038103,0,0,200,4000,0,0,0,JEFFERSON,10:40,1978,1978,"E33C,","ATSF,",1,"E3,","E,",MAIN,Texas,31.827233,-99.423022,10,Morning
Derailments,1978:02:SSW:U2908,0,0,750,2400,0,0,0,BOWIE,9:00,1978,1978,"H503,","SSW,",1,"H5,","H,",MAIN,Texas,31.827233,-99.423022,9,Morning
Side collision,1978:02:SP:L3618,0,0,450,23000,0,0,0,JEFFERSON,5:45,1978,1978,"H306,","SP,",6,"H3,","H,",YARD,Texas,31.827233,-99.423022,5,Morning
Derailments,1978:02:SSW:U2448,0,0,20500,229500,0,0,0,UPSHUR,11:05,1978,1978,"E61C,","SSW,",1,"E6,","E,",MAIN,Texas,31.827233,-99.423022,11,Morning
Derailments,1978:02:SSW:U2618,0,0,5600,2000,0,0,0,TITUS,5:50,1978,1978,"E63C,","SSW,",1,"E6,","E,",MAIN,Texas,31.827233,-99.423022,5,Morning
Derailments,1978:02:SP:H1328,0,0,3000,9250,0,0,0,WHARTON,6:02,1978,1978,"T202,","SP,",1,"T2,","T,",MAIN,Texas,31.827233,-99.423022,6,Morning
Side collision,1978:03:RI:WF489,0,0,75,6935,0,0,0,TARRANT,5:00,1978,1978,"H702,","RI,",76,"H7,","H,",YARD,Texas,31.827233,-99.423022,5,Morning
Derailments,1978:02:SP:G0818,0,0,0,10000,0,0,0,BEXAR,11:00,1978,1978,"M201,H505,","SP,",6,"M2,H5,","M,H,",INDUSTRY,Texas,31.827233,-99.423022,11,Morning
Derailments,1978:03:RI:WF454,0,0,1840,2490,1,1,0,DALLAS,6:20,1978,1978,"T101,","RI,",1,"T1,","T,",SIDING,Texas,31.827233,-99.423022,6,Morning
Derailments,1978:03:SP:H2398,0,0,3100,0,0,0,0,HARRIS,6:30,1978,1978,"T307,","SP,",6,"T3,","T,",YARD,Texas,31.827233,-99.423022,6,Morning
Derailments,1978:03:RI:WF476,0,0,2120,10580,0,0,0,TARRANT,10:00,1978,1978,"E64C,","RI,",61,"E6,","E,",YARD,Texas,31.827233,-99.423022,10,Morning
Other impacts,1978:02:SP:L2368,0,0,6,8000,0,0,0,JEFFERSON,10:00,1978,1978,"H999,","SP,",5,"H9,","H,",MAIN,Texas,31.827233,-99.423022,10,Morning
Side collision,1978:03:MP:9598,0,0,0,4500,0,0,0,NOLAN,11:45,1978,1978,"H025,","MP,",1,"H0,","H,",YARD,Texas,31.827233,-99.423022,11,Morning
Other impacts,1978:03:SP:G1688,0,0,8000,0,1,0,1,COLORADO,5:35,1978,1978,"E99C,","SP,",1,"E9,","E,",MAIN,Texas,31.827233,-99.423022,5,Morning
Side collision,1978:03:SP:L5568,0,0,62,3250,0,0,0,JEFFERSON,9:55,1978,1978,"H403,","SP,",6,"H4,","H,",YARD,Texas,31.827233,-99.423022,9,Morning
Derailments,1978:03:SP:H2308,0,0,2500,3700,0,0,0,HARRIS,7:45,1978,1978,"H503,","SP,",7,"H5,","H,",YARD,Texas,31.827233,-99.423022,7,Morning
Raking collision,1978:04:HBT:AX2D78,0,0,0,6500,0,0,0,HARRIS,9:20,1978,1978,"H702,","HBT,",7,"H7,","H,",YARD,Texas,31.827233,-99.423022,9,Morning
Fire/violent rupture,1978:04:FWD:JT45,0,0,11000,0,0,0,0,MONTGOMERY,6:45,1978,1978,"H099,","FWD,",1,"H0,","H,",MAIN,Texas,31.827233,-99.423022,6,Morning
Derailments,1978:03:SP:L4818,0,0,1000,2500,0,0,0,JEFFERSON,9:20,1978,1978,"T211,","SP,",1,"T2,","T,",YARD,Texas,31.827233,-99.423022,9,Morning
Derailments,1978:04:ATSF:23048102,0,0,57000,34200,5,3,1,BURLESON,7:15,1978,1978,"T199,","ATSF,",1,"T1,","T,",MAIN,Texas,31.827233,-99.423022,7,Morning
Derailments,1978:05:FWD:JT54,0,0,34800,481120,0,0,0,LEON,11:30,1978,1978,"M501,","FWD,",1,"M5,","M,",MAIN,Texas,31.827233,-99.423022,11,Morning
Derailments,1978:04:SP:G2368,0,0,17000,2000,0,0,0,LAVACA,7:00,1978,1978,"H999,","SP,",1,"H9,","H,",MAIN,Texas,31.827233,-99.423022,7,Morning
Derailments,1978:05:MKT:AX39N,0,0,4525,56300,3,0,0,BELL,6:47,1978,1978,"E63C,","MKT,",1,"E6,","E,",MAIN,Texas,31.827233,-99.423022,6,Morning
Derailments,1978:05:PTRA:D1,0,0,8573,0,0,0,0,HARRIS,6:50,1978,1978,"T111,","PTRA,SP,",77,"T1,","T,",YARD,Texas,31.827233,-99.423022,6,Morning
Other impacts,1978:05:ATSF:20058101,0,0,0,3500,0,0,0,HEMPHILL,5:00,1978,1978,"E39C,","ATSF,",1,"E3,","E,",MAIN,Texas,31.827233,-99.423022,5,Morning
Derailments,1978:05:HBT:AX1E78,0,0,350,2675,0,0,0,HARRIS,11:30,1978,1978,"H306,","HBT,",7,"H3,","H,",YARD,Texas,31.827233,-99.423022,11,Morning
Derailments,1978:05:ATSF:20058102,0,0,1500,24375,0,0,0,POTTER,6:15,1978,1978,"T199,","ATSF,",1,"T1,","T,",INDUSTRY,Texas,31.827233,-99.423022,6,Morning
Obstruction impact,1978:05:PTRA:C1,0,0,5000,2000,0,0,0,HARRIS,6:50,1978,1978,"H306,","PTRA,",7,"H3,","H,",INDUSTRY,Texas,31.827233,-99.423022,6,Morning
Highway-rail impact,1978:06:MP:63408P1311,1,1,250,25050,30,5,0,TARRANT,9:00,1978,1978,"M399,","MP,",1,"M3,","M,",INDUSTRY,Texas,31.827233,-99.423022,9,Morning
Derailments,1978:05:HBT:AX2E78,0,0,600,2125,0,0,0,HARRIS,11:00,1978,1978,"H702,","HBT,",7,"H7,","H,",INDUSTRY,Texas,31.827233,-99.423022,11,Morning
Derailments,1978:05:RI:MK78516,0,0,189,3000,0,0,0,,7:00,1978,1978,"T110,","RI,",6,"T1,","T,",INDUSTRY,Texas,31.827233,-99.423022,7,Morning
Side collision,1978:05:KCS:320235,0,0,2000,18996,0,0,0,JEFFERSON,10:20,1978,1978,"H306,","KCS,",7,"H3,","H,",YARD,Texas,31.827233,-99.423022,10,Morning
Side collision,1978:04:SP:H4128,0,0,50,3000,0,0,0,HARRIS,7:10,1978,1978,"H307,","SP,",4,"H3,","H,",YARD,Texas,31.827233,-99.423022,7,Morning
Derailments,1978:06:MKT:AX55S,0,0,2332,2450,0,0,0,WICHITA,7:00,1978,1978,"E46C,","MKT,",1,"E4,","E,",YARD,Texas,31.827233,-99.423022,7,Morning
Side collision,1978:05:SP:G3418,0,0,3000,2200,0,0,0,BEXAR,6:10,1978,1978,"H999,","SP,",7,"H9,","H,",YARD,Texas,31.827233,-99.423022,6,Morning
Derailments,1978:06:MKT:AX52S,0,0,5545,8800,0,0,0,GRAYSON,9:15,1978,1978,"T220,","MKT,",1,"T2,","T,",MAIN,Texas,31.827233,-99.423022,9,Morning
Highway-rail impact,1978:05:SP:L9528,0,0,300,10000,0,0,0,HARRIS,9:30,1978,1978,"M399,","SP,",1,"M3,","M,",MAIN,Texas,31.827233,-99.423022,9,Morning
Derailments,1978:06:FWD:JT65,0,0,5000,15500,0,0,0,HARRIS,10:42,1978,1978,"T314,","FWD,",1,"T3,","T,",SIDING,Texas,31.827233,-99.423022,10,Morning
Side collision,1978:06:SLSF:T3A41,0,0,0,16550,4,3,0,DALLAS,6:35,1978,1978,"H017,","SLSF,",81,"H0,","H,",MAIN,Texas,31.827233,-99.423022,6,Morning
Derailments,1978:06:SP:H5508,0,0,16000,166400,3,2,0,HARRIS,5:10,1978,1978,"H503,","SP,",76,"H5,","H,",YARD,Texas,31.827233,-99.423022,5,Morning
Highway-rail impact,1978:05:SP:L9848,0,2,0,5000,0,0,0,ANGELINA,10:00,1978,1978,"M399,","SP,",1,"M3,","M,",MAIN,Texas,31.827233,-99.423022,10,Morning
Derailments,1978:06:SP:G4578,0,0,1400,2300,0,0,0,ROBERTSON,5:00,1978,1978,"T399,","SP,",56,"T3,","T,",YARD,Texas,31.827233,-99.423022,5,Morning
Derailments,1978:06:SP:G4268,0,0,5200,0,0,0,0,BEXAR,9:00,1978,1978,"E64C,","SP,",1,"E6,","E,",YARD,Texas,31.827233,-99.423022,9,Morning
Derailments,1978:06:SP:H6108,0,0,2000,10350,3,3,2,HARRIS,7:15,1978,1978,"T106,","SP,",1,"T1,","T,",YARD,Texas,31.827233,-99.423022,7,Morning
Derailments,1978:06:SP:G4598,0,0,0,23740,0,0,0,BEXAR,5:15,1978,1978,"E31C,","SP,",6,"E3,","E,",YARD,Texas,31.827233,-99.423022,5,Morning
Derailments,1978:06:SP:H6638,0,0,1000,5000,0,0,0,HARRIS,6:10,1978,1978,"T311,","SP,",7,"T3,","T,",YARD,Texas,31.827233,-99.423022,6,Morning
Derailments,1978:06:MKT:AX60S,0,0,3075,4250,3,2,0,JOHNSON,11:40,1978,1978,"E52C,","MKT,MP,",11,"E5,","E,",MAIN,Texas,31.827233,-99.423022,11,Morning
Derailments,1978:06:SP:74828,0,0,1880,1500,0,0,0,EL PASO,11:50,1978,1978,"T210,","SP,",7,"T2,","T,",YARD,Texas,31.827233,-99.423022,11,Morning
Derailments,1978:06:KCS:319151,0,0,200,4470,0,0,0,JEFFERSON,7:50,1978,1978,"T316,","KCS,",7,"T3,","T,",YARD,Texas,31.827233,-99.423022,7,Morning
Derailments,1978:05:SP:G3858,0,0,250,5200,0,0,0,VAL VERDE,7:15,1978,1978,"E32C,","SP,",1,"E3,","E,",MAIN,Texas,31.827233,-99.423022,7,Morning
Side collision,1978:06:ATSF:20068105,0,0,1000,4650,0,0,0,HUTCHINSON,5:10,1978,1978,"H302,","ATSF,",76,"H3,","H,",YARD,Texas,31.827233,-99.423022,5,Morning
Derailments,1978:06:MKT:AX48S,0,0,850,4000,0,0,0,HARRIS,10:30,1978,1978,"E46C,","MKT,",7,"E4,","E,",YARD,Texas,31.827233,-99.423022,10,Morning
Highway-rail impact,1978:07:SP:H7618,0,2,1800,65000,0,0,0,ANGELINA,10:15,1978,1978,"M399,","SP,",1,"M3,","M,",MAIN,Texas,31.827233,-99.423022,10,Morning
Fire/violent rupture,1978:07:SP:G5658,0,0,0,6000,0,0,0,FREESTONE,10:00,1978,1978,"M599,","SP,",1,"M5,","M,",MAIN,Texas,31.827233,-99.423022,10,Morning
Derailments,1978:07:ATSF:20078102,0,0,800,15130,3,3,0,HUTCHINSON,11:00,1978,1978,"H310,","ATSF,",76,"H3,","H,",YARD,Texas,31.827233,-99.423022,11,Morning
Derailments,1978:07:PTRA:D1,0,0,996,11400,0,0,0,HARRIS,5:00,1978,1978,"T199,","PTRA,",6,"T1,","T,",MAIN,Texas,31.827233,-99.423022,5,Morning
Rear end collision,1978:07:SP:G5408,0,0,0,3500,0,0,0,BEXAR,9:00,1978,1978,"E08C,","SP,",74,"E0,","E,",INDUSTRY,Texas,31.827233,-99.423022,9,Morning
Derailments,1978:07:RI:WF922,0,0,1850,11000,0,0,0,TARRANT,7:00,1978,1978,"H601,","RI,",76,"H6,","H,",YARD,Texas,31.827233,-99.423022,7,Morning
Derailments,1978:07:MKT:AX76S,0,0,1536,7000,0,0,0,JOHNSON,6:15,1978,1978,"E32C,","MKT,MP,",11,"E3,","E,",MAIN,Texas,31.827233,-99.423022,6,Morning
Rear end collision,1978:07:MP:9593,0,0,5000,38000,0,0,0,TAYLOR,6:10,1978,1978,"H702,","MP,",7,"H7,","H,",YARD,Texas,31.827233,-99.423022,6,Morning
Highway-rail impact,1978:07:SP:H7538,0,0,2500,0,0,0,0,HARRIS,8:30,1978,1978,"M399,","SP,",1,"M3,","M,",MAIN,Texas,31.827233,-99.423022,8,Morning
Derailments,1978:07:HBT:AX1G78,0,0,85,2500,0,0,0,HARRIS,9:50,1978,1978,"H301,","HBT,",7,"H3,","H,",YARD,Texas,31.827233,-99.423022,9,Morning
Derailments,1978:07:SSW:V0448,0,0,10000,0,0,0,0,SMITH,5:40,1978,1978,"E46C,","SSW,",1,"E4,","E,",MAIN,Texas,31.827233,-99.423022,5,Morning
Derailments,1978:07:RI:WF929,0,0,2200,3550,0,0,0,TARRANT,6:30,1978,1978,"T311,","RI,",7,"T3,","T,",YARD,Texas,31.827233,-99.423022,6,Morning
Derailments,1978:07:SP:H6898,0,0,2500,0,0,0,0,WHARTON,11:00,1978,1978,"T111,","SP,",1,"T1,","T,",MAIN,Texas,31.827233,-99.423022,11,Morning
Highway-rail impact,1978:07:KCS:319186,0,1,5657,3500,0,0,0,JEFFERSON,11:00,1978,1978,"M399,","KCS,",1,"M3,","M,",MAIN,Texas,31.827233,-99.423022,11,Morning
Side collision,1978:08:ATSF:22088104,0,0,900,7975,0,0,0,JOHNSON,5:00,1978,1978,"H307,H702,","ATSF,",86,"H3,H7,H3,H7,","H,",MAIN,Texas,31.827233,-99.423022,5,Morning
Derailments,1978:08:SP:G6018,0,0,5500,2300,0,0,0,GRAYSON,6:00,1978,1978,"T311,H503,","SLSF,SP,",1,"T3,H5,","T,H,",MAIN,Texas,31.827233,-99.423022,6,Morning
Derailments,1978:09:SP:N0018,0,0,120,6000,0,0,0,HARRIS,9:45,1978,1978,"T202,","SP,",1,"T2,","T,",YARD,Texas,31.827233,-99.423022,9,Morning
Derailments,1978:09:SP:K8488,0,0,18780,750,0,0,0,ORANGE,11:05,1978,1978,"H525,","SP,",1,"H5,","H,",MAIN,Texas,31.827233,-99.423022,11,Morning
Derailments,1978:10:FWD:FW234,0,0,1500,2600,0,0,0,TARRANT,10:40,1978,1979,"T314,","FWD,",7,"T3,","T,",YARD,Texas,31.827233,-99.423022,10,Morning
Raking collision,1978:08:UTD:79021,0,0,0,10300,0,0,0,DALLAS,7:10,1978,1978,"T311,","MP,",1,"T3,","T,",MAIN,Texas,31.827233,-99.423022,7,Morning
Side collision,1978:08:HBT:AX1H78,0,0,620,6000,0,0,0,HARRIS,7:35,1978,1978,"H208,","HBT,",7,"H2,","H,",YARD,Texas,31.827233,-99.423022,7,Morning
Derailments,1978:08:ATSF:22088103,0,0,3400,8150,0,0,0,LAMAR,9:20,1978,1978,"E52C,","ATSF,",1,"E5,","E,",MAIN,Texas,31.827233,-99.423022,9,Morning
Derailments,1978:08:ATSF:20088107,0,0,4000,58200,0,0,0,POTTER,9:20,1978,1978,"E40C,T110,","ATSF,",1,"E4,T1,","E,T,",MAIN,Texas,31.827233,-99.423022,9,Morning
Derailments,1978:08:MKT:AX91S,0,0,2398,12750,0,0,0,GRAYSON,11:20,1978,1978,"E64C,T314,","MKT,MP,",11,"E6,T3,","E,T,",YARD,Texas,31.827233,-99.423022,11,Morning
Highway-rail impact,1978:08:MP:D716,0,0,0,5000,0,0,0,COMAL,10:38,1978,1978,"M399,E59L,","ATK,MP,",22,"M3,E5,","M,E,",INDUSTRY,Texas,31.827233,-99.423022,10,Morning
Highway-rail impact,1978:08:SP:K5508,0,0,5000,500,0,0,0,ORANGE,8:55,1978,1978,"M399,","SP,",1,"M3,","M,",MAIN,Texas,31.827233,-99.423022,8,Morning
Derailments,1978:09:SP:G6858,0,0,105000,467900,0,0,0,FAYETTE,7:25,1978,1978,"E46L,","SP,",1,"E4,","E,",MAIN,Texas,31.827233,-99.423022,7,Morning
Derailments,1978:08:SP:H8958,0,1,100,3500,0,0,0,HARRIS,10:45,1978,1978,"E30C,","SP,",6,"E3,","E,",YARD,Texas,31.827233,-99.423022,10,Morning
Rear end collision,1978:08:SP:H8588,0,0,15000,11000,0,0,0,HARRIS,5:30,1978,1978,"H306,","SP,",7,"H3,","H,",YARD,Texas,31.827233,-99.423022,5,Morning
Derailments,1978:08:SP:G6038,0,0,4500,0,0,0,0,LIMESTONE,10:05,1978,1978,"T108,","SP,",NA,"T1,","T,",SIDING,Texas,31.827233,-99.423022,10,Morning
Derailments,1978:08:RI:WF1091,0,0,1000,3000,0,0,0,DALLAS,7:10,1978,1978,"T314,H505,","RI,",7,"T3,H5,","T,H,",YARD,Texas,31.827233,-99.423022,7,Morning
Raking collision,1978:10:ATSF:22108101,0,0,0,7650,0,0,0,TARRANT,5:45,1978,1979,"H020,","ATSF,",86,"H0,","H,",YARD,Texas,31.827233,-99.423022,5,Morning
Derailments,1978:09:SP:N0428,0,0,2000,3000,0,0,0,HARRIS,10:20,1978,1978,"T314,","SP,",6,"T3,","T,",YARD,Texas,31.827233,-99.423022,10,Morning
Derailments,1978:09:MP:79022,0,0,18300,400,0,0,0,PARKER,8:00,1978,1978,"E00C,","MP,",1,"E0,","E,",MAIN,Texas,31.827233,-99.423022,8,Morning
Derailments,1978:09:FWD:JT99,0,0,1500,2150,0,0,0,TARRANT,9:15,1978,1978,"T220,","FWD,",1,"T2,","T,",YARD,Texas,31.827233,-99.423022,9,Morning
Derailments,1978:10:ATSF:22108105,0,0,200,9000,0,0,0,DALLAS,6:00,1978,1979,"H505,M405,","ATSF,LA,",11,"H5,M4,","H,M,",MAIN,Texas,31.827233,-99.423022,6,Morning
Derailments,1978:10:RI:WF1397,0,0,4355,36300,0,0,0,WISE,8:00,1978,1979,"T101,","RI,",1,"T1,","T,",MAIN,Texas,31.827233,-99.423022,8,Morning
Derailments,1978:09:MKT:AX103S,0,0,2834,0,0,0,0,WICHITA,11:00,1978,1978,"T110,","MKT,",7,"T1,","T,",YARD,Texas,31.827233,-99.423022,11,Morning
Derailments,1978:09:SP:H9088,0,0,2100,11500,0,0,0,HARRIS,7:55,1978,1978,"T110,","SP,",1,"T1,","T,",SIDING,Texas,31.827233,-99.423022,7,Morning
Rear end collision,1978:09:HBT:AX1I78,0,0,0,3950,0,0,0,HARRIS,11:00,1978,1978,"H306,","HBT,",7,"H3,","H,",YARD,Texas,31.827233,-99.423022,11,Morning
Derailments,1978:10:HBT:AX2J78,0,0,6500,10950,0,0,0,HARRIS,7:50,1978,1979,"T202,","HBT,",7,"T2,","T,",YARD,Texas,31.827233,-99.423022,7,Morning
Derailments,1978:10:ATSF:23108106,0,0,200,6000,2,2,1,JEFFERSON,9:55,1978,1979,"T102,","ATSF,",1,"T1,","T,",MAIN,Texas,31.827233,-99.423022,9,Morning
Derailments,1978:09:SP:K7958,0,0,6000,10000,0,0,0,LIBERTY,5:20,1978,1978,"T202,","SP,",1,"T2,","T,",SIDING,Texas,31.827233,-99.423022,5,Morning
Derailments,1978:09:FWD:JT98,0,0,4000,2400,0,0,0,ELLIS,8:40,1978,1978,"T101,","FWD,",1,"T1,","T,",MAIN,Texas,31.827233,-99.423022,8,Morning
Derailments,1978:09:TEXC:90578,0,1,1757,2000,0,0,0,COMANCHE,8:05,1978,1978,"T220,","TEXC,",1,"T2,","T,",MAIN,Texas,31.827233,-99.423022,8,Morning
Derailments,1978:09:SP:N0218,0,0,200,8200,1,1,0,HARRIS,9:20,1978,1978,"E31C,","SP,",7,"E3,","E,",YARD,Texas,31.827233,-99.423022,9,Morning
Derailments,1978:11:ATSF:20118103,0,0,17760,454000,7,5,4,RANDALL,7:00,1978,1979,"H604,","ATSF,",1,"H6,","H,",MAIN,Texas,31.827233,-99.423022,7,Morning
Derailments,1978:10:ATSF:23108103,0,0,11000,18000,1,0,0,HARDIN,7:15,1978,1979,"E40C,T106,","ATSF,",1,"E4,T1,","E,T,",SIDING,Texas,31.827233,-99.423022,7,Morning
Derailments,1978:09:SP:K8118,0,0,8350,4000,0,0,0,HARRIS,8:30,1978,1978,"T110,","SP,",1,"T1,","T,",MAIN,Texas,31.827233,-99.423022,8,Morning
Derailments,1978:09:RI:WF1255,0,0,10650,39800,0,0,0,WHEELER,9:25,1978,1978,"T202,","RI,",1,"T2,","T,",MAIN,Texas,31.827233,-99.423022,9,Morning
Derailments,1978:10:PTRA:D1,0,0,0,10000,0,0,0,HARRIS,5:10,1978,1979,"T499,","PTRA,",7,"T4,","T,",INDUSTRY,Texas,31.827233,-99.423022,5,Morning
Side collision,1978:10:ATSF:20108103,0,0,0,4970,1,1,0,POTTER,6:30,1978,1979,"H302,","ATSF,",76,"H3,","H,",YARD,Texas,31.827233,-99.423022,6,Morning
Derailments,1978:09:KCS:320706,0,0,222,10000,0,0,0,JEFFERSON,9:35,1978,1978,"T101,","KCS,",1,"T1,","T,",MAIN,Texas,31.827233,-99.423022,9,Morning
Derailments,1978:10:RI:WF1320,0,0,11250,41700,0,0,0,WISE,8:15,1978,1979,"T101,E23C,","RI,",11,"T1,E2,T1,E2,","T,E,T,E,",SIDING,Texas,31.827233,-99.423022,8,Morning
Derailments,1978:10:SP:S0978,0,0,300,18300,0,0,0,HARRIS,11:30,1978,1979,"T108,","SP,",7,"T1,","T,",MAIN,Texas,31.827233,-99.423022,11,Morning
Derailments,1978:12:ATSF:23128105,0,0,1275,3800,0,0,0,BELL,11:55,1978,1979,"T102,","ATSF,",1,"T1,","T,",MAIN,Texas,31.827233,-99.423022,11,Morning
Derailments,1978:10:SP:N1238,0,0,24000,442350,0,0,0,NACOGDOCHES,11:20,1978,1979,"E69L,","SP,",1,"E6,","E,",MAIN,Texas,31.827233,-99.423022,11,Morning
Side collision,1978:11:HBT:AX1K78,0,0,300,7385,0,0,0,HARRIS,9:00,1978,1979,"H702,","HBT,",7,"H7,","H,",YARD,Texas,31.827233,-99.423022,9,Morning
Head on collision,1978:10:SSW:V3688,0,0,0,18500,0,0,0,BOWIE,10:31,1978,1979,"H205,","SSW,",25,"H2,","H,",MAIN,Texas,31.827233,-99.423022,10,Morning
Highway-rail impact,1978:10:MKT:XA136S,0,0,0,5000,0,0,0,HARRIS,10:45,1978,1979,"M399,","MKT,",1,"M3,","M,",MAIN,Texas,31.827233,-99.423022,10,Morning
Derailments,1978:10:SP:N1838,0,0,0,6300,0,0,0,HARRIS,8:05,1978,1979,"H503,","SP,",1,"H5,","H,",YARD,Texas,31.827233,-99.423022,8,Morning
Fire/violent rupture,1978:10:SP:G8268,0,0,0,9400,0,0,0,PRESIDIO,11:35,1978,1979,"E06C,","SP,",1,"E0,","E,",MAIN,Texas,31.827233,-99.423022,11,Morning
Derailments,1978:11:ATSF:22118104,0,0,1500,14675,0,0,0,BROWN,8:20,1978,1979,"T099,","ATSF,",7,"T0,","T,",YARD,Texas,31.827233,-99.423022,8,Morning
Derailments,1978:11:MP:9616,0,0,9000,19100,0,0,0,CHEROKEE,5:45,1978,1979,"E68C,","MP,",1,"E6,","E,",MAIN,Texas,31.827233,-99.423022,5,Morning
Derailments,1978:11:SP:G8318,0,0,5000,0,0,0,0,DALLAS,5:45,1978,1979,"H503,","ATSF,SP,",77,"H5,","H,",MAIN,Texas,31.827233,-99.423022,5,Morning
Rear end collision,1978:11:SP:N2638,0,6,8500,139000,0,0,0,HARRIS,7:20,1978,1979,"H603,","SP,",616,"H6,","H,",INDUSTRY,Texas,31.827233,-99.423022,7,Morning
Derailments,1978:11:SP:G8578,0,0,5600,40,0,0,0,ELLIS,6:50,1978,1979,"H513,","SP,",6,"H5,","H,",MAIN,Texas,31.827233,-99.423022,6,Morning
Side collision,1978:11:MP:9619,0,0,0,8500,0,0,0,TARRANT,8:30,1978,1979,"H021,","MP,",65,"H0,","H,",YARD,Texas,31.827233,-99.423022,8,Morning
Derailments,1978:12:SP:S4688,0,0,500,10200,0,0,0,HARRIS,8:15,1978,1979,"H702,","SP,",7,"H7,","H,",MAIN,Texas,31.827233,-99.423022,8,Morning
Derailments,1978:11:MKT:AX123S,0,0,5000,3225,0,0,0,TARRANT,9:30,1978,1979,"E07C,","MKT,",7,"E0,","E,",MAIN,Texas,31.827233,-99.423022,9,Morning
Derailments,1978:12:KCS:317409,0,0,6500,6900,0,0,0,BOWIE,5:50,1978,1979,"E64C,","KCS,",1,"E6,","E,",YARD,Texas,31.827233,-99.423022,5,Morning
Derailments,1978:12:FWD:FW282,0,0,8500,1500,0,0,0,OLDHAM,7:10,1978,1979,"E07C,","FWD,",1,"E0,","E,",MAIN,Texas,31.827233,-99.423022,7,Morning