AccidentType,inckey,Fatalities,Injuries,TrackDamage,EquipmentDamage,HazmatCars,HazmatCarsDerailed,HazmatCarsReleasing,County,DisplayTime,calendar,Fiscal,AccidentCause,RailroadCodes,RAILEQUIPMENT_TYPE,CauseGroup,CauseDiscipline,TYPE_OF_TRACK,StateName,latitude,longitude,hour,cat
Derailments,1978:11:SP:G8678,0,0,2500,1500,0,0,0,ROBERTSON,6:50,1978,1979,"T202,","SP,",1,"T2,","T,",YARD,Texas,31.827233,-99.423022,6,Morning
Derailments,1978:11:SP:N3018,0,0,11500,5600,0,0,0,BROOKS,7:10,1978,1979,"T110,","SP,",1,"T1,","T,",MAIN,Texas,31.827233,-99.423022,7,Morning
Rear end collision,1978:11:TN:5RE,0,0,0,2774,0,0,0,MORRIS,8:00,1978,1979,"M599,","TN,",NA,"M5,","M,",MAIN,Texas,31.827233,-99.423022,8,Morning
Derailments,1978:11:SP:G8618,0,0,2550,0,0,0,0,LEE,6:05,1978,1979,"T110,","SP,",8,"T1,","T,",YARD,Texas,31.827233,-99.423022,6,Morning
Derailments,1978:12:HBT:AX2L78,0,0,4125,2900,0,0,0,HARRIS,9:55,1978,1979,"E46C,","HBT,",7,"E4,","E,",YARD,Texas,31.827233,-99.423022,9,Morning
Derailments,1978:12:SP:G9058,0,0,7500,280000,0,0,0,ELLIS,7:10,1978,1979,"T220,","SP,",1,"T2,","T,",MAIN,Texas,31.827233,-99.423022,7,Morning
Derailments,1978:12:SP:G9458,0,0,6500,0,0,0,0,JEFF DAVIS,10:15,1978,1979,"E64C,","SP,",1,"E6,","E,",YARD,Texas,31.827233,-99.423022,10,Morning
Derailments,1978:11:SP:N3328,0,0,150,3000,0,0,0,HARRIS,10:40,1978,1979,"T101,","SP,",7,"T1,","T,",YARD,Texas,31.827233,-99.423022,10,Morning
Derailments,1978:11:SP:G8418,0,0,9360,0,0,0,0,KAUFMAN,10:20,1978,1979,"M201,","SP,",1,"M2,","M,",MAIN,Texas,31.827233,-99.423022,10,Morning
Highway-rail impact,1978:12:MKT:XA174S,0,0,0,2500,0,0,0,MCLENNAN,7:45,1978,1979,"M399,","MKT,",4,"M3,","M,",MAIN,Texas,31.827233,-99.423022,7,Morning
Derailments,1978:11:SSW:V5688,0,0,4300,0,0,0,0,UPSHUR,11:10,1978,1979,"E00C,","SSW,",1,"E0,","E,",MAIN,Texas,31.827233,-99.423022,11,Morning
Derailments,1978:11:SP:S3158,0,0,8700,2200,7,7,0,ORANGE,6:45,1978,1979,"H503,","SP,",1,"H5,","H,",SIDING,Texas,31.827233,-99.423022,6,Morning
Derailments,1978:12:KCS:320005,0,0,3000,3886,0,0,0,JEFFERSON,8:30,1978,1979,"T314,","KCS,",7,"T3,","T,",INDUSTRY,Texas,31.827233,-99.423022,8,Morning
Derailments,1978:12:SLSF:T3A80,0,0,615,2700,0,0,0,GRAYSON,5:15,1978,1979,"H303,T314,","SLSF,SP,",17,"H3,T3,","H,T,",YARD,Texas,31.827233,-99.423022,5,Morning
Derailments,1978:12:SP:N4568,0,0,2400,300,2,1,0,HARRIS,5:35,1978,1979,"H505,","SP,",7,"H5,","H,",YARD,Texas,31.827233,-99.423022,5,Morning
Highway-rail impact,1978:12:SP:N4458,0,1,0,3000,0,0,0,HARRIS,5:20,1978,1979,"M399,","SP,",1,"M3,","M,",MAIN,Texas,31.827233,-99.423022,5,Morning
Derailments,1978:12:SP:G9958,0,0,0,6000,0,0,0,ROBERTSON,10:20,1978,1979,"H210,","SP,",1,"H2,","H,",YARD,Texas,31.827233,-99.423022,10,Morning
Derailments,1978:12:SP:G9298,0,0,5000,0,0,0,0,ROBERTSON,5:00,1978,1979,"M404,","SP,",1,"M4,","M,",YARD,Texas,31.827233,-99.423022,5,Morning
Derailments,1978:12:RI:WF1657,0,0,1100,6200,0,0,0,DALLAS,7:25,1978,1979,"T311,E64C,","LA,RI,",11,"T3,E6,T3,","T,E,T,",YARD,Texas,31.827233,-99.423022,7,Morning
Side collision,1978:12:MKT:AX135S,0,0,350,5000,0,0,0,GRAYSON,5:30,1978,1979,"H306,","MKT,",7,"H3,","H,",YARD,Texas,31.827233,-99.423022,5,Morning
Derailments,1979:01:FWD:FW7,0,0,1000,48700,0,0,0,WISE,11:00,1979,1979,"E21C,","FWD,",1,"E2,","E,",MAIN,Texas,31.827233,-99.423022,11,Morning
Side collision,1978:12:SP:81468,0,0,1500,9000,3,0,0,EL PASO,6:45,1978,1979,"H212,","SP,",67,"H2,","H,",YARD,Texas,31.827233,-99.423022,6,Morning
Derailments,1979:01:HBT:AX1A79,0,0,0,5550,0,0,0,HARRIS,10:00,1979,1979,"E64C,","HBT,",1,"E6,","E,",MAIN,Texas,31.827233,-99.423022,10,Morning
Side collision,1978:12:SP:N4578,0,0,0,4000,0,0,0,HARRIS,6:00,1978,1979,"H702,","SP,",71,"H7,","H,",YARD,Texas,31.827233,-99.423022,6,Morning
Highway-rail impact,1978:12:SP:N4008,0,16,14300,3250,0,0,0,HARRIS,10:20,1978,1979,"M399,","SP,",1,"M3,","M,",MAIN,Texas,31.827233,-99.423022,10,Morning
Side collision,1979:01:SP:70219,0,0,0,5000,0,0,0,EL PASO,7:30,1979,1979,"H306,","SP,",71,"H3,","H,",MAIN,Texas,31.827233,-99.423022,7,Morning
Derailments,1979:01:MP:79040,0,0,1000,15075,0,0,0,LA SALLE,6:15,1979,1979,"H301,","MP,",2,"H3,","H,",SIDING,Texas,31.827233,-99.423022,6,Morning
Derailments,1979:02:MKT:AX18S,0,0,4168,1100,0,0,0,DALLAS,9:50,1979,1979,"T101,T111,","MKT,SSW,",77,"T1,","T,",SIDING,Texas,31.827233,-99.423022,9,Morning
Derailments,1979:02:ATSF:23029101,0,0,4800,41850,0,0,0,HARDIN,5:40,1979,1979,"T211,","ATSF,",1,"T2,","T,",MAIN,Texas,31.827233,-99.423022,5,Morning
Derailments,1979:02:MKT:AX15S,0,0,3500,3000,1,1,0,GRAYSON,11:00,1979,1979,"T110,","MKT,",7,"T1,","T,",MAIN,Texas,31.827233,-99.423022,11,Morning
Derailments,1979:01:RI:WF149,0,0,22500,119000,0,0,0,,7:30,1979,1979,"E52C,","RI,",1,"E5,","E,",MAIN,Texas,31.827233,-99.423022,7,Morning
Derailments,1979:01:SP:H1389,0,0,2500,5000,0,0,0,NACOGDOCHES,8:40,1979,1979,"T202,","SP,",1,"T2,","T,",YARD,Texas,31.827233,-99.423022,8,Morning
Side collision,1979:02:MP:79057,0,0,0,7400,10,8,0,RUSK,9:15,1979,1979,"H017,","MP,",81,"H0,","H,",MAIN,Texas,31.827233,-99.423022,9,Morning
Raking collision,1979:02:SP:71199,0,0,1100,10440,8,0,0,EL PASO,5:00,1979,1979,"H306,","SP,",17,"H3,","H,",YARD,Texas,31.827233,-99.423022,5,Morning
Derailments,1979:01:SP:G0329,0,0,5000,1200,0,0,0,GONZALES,9:30,1979,1979,"T222,","SP,",1,"T2,","T,",MAIN,Texas,31.827233,-99.423022,9,Morning
Side collision,1979:02:MKT:AX12S,0,0,100,2950,0,0,0,DALLAS,7:20,1979,1979,"H018,H302,","MKT,",76,"H0,H3,H0,H3,","H,",YARD,Texas,31.827233,-99.423022,7,Morning
Rear end collision,1979:01:SP:L0219,0,2,0,5000,0,0,0,HARRIS,10:45,1979,1979,"H999,","SP,",86,"H9,","H,",SIDING,Texas,31.827233,-99.423022,10,Morning
Derailments,1979:01:TM:8152,0,0,37000,20000,0,0,0,WEBB,7:00,1979,1979,"E62C,","TM,",1,"E6,","E,",MAIN,Texas,31.827233,-99.423022,7,Morning
Derailments,1979:02:MP:79063,0,0,18700,15500,22,2,0,HARRIS,9:00,1979,1979,"E52C,","MP,",1,"E5,","E,",MAIN,Texas,31.827233,-99.423022,9,Morning
Derailments,1979:01:SP:H0579,0,0,3000,200,1,1,0,WHARTON,8:15,1979,1979,"T110,","SP,",1,"T1,","T,",MAIN,Texas,31.827233,-99.423022,8,Morning
Derailments,1979:01:MKT:AX10S,0,0,4653,1100,0,0,0,GRAYSON,6:15,1979,1979,"T110,","MKT,",1,"T1,","T,",MAIN,Texas,31.827233,-99.423022,6,Morning
Derailments,1979:02:KCS:320034,0,0,700,3725,0,0,0,JEFFERSON,6:00,1979,1979,"T110,","KCS,",7,"T1,","T,",YARD,Texas,31.827233,-99.423022,6,Morning
Derailments,1979:01:MKT:AX9S,0,0,1200,3500,0,0,0,GRAYSON,10:40,1979,1979,"T221,","MKT,",1,"T2,","T,",MAIN,Texas,31.827233,-99.423022,10,Morning
Derailments,1979:02:ATSF:22029101,0,0,14000,24800,3,3,1,COLEMAN,8:10,1979,1979,"T207,","ATSF,",1,"T2,","T,",MAIN,Texas,31.827233,-99.423022,8,Morning
Derailments,1979:02:SP:H2839,0,0,8600,2000,0,0,0,FORT BEND,9:20,1979,1979,"E46C,","SP,",1,"E4,","E,",MAIN,Texas,31.827233,-99.423022,9,Morning
Derailments,1979:03:SP:L6469,0,0,30000,1900,0,0,0,JEFFERSON,6:00,1979,1979,"H403,","SP,",7,"H4,","H,",YARD,Texas,31.827233,-99.423022,6,Morning
Rear end collision,1979:03:ATSF:22039103,0,0,200,16500,0,0,0,BROWN,7:05,1979,1979,"H206,H205,","ATSF,",1,"H2,","H,",MAIN,Texas,31.827233,-99.423022,7,Morning
Derailments,1979:03:SP:H5359,0,0,25500,0,0,0,0,HARRIS,7:50,1979,1979,"E42C,T101,","SP,",1,"E4,T1,","E,T,",MAIN,Texas,31.827233,-99.423022,7,Morning
Derailments,1979:03:SP:L4439,0,0,3200,5000,0,0,0,JEFFERSON,9:25,1979,1979,"T001,","SP,",8,"T0,","T,",SIDING,Texas,31.827233,-99.423022,9,Morning
Side collision,1979:03:RI:WF541,0,0,200,5140,0,0,0,TARRANT,6:20,1979,1979,"H018,","RI,",67,"H0,","H,",YARD,Texas,31.827233,-99.423022,6,Morning
Derailments,1979:03:MP:53409P1178,0,5,15780,94850,0,0,0,ROBERTSON,6:07,1979,1979,"E99C,","MP,",1,"E9,","E,",MAIN,Texas,31.827233,-99.423022,6,Morning
Derailments,1979:03:HBT:AX1C79,0,0,31500,8150,0,0,0,HARRIS,11:10,1979,1979,"E64C,","FWD,HBT,",1,"E6,","E,",MAIN,Texas,31.827233,-99.423022,11,Morning
Derailments,1979:03:RI:WF589,0,0,3085,0,0,0,0,,11:45,1979,1979,"T110,","RI,",1,"T1,","T,",YARD,Texas,31.827233,-99.423022,11,Morning
Derailments,1979:02:SP:H3219,0,0,8500,1400,0,0,0,COLORADO,8:20,1979,1979,"H503,","SP,",7,"H5,","H,",INDUSTRY,Texas,31.827233,-99.423022,8,Morning
Derailments,1979:03:RI:WF455,0,0,3125,600,0,0,0,WISE,10:45,1979,1979,"H503,","RI,",1,"H5,","H,",MAIN,Texas,31.827233,-99.423022,10,Morning
Highway-rail impact,1979:02:SP:H3309,0,1,0,4000,0,0,0,HARRIS,6:15,1979,1979,"M399,","SP,",7,"M3,","M,",YARD,Texas,31.827233,-99.423022,6,Morning
Derailments,1979:03:SP:G2189,0,0,14300,0,0,0,0,KAUFMAN,11:00,1979,1979,"E85C,M404,","SP,",1,"E8,M4,","E,M,",MAIN,Texas,31.827233,-99.423022,11,Morning
Derailments,1979:02:SP:H4169,0,0,150,4500,0,0,0,HARRIS,6:30,1979,1979,"T314,H525,","HBT,SP,",7,"T3,H5,","T,H,",YARD,Texas,31.827233,-99.423022,6,Morning
Derailments,1979:02:SP:H2699,0,0,1700,7250,0,0,0,HARRIS,7:15,1979,1979,"E46C,","SP,",7,"E4,","E,",YARD,Texas,31.827233,-99.423022,7,Morning
Other impacts,1979:03:MKT:AX38S,0,0,100,3000,0,0,0,GRAYSON,11:30,1979,1979,"H312,","MKT,",67,"H3,","H,",YARD,Texas,31.827233,-99.423022,11,Morning
Derailments,1979:02:SSW:U2099,0,0,45000,521000,0,0,0,,6:00,1979,1979,"M405,","SSW,",1,"M4,","M,",MAIN,Texas,31.827233,-99.423022,6,Morning
Derailments,1979:05:ATSF:23059102,0,0,6400,24000,0,0,0,GRIMES,7:15,1979,1979,"T101,","ATSF,",1,"T1,","T,",MAIN,Texas,31.827233,-99.423022,7,Morning
Derailments,1979:04:SP:H8829,0,0,3000,0,0,0,0,ANGELINA,9:55,1979,1979,"E00C,","SP,",1,"E0,","E,",YARD,Texas,31.827233,-99.423022,9,Morning
Derailments,1979:05:ATSF:22059102,0,0,1100,15000,0,0,0,DALLAS,9:15,1979,1979,"E43C,T101,","ATSF,LA,",1,"E4,T1,","E,T,",MAIN,Texas,31.827233,-99.423022,9,Morning
Derailments,1979:04:SP:G3399,0,0,1950,1500,0,0,0,BEXAR,9:15,1979,1979,"T307,","SP,",1,"T3,","T,",YARD,Texas,31.827233,-99.423022,9,Morning
Derailments,1979:04:SP:H8979,0,0,1500,6300,0,0,0,HARRIS,7:00,1979,1979,"T202,","SP,",7,"T2,","T,",YARD,Texas,31.827233,-99.423022,7,Morning
Highway-rail impact,1979:04:SP:H7949,0,0,4000,750,0,0,0,HARRIS,11:35,1979,1979,"M399,","SP,",1,"M3,","M,",MAIN,Texas,31.827233,-99.423022,11,Morning
Other impacts,1979:05:ATSF:20059103,0,0,0,6000,0,0,0,CARSON,7:30,1979,1979,"H208,","ATSF,",1,"H2,","H,",MAIN,Texas,31.827233,-99.423022,7,Morning
Derailments,1979:05:ATSF:23059107,0,0,6700,6275,0,0,0,BRAZORIA,9:05,1979,1979,"E43C,T101,","ATSF,",1,"E4,T1,","E,T,",MAIN,Texas,31.827233,-99.423022,9,Morning
Derailments,1979:04:ATSF:22049104,0,0,1800,7500,0,0,0,DALLAS,7:45,1979,1979,"E46C,","ATSF,",1,"E4,","E,",YARD,Texas,31.827233,-99.423022,7,Morning
Derailments,1979:06:SSW:U8129,0,0,5100,650,0,0,0,CHEROKEE,6:30,1979,1979,"T110,","SSW,",1,"T1,","T,",MAIN,Texas,31.827233,-99.423022,6,Morning
Derailments,1979:04:SP:G3209,0,0,11000,0,0,0,0,BEXAR,10:40,1979,1979,"T110,","SP,",7,"T1,","T,",YARD,Texas,31.827233,-99.423022,10,Morning
Derailments,1979:05:HBT:AX4E79,0,0,0,4550,31,5,0,HARRIS,5:00,1979,1979,"H307,","HBT,",7,"H3,","H,",YARD,Texas,31.827233,-99.423022,5,Morning
Side collision,1979:04:FWD:FW51,0,0,0,6535,0,0,0,POTTER,7:35,1979,1979,"H306,","FWD,",76,"H3,","H,",YARD,Texas,31.827233,-99.423022,7,Morning
Derailments,1979:04:SP:H7299,0,0,4500,75,0,0,0,HARRIS,11:30,1979,1979,"E40C,","SP,",7,"E4,","E,",YARD,Texas,31.827233,-99.423022,11,Morning
Raking collision,1979:04:SP:L7879,0,0,50,24500,0,0,0,JEFFERSON,9:30,1979,1979,"H302,","SP,",7,"H3,","H,",YARD,Texas,31.827233,-99.423022,9,Morning
Derailments,1979:04:SP:H8919,0,0,500,7100,0,0,0,HARRIS,8:15,1979,1979,"T202,","SP,",67,"T2,","T,",YARD,Texas,31.827233,-99.423022,8,Morning
Derailments,1979:04:SP:H8869,0,0,5400,0,0,0,0,HARRIS,8:30,1979,1979,"H310,","SP,",7,"H3,","H,",INDUSTRY,Texas,31.827233,-99.423022,8,Morning
Derailments,1979:04:RI:WF652,0,0,2080,2000,0,0,0,WISE,9:00,1979,1979,"T101,M201,","RI,",1,"T1,M2,","T,M,",MAIN,Texas,31.827233,-99.423022,9,Morning
Derailments,1979:04:SP:H7289,0,0,2000,1400,0,0,0,NACOGDOCHES,9:20,1979,1979,"T110,","SP,",1,"T1,","T,",SIDING,Texas,31.827233,-99.423022,9,Morning
Derailments,1979:04:SP:H7309,0,0,3600,0,0,0,0,HARRIS,8:10,1979,1979,"T305,","SP,",7,"T3,","T,",YARD,Texas,31.827233,-99.423022,8,Morning
Highway-rail impact,1979:04:SP:D1469,1,1,0,50000,0,0,0,MEDINA,9:50,1979,1979,"M399,","SP,",5,"M3,","M,",MAIN,Texas,31.827233,-99.423022,9,Morning
Derailments,1979:04:SSW:U5699,0,0,4280,2500,0,0,0,SMITH,10:57,1979,1979,"E40C,","SSW,",1,"E4,","E,",MAIN,Texas,31.827233,-99.423022,10,Morning
Derailments,1979:05:ATSF:23059106,0,2,800,8655,0,0,0,LAMPASAS,5:55,1979,1979,"H702,","ATSF,",77,"H7,","H,",MAIN,Texas,31.827233,-99.423022,5,Morning
Highway-rail impact,1979:06:ATSF:22069103,0,1,800,8025,0,0,0,ERATH,9:30,1979,1979,"M399,","ATSF,",1,"M3,","M,",MAIN,Texas,31.827233,-99.423022,9,Morning
Other impacts,1979:06:ATSF:23069107,0,0,0,12000,0,0,0,MCLENNAN,8:00,1979,1979,"H025,H018,","ATSF,",57,"H0,","H,",SIDING,Texas,31.827233,-99.423022,8,Morning
Derailments,1979:05:SP:N2949,0,0,3000,1000,0,0,0,HARRIS,6:20,1979,1979,"T110,E64C,","HBT,SP,",7,"T1,E6,","T,E,",YARD,Texas,31.827233,-99.423022,6,Morning
Derailments,1979:05:MP:79136,0,0,4300,7500,0,0,0,GREGG,5:20,1979,1979,"E46C,","MP,",1,"E4,","E,",MAIN,Texas,31.827233,-99.423022,5,Morning
Side collision,1979:06:SP:75719,0,0,1900,12200,0,0,0,EL PASO,8:15,1979,1979,"E08C,","SP,",51,"E0,","E,",YARD,Texas,31.827233,-99.423022,8,Morning
Derailments,1979:05:MP:79145,0,0,0,11000,0,0,0,ANDERSON,5:20,1979,1979,"M201,","MP,",1,"M2,","M,",MAIN,Texas,31.827233,-99.423022,5,Morning
Other impacts,1979:06:ATSF:20069101,0,0,0,4000,0,0,0,POTTER,5:00,1979,1979,"H525,","ATSF,",7,"H5,","H,",YARD,Texas,31.827233,-99.423022,5,Morning
Derailments,1979:05:GHH:519,0,0,4265,1000,0,0,0,HARRIS,11:40,1979,1979,"E66C,T303,E64C,","GHH,HBT,MKT,",7,"E6,T3,E6,","E,T,E,",MAIN,Texas,31.827233,-99.423022,11,Morning
Derailments,1979:05:SP:N2629,0,0,3000,13300,0,0,0,HARRIS,7:00,1979,1979,"E24C,","SP,",7,"E2,","E,",YARD,Texas,31.827233,-99.423022,7,Morning
Derailments,1979:06:ATSF:23069104,0,0,900,24900,0,0,0,JEFFERSON,5:15,1979,1979,"T001,M405,","ATSF,",7,"T0,M4,","T,M,",YARD,Texas,31.827233,-99.423022,5,Morning
Derailments,1979:05:RI:WF736,0,0,1830,1700,0,0,0,TARRANT,6:30,1979,1979,"T102,","RI,",1,"T1,","T,",SIDING,Texas,31.827233,-99.423022,6,Morning
Side collision,1979:05:FWD:FW74,0,0,0,4500,0,0,0,WICHITA,11:15,1979,1979,"H306,","FWD,",57,"H3,","H,",YARD,Texas,31.827233,-99.423022,11,Morning
Derailments,1979:05:SP:N2729,0,0,1200,2800,0,0,0,HARRIS,11:05,1979,1979,"H704,","SP,",1,"H7,","H,",YARD,Texas,31.827233,-99.423022,11,Morning
Derailments,1979:06:RI:MK79608,0,0,2007,1200,0,0,0,,7:15,1979,1979,"E04C,","RI,",1,"E0,","E,",MAIN,Texas,31.827233,-99.423022,7,Morning
Other impacts,1979:06:FWD:FW97,0,0,0,8000,0,0,0,HARDEMAN,11:05,1979,1979,"H018,","FWD,",16,"H0,","H,",YARD,Texas,31.827233,-99.423022,11,Morning
Derailments,1979:06:ATSF:23069101,0,0,3700,15445,0,0,0,BELL,10:08,1979,1979,"H099,H999,","ATSF,",1,"H0,H9,","H,",SIDING,Texas,31.827233,-99.423022,10,Morning
Derailments,1979:05:SP:G4359,0,0,157700,1100,0,0,0,ROBERTSON,6:55,1979,1979,"E46C,","SP,",1,"E4,","E,",MAIN,Texas,31.827233,-99.423022,6,Morning
Derailments,1979:05:SP:N2719,0,0,3700,6800,0,0,0,HARRIS,10:55,1979,1979,"T311,","SP,",1,"T3,","T,",YARD,Texas,31.827233,-99.423022,10,Morning
Side collision,1979:06:GSW:790605,0,0,0,5800,0,0,0,TARRANT,5:30,1979,1979,"H306,","GSW,MP,",77,"H3,","H,",YARD,Texas,31.827233,-99.423022,5,Morning
Derailments,1979:06:MP:79175,0,0,5274,5500,0,0,0,WILLIAMSON,7:00,1979,1979,"T222,","MP,",1,"T2,","T,",YARD,Texas,31.827233,-99.423022,7,Morning
Derailments,1979:06:SP:N3419,0,0,2500,4500,0,0,0,HARRIS,9:35,1979,1979,"T101,","SP,",1,"T1,","T,",MAIN,Texas,31.827233,-99.423022,9,Morning
Derailments,1979:06:MP:64409P1324,0,1,18750,312000,1,0,0,ANDERSON,5:40,1979,1979,"T002,","MP,",1,"T0,","T,",MAIN,Texas,31.827233,-99.423022,5,Morning
Derailments,1979:08:ATSF:23089105,0,0,7000,425,8,0,0,GRIMES,7:40,1979,1979,"H503,","ATSF,",1,"H5,","H,",MAIN,Texas,31.827233,-99.423022,7,Morning
Derailments,1979:07:ATSF:23079102,0,0,3500,6200,0,0,0,LIBERTY,6:45,1979,1979,"T002,T101,","ATSF,",1,"T0,T1,","T,",MAIN,Texas,31.827233,-99.423022,6,Morning
Highway-rail impact,1979:07:GRR:6,0,0,0,8000,0,0,0,WILLIAMSON,7:30,1979,1979,"M399,","GRR,",7,"M3,","M,",YARD,Texas,31.827233,-99.423022,7,Morning
Derailments,1979:06:PTRA:J5,0,0,4398,38226,0,0,0,WICHITA,9:45,1979,1979,"T309,H603,","FWD,PTRA,",11,"T3,H6,T3,H6,","T,H,T,H,",YARD,Texas,31.827233,-99.423022,9,Morning
Derailments,1979:06:SP:K1189,0,7,42000,98250,9,1,0,ORANGE,11:20,1979,1979,"E62C,","SP,",1,"E6,","E,",MAIN,Texas,31.827233,-99.423022,11,Morning
Derailments,1979:07:MP:79261,0,0,13500,0,2,0,0,BRAZOS,11:30,1979,1979,"T199,","MP,",1,"T1,","T,",MAIN,Texas,31.827233,-99.423022,11,Morning
Derailments,1979:06:SP:N5679,0,0,1000,3100,0,0,0,HARRIS,8:30,1979,1979,"H704,","SP,",1,"H7,","H,",YARD,Texas,31.827233,-99.423022,8,Morning
Side collision,1979:07:HBT:AX2G79,0,0,300,5300,0,0,0,HARRIS,11:42,1979,1979,"H307,","HBT,",7,"H3,","H,",YARD,Texas,31.827233,-99.423022,11,Morning
Derailments,1979:06:SP:N5709,0,0,1200,13500,0,0,0,HARRIS,6:30,1979,1979,"T110,","SP,",7,"T1,","T,",YARD,Texas,31.827233,-99.423022,6,Morning
Side collision,1979:07:SP:G5889,0,0,400,4100,0,0,0,DALLAS,5:45,1979,1979,"H018,","SP,",67,"H0,","H,",MAIN,Texas,31.827233,-99.423022,5,Morning
Derailments,1979:06:SSW:U8659,0,0,25000,2150,0,0,0,SMITH,5:10,1979,1979,"T101,","SSW,",1,"T1,","T,",MAIN,Texas,31.827233,-99.423022,5,Morning
Derailments,1979:07:KCS:325051,0,0,4000,0,0,0,0,JEFFERSON,8:40,1979,1979,"T101,","KCS,",7,"T1,","T,",INDUSTRY,Texas,31.827233,-99.423022,8,Morning
Rear end collision,1979:06:FWD:FW86,0,0,0,7000,0,0,0,ARMSTRONG,5:05,1979,1979,"H306,","FWD,",61,"H3,","H,",INDUSTRY,Texas,31.827233,-99.423022,5,Morning
Derailments,1979:07:MP:79198,0,0,114500,268200,0,0,0,FRIO,5:10,1979,1979,"E52L,","MP,",1,"E5,","E,",MAIN,Texas,31.827233,-99.423022,5,Morning
Derailments,1979:08:MKT:AX87S,0,0,4400,150,0,0,0,,8:40,1979,1979,"T101,","MKT,",7,"T1,","T,",SIDING,Texas,31.827233,-99.423022,8,Morning
Derailments,1979:07:SP:N9949,0,0,150,5000,0,0,0,HARRIS,8:50,1979,1979,"T299,","SP,",7,"T2,","T,",YARD,Texas,31.827233,-99.423022,8,Morning
Derailments,1979:08:HBT:AX2H79,0,0,2956,28900,35,8,0,HARRIS,9:00,1979,1979,"T221,","HBT,MP,",1,"T2,","T,",SIDING,Texas,31.827233,-99.423022,9,Morning
Derailments,1979:08:PTRA:AUG2,0,0,9832,0,0,0,0,WICHITA,11:48,1979,1979,"T314,","FWD,PTRA,",11,"T3,","T,",YARD,Texas,31.827233,-99.423022,11,Morning
Derailments,1979:07:SLSF:T3A28,0,0,0,10000,0,0,0,DALLAS,11:55,1979,1979,"T101,","SLSF,",7,"T1,","T,",MAIN,Texas,31.827233,-99.423022,11,Morning
Derailments,1979:08:ATSF:23089101,0,0,2600,2330,0,0,0,BRAZORIA,6:00,1979,1979,"H505,","ATSF,",1,"H5,","H,",YARD,Texas,31.827233,-99.423022,6,Morning
Derailments,1979:07:SP:N8769,0,0,3000,6885,0,0,0,HARRIS,5:15,1979,1979,"T001,T103,","SP,",7,"T0,T1,","T,",YARD,Texas,31.827233,-99.423022,5,Morning
Derailments,1979:08:HBT:AX1H79,0,0,0,6400,0,0,0,HARRIS,9:30,1979,1979,"H301,","HBT,",7,"H3,","H,",YARD,Texas,31.827233,-99.423022,9,Morning
Derailments,1979:08:ATSF:20089101,0,0,400,7500,0,0,0,GRAY,5:20,1979,1979,"E0HC,","ATSF,",7,"E0,","E,",YARD,Texas,31.827233,-99.423022,5,Morning
Derailments,1979:09:ATSF:20099101,0,0,7600,93050,3,2,0,LUBBOCK,5:30,1979,1979,"T214,","ATSF,",1,"T2,","T,",MAIN,Texas,31.827233,-99.423022,5,Morning
Other impacts,1979:07:SSW:U9739,0,0,7000,0,0,0,0,MORRIS,7:35,1979,1979,"M599,","SSW,",1,"M5,","M,",MAIN,Texas,31.827233,-99.423022,7,Morning
Side collision,1979:08:ATSF:20089105,0,0,100,12000,0,0,0,CARSON,7:25,1979,1979,"H401,H603,","ATSF,",1,"H4,H6,","H,",MAIN,Texas,31.827233,-99.423022,7,Morning
Derailments,1979:07:SP:N8319,0,0,500,6300,0,0,0,HARRIS,11:00,1979,1979,"E46C,","SP,",7,"E4,","E,",YARD,Texas,31.827233,-99.423022,11,Morning
Derailments,1979:08:PTRA:AUG4,0,0,3322,0,0,0,0,WICHITA,11:15,1979,1979,"E64C,T314,","PTRA,",7,"E6,T3,","E,T,",YARD,Texas,31.827233,-99.423022,11,Morning
Derailments,1979:10:ATSF:23109103,0,0,7153,2500,1,1,0,JEFFERSON,11:00,1979,1980,"T110,T101,","ATSF,SP,",1,"T1,","T,",MAIN,Texas,31.827233,-99.423022,11,Morning
Derailments,1979:08:MP:79218,0,0,4000,225,0,0,0,TARRANT,7:30,1979,1979,"T314,","MP,",7,"T3,","T,",YARD,Texas,31.827233,-99.423022,7,Morning
Derailments,1979:07:RI:WF1143,0,0,160,6000,0,0,0,DALLAS,10:00,1979,1979,"T101,","RI,",7,"T1,","T,",YARD,Texas,31.827233,-99.423022,10,Morning
Other impacts,1979:07:SP:G5859,0,0,0,35600,0,0,0,NAVARRO,11:45,1979,1979,"E05C,","SP,SSW,",76,"E0,","E,",SIDING,Texas,31.827233,-99.423022,11,Morning
Derailments,1979:08:KCS:325177,0,0,25000,15000,0,0,0,JEFFERSON,7:40,1979,1979,"E24C,","KCS,",1,"E2,","E,",MAIN,Texas,31.827233,-99.423022,7,Morning
Derailments,1979:08:PTRA:AUG6,0,0,16665,0,4,0,0,HARRIS,8:30,1979,1979,"T221,","PTRA,SP,",1,"T2,","T,",SIDING,Texas,31.827233,-99.423022,8,Morning
Derailments,1979:07:SP:N7609,0,0,0,27500,6,5,1,HARRIS,6:10,1979,1979,"H503,","SP,",1,"H5,","H,",YARD,Texas,31.827233,-99.423022,6,Morning
Derailments,1979:08:SP:K4789,0,0,3760,6000,20,0,0,JEFFERSON,6:30,1979,1979,"T216,","SP,",16,"T2,","T,",SIDING,Texas,31.827233,-99.423022,6,Morning