AccidentType,inckey,Fatalities,Injuries,TrackDamage,EquipmentDamage,HazmatCars,HazmatCarsDerailed,HazmatCarsReleasing,County,DisplayTime,calendar,Fiscal,AccidentCause,RailroadCodes,RAILEQUIPMENT_TYPE,CauseGroup,CauseDiscipline,TYPE_OF_TRACK,StateName,latitude,longitude,hour,cat
Side collision,1979:08:ATSF:23089103,0,0,4000,3300,0,0,0,BURLESON,5:05,1979,1979,"H209,H401,","ATSF,",71,"H2,H4,H2,H4,","H,",YARD,Texas,31.827233,-99.423022,5,Morning
Other impacts,1979:08:ATSF:20089107,0,0,200,14200,0,0,0,HUTCHINSON,5:45,1979,1979,"H020,","ATSF,",76,"H0,","H,",YARD,Texas,31.827233,-99.423022,5,Morning
Derailments,1979:09:SP:G7379,0,0,18500,3100,0,0,0,FAYETTE,5:45,1979,1979,"H699,","SP,",1,"H6,","H,",MAIN,Texas,31.827233,-99.423022,5,Morning
Derailments,1979:09:SP:Y4649,0,0,5000,5600,0,0,0,HARRIS,5:00,1979,1979,"T202,","SP,",676,"T2,","T,",YARD,Texas,31.827233,-99.423022,5,Morning
Derailments,1979:10:ATSF:20109103,0,0,0,6248,0,0,0,POTTER,9:15,1979,1980,"T311,","ATSF,",7,"T3,","T,",YARD,Texas,31.827233,-99.423022,9,Morning
Derailments,1979:08:SP:Y0449,0,0,2720,300,0,0,0,FORT BEND,11:40,1979,1979,"T101,T102,","SP,",1,"T1,","T,",MAIN,Texas,31.827233,-99.423022,11,Morning
Derailments,1979:08:RI:WF1170,0,0,475,7300,0,0,0,DALLAS,11:50,1979,1979,"E64C,","RI,",7,"E6,","E,",YARD,Texas,31.827233,-99.423022,11,Morning
Derailments,1979:09:GWF:2758,0,0,3000,11000,0,0,0,,11:20,1979,1979,"H702,","GWF,",7,"H7,","H,",YARD,Texas,31.827233,-99.423022,11,Morning
Derailments,1979:09:SP:Y5979,0,0,0,4000,0,0,0,HARRIS,7:20,1979,1979,"H306,","SP,",7,"H3,","H,",YARD,Texas,31.827233,-99.423022,7,Morning
Derailments,1979:09:ATSF:23099104,0,0,5100,25,0,0,0,FORT BEND,7:55,1979,1979,"T110,","ATSF,",1,"T1,","T,",YARD,Texas,31.827233,-99.423022,7,Morning
Derailments,1979:10:ATSF:23109101,0,0,400,13500,0,0,0,FORT BEND,6:50,1979,1980,"T102,E46C,","ATSF,",1,"T1,E4,","T,E,",MAIN,Texas,31.827233,-99.423022,6,Morning
Derailments,1979:09:MKT:AX93S,0,0,450,3200,0,0,0,GRAYSON,6:30,1979,1979,"H701,","MKT,",7,"H7,","H,",YARD,Texas,31.827233,-99.423022,6,Morning
Highway-rail impact,1979:10:ATSF:22109104,2,0,10500,4050,0,0,0,ERATH,10:45,1979,1980,"M399,","ATSF,",1,"M3,","M,",MAIN,Texas,31.827233,-99.423022,10,Morning
Fire/violent rupture,1979:09:ATSF:23099101,0,0,0,20000,0,0,0,LAMPASAS,5:30,1979,1979,"E74L,","ATSF,",1,"E7,","E,",MAIN,Texas,31.827233,-99.423022,5,Morning
Derailments,1979:09:MP:79263,0,0,4480,2200,0,0,0,LAMAR,8:05,1979,1979,"T101,T110,","MP,SP,",1,"T1,","T,",MAIN,Texas,31.827233,-99.423022,8,Morning
Side collision,1979:09:KCS:325356,0,0,0,4400,0,0,0,JEFFERSON,7:25,1979,1979,"H305,","KCS,",71,"H3,","H,",YARD,Texas,31.827233,-99.423022,7,Morning
Derailments,1979:10:SP:K9149,0,0,500,17500,0,0,0,JEFFERSON,5:30,1979,1980,"H999,","SP,",67,"H9,","H,",YARD,Texas,31.827233,-99.423022,5,Morning
Derailments,1979:09:SP:Y4219,0,0,3600,16400,0,0,0,HARRIS,6:00,1979,1979,"T110,","SP,",7,"T1,","T,",MAIN,Texas,31.827233,-99.423022,6,Morning
Derailments,1979:10:ATSF:22109101,0,0,2000,18400,0,0,0,LAMAR,11:15,1979,1980,"T202,","ATSF,",1,"T2,","T,",MAIN,Texas,31.827233,-99.423022,11,Morning
Derailments,1979:08:SP:G7069,0,0,4200,0,0,0,0,NUECES,11:30,1979,1979,"T314,T222,","SP,",7,"T3,T2,","T,",YARD,Texas,31.827233,-99.423022,11,Morning
Derailments,1979:09:RI:WF12693,0,0,850,48450,0,0,0,DALLAS,9:40,1979,1979,"T222,T110,","MKT,RI,SLSF,",77,"T2,T1,","T,",YARD,Texas,31.827233,-99.423022,9,Morning
Derailments,1979:10:ATSF:22109103,0,0,11000,22750,0,0,0,TARRANT,10:10,1979,1980,"M204,","ATSF,",1,"M2,","M,",MAIN,Texas,31.827233,-99.423022,10,Morning
Derailments,1979:09:ATSF:22099103,0,0,15000,137050,0,0,0,BROWN,6:00,1979,1979,"M599,","ATSF,",1,"M5,","M,",SIDING,Texas,31.827233,-99.423022,6,Morning
Derailments,1979:11:ATSF:23119101,0,0,9850,12500,2,0,0,CORYELL,7:55,1979,1980,"T210,","ATSF,",1,"T2,","T,",MAIN,Texas,31.827233,-99.423022,7,Morning
Derailments,1979:08:SP:G6549,0,0,4800,20200,0,0,0,COLLIN,6:00,1979,1979,"H503,","SP,",1,"H5,","H,",MAIN,Texas,31.827233,-99.423022,6,Morning
Derailments,1979:08:SP:Y3369,0,0,6800,600,0,0,0,HARRIS,7:10,1979,1979,"T101,","SP,",7,"T1,","T,",MAIN,Texas,31.827233,-99.423022,7,Morning
Derailments,1979:09:SP:79339,0,0,10070,0,0,0,0,EL PASO,11:00,1979,1979,"H701,","SP,",7,"H7,","H,",YARD,Texas,31.827233,-99.423022,11,Morning
Derailments,1979:08:SP:K5319,0,0,29500,17300,0,0,0,JEFFERSON,7:45,1979,1979,"E44C,E46C,","MP,SP,",1,"E4,","E,",MAIN,Texas,31.827233,-99.423022,7,Morning
Derailments,1979:09:MP:79270,0,0,20000,13500,30,0,0,HARRISON,8:32,1979,1979,"T222,","MP,",1,"T2,","T,",MAIN,Texas,31.827233,-99.423022,8,Morning
Derailments,1979:09:MP:79269,0,0,0,6500,33,1,0,HARRISON,8:00,1979,1979,"E21C,","MP,",1,"E2,","E,",MAIN,Texas,31.827233,-99.423022,8,Morning
Derailments,1979:08:SP:G6569,0,0,25500,1200,0,0,0,ELLIS,11:50,1979,1979,"T309,","SP,",1,"T3,","T,",MAIN,Texas,31.827233,-99.423022,11,Morning
Derailments,1979:08:SP:Y1859,0,0,300,10100,0,0,0,HARRIS,11:50,1979,1979,"T202,","SP,",7,"T2,","T,",YARD,Texas,31.827233,-99.423022,11,Morning
Derailments,1979:09:ATSF:22099102,0,0,10200,9200,0,0,0,DENTON,10:15,1979,1979,"E53C,","ATSF,",1,"E5,","E,",MAIN,Texas,31.827233,-99.423022,10,Morning
Highway-rail impact,1979:09:SP:G7509,0,0,0,6500,0,0,0,LEE,9:15,1979,1979,"M399,","SP,",1,"M3,","M,",YARD,Texas,31.827233,-99.423022,9,Morning
Other impacts,1979:09:SSW:V2869,0,0,0,8500,0,0,0,HENDERSON,9:15,1979,1979,"E31C,","SSW,",1,"E3,","E,",MAIN,Texas,31.827233,-99.423022,9,Morning
Highway-rail impact,1979:09:SP:Y4239,0,1,0,4000,0,0,0,HARRIS,11:45,1979,1979,"M399,","SP,",1,"M3,","M,",MAIN,Texas,31.827233,-99.423022,11,Morning
Derailments,1979:10:MKT:AX108S,0,0,1500,4000,0,0,0,MCLENNAN,5:00,1979,1980,"T110,","MKT,",1,"T1,","T,",YARD,Texas,31.827233,-99.423022,5,Morning
Derailments,1979:10:SP:Y7569,0,0,3000,300,0,0,0,FORT BEND,7:00,1979,1980,"H604,T102,","SP,",7,"H6,T1,","H,T,",MAIN,Texas,31.827233,-99.423022,7,Morning
Derailments,1979:10:SP:G8079,0,0,3000,8350,0,0,0,BEE,7:00,1979,1980,"E52C,","SP,",1,"E5,","E,",MAIN,Texas,31.827233,-99.423022,7,Morning
Head on collision,1979:12:ATSF:22129103,0,0,0,10500,0,0,0,JOHNSON,9:15,1979,1980,"H306,","ATSF,",7,"H3,","H,",YARD,Texas,31.827233,-99.423022,9,Morning
Derailments,1979:10:SP:Y9949,0,0,3500,7600,0,0,0,HARRIS,9:55,1979,1980,"H704,","SP,",1,"H7,","H,",YARD,Texas,31.827233,-99.423022,9,Morning
Highway-rail impact,1979:10:FWD:FW180,0,0,0,6000,0,0,0,HARDEMAN,11:00,1979,1980,"M399,","FWD,",1,"M3,","M,",MAIN,Texas,31.827233,-99.423022,11,Morning
Derailments,1979:11:ATSF:23119106,0,0,1860,2500,0,0,0,JEFFERSON,11:30,1979,1980,"H503,","ATSF,SP,",1,"H5,","H,",YARD,Texas,31.827233,-99.423022,11,Morning
Side collision,1979:10:FWD:FW158,0,0,0,4300,0,0,0,TARRANT,6:15,1979,1980,"H302,","FWD,",75,"H3,","H,",YARD,Texas,31.827233,-99.423022,6,Morning
Derailments,1979:12:MP:79348,0,0,600,41500,0,0,0,ANDERSON,6:30,1979,1980,"S012,","MP,",1,"S0,","S,",YARD,Texas,31.827233,-99.423022,6,Morning
Derailments,1979:11:ATSF:23119104,0,0,23500,40260,0,0,0,MONTGOMERY,5:15,1979,1980,"E40C,","ATSF,",1,"E4,","E,",MAIN,Texas,31.827233,-99.423022,5,Morning
Derailments,1979:11:ATSF:23119105,0,0,28500,300,0,0,0,BRAZORIA,5:00,1979,1980,"T101,","ATSF,",1,"T1,","T,",MAIN,Texas,31.827233,-99.423022,5,Morning
Derailments,1979:10:KCS:323592,0,0,3000,4800,0,0,0,BOWIE,10:45,1979,1980,"T210,","KCS,",1,"T2,","T,",MAIN,Texas,31.827233,-99.423022,10,Morning
Derailments,1979:10:FWD:JT97,0,0,19500,77100,0,0,0,HARRIS,11:10,1979,1980,"T102,","FWD,",1,"T1,","T,",MAIN,Texas,31.827233,-99.423022,11,Morning
Raking collision,1979:12:MKT:AX122S,0,0,0,11125,0,0,0,TARRANT,6:45,1979,1980,"H020,","MKT,",67,"H0,","H,",YARD,Texas,31.827233,-99.423022,6,Morning
Derailments,1979:11:SSW:V6169,0,0,3034,0,0,0,0,CHEROKEE,9:30,1979,1980,"T111,","SSW,",1,"T1,","T,",YARD,Texas,31.827233,-99.423022,9,Morning
Derailments,1979:12:MP:79329,0,0,12800,2900,0,0,0,HARRISON,6:30,1979,1980,"E43C,","MP,",1,"E4,","E,",MAIN,Texas,31.827233,-99.423022,6,Morning
Side collision,1979:11:TN:RE2,0,0,0,3692,39,3,0,MORRIS,7:50,1979,1980,"E09C,","TN,",7,"E0,","E,",YARD,Texas,31.827233,-99.423022,7,Morning
Derailments,1979:11:SP:Z0969,0,0,2500,56800,0,0,0,FORT BEND,9:30,1979,1980,"T220,","SP,",1,"T2,","T,",MAIN,Texas,31.827233,-99.423022,9,Morning
Derailments,1979:11:SP:81989,0,0,300,6500,0,0,0,EL PASO,11:00,1979,1980,"H020,","SP,",7,"H0,","H,",YARD,Texas,31.827233,-99.423022,11,Morning
Derailments,1979:11:PTRA:NOV2,0,0,1218,39700,0,0,0,HARRIS,7:55,1979,1980,"H302,","PTRA,",7,"H3,","H,",YARD,Texas,31.827233,-99.423022,7,Morning
Highway-rail impact,1979:11:SP:Z1969,0,3,150,10000,0,0,0,POLK,7:30,1979,1980,"M399,","SP,",1,"M3,","M,",MAIN,Texas,31.827233,-99.423022,7,Morning
Derailments,1979:12:MP:79327,0,0,695,4000,1,0,0,EL PASO,8:30,1979,1980,"H702,","ATSF,MP,",7,"H7,","H,",SIDING,Texas,31.827233,-99.423022,8,Morning
Derailments,1979:11:SP:G8939,0,0,5500,1200,0,0,0,GRIMES,11:50,1979,1980,"E64C,","SP,",1,"E6,","E,",MAIN,Texas,31.827233,-99.423022,11,Morning
Derailments,1979:11:MKT:AX114S,0,0,5900,2300,0,0,0,DALLAS,8:00,1979,1980,"T110,T199,H503,","LA,MKT,RI,",111,"T1,H5,T1,","T,H,T,",YARD,Texas,31.827233,-99.423022,8,Morning
Side collision,1979:11:SP:Z0509,0,0,0,4500,0,0,0,ORANGE,7:45,1979,1980,"H402,","SP,",74,"H4,","H,",YARD,Texas,31.827233,-99.423022,7,Morning
Derailments,1979:12:MKT:AX127S,0,0,1610,1500,0,0,0,DALLAS,10:00,1979,1980,"T222,","MKT,",7,"T2,","T,",INDUSTRY,Texas,31.827233,-99.423022,10,Morning
Derailments,1979:12:ATSF:23129103,0,0,11000,25400,0,0,0,BELL,5:15,1979,1980,"E53C,","ATSF,",1,"E5,","E,",MAIN,Texas,31.827233,-99.423022,5,Morning
Derailments,1979:11:RI:WF1395,0,0,6400,50000,0,0,0,WISE,7:35,1979,1980,"T216,","RI,",1,"T2,","T,",MAIN,Texas,31.827233,-99.423022,7,Morning
Derailments,1979:12:FWD:FW223,0,0,1800,4300,0,0,0,TARRANT,10:05,1979,1980,"T001,H603,","FWD,",1,"T0,H6,","T,H,",YARD,Texas,31.827233,-99.423022,10,Morning
Derailments,1979:12:HBT:AX2L79,0,0,100,41000,0,0,0,HARRIS,5:20,1979,1980,"H307,","HBT,",1,"H3,","H,",YARD,Texas,31.827233,-99.423022,5,Morning
Derailments,1979:11:FWD:FW194,0,0,85000,54125,0,0,0,TARRANT,9:30,1979,1980,"E46C,M599,","FWD,SP,",1,"E4,M5,","E,M,",SIDING,Texas,31.827233,-99.423022,9,Morning
Highway-rail impact,1979:12:MKT:XA191S,0,0,18644,400,0,0,0,HARRIS,6:30,1979,1980,"M399,","MKT,",1,"M3,","M,",MAIN,Texas,31.827233,-99.423022,6,Morning
Derailments,1979:11:RI:WF1401,0,0,4600,0,0,0,0,TARRANT,7:15,1979,1980,"T314,","RI,",1,"T3,","T,",YARD,Texas,31.827233,-99.423022,7,Morning
Derailments,1979:11:SP:G8919,0,0,94000,0,0,0,0,BURNET,9:00,1979,1980,"T102,","SP,",1,"T1,","T,",MAIN,Texas,31.827233,-99.423022,9,Morning
Derailments,1979:11:SP:S1259,0,0,250,10400,2,1,0,JEFFERSON,7:30,1979,1980,"T221,","SP,",1,"T2,","T,",YARD,Texas,31.827233,-99.423022,7,Morning
Rear end collision,1979:11:FWD:FW202,0,0,12000,48435,0,0,0,CLAY,8:15,1979,1980,"H204,","FWD,MKT,",11,"H2,","H,",MAIN,Texas,31.827233,-99.423022,8,Morning
Derailments,1979:11:PTRA:NOV1,0,0,7830,3000,0,0,0,WICHITA,9:30,1979,1980,"T399,T311,","HBT,PTRA,",1,"T3,","T,",YARD,Texas,31.827233,-99.423022,9,Morning
Derailments,1979:12:SP:G9569,0,0,33200,21200,0,0,0,BURNET,10:30,1979,1980,"T102,","SP,",1,"T1,","T,",MAIN,Texas,31.827233,-99.423022,10,Morning
Derailments,1980:01:SP:U0160,0,0,5100,5900,0,0,0,BEE,8:30,1980,1980,"E33C,M405,","SP,",1,"E3,M4,","E,M,",MAIN,Texas,31.827233,-99.423022,8,Morning
Rear end collision,1980:01:SP:W1200,0,2,300,23000,0,0,0,FORT BEND,7:55,1980,1980,"H204,","SP,",76,"H2,","H,",SIDING,Texas,31.827233,-99.423022,7,Morning
Derailments,1980:02:HBT:AX3B80,0,0,6100,700,0,0,0,HARRIS,6:45,1980,1980,"T110,","HBT,",1,"T1,","T,",YARD,Texas,31.827233,-99.423022,6,Morning
Derailments,1980:01:SP:U0220,0,0,5840,0,0,0,0,ELLIS,5:30,1980,1980,"T314,","SP,",7,"T3,","T,",YARD,Texas,31.827233,-99.423022,5,Morning
Derailments,1979:12:SP:G9679,0,0,5000,10100,0,0,0,GRIMES,8:23,1979,1980,"E06C,H505,","SP,",1,"E0,H5,","E,H,",MAIN,Texas,31.827233,-99.423022,8,Morning
Derailments,1980:02:FWD:FW46,0,0,20000,413450,0,0,0,,11:15,1980,1980,"E35C,","FWD,",1,"E3,","E,",MAIN,Texas,31.827233,-99.423022,11,Morning
Derailments,1980:01:SP:U0140,0,0,2850,310,0,0,0,VICTORIA,8:15,1980,1980,"H018,","SP,",7,"H0,","H,",YARD,Texas,31.827233,-99.423022,8,Morning
Derailments,1980:01:SP:F1270,0,0,150,3000,3,3,0,JEFFERSON,11:30,1980,1980,"T399,","SP,",7,"T3,","T,",YARD,Texas,31.827233,-99.423022,11,Morning
Highway-rail impact,1980:01:FWD:FW8,0,0,0,4000,0,0,0,WICHITA,8:10,1980,1980,"M399,","FWD,",1,"M3,","M,",MAIN,Texas,31.827233,-99.423022,8,Morning
Derailments,1980:01:ATSF:200180103,0,0,600,2950,4,0,0,HUTCHINSON,6:30,1980,1980,"T202,","ATSF,",7,"T2,","T,",YARD,Texas,31.827233,-99.423022,6,Morning
Derailments,1980:01:SP:U0020,0,0,2830,1050,0,0,0,ELLIS,11:00,1980,1980,"T215,T216,","SP,",1,"T2,","T,",YARD,Texas,31.827233,-99.423022,11,Morning
Derailments,1979:12:PTRA:DEC1,0,0,2039,2181,0,0,0,HARRIS,6:00,1979,1980,"T311,","PTRA,",7,"T3,","T,",SIDING,Texas,31.827233,-99.423022,6,Morning
Derailments,1979:12:SP:G9739,0,4,3400,71350,0,0,0,TARRANT,6:15,1979,1980,"H603,","SP,",1,"H6,","H,",MAIN,Texas,31.827233,-99.423022,6,Morning
Derailments,1980:01:HBT:AX1A80,0,0,0,8800,1,0,0,HARRIS,5:40,1980,1980,"T214,T213,","FWD,HBT,",1,"T2,","T,",YARD,Texas,31.827233,-99.423022,5,Morning
Derailments,1980:01:SP:U0010,0,0,4100,3000,0,0,0,ROBERTSON,8:30,1980,1980,"T220,","SP,",7,"T2,","T,",YARD,Texas,31.827233,-99.423022,8,Morning
Highway-rail impact,1979:12:SP:Z3549,0,3,10000,6000,0,0,0,HARRIS,10:25,1979,1980,"M399,","SP,",1,"M3,","M,",MAIN,Texas,31.827233,-99.423022,10,Morning
Derailments,1980:01:RI:WF166,0,0,8600,150,0,0,0,TARRANT,8:35,1980,1980,"T110,","RI,",8,"T1,","T,",SIDING,Texas,31.827233,-99.423022,8,Morning
Derailments,1980:01:ATSF:220180101,0,0,1000,11000,0,0,0,NOLAN,11:01,1980,1980,"T108,T102,","ATSF,MP,",1,"T1,","T,",MAIN,Texas,31.827233,-99.423022,11,Morning
Derailments,1980:01:SP:U0960,0,0,200,40000,0,0,0,HUDSPETH,7:12,1980,1980,"E02C,","SP,",1,"E0,","E,",MAIN,Texas,31.827233,-99.423022,7,Morning
Raking collision,1980:01:SP:F0070,0,0,0,10700,0,0,0,JEFFERSON,11:00,1980,1980,"H401,","SP,",7,"H4,","H,",YARD,Texas,31.827233,-99.423022,11,Morning
Derailments,1980:01:RI:WF156,0,0,3100,8000,0,0,0,WISE,5:05,1980,1980,"T101,","RI,",1,"T1,","T,",MAIN,Texas,31.827233,-99.423022,5,Morning
Derailments,1980:01:SP:U0000,0,0,62850,750,0,0,0,CALDWELL,8:28,1980,1980,"E53C,","SP,",1,"E5,","E,",MAIN,Texas,31.827233,-99.423022,8,Morning
Derailments,1979:12:SP:Z3629,0,0,0,4900,0,0,0,HARRIS,8:30,1979,1980,"T311,","SP,",7,"T3,","T,",YARD,Texas,31.827233,-99.423022,8,Morning
Derailments,1980:01:SP:F0410,0,0,30000,4500,0,0,0,JEFFERSON,5:10,1980,1980,"T111,","SP,",7,"T1,","T,",YARD,Texas,31.827233,-99.423022,5,Morning
Derailments,1979:12:SP:Z3289,0,0,3000,34250,0,0,0,GALVESTON,8:45,1979,1980,"T111,","SP,",7,"T1,","T,",SIDING,Texas,31.827233,-99.423022,8,Morning
Derailments,1980:01:SP:U0270,0,0,3740,0,0,0,0,DALLAS,11:30,1980,1980,"T220,","SP,",1,"T2,","T,",MAIN,Texas,31.827233,-99.423022,11,Morning
Derailments,1980:01:MKT:AX2S,0,0,169000,37400,8,1,1,TARRANT,5:45,1980,1980,"H503,","MKT,MP,",1,"H5,","H,",MAIN,Texas,31.827233,-99.423022,5,Morning
Derailments,1979:12:SP:S2949,0,0,300,5900,0,0,0,JEFFERSON,5:30,1979,1980,"H503,","SP,",1,"H5,","H,",MAIN,Texas,31.827233,-99.423022,5,Morning
Derailments,1980:01:SP:U0130,0,0,3400,500,0,0,0,ELLIS,5:00,1980,1980,"T001,","SP,",1,"T0,","T,",YARD,Texas,31.827233,-99.423022,5,Morning
Derailments,1980:01:SP:W1450,0,2,2100,3150,0,0,0,NACOGDOCHES,11:45,1980,1980,"T299,","SP,",1,"T2,","T,",MAIN,Texas,31.827233,-99.423022,11,Morning
Derailments,1980:02:SP:U1860,0,0,250,3000,0,0,0,BEXAR,7:00,1980,1980,"H701,","SP,",1,"H7,","H,",YARD,Texas,31.827233,-99.423022,7,Morning
Side collision,1980:02:PTRA:FEB1,0,0,1822,35000,0,0,0,HARRIS,5:25,1980,1980,"H018,","PTRA,",1,"H0,","H,",MAIN,Texas,31.827233,-99.423022,5,Morning
Side collision,1980:02:KCS:325500,0,0,0,6400,0,0,0,JEFFERSON,5:45,1980,1980,"H307,","KCS,",85,"H3,","H,",YARD,Texas,31.827233,-99.423022,5,Morning
Derailments,1980:02:RI:WF204,0,0,12160,32000,0,0,0,WHEELER,9:55,1980,1980,"T220,","RI,",1,"T2,","T,",MAIN,Texas,31.827233,-99.423022,9,Morning
Derailments,1980:02:RI:WF208,0,0,3100,0,0,0,0,TARRANT,7:05,1980,1980,"T110,","RI,",1,"T1,","T,",SIDING,Texas,31.827233,-99.423022,7,Morning
Derailments,1980:02:SP:W3520,0,0,6000,4250,2,0,0,ROBERTSON,5:20,1980,1980,"H306,","SP,",1,"H3,","H,",SIDING,Texas,31.827233,-99.423022,5,Morning
Other impacts,1980:03:ATSF:230380101,0,0,0,80000,0,0,0,BELL,10:30,1980,1980,"M599,","ATSF,",5,"M5,","M,",MAIN,Texas,31.827233,-99.423022,10,Morning
Derailments,1980:02:SLSF:T3A22,0,0,0,6200,0,0,0,GRAYSON,9:55,1980,1980,"T399,","SLSF,",1,"T3,","T,",YARD,Texas,31.827233,-99.423022,9,Morning
Derailments,1980:03:KCS:325515,0,0,1200,2500,0,0,0,JEFFERSON,11:40,1980,1980,"T314,","KCS,",7,"T3,","T,",INDUSTRY,Texas,31.827233,-99.423022,11,Morning
Highway-rail impact,1980:02:SP:F2610,0,0,500,2500,1,0,0,HARRIS,10:55,1980,1980,"M399,","SP,",1,"M3,","M,",MAIN,Texas,31.827233,-99.423022,10,Morning
Derailments,1980:02:SP:U1160,0,0,29625,14000,0,0,0,UVALDE,11:00,1980,1980,"M599,","SP,",1,"M5,","M,",MAIN,Texas,31.827233,-99.423022,11,Morning
Derailments,1980:02:SP:S2050,0,0,700,5400,0,0,0,EL PASO,10:10,1980,1980,"E31C,","SP,",7,"E3,","E,",YARD,Texas,31.827233,-99.423022,10,Morning
Derailments,1980:02:PTRA:FEB4,0,0,6650,2000,0,0,0,HARRIS,10:30,1980,1980,"T110,","PTRA,SP,",1,"T1,","T,",MAIN,Texas,31.827233,-99.423022,10,Morning
Raking collision,1980:02:ATSF:220280105,0,0,0,5975,1,1,0,NOLAN,7:10,1980,1980,"H306,","ATSF,",51,"H3,","H,",YARD,Texas,31.827233,-99.423022,7,Morning
Derailments,1980:03:ATSF:220380105,0,0,29000,580500,10,8,5,TAYLOR,9:50,1980,1980,"T214,","ATSF,",1,"T2,","T,",MAIN,Texas,31.827233,-99.423022,9,Morning
Derailments,1980:02:RI:WF271,0,0,0,6200,0,0,0,DALLAS,8:45,1980,1980,"T110,","LA,",1,"T1,","T,",YARD,Texas,31.827233,-99.423022,8,Morning
Side collision,1980:03:ATSF:220380101,0,0,250,9630,0,0,0,TARRANT,8:45,1980,1980,"H306,","ATSF,",76,"H3,","H,",YARD,Texas,31.827233,-99.423022,8,Morning
Derailments,1980:02:SP:S1660,0,0,4388,0,0,0,0,EL PASO,5:30,1980,1980,"T311,H704,","MP,SP,",7,"T3,H7,","T,H,",YARD,Texas,31.827233,-99.423022,5,Morning
Derailments,1980:02:ATSF:220280103,0,0,8400,66500,0,0,0,DALLAS,5:00,1980,1980,"M599,","ATSF,",1,"M5,","M,",YARD,Texas,31.827233,-99.423022,5,Morning
Derailments,1980:02:SP:U1460,0,0,3400,0,0,0,0,TARRANT,9:00,1980,1980,"T219,","SP,",7,"T2,","T,",YARD,Texas,31.827233,-99.423022,9,Morning
Derailments,1980:02:SP:W4760,0,0,3000,500,1,1,0,HARRIS,11:30,1980,1980,"H307,","SP,",7,"H3,","H,",INDUSTRY,Texas,31.827233,-99.423022,11,Morning
Derailments,1980:02:MP:80102,0,0,0,12500,1,1,0,FRIO,9:30,1980,1980,"H212,","MP,",1,"H2,","H,",YARD,Texas,31.827233,-99.423022,9,Morning
Derailments,1980:02:SP:U0880,0,0,3225,0,0,0,0,LIMESTONE,10:05,1980,1980,"T110,","SP,",1,"T1,","T,",INDUSTRY,Texas,31.827233,-99.423022,10,Morning
Derailments,1980:02:SP:W3100,0,0,15000,225,0,0,0,HARRIS,5:01,1980,1980,"T110,","SP,",1,"T1,","T,",YARD,Texas,31.827233,-99.423022,5,Morning
Derailments,1980:02:SP:F1990,0,0,0,3200,0,0,0,HARRIS,7:45,1980,1980,"T111,","SP,",7,"T1,","T,",SIDING,Texas,31.827233,-99.423022,7,Morning
Derailments,1980:02:SP:W3530,0,0,8500,3000,0,0,0,HARRIS,11:30,1980,1980,"E64L,","SP,",1,"E6,","E,",YARD,Texas,31.827233,-99.423022,11,Morning
Other impacts,1980:03:MKT:AX18S,0,0,0,3500,0,0,0,GRAYSON,10:15,1980,1980,"E19C,M503,","MKT,",7,"E1,M5,","E,M,",YARD,Texas,31.827233,-99.423022,10,Morning
Derailments,1980:03:SP:W7320,0,0,6000,0,0,0,0,HARRIS,6:30,1980,1980,"T202,","SP,",7,"T2,","T,",YARD,Texas,31.827233,-99.423022,6,Morning
Derailments,1980:04:ATSF:230480103,0,0,17100,30800,0,0,0,LAMPASAS,9:45,1980,1980,"E44C,","ATSF,",1,"E4,","E,",MAIN,Texas,31.827233,-99.423022,9,Morning
Derailments,1980:03:MP:80091,0,0,5250,10200,0,0,0,NUECES,9:45,1980,1980,"E46C,","MP,",7,"E4,","E,",YARD,Texas,31.827233,-99.423022,9,Morning
Highway-rail impact,1980:03:SP:F3420,0,1,0,15000,0,0,0,HARRIS,11:45,1980,1980,"M399,","SP,",1,"M3,","M,",MAIN,Texas,31.827233,-99.423022,11,Morning
Derailments,1980:03:FWD:JT26,0,0,85000,13780,0,0,0,HARRIS,9:10,1980,1980,"E49C,","FWD,",1,"E4,","E,",MAIN,Texas,31.827233,-99.423022,9,Morning
Derailments,1980:03:SP:F3970,0,0,7500,4725,0,0,0,JEFFERSON,10:15,1980,1980,"T110,","SP,",4,"T1,","T,",YARD,Texas,31.827233,-99.423022,10,Morning
Derailments,1980:03:SP:F3320,0,0,5000,600,0,0,0,ORANGE,10:40,1980,1980,"T110,T108,","SP,",1,"T1,","T,",SIDING,Texas,31.827233,-99.423022,10,Morning
Raking collision,1980:04:ATSF:220480105,0,0,200,5900,0,0,0,BROWN,6:35,1980,1980,"H307,","ATSF,",8,"H3,","H,",YARD,Texas,31.827233,-99.423022,6,Morning
Derailments,1980:03:SP:W6870,0,0,6000,600,0,0,0,HARRIS,6:00,1980,1980,"E46C,","SP,",7,"E4,","E,",YARD,Texas,31.827233,-99.423022,6,Morning
Side collision,1980:04:FWD:FW102,0,0,200,7400,0,0,0,TARRANT,6:15,1980,1980,"H307,","FWD,",7,"H3,","H,",YARD,Texas,31.827233,-99.423022,6,Morning
Side collision,1980:03:MP:80096,0,0,1000,37600,0,0,0,,6:30,1980,1980,"H699,","MP,",11,"H6,","H,",YARD,Texas,31.827233,-99.423022,6,Morning