AccidentType,inckey,Fatalities,Injuries,TrackDamage,EquipmentDamage,HazmatCars,HazmatCarsDerailed,HazmatCarsReleasing,County,DisplayTime,calendar,Fiscal,AccidentCause,RailroadCodes,RAILEQUIPMENT_TYPE,CauseGroup,CauseDiscipline,TYPE_OF_TRACK,StateName,latitude,longitude,hour,cat
Derailments,1980:03:MKT:AX19S,0,0,10200,3050,0,0,0,WILLIAMSON,6:15,1980,1980,"T215,","MKT,",1,"T2,","T,",YARD,Texas,31.827233,-99.423022,6,Morning
Derailments,1980:03:SP:W7340,0,0,3000,0,0,0,0,HARRIS,5:00,1980,1980,"H701,","SP,",7,"H7,","H,",YARD,Texas,31.827233,-99.423022,5,Morning
Derailments,1980:03:MP:80103,0,0,1000,43000,2,2,0,BRAZORIA,6:15,1980,1980,"T201,","MP,",1,"T2,","T,",YARD,Texas,31.827233,-99.423022,6,Morning
Derailments,1980:03:SP:W6580,0,0,3500,0,0,0,0,BRAZOS,8:30,1980,1980,"T221,","SP,",1,"T2,","T,",SIDING,Texas,31.827233,-99.423022,8,Morning
Derailments,1980:03:SP:W5730,0,0,6000,5500,0,0,0,HARRIS,9:30,1980,1980,"T102,","SP,",7,"T1,","T,",MAIN,Texas,31.827233,-99.423022,9,Morning
Derailments,1980:03:SSW:K2990,0,0,5040,16950,0,0,0,BOWIE,10:15,1980,1980,"E79L,","SSW,",161,"E7,","E,",MAIN,Texas,31.827233,-99.423022,10,Morning
Derailments,1980:03:SP:W6900,0,0,12900,600,4,1,0,SHELBY,10:25,1980,1980,"H025,","SP,",1,"H0,","H,",SIDING,Texas,31.827233,-99.423022,10,Morning
Derailments,1980:03:SP:W8130,0,0,5000,4500,0,0,0,HARRIS,6:00,1980,1980,"H099,","SP,",7,"H0,","H,",YARD,Texas,31.827233,-99.423022,6,Morning
Side collision,1980:04:ATSF:230480104,0,0,1000,9000,0,0,0,LAMPASAS,11:02,1980,1980,"H021,","ATSF,",61,"H0,","H,",MAIN,Texas,31.827233,-99.423022,11,Morning
Derailments,1980:03:MP:80078,0,0,5250,25200,0,0,0,NUECES,9:45,1980,1980,"E46C,","MP,",7,"E4,","E,",YARD,Texas,31.827233,-99.423022,9,Morning
Derailments,1980:04:SP:S3970,0,0,14800,1560,0,0,0,EL PASO,7:45,1980,1980,"H704,","SP,",1,"H7,","H,",MAIN,Texas,31.827233,-99.423022,7,Morning
Derailments,1980:03:SP:W6490,0,0,3850,0,0,0,0,VICTORIA,11:30,1980,1980,"H312,","SP,",7,"H3,","H,",YARD,Texas,31.827233,-99.423022,11,Morning
Side collision,1980:03:SSW:K3460,0,0,27,5950,0,0,0,BOWIE,7:25,1980,1980,"H299,","SSW,",67,"H2,","H,",YARD,Texas,31.827233,-99.423022,7,Morning
Raking collision,1980:03:SP:F4500,0,0,0,3000,0,0,0,JEFFERSON,5:30,1980,1980,"H401,","SP,",7,"H4,","H,",YARD,Texas,31.827233,-99.423022,5,Morning
Head on collision,1980:05:MP:80159,0,0,0,3088,0,0,0,ATASCOSA,8:25,1980,1980,"H402,","MP,",51,"H4,","H,",MAIN,Texas,31.827233,-99.423022,8,Morning
Side collision,1980:04:SP:X0290,0,0,50,4050,1,1,0,HARRIS,10:30,1980,1980,"T311,","SP,",76,"T3,","T,",YARD,Texas,31.827233,-99.423022,10,Morning
Derailments,1980:05:MP:80162,0,0,1500,3600,0,0,0,WEBB,6:30,1980,1980,"T110,","MP,",1,"T1,","T,",YARD,Texas,31.827233,-99.423022,6,Morning
Rear end collision,1980:04:FWD:FW106,0,0,250,11000,0,0,0,TARRANT,5:00,1980,1980,"H018,","FWD,",67,"H0,","H,",YARD,Texas,31.827233,-99.423022,5,Morning
Derailments,1980:05:ATSF:200580101,0,0,10691,650,0,0,0,MOORE,7:05,1980,1980,"E52C,","ATSF,",1,"E5,","E,",MAIN,Texas,31.827233,-99.423022,7,Morning
Derailments,1980:04:MKT:AX21S,0,0,6000,29500,2,0,0,,5:30,1980,1980,"T220,","MKT,",1,"T2,","T,",MAIN,Texas,31.827233,-99.423022,5,Morning
Derailments,1980:04:SP:X0120,0,0,175,4000,0,0,0,JACKSON,10:05,1980,1980,"E34C,","SP,",1,"E3,","E,",MAIN,Texas,31.827233,-99.423022,10,Morning
Other impacts,1980:05:GRR:2,0,1,0,3000,0,0,0,WILLIAMSON,9:00,1980,1980,"M404,","GRR,",7,"M4,","M,",YARD,Texas,31.827233,-99.423022,9,Morning
Derailments,1980:04:FWD:FW109,0,0,0,5200,0,0,0,TARRANT,10:00,1980,1980,"T314,","FWD,MKT,",1,"T3,","T,",YARD,Texas,31.827233,-99.423022,10,Morning
Derailments,1980:04:FWD:FW107,0,0,0,31250,0,0,0,TARRANT,5:20,1980,1980,"T314,","FWD,",7,"T3,","T,",YARD,Texas,31.827233,-99.423022,5,Morning
Head on collision,1980:04:SLSF:T3A32,0,0,2000,1234500,0,0,0,GRAYSON,5:20,1980,1980,"M503,T301,","SLSF,",61,"M5,T3,M5,T3,","M,T,M,T,",MAIN,Texas,31.827233,-99.423022,5,Morning
Derailments,1980:04:HBT:AX1D80,0,0,2150,2050,0,0,0,HARRIS,6:00,1980,1980,"T314,","HBT,",7,"T3,","T,",YARD,Texas,31.827233,-99.423022,6,Morning
Derailments,1980:04:MP:80116,0,0,355,10300,0,0,0,WILLIAMSON,6:00,1980,1980,"E46C,","MP,",1,"E4,","E,",SIDING,Texas,31.827233,-99.423022,6,Morning
Derailments,1980:04:SP:F5460,0,0,0,5100,0,0,0,ANGELINA,11:00,1980,1980,"H503,","SP,",1,"H5,","H,",MAIN,Texas,31.827233,-99.423022,11,Morning
Derailments,1980:04:SP:W9060,0,0,16000,4000,0,0,0,FORT BEND,10:15,1980,1980,"T311,","SP,",1,"T3,","T,",SIDING,Texas,31.827233,-99.423022,10,Morning
Side collision,1980:05:MP:80140,0,0,2400,7200,0,0,0,TARRANT,5:25,1980,1980,"E64C,","MP,",7,"E6,","E,",YARD,Texas,31.827233,-99.423022,5,Morning
Derailments,1980:05:ATSF:230580104,0,0,27800,82050,0,0,0,MONTGOMERY,6:15,1980,1980,"M405,","ATSF,",1,"M4,","M,",MAIN,Texas,31.827233,-99.423022,6,Morning
Side collision,1980:04:PTRA:APR1,0,0,387,21600,0,0,0,HARRIS,7:30,1980,1980,"H301,","PTRA,",76,"H3,","H,",YARD,Texas,31.827233,-99.423022,7,Morning
Derailments,1980:04:MKT:AX24S,0,0,750,3425,0,0,0,WILLIAMSON,8:30,1980,1980,"T220,","MKT,",1,"T2,","T,",SIDING,Texas,31.827233,-99.423022,8,Morning
Derailments,1980:04:KCS:317813,0,0,2000,3000,0,0,0,BOWIE,8:30,1980,1980,"T110,","KCS,",7,"T1,","T,",YARD,Texas,31.827233,-99.423022,8,Morning
Derailments,1980:04:SP:F5230,0,0,4100,6000,2,2,0,HARRIS,7:15,1980,1980,"T102,","SP,",7,"T1,","T,",MAIN,Texas,31.827233,-99.423022,7,Morning
Derailments,1980:04:SP:W8250,0,0,3000,0,0,0,0,HARRIS,10:00,1980,1980,"H503,","SP,",7,"H5,","H,",YARD,Texas,31.827233,-99.423022,10,Morning
Derailments,1980:05:HBT:AX4E80,0,0,4000,100,0,0,0,HARRIS,7:15,1980,1980,"T221,T202,","ATSF,HBT,",51,"T2,","T,",YARD,Texas,31.827233,-99.423022,7,Morning
Derailments,1980:05:MKT:AX31S,0,0,9000,450,0,0,0,,11:45,1980,1980,"T311,M503,","MKT,",1,"T3,M5,","T,M,",MAIN,Texas,31.827233,-99.423022,11,Morning
Other impacts,1980:05:KCS:326026,0,0,0,5700,0,0,0,JEFFERSON,8:20,1980,1980,"E39C,","KCS,",1,"E3,","E,",MAIN,Texas,31.827233,-99.423022,8,Morning
Derailments,1980:04:SP:X0570,0,0,3000,4500,0,0,0,HARRIS,9:45,1980,1980,"M599,","SP,",7,"M5,","M,",YARD,Texas,31.827233,-99.423022,9,Morning
Derailments,1980:06:SP:U5260,0,0,19000,543650,1,1,1,KINNEY,8:00,1980,1980,"E02C,","SP,",1,"E0,","E,",MAIN,Texas,31.827233,-99.423022,8,Morning
Derailments,1980:07:SP:X7550,0,0,7200,0,0,0,0,HARRIS,5:10,1980,1980,"E40C,","SP,",7,"E4,","E,",YARD,Texas,31.827233,-99.423022,5,Morning
Derailments,1980:08:ATSF:230880106,0,0,4000,6800,0,0,0,HARDIN,11:00,1980,1980,"H020,","ATSF,",7,"H0,","H,",YARD,Texas,31.827233,-99.423022,11,Morning
Derailments,1980:07:SP:X7730,0,0,1700,14900,2,2,0,HARRIS,8:30,1980,1980,"T210,","SP,",1,"T2,","T,",SIDING,Texas,31.827233,-99.423022,8,Morning
Derailments,1980:07:SP:G1110,0,0,500,39500,0,0,0,ORANGE,11:40,1980,1980,"H601,","SP,",1,"H6,","H,",YARD,Texas,31.827233,-99.423022,11,Morning
Derailments,1980:06:SLSF:T3A47,0,0,0,11800,0,0,0,DALLAS,6:55,1980,1980,"H503,","SLSF,",7,"H5,","H,",YARD,Texas,31.827233,-99.423022,6,Morning
Derailments,1980:06:MP:80186,0,0,500,7800,0,0,0,DALLAS,8:45,1980,1980,"T102,","MP,",7,"T1,","T,",INDUSTRY,Texas,31.827233,-99.423022,8,Morning
Side collision,1980:07:ATSF:220780102,0,0,600,67500,0,0,0,NOLAN,7:00,1980,1980,"H401,","ATSF,",17,"H4,","H,",MAIN,Texas,31.827233,-99.423022,7,Morning
Derailments,1980:06:SP:X3890,0,0,5000,4000,0,0,0,NACOGDOCHES,5:50,1980,1980,"H503,","SP,",1,"H5,","H,",MAIN,Texas,31.827233,-99.423022,5,Morning
Derailments,1980:07:MP:80210,0,0,11500,11400,0,0,0,MEDINA,8:15,1980,1980,"E34C,","MP,",1,"E3,","E,",MAIN,Texas,31.827233,-99.423022,8,Morning
Derailments,1980:06:SP:U5300,0,2,51800,750680,4,3,3,HUDSPETH,9:50,1980,1980,"E52C,","SP,",1,"E5,","E,",MAIN,Texas,31.827233,-99.423022,9,Morning
Derailments,1980:06:SP:U5560,0,0,4250,0,0,0,0,GRAYSON,11:00,1980,1980,"H505,","SP,",1,"H5,","H,",INDUSTRY,Texas,31.827233,-99.423022,11,Morning
Derailments,1980:07:PTRA:JULY1,0,0,17650,77100,0,0,0,HARRIS,6:35,1980,1980,"T102,","PTRA,SP,",1,"T1,","T,",MAIN,Texas,31.827233,-99.423022,6,Morning
Side collision,1980:08:ATSF:220880102,0,0,0,16146,0,0,0,JOHNSON,7:30,1980,1980,"M599,","ATSF,",5,"M5,","M,",YARD,Texas,31.827233,-99.423022,7,Morning
Highway-rail impact,1980:08:ATSF:230880105,0,3,200,10000,3,0,0,BURLESON,7:25,1980,1980,"M399,","ATSF,",1,"M3,","M,",MAIN,Texas,31.827233,-99.423022,7,Morning
Derailments,1980:07:ATSF:230780101,0,0,12200,250,3,0,0,LAMPASAS,9:00,1980,1980,"E52C,","ATSF,",1,"E5,","E,",MAIN,Texas,31.827233,-99.423022,9,Morning
Derailments,1980:07:MKT:AX54S,0,0,12666,8500,0,0,0,WILLIAMSON,11:10,1980,1980,"T213,","MKT,",1,"T2,","T,",YARD,Texas,31.827233,-99.423022,11,Morning
Derailments,1980:06:SP:U5400,0,0,1400,2450,0,0,0,FREESTONE,6:45,1980,1980,"E32C,","SP,",1,"E3,","E,",MAIN,Texas,31.827233,-99.423022,6,Morning
Head on collision,1980:08:MKT:AX67S,0,0,0,8400,0,0,0,,9:00,1980,1980,"H017,","MKT,",81,"H0,","H,",MAIN,Texas,31.827233,-99.423022,9,Morning
Other impacts,1980:07:SP:U7280,0,0,0,31000,0,0,0,GUADALUPE,11:30,1980,1980,"H601,","SP,",1,"H6,","H,",MAIN,Texas,31.827233,-99.423022,11,Morning
Side collision,1980:07:MP:80232,0,0,100,30550,2,0,0,BRAZORIA,5:55,1980,1980,"H306,","MP,",7,"H3,","H,",YARD,Texas,31.827233,-99.423022,5,Morning
Derailments,1980:07:FWD:FW200,0,0,28800,5000,0,0,0,TARRANT,6:50,1980,1980,"T314,","FWD,SP,",1,"T3,","T,",MAIN,Texas,31.827233,-99.423022,6,Morning
Side collision,1980:07:KCS:319884,0,0,0,27860,0,0,0,JEFFERSON,9:00,1980,1980,"H021,","KCS,",67,"H0,","H,",YARD,Texas,31.827233,-99.423022,9,Morning
Side collision,1980:06:SP:U5620,0,0,1000,15600,0,0,0,ELLIS,7:25,1980,1980,"H018,","SP,",7,"H0,","H,",YARD,Texas,31.827233,-99.423022,7,Morning
Derailments,1980:07:SP:X6480,0,0,2000,3500,0,0,0,GALVESTON,7:30,1980,1980,"T101,T102,","SP,",1,"T1,","T,",MAIN,Texas,31.827233,-99.423022,7,Morning
Side collision,1980:07:MP:80211,0,0,0,18000,2,1,1,HARRIS,6:15,1980,1980,"H018,","MP,",76,"H0,","H,",MAIN,Texas,31.827233,-99.423022,6,Morning
Derailments,1980:07:SP:U6780,0,0,4100,8300,0,0,0,TARRANT,5:45,1980,1980,"T314,T313,","FWD,SP,",1,"T3,","T,",MAIN,Texas,31.827233,-99.423022,5,Morning
Derailments,1980:09:HBT:AX5I80,0,0,3070,6000,0,0,0,HARRIS,7:45,1980,1980,"T110,","HBT,",1,"T1,","T,",YARD,Texas,31.827233,-99.423022,7,Morning
Derailments,1980:08:MKT:AX74S,0,0,0,12250,0,0,0,GRAYSON,9:45,1980,1980,"H312,","MKT,",7,"H3,","H,",YARD,Texas,31.827233,-99.423022,9,Morning
Side collision,1980:09:FWD:FW243,0,0,6000,471600,0,0,0,POTTER,8:30,1980,1980,"H602,","FWD,",76,"H6,","H,",MAIN,Texas,31.827233,-99.423022,8,Morning
Head on collision,1980:08:SSW:L0930,0,2,100,10200,0,0,0,MCLENNAN,10:20,1980,1980,"H603,","SSW,",61,"H6,","H,",YARD,Texas,31.827233,-99.423022,10,Morning
Derailments,1980:09:ATSF:220980102,0,0,3500,1200,0,0,0,BROWN,5:40,1980,1980,"E53C,","ATSF,",1,"E5,","E,",SIDING,Texas,31.827233,-99.423022,5,Morning
Other impacts,1980:09:ATSF:210980101,0,0,0,10000,0,0,0,EL PASO,7:00,1980,1980,"H601,","ATSF,",57,"H6,","H,",YARD,Texas,31.827233,-99.423022,7,Morning
Derailments,1980:09:HBT:AX3I80,0,0,1200,4650,0,0,0,HARRIS,8:40,1980,1980,"E64C,","HBT,MP,",7,"E6,","E,",YARD,Texas,31.827233,-99.423022,8,Morning
Derailments,1980:08:MP:80233,0,0,12000,13000,1,1,0,TARRANT,8:45,1980,1980,"T314,","MP,",1,"T3,","T,",YARD,Texas,31.827233,-99.423022,8,Morning
Derailments,1980:09:FWD:FW262,0,0,0,3300,0,0,0,WICHITA,10:00,1980,1980,"T314,","FWD,",7,"T3,","T,",YARD,Texas,31.827233,-99.423022,10,Morning
Derailments,1980:09:ATSF:200980101,0,0,27280,34900,0,0,0,LIPSCOMB,6:25,1980,1980,"E61C,","ATSF,",1,"E6,","E,",MAIN,Texas,31.827233,-99.423022,6,Morning
Derailments,1980:09:MP:80278,0,0,9100,900,0,0,0,TARRANT,9:20,1980,1980,"T311,","MP,",1,"T3,","T,",YARD,Texas,31.827233,-99.423022,9,Morning
Derailments,1980:08:PTRA:AUG2,0,0,3930,0,0,0,0,HARRIS,7:10,1980,1980,"T314,","PTRA,",1,"T3,","T,",MAIN,Texas,31.827233,-99.423022,7,Morning
Derailments,1980:08:ATSF:230880103,0,0,500,5825,1,1,0,HARRIS,7:30,1980,1980,"T221,","ATSF,",1,"T2,","T,",YARD,Texas,31.827233,-99.423022,7,Morning
Raking collision,1980:09:ATSF:220980105,0,0,179,5850,0,0,0,TARRANT,9:30,1980,1980,"H020,","ATSF,",76,"H0,","H,",YARD,Texas,31.827233,-99.423022,9,Morning
Derailments,1980:08:SP:U7670,0,0,4400,675,0,0,0,KAUFMAN,9:45,1980,1980,"T299,","SP,",1,"T2,","T,",MAIN,Texas,31.827233,-99.423022,9,Morning
Side collision,1980:08:PTRA:AUG1,0,0,448,42400,0,0,0,HARRIS,10:00,1980,1980,"H401,H603,","PTRA,",1,"H4,H6,","H,",MAIN,Texas,31.827233,-99.423022,10,Morning
Derailments,1980:08:GHH:638,0,0,92,12000,0,0,0,GALVESTON,5:40,1980,1980,"H702,","GHH,MP,",11,"H7,","H,",YARD,Texas,31.827233,-99.423022,5,Morning
Derailments,1980:09:HBT:AX7I80,0,0,1050,7600,0,0,0,HARRIS,9:00,1980,1980,"E64C,","HBT,",7,"E6,","E,",YARD,Texas,31.827233,-99.423022,9,Morning
Derailments,1980:09:MKT:AX83S,0,0,4650,21250,0,0,0,GRAYSON,10:45,1980,1980,"E64C,","MKT,",7,"E6,","E,",MAIN,Texas,31.827233,-99.423022,10,Morning
Derailments,1980:08:ATSF:220880103,0,0,7400,4500,8,0,0,DALLAS,5:05,1980,1980,"H503,","ATSF,LA,",1,"H5,","H,",MAIN,Texas,31.827233,-99.423022,5,Morning
Derailments,1980:08:MP:80265,0,0,19750,80000,0,0,0,CHEROKEE,9:25,1980,1980,"E46C,","MP,",1,"E4,","E,",MAIN,Texas,31.827233,-99.423022,9,Morning
Derailments,1980:08:SP:G3230,0,0,1750,3200,0,0,0,HARRIS,7:00,1980,1980,"T102,","SP,",7,"T1,","T,",MAIN,Texas,31.827233,-99.423022,7,Morning
Derailments,1980:08:SP:X9960,0,0,10000,7500,0,0,0,HARRIS,9:00,1980,1980,"H505,H503,","SP,",1,"H5,","H,",YARD,Texas,31.827233,-99.423022,9,Morning
Derailments,1980:09:ATSF:ZZZZZZZZZZ,0,0,0,15700,0,0,0,JEFFERSON,11:55,1980,1980,"T310,","KCS,",7,"T3,","T,",INDUSTRY,Texas,31.827233,-99.423022,11,Morning
Highway-rail impact,1980:09:OKT:XA6,1,1,0,28500,0,0,0,TARRANT,11:05,1980,1980,"M399,","FWD,OKT,",1,"M3,","M,",MAIN,Texas,31.827233,-99.423022,11,Morning
Derailments,1980:09:SSW:L3820,0,0,10000,500,0,0,0,UPSHUR,6:20,1980,1980,"T311,M599,","MP,SSW,",1,"T3,M5,","T,M,",YARD,Texas,31.827233,-99.423022,6,Morning
Derailments,1980:09:SP:G7740,0,0,3000,7500,2,2,0,CHAMBERS,8:30,1980,1980,"T111,","SP,",7,"T1,","T,",INDUSTRY,Texas,31.827233,-99.423022,8,Morning
Derailments,1980:09:SP:U8280,0,0,4500,0,0,0,0,FAYETTE,8:25,1980,1980,"E46C,","SP,",1,"E4,","E,",MAIN,Texas,31.827233,-99.423022,8,Morning
Side collision,1980:10:SP:T1240,0,0,2767,17525,0,0,0,EL PASO,9:45,1980,1981,"H018,","SP,",76,"H0,","H,",YARD,Texas,31.827233,-99.423022,9,Morning
Derailments,1980:10:SP:Y4840,0,0,4500,0,0,0,0,FORT BEND,9:55,1980,1981,"T111,","SP,",1,"T1,","T,",SIDING,Texas,31.827233,-99.423022,9,Morning
Derailments,1980:10:SP:U9390,0,0,5250,1450,1,0,0,FAYETTE,7:55,1980,1981,"E49C,","SP,",1,"E4,","E,",MAIN,Texas,31.827233,-99.423022,7,Morning
Derailments,1980:09:MKT:AX78S,0,0,11900,10000,0,0,0,WILLIAMSON,11:40,1980,1980,"E64C,T314,T311,T222,","MKT,MP,",1,"E6,T3,T2,","E,T,",SIDING,Texas,31.827233,-99.423022,11,Morning
Derailments,1980:10:HBT:AX4J80,0,0,17000,425,0,0,0,HARRIS,5:10,1980,1981,"T202,T221,","HBT,MKT,",7,"T2,","T,",MAIN,Texas,31.827233,-99.423022,5,Morning
Derailments,1980:09:PTRA:SEPT5,0,0,404,8900,0,0,0,WICHITA,8:40,1980,1980,"T314,","PTRA,",61,"T3,","T,",MAIN,Texas,31.827233,-99.423022,8,Morning
Derailments,1980:10:SP:Y5730,0,0,6400,0,15,1,0,HARRIS,8:15,1980,1981,"E64C,","SP,",1,"E6,","E,",YARD,Texas,31.827233,-99.423022,8,Morning
Rear end collision,1980:10:MP:80323,0,0,0,11200,0,0,0,COMAL,8:30,1980,1981,"H018,","MP,",61,"H0,","H,",YARD,Texas,31.827233,-99.423022,8,Morning
Highway-rail impact,1980:10:SP:Y5860,0,1,0,10000,1,0,0,HARRIS,9:30,1980,1981,"M399,","SP,",1,"M3,","M,",MAIN,Texas,31.827233,-99.423022,9,Morning
Derailments,1980:09:SP:Y1830,0,0,6000,0,0,0,0,HARRIS,6:30,1980,1980,"T202,","SP,",1,"T2,","T,",YARD,Texas,31.827233,-99.423022,6,Morning
Highway-rail impact,1980:11:ATSF:201180102,0,0,0,4300,0,0,0,HEMPHILL,10:40,1980,1981,"M399,","ATSF,",1,"M3,","M,",MAIN,Texas,31.827233,-99.423022,10,Morning
Derailments,1980:10:SP:G8210,0,0,21000,1200,0,0,0,HARRIS,9:15,1980,1981,"T102,","SP,",1,"T1,","T,",SIDING,Texas,31.827233,-99.423022,9,Morning
Derailments,1980:10:SP:T1250,0,0,1725,14000,0,0,0,EL PASO,8:30,1980,1981,"H701,","SP,",7,"H7,","H,",YARD,Texas,31.827233,-99.423022,8,Morning
Highway-rail impact,1980:09:HBT:AX8I80,0,0,5000,0,0,0,0,HARRIS,8:10,1980,1980,"M399,","HBT,",NA,"M3,","M,",MAIN,Texas,31.827233,-99.423022,8,Morning
Derailments,1980:10:MP:80324,0,0,11500,9100,0,0,0,GREGG,8:00,1980,1981,"E11C,","MP,",1,"E1,","E,",MAIN,Texas,31.827233,-99.423022,8,Morning
Derailments,1980:09:MP:80293,0,0,0,4900,0,0,0,VICTORIA,11:45,1980,1980,"H601,","MP,",76,"H6,","H,",YARD,Texas,31.827233,-99.423022,11,Morning
Derailments,1980:11:SP:Y7140,0,0,3500,1000,0,0,0,ANGELINA,5:00,1980,1981,"T314,","SP,",7,"T3,","T,",YARD,Texas,31.827233,-99.423022,5,Morning
Derailments,1980:09:SP:U8230,0,0,5960,9600,0,0,0,DALLAS,7:10,1980,1980,"T399,","SP,",1,"T3,","T,",MAIN,Texas,31.827233,-99.423022,7,Morning
Side collision,1980:10:ATSF:221080101,0,0,11000,43650,0,0,0,JOHNSON,8:30,1980,1981,"H702,","ATSF,",71,"H7,","H,",MAIN,Texas,31.827233,-99.423022,8,Morning
Side collision,1980:09:MKT:AX84S,0,0,0,6700,0,0,0,DALLAS,7:00,1980,1980,"E80C,M503,","MKT,",67,"E8,M5,E8,M5,","E,M,E,M,",YARD,Texas,31.827233,-99.423022,7,Morning
Side collision,1980:10:ATSF:201080103,0,0,0,9100,0,0,0,POTTER,10:55,1980,1981,"H025,H018,","ATSF,",6,"H0,","H,",YARD,Texas,31.827233,-99.423022,10,Morning
Derailments,1980:10:ATSF:231080102,0,0,3500,750,0,0,0,GRIMES,9:35,1980,1981,"E53C,","ATSF,",1,"E5,","E,",MAIN,Texas,31.827233,-99.423022,9,Morning
Other impacts,1980:08:SP:S9230,0,0,700,2300,0,0,0,EL PASO,11:30,1980,1980,"H020,","SP,",7,"H0,","H,",YARD,Texas,31.827233,-99.423022,11,Morning
Side collision,1980:10:MP:80327,0,0,500,13050,0,0,0,TARRANT,8:05,1980,1981,"H018,","MP,",676,"H0,","H,",YARD,Texas,31.827233,-99.423022,8,Morning
Highway-rail impact,1980:10:SP:Y5040,0,0,0,6000,0,0,0,HARRIS,11:12,1980,1981,"M399,","SP,",7,"M3,","M,",YARD,Texas,31.827233,-99.423022,11,Morning
Derailments,1980:10:SP:Y4860,0,0,3100,10125,0,0,0,HARRIS,9:30,1980,1981,"H704,","SP,",67,"H7,","H,",MAIN,Texas,31.827233,-99.423022,9,Morning
Derailments,1980:09:SP:U8300,0,0,9400,39400,0,0,0,BREWSTER,6:00,1980,1980,"E39C,","SP,",1,"E3,","E,",MAIN,Texas,31.827233,-99.423022,6,Morning
Fire/violent rupture,1980:10:SP:V0100,0,0,0,23000,0,0,0,CULBERSON,9:45,1980,1981,"M599,","SP,",1,"M5,","M,",MAIN,Texas,31.827233,-99.423022,9,Morning
Derailments,1980:09:SP:G6780,0,0,300,4800,0,0,0,HARRIS,5:00,1980,1980,"T102,","SP,",7,"T1,","T,",INDUSTRY,Texas,31.827233,-99.423022,5,Morning
Derailments,1980:09:SP:Y3040,0,0,3700,200,0,0,0,WHARTON,11:55,1980,1980,"T111,","SP,",1,"T1,","T,",MAIN,Texas,31.827233,-99.423022,11,Morning
Highway-rail impact,1980:10:SSW:L3180,1,0,11000,38285,0,0,0,HOPKINS,5:35,1980,1981,"M399,","SSW,",1,"M3,","M,",MAIN,Texas,31.827233,-99.423022,5,Morning
Derailments,1980:09:SP:Y1940,0,0,5000,118900,0,0,0,ROBERTSON,6:00,1980,1980,"H306,","SP,",61,"H3,","H,",INDUSTRY,Texas,31.827233,-99.423022,6,Morning
Derailments,1980:11:SP:V0210,0,0,5000,1400,0,0,0,DALLAS,5:00,1980,1981,"T220,","SP,",7,"T2,","T,",YARD,Texas,31.827233,-99.423022,5,Morning
Derailments,1980:11:SP:H0590,0,0,8200,2010,0,0,0,ORANGE,5:00,1980,1981,"M204,","SP,",1,"M2,","M,",MAIN,Texas,31.827233,-99.423022,5,Morning
Derailments,1980:11:MKT:AX99S,0,0,500,23500,0,0,0,TARRANT,5:00,1980,1981,"E00C,","MKT,",1,"E0,","E,",MAIN,Texas,31.827233,-99.423022,5,Morning
Derailments,1980:11:MP:80335,0,0,800,14000,0,0,0,BEXAR,5:05,1980,1981,"T110,","MP,",1,"T1,","T,",YARD,Texas,31.827233,-99.423022,5,Morning
Derailments,1980:11:SP:V0150,0,0,10800,800,0,0,0,BEXAR,10:40,1980,1981,"T201,","SP,",1,"T2,","T,",MAIN,Texas,31.827233,-99.423022,10,Morning
Derailments,1980:11:SP:Y8230,0,0,6500,350,0,0,0,HARRIS,10:30,1980,1981,"T211,T101,","SP,",7,"T2,T1,","T,",YARD,Texas,31.827233,-99.423022,10,Morning
Derailments,1980:12:SP:Z0700,0,0,800,3800,0,0,0,HARRIS,11:20,1980,1981,"H307,","SP,",1,"H3,","H,",INDUSTRY,Texas,31.827233,-99.423022,11,Morning
Derailments,1980:11:SP:V0480,0,0,20000,20800,0,0,0,LIMESTONE,9:30,1980,1981,"E31C,","SP,",1,"E3,","E,",MAIN,Texas,31.827233,-99.423022,9,Morning
Derailments,1980:11:SP:Y7260,0,0,4000,400,0,0,0,HARRIS,10:00,1980,1981,"T110,T111,","SP,",7,"T1,","T,",SIDING,Texas,31.827233,-99.423022,10,Morning
Derailments,1980:11:SP:V0130,0,0,15000,10000,9,1,0,CALDWELL,9:50,1980,1981,"H503,","SP,",1,"H5,","H,",MAIN,Texas,31.827233,-99.423022,9,Morning
Derailments,1980:12:ATSF:231280104,0,0,7500,4475,1,1,0,WHARTON,5:45,1980,1981,"T220,","ATSF,",1,"T2,","T,",MAIN,Texas,31.827233,-99.423022,5,Morning
Side collision,1980:11:MKT:AX94S,0,0,250,14500,0,0,0,GRAYSON,6:45,1980,1981,"H302,H306,","MKT,",67,"H3,","H,",YARD,Texas,31.827233,-99.423022,6,Morning
Other impacts,1980:12:ATSF:231280101,0,0,0,4319,0,0,0,WASHINGTON,10:15,1980,1981,"H299,","ATSF,",61,"H2,","H,",MAIN,Texas,31.827233,-99.423022,10,Morning
Derailments,1980:12:ATSF:221280102,0,0,140500,1000,0,0,0,HOOD,10:30,1980,1981,"E52C,","ATSF,",1,"E5,","E,",MAIN,Texas,31.827233,-99.423022,10,Morning
Derailments,1980:11:MKT:AX96S,0,0,14000,2575,0,0,0,HILL,9:35,1980,1981,"E52C,","MKT,",1,"E5,","E,",MAIN,Texas,31.827233,-99.423022,9,Morning