AccidentType,inckey,Fatalities,Injuries,TrackDamage,EquipmentDamage,HazmatCars,HazmatCarsDerailed,HazmatCarsReleasing,County,DisplayTime,calendar,Fiscal,AccidentCause,RailroadCodes,RAILEQUIPMENT_TYPE,CauseGroup,CauseDiscipline,TYPE_OF_TRACK,StateName,latitude,longitude,hour,cat
Side collision,1980:12:MKT:AX117S,0,0,1550,11100,0,0,0,HILL,9:15,1980,1981,"H401,","MKT,MP,",11,"H4,","H,",SIDING,Texas,31.827233,-99.423022,9,Morning
Derailments,1980:12:MKT:AX102S,0,0,1650,1550,0,0,0,MCLENNAN,6:15,1980,1981,"T101,T110,","MKT,",1,"T1,","T,",YARD,Texas,31.827233,-99.423022,6,Morning
Derailments,1980:11:SP:H1480,0,0,10000,10450,0,0,0,LIBERTY,10:40,1980,1981,"T001,T101,","SP,",1,"T0,T1,","T,",YARD,Texas,31.827233,-99.423022,10,Morning
Derailments,1980:11:SP:Y7450,0,0,10000,147250,2,2,1,POLK,5:26,1980,1981,"T220,","SP,",1,"T2,","T,",MAIN,Texas,31.827233,-99.423022,5,Morning
Derailments,1980:12:MKT:AX111S,0,0,80530,8000,0,0,0,ELLIS,5:15,1980,1981,"E53C,E52C,","FWD,MKT,",1,"E5,","E,",MAIN,Texas,31.827233,-99.423022,5,Morning
Derailments,1980:12:MKT:AX109S,0,0,2800,5700,0,0,0,,8:00,1980,1981,"T101,","MKT,",7,"T1,","T,",MAIN,Texas,31.827233,-99.423022,8,Morning
Derailments,1980:11:SP:V0330,0,0,69200,37400,2,2,1,COLLIN,6:00,1980,1981,"H503,","SP,",1,"H5,","H,",MAIN,Texas,31.827233,-99.423022,6,Morning
Side collision,1980:12:MKT:AX114S,0,2,275,3300,0,0,0,TARRANT,9:30,1980,1981,"H099,","MKT,",57,"H0,","H,",YARD,Texas,31.827233,-99.423022,9,Morning
Derailments,1981:01:SP:U0051,0,0,35000,350600,0,0,0,LAVACA,11:30,1981,1981,"T109,","SP,",1,"T1,","T,",MAIN,Texas,31.827233,-99.423022,11,Morning
Side collision,1981:02:HBT:AX6B81,0,0,0,4000,0,0,0,HARRIS,11:40,1981,1981,"H306,","ATSF,HBT,",77,"H3,","H,",YARD,Texas,31.827233,-99.423022,11,Morning
Derailments,1980:12:SP:Z1080,0,0,0,15000,1,1,0,HARRIS,11:30,1980,1981,"E21C,","SP,",7,"E2,","E,",YARD,Texas,31.827233,-99.423022,11,Morning
Derailments,1981:02:ATSF:200281101,0,0,16900,5850,0,0,0,GARZA,9:55,1981,1981,"E52C,","ATSF,",1,"E5,","E,",MAIN,Texas,31.827233,-99.423022,9,Morning
Derailments,1981:01:SP:U0141,0,0,4000,11300,0,0,0,BEXAR,10:10,1981,1981,"T110,","SP,",1,"T1,","T,",MAIN,Texas,31.827233,-99.423022,10,Morning
Derailments,1980:12:SP:V1520,0,0,2000,1850,0,0,0,ELLIS,10:00,1980,1981,"T110,","SP,",7,"T1,","T,",YARD,Texas,31.827233,-99.423022,10,Morning
Derailments,1980:12:SP:V1460,0,0,12600,155550,0,0,0,TRAVIS,9:40,1980,1981,"M405,","SP,",1,"M4,","M,",MAIN,Texas,31.827233,-99.423022,9,Morning
Derailments,1981:01:SP:F0881,0,0,12200,4000,19,0,0,JEFFERSON,6:30,1981,1981,"T110,","SP,",1,"T1,","T,",MAIN,Texas,31.827233,-99.423022,6,Morning
Derailments,1981:01:MKT:AX10S,0,0,4200,16500,0,0,0,HAYS,11:30,1981,1981,"T101,","MKT,",1,"T1,","T,",MAIN,Texas,31.827233,-99.423022,11,Morning
Rear end collision,1981:01:SSW:K0761,0,0,0,5150,0,0,0,TITUS,10:50,1981,1981,"H999,","SSW,",57,"H9,","H,",MAIN,Texas,31.827233,-99.423022,10,Morning
Derailments,1981:01:MKT:AX5S,0,0,2200,4600,0,0,0,MCLENNAN,10:25,1981,1981,"T111,","MKT,",1,"T1,","T,",YARD,Texas,31.827233,-99.423022,10,Morning
Derailments,1981:01:SP:W1021,0,0,152000,0,0,0,0,FORT BEND,8:50,1981,1981,"E40C,","SP,",1,"E4,","E,",MAIN,Texas,31.827233,-99.423022,8,Morning
Side collision,1980:12:SP:V2260,0,0,300,6700,0,0,0,BEXAR,6:30,1980,1981,"H301,","SP,",75,"H3,","H,",YARD,Texas,31.827233,-99.423022,6,Morning
Derailments,1981:01:SP:U0151,0,0,30900,43800,0,0,0,BEXAR,11:15,1981,1981,"H503,","SP,",1,"H5,","H,",MAIN,Texas,31.827233,-99.423022,11,Morning
Derailments,1980:12:SP:Z0780,0,0,0,6500,0,0,0,SAN PATRICIO,9:30,1980,1981,"H306,","SP,",7,"H3,","H,",INDUSTRY,Texas,31.827233,-99.423022,9,Morning
Other impacts,1981:01:SP:W1581,0,0,8000,0,0,0,0,GRIMES,9:45,1981,1981,"H401,H204,","MP,SP,",1,"H4,H2,","H,",MAIN,Texas,31.827233,-99.423022,9,Morning
Side collision,1981:02:ATSF:230281102,0,0,2620,36500,0,0,0,BURLESON,5:10,1981,1981,"H020,","ATSF,",76,"H0,","H,",YARD,Texas,31.827233,-99.423022,5,Morning
Derailments,1981:01:SP:W1251,0,0,2000,1950,0,0,0,HARRIS,9:30,1981,1981,"H312,","SP,",7,"H3,","H,",YARD,Texas,31.827233,-99.423022,9,Morning
Derailments,1981:01:ATSF:230181102,0,0,0,14950,0,0,0,HARDIN,5:45,1981,1981,"T202,","ATSF,",7,"T2,","T,",YARD,Texas,31.827233,-99.423022,5,Morning
Derailments,1980:12:SP:Z1340,0,0,5000,0,0,0,0,BRAZOS,6:25,1980,1981,"M503,","SP,",1,"M5,","M,",MAIN,Texas,31.827233,-99.423022,6,Morning
Derailments,1981:04:SP:U3491,0,0,4750,20900,1,1,0,BEXAR,8:25,1981,1981,"M503,","SP,",1,"M5,","M,",MAIN,Texas,31.827233,-99.423022,8,Morning
Raking collision,1981:03:SP:W5721,0,0,0,5000,3,1,0,HARRIS,6:30,1981,1981,"H313,","SP,",7,"H3,","H,",YARD,Texas,31.827233,-99.423022,6,Morning
Other impacts,1981:03:ATSF:200381101,0,0,0,4000,0,0,0,HUTCHINSON,8:30,1981,1981,"M503,","ATSF,",6,"M5,","M,",YARD,Texas,31.827233,-99.423022,8,Morning
Derailments,1981:02:SP:W2611,0,0,4800,0,0,0,0,HARRIS,6:00,1981,1981,"T311,","SP,",7,"T3,","T,",MAIN,Texas,31.827233,-99.423022,6,Morning
Derailments,1981:03:SSW:K3081,0,0,3500,1500,0,0,0,HENDERSON,5:07,1981,1981,"E62C,","SSW,",1,"E6,","E,",MAIN,Texas,31.827233,-99.423022,5,Morning
Derailments,1981:02:MP:81047,0,0,700,16000,1,0,0,BRAZORIA,10:05,1981,1981,"E46C,","MP,",7,"E4,","E,",YARD,Texas,31.827233,-99.423022,10,Morning
Derailments,1981:03:SP:W6061,0,0,1800,10000,0,0,0,HARRIS,6:35,1981,1981,"T113,","SP,",7,"T1,","T,",MAIN,Texas,31.827233,-99.423022,6,Morning
Derailments,1981:03:ATSF:230381103,0,0,2500,53500,0,0,0,BELL,6:30,1981,1981,"T207,","ATSF,",1,"T2,","T,",YARD,Texas,31.827233,-99.423022,6,Morning
Derailments,1981:02:SP:F2581,0,0,54400,12400,9,5,0,LIBERTY,11:55,1981,1981,"T110,","SP,",1,"T1,","T,",MAIN,Texas,31.827233,-99.423022,11,Morning
Derailments,1981:03:MP:81089,0,0,11500,9400,3,3,0,LIBERTY,11:10,1981,1981,"H999,","MP,",1,"H9,","H,",MAIN,Texas,31.827233,-99.423022,11,Morning
Derailments,1981:02:MKT:AX14X,0,0,2500,27000,0,0,0,BASTROP,5:20,1981,1981,"T215,","MKT,",1,"T2,","T,",MAIN,Texas,31.827233,-99.423022,5,Morning
Derailments,1981:03:SP:S2401,0,0,4000,8850,0,0,0,EL PASO,6:00,1981,1981,"E64C,","SP,",7,"E6,","E,",YARD,Texas,31.827233,-99.423022,6,Morning
Derailments,1981:02:KCS:337576,0,0,1500,53000,0,0,0,JEFFERSON,8:16,1981,1981,"T314,","KCS,",7,"T3,","T,",YARD,Texas,31.827233,-99.423022,8,Morning
Derailments,1981:03:SP:W5141,0,0,6000,2245,2,2,0,HARRIS,9:00,1981,1981,"E46C,","SP,",1,"E4,","E,",MAIN,Texas,31.827233,-99.423022,9,Morning
Derailments,1981:02:SP:S1001,0,0,3500,5400,0,0,0,EL PASO,6:30,1981,1981,"T222,","SP,",7,"T2,","T,",YARD,Texas,31.827233,-99.423022,6,Morning
Derailments,1981:02:SP:U1491,0,0,25760,76700,0,0,0,WILLIAMSON,6:20,1981,1981,"E30C,","SP,",1,"E3,","E,",MAIN,Texas,31.827233,-99.423022,6,Morning
Derailments,1981:03:FWD:FW48,0,0,4950,10050,0,0,0,POTTER,8:10,1981,1981,"T202,","FWD,",16,"T2,","T,",YARD,Texas,31.827233,-99.423022,8,Morning
Highway-rail impact,1981:04:ATSF:220481103,0,1,0,17000,0,0,0,COMANCHE,6:50,1981,1981,"M399,","ATSF,",1,"M3,","M,",MAIN,Texas,31.827233,-99.423022,6,Morning
Derailments,1981:03:MP:65221P0128,0,1,2300,7000,0,0,0,DALLAS,5:30,1981,1981,"H602,","MP,",7,"H6,","H,",YARD,Texas,31.827233,-99.423022,5,Morning
Derailments,1981:03:ATSF:230381104,0,0,25500,800,0,0,0,WASHINGTON,11:00,1981,1981,"T101,","ATSF,",1,"T1,","T,",MAIN,Texas,31.827233,-99.423022,11,Morning
Head on collision,1981:03:PTRA:MAR1,0,0,2825,55409,0,0,0,HARRIS,8:00,1981,1981,"H401,","PTRA,",1,"H4,","H,",MAIN,Texas,31.827233,-99.423022,8,Morning
Derailments,1981:03:MP:81082,0,0,0,16000,0,0,0,MARION,6:35,1981,1981,"T102,","MP,",1,"T1,","T,",SIDING,Texas,31.827233,-99.423022,6,Morning
Derailments,1981:04:OKT:AX6,0,0,3700,400,0,0,0,TARRANT,11:20,1981,1981,"T110,","OKT,",1,"T1,","T,",YARD,Texas,31.827233,-99.423022,11,Morning
Derailments,1981:03:HBT:AX6C81,0,0,1500,6500,0,0,0,HARRIS,7:30,1981,1981,"E46C,T311,","HBT,MP,",1,"E4,T3,","E,T,",YARD,Texas,31.827233,-99.423022,7,Morning
Derailments,1981:03:KCS:337583,0,0,0,5000,2,2,0,JEFFERSON,10:30,1981,1981,"H312,","KCS,",7,"H3,","H,",YARD,Texas,31.827233,-99.423022,10,Morning
Derailments,1981:03:MP:81064,0,0,1500,8900,0,0,0,KLEBERG,5:45,1981,1981,"H212,","MP,",7,"H2,","H,",YARD,Texas,31.827233,-99.423022,5,Morning
Derailments,1981:04:ATSF:220481102,0,0,13000,22325,0,0,0,JOHNSON,8:15,1981,1981,"E59C,","ATSF,",1,"E5,","E,",MAIN,Texas,31.827233,-99.423022,8,Morning
Derailments,1981:02:MP:81098,0,0,22000,210500,0,0,0,LEON,5:37,1981,1981,"T201,","MP,",1,"T2,","T,",MAIN,Texas,31.827233,-99.423022,5,Morning
Derailments,1981:03:ATSF:220381104,0,0,5100,20500,0,0,0,HOOD,8:00,1981,1981,"H018,","ATSF,",6,"H0,","H,",MAIN,Texas,31.827233,-99.423022,8,Morning
Derailments,1981:02:TM:8520,0,0,20000,50000,0,0,0,DUVAL,10:55,1981,1981,"H505,","TM,",1,"H5,","H,",MAIN,Texas,31.827233,-99.423022,10,Morning
Derailments,1981:03:MKT:AX22S,0,0,2200,15100,0,0,0,BASTROP,7:20,1981,1981,"T220,","MKT,",1,"T2,","T,",MAIN,Texas,31.827233,-99.423022,7,Morning
Derailments,1981:03:BN:TU123,0,0,0,13500,0,0,0,TARRANT,9:10,1981,1981,"H601,","BN,",7,"H6,","H,",YARD,Texas,31.827233,-99.423022,9,Morning
Derailments,1981:03:SP:W7151,0,0,2500,10000,0,0,0,HARRIS,6:30,1981,1981,"T111,","SP,",7,"T1,","T,",YARD,Texas,31.827233,-99.423022,6,Morning
Derailments,1981:05:BN:TU239,0,0,960,95000,0,0,0,DALLAS,7:00,1981,1981,"T215,","BN,",1,"T2,","T,",INDUSTRY,Texas,31.827233,-99.423022,7,Morning
Derailments,1981:05:SP:U5261,0,0,6688,0,0,0,0,VAL VERDE,6:35,1981,1981,"E46C,","SP,",1,"E4,","E,",MAIN,Texas,31.827233,-99.423022,6,Morning
Derailments,1981:05:ATSF:230581101,0,0,4000,8600,0,0,0,AUSTIN,9:35,1981,1981,"T220,","ATSF,",1,"T2,","T,",YARD,Texas,31.827233,-99.423022,9,Morning
Derailments,1981:05:SP:U4971,0,0,7200,0,0,0,0,GUADALUPE,11:00,1981,1981,"T108,","SP,",1,"T1,","T,",INDUSTRY,Texas,31.827233,-99.423022,11,Morning
Derailments,1981:04:MKT:AX36S,0,0,7100,37350,0,0,0,CALDWELL,9:50,1981,1981,"T220,","MKT,",1,"T2,","T,",MAIN,Texas,31.827233,-99.423022,9,Morning
Derailments,1981:05:SP:F8521,0,0,0,4000,0,0,0,ORANGE,5:00,1981,1981,"H702,","SP,",7,"H7,","H,",INDUSTRY,Texas,31.827233,-99.423022,5,Morning
Side collision,1981:04:SP:W8461,0,0,0,5300,1,0,0,HARRIS,8:30,1981,1981,"H299,","SP,",7,"H2,","H,",YARD,Texas,31.827233,-99.423022,8,Morning
Derailments,1981:05:SP:U5271,0,0,8820,1940,0,0,0,KINNEY,6:50,1981,1981,"E68C,","SP,",1,"E6,","E,",MAIN,Texas,31.827233,-99.423022,6,Morning
Derailments,1981:06:FWD:FW91,0,0,1800,6550,0,0,0,MONTAGUE,7:50,1981,1981,"T001,","FWD,",1,"T0,","T,",SIDING,Texas,31.827233,-99.423022,7,Morning
Derailments,1981:04:MKT:AX33S,0,0,0,7500,0,0,0,GRAYSON,10:10,1981,1981,"H603,","MKT,",1,"H6,","H,",YARD,Texas,31.827233,-99.423022,10,Morning
Highway-rail impact,1981:06:ATSF:200681101,0,3,500,6900,3,2,0,HUTCHINSON,7:00,1981,1981,"M399,","ATSF,",7,"M3,","M,",YARD,Texas,31.827233,-99.423022,7,Morning
Side collision,1981:04:KCS:325895,0,0,100,5000,0,0,0,JEFFERSON,8:25,1981,1981,"H401,","KCS,",7,"H4,","H,",YARD,Texas,31.827233,-99.423022,8,Morning
Derailments,1981:04:MKT:AX39S,0,0,6855,10800,0,0,0,HARRIS,9:15,1981,1981,"T110,","MKT,",7,"T1,","T,",YARD,Texas,31.827233,-99.423022,9,Morning
Side collision,1981:05:BN:TU240,0,0,0,4000,0,0,0,DALLAS,11:20,1981,1981,"H307,","BN,",8,"H3,","H,",SIDING,Texas,31.827233,-99.423022,11,Morning
Side collision,1981:04:SP:W8591,0,0,150,3800,1,1,0,HARRIS,8:08,1981,1981,"H302,","SP,",87,"H3,","H,",YARD,Texas,31.827233,-99.423022,8,Morning
Derailments,1981:05:MP:81146,0,0,3500,14450,0,0,0,HAYS,6:30,1981,1981,"E34C,","MP,",1,"E3,","E,",MAIN,Texas,31.827233,-99.423022,6,Morning
Derailments,1981:04:SP:W7741,0,0,4600,7500,0,0,0,HARRIS,5:00,1981,1981,"H702,","SP,",7,"H7,","H,",YARD,Texas,31.827233,-99.423022,5,Morning
Derailments,1981:05:GHH:699,0,0,5657,1100,0,0,0,HARRIS,10:45,1981,1981,"T399,T314,","GHH,MKT,",7,"T3,","T,",YARD,Texas,31.827233,-99.423022,10,Morning
Rear end collision,1981:05:MP:81150,0,0,400,62000,0,0,0,BRAZORIA,6:15,1981,1981,"H306,","MP,",16,"H3,","H,",YARD,Texas,31.827233,-99.423022,6,Morning
Derailments,1981:04:SSW:K4131,0,0,8500,6250,0,0,0,SMITH,11:22,1981,1981,"T311,","SSW,",1,"T3,","T,",YARD,Texas,31.827233,-99.423022,11,Morning
Derailments,1981:05:MKT:AX42S,0,0,7321,1200,0,0,0,ELLIS,10:05,1981,1981,"T314,E64C,","MKT,",1,"T3,E6,","T,E,",SIDING,Texas,31.827233,-99.423022,10,Morning
Highway-rail impact,1981:04:KCS:337584,0,1,0,5000,0,0,0,JEFFERSON,10:40,1981,1981,"M399,","KCS,",7,"M3,","M,",YARD,Texas,31.827233,-99.423022,10,Morning
Derailments,1981:05:ATSF:220581103,0,0,26300,6750,0,0,0,DALLAS,6:30,1981,1981,"T108,","ATSF,",1,"T1,","T,",MAIN,Texas,31.827233,-99.423022,6,Morning
Derailments,1981:03:MP:81077,0,0,4000,21000,62,9,3,BRAZORIA,8:00,1981,1981,"H505,","MP,",7,"H5,","H,",INDUSTRY,Texas,31.827233,-99.423022,8,Morning
Derailments,1981:04:MP:64401P0171,0,2,105890,142750,0,0,0,DALLAS,7:05,1981,1981,"M404,","MP,",1,"M4,","M,",MAIN,Texas,31.827233,-99.423022,7,Morning
Rear end collision,1981:04:SP:W8471,0,12,250,170000,0,0,0,POLK,10:30,1981,1981,"H307,","SP,",4,"H3,","H,",MAIN,Texas,31.827233,-99.423022,10,Morning
Derailments,1981:05:SP:U5071,0,0,19460,14700,0,0,0,BEXAR,5:40,1981,1981,"T199,","SP,",1,"T1,","T,",MAIN,Texas,31.827233,-99.423022,5,Morning
Derailments,1981:05:MP:81127,0,0,1000,3600,0,0,0,BRAZORIA,5:10,1981,1981,"T311,","MP,",7,"T3,","T,",MAIN,Texas,31.827233,-99.423022,5,Morning
Highway-rail impact,1981:04:SP:U4161,0,0,0,5000,0,0,0,COLORADO,7:55,1981,1981,"M399,","SP,",1,"M3,","M,",MAIN,Texas,31.827233,-99.423022,7,Morning
Derailments,1981:05:OKT:AX8,0,0,23400,10750,0,0,0,TARRANT,5:35,1981,1981,"T110,","MKT,OKT,",1,"T1,","T,",YARD,Texas,31.827233,-99.423022,5,Morning
Derailments,1981:06:MP:81169,0,0,10000,7000,0,0,0,FREESTONE,5:50,1981,1981,"E40C,","MP,",1,"E4,","E,",MAIN,Texas,31.827233,-99.423022,5,Morning
Derailments,1981:06:SP:U6101,0,0,11000,150,0,0,0,EL PASO,5:55,1981,1981,"E62C,","SP,",1,"E6,","E,",MAIN,Texas,31.827233,-99.423022,5,Morning
Side collision,1981:07:MKT:AX64S,0,0,300,6000,0,0,0,HARRIS,8:05,1981,1981,"H301,","MKT,",68,"H3,","H,",YARD,Texas,31.827233,-99.423022,8,Morning
Derailments,1981:07:MP:81180,0,0,4900,78400,2,2,1,WALKER,6:20,1981,1981,"E52C,","MP,",1,"E5,","E,",MAIN,Texas,31.827233,-99.423022,6,Morning
Other impacts,1981:07:ATSF:230781101,0,0,300,20000,0,0,0,SABINE,9:00,1981,1981,"H018,","ATSF,",15,"H0,","H,",YARD,Texas,31.827233,-99.423022,9,Morning
Derailments,1981:07:PTRA:JULY6,0,0,4970,0,0,0,0,HARRIS,11:35,1981,1981,"T102,","PTRA,",7,"T1,","T,",MAIN,Texas,31.827233,-99.423022,11,Morning
Derailments,1981:06:MKT:AX59S,0,0,2700,17000,0,0,0,MCLENNAN,11:15,1981,1981,"T311,","MKT,",1,"T3,","T,",YARD,Texas,31.827233,-99.423022,11,Morning
Derailments,1981:07:SP:X4921,0,0,5000,17550,0,0,0,VICTORIA,9:15,1981,1981,"E46C,","SP,",1,"E4,","E,",YARD,Texas,31.827233,-99.423022,9,Morning
Derailments,1981:07:MP:81194,0,0,7000,16500,0,0,0,HARRIS,10:01,1981,1981,"T314,","MP,",1,"T3,","T,",MAIN,Texas,31.827233,-99.423022,10,Morning
Derailments,1981:07:FWD:FW113,0,0,6000,105800,0,0,0,ARCHER,11:35,1981,1981,"T109,","FWD,",1,"T1,","T,",MAIN,Texas,31.827233,-99.423022,11,Morning
Derailments,1981:06:PTRA:JUNE1,0,0,100,6600,0,0,0,HARRIS,6:00,1981,1981,"H306,","PTRA,",7,"H3,","H,",INDUSTRY,Texas,31.827233,-99.423022,6,Morning
Derailments,1981:07:MKT:AX61S,0,0,900,3250,0,0,0,MCLENNAN,7:35,1981,1981,"H503,","MKT,",1,"H5,","H,",YARD,Texas,31.827233,-99.423022,7,Morning
Derailments,1981:06:PTRA:JUNE2,0,0,1009,39500,0,0,0,HARRIS,9:15,1981,1981,"T113,","PTRA,",7,"T1,","T,",YARD,Texas,31.827233,-99.423022,9,Morning
Derailments,1981:08:FWD:JT32,0,0,1000,7750,1,0,0,LEON,6:00,1981,1981,"E53C,","FWD,",1,"E5,","E,",MAIN,Texas,31.827233,-99.423022,6,Morning
Derailments,1981:06:SP:U6451,0,0,6500,2500,0,0,0,BEXAR,8:15,1981,1981,"H999,","SP,",7,"H9,","H,",YARD,Texas,31.827233,-99.423022,8,Morning
Derailments,1981:06:MP:66401T1386,0,2,2350,33000,0,0,0,WASHINGTON,5:20,1981,1981,"T108,","MP,",1,"T1,","T,",MAIN,Texas,31.827233,-99.423022,5,Morning
Derailments,1981:08:ATSF:230881102,0,0,21500,77150,6,1,0,FORT BEND,5:15,1981,1981,"T303,","ATSF,",16,"T3,","T,",MAIN,Texas,31.827233,-99.423022,5,Morning
Derailments,1981:06:SP:U6441,0,0,6700,0,0,0,0,BEXAR,11:30,1981,1981,"T212,","SP,",1,"T2,","T,",INDUSTRY,Texas,31.827233,-99.423022,11,Morning
Derailments,1981:07:ATSF:230781104,0,0,9500,81900,15,0,0,MILLS,8:40,1981,1981,"H503,","ATSF,",1,"H5,","H,",MAIN,Texas,31.827233,-99.423022,8,Morning
Derailments,1981:06:MP:81158,0,0,1300,40500,0,0,0,BRAZORIA,10:20,1981,1981,"T113,","MP,",7,"T1,","T,",YARD,Texas,31.827233,-99.423022,10,Morning
Derailments,1981:07:FWD:FW120,0,0,1587,21500,0,0,0,POTTER,8:20,1981,1981,"T001,","FWD,",1,"T0,","T,",YARD,Texas,31.827233,-99.423022,8,Morning
Other impacts,1981:07:MP:81178,0,0,0,0,0,0,0,JEFFERSON,8:30,1981,1981,"H402,","SP,",5,"H4,","H,",MAIN,Texas,31.827233,-99.423022,8,Morning
Derailments,1981:07:MKT:AX66S,0,0,1400,2650,0,0,0,CALDWELL,11:30,1981,1981,"T102,","MKT,",1,"T1,","T,",MAIN,Texas,31.827233,-99.423022,11,Morning
Side collision,1981:07:FWD:FW121,0,0,0,103800,0,0,0,TARRANT,9:38,1981,1981,"H302,","FWD,",58,"H3,","H,",YARD,Texas,31.827233,-99.423022,9,Morning
Highway-rail impact,1981:06:MP:63401P0304,0,2,0,7600,0,0,0,ECTOR,7:15,1981,1981,"M399,","MP,",1,"M3,","M,",MAIN,Texas,31.827233,-99.423022,7,Morning
Derailments,1981:09:FWD:FW178,0,0,19000,157100,0,0,0,TARRANT,6:00,1981,1981,"T202,","FWD,",1,"T2,","T,",MAIN,Texas,31.827233,-99.423022,6,Morning
Derailments,1981:08:SP:X9001,0,0,4500,0,0,0,0,HARRIS,6:00,1981,1981,"H307,","SP,",7,"H3,","H,",YARD,Texas,31.827233,-99.423022,6,Morning
Derailments,1981:09:MP:81239,0,0,7000,57000,0,0,0,CALLAHAN,9:55,1981,1981,"T215,","MP,",1,"T2,","T,",MAIN,Texas,31.827233,-99.423022,9,Morning
Derailments,1981:10:FWD:FW212,0,0,4000,15000,0,0,0,TARRANT,11:30,1981,1982,"T002,","FWD,",7,"T0,","T,",YARD,Texas,31.827233,-99.423022,11,Morning
Derailments,1981:08:SSW:K8501,0,0,3000,3000,0,0,0,BOWIE,10:05,1981,1981,"T202,","SSW,",1,"T2,","T,",YARD,Texas,31.827233,-99.423022,10,Morning
Derailments,1981:08:SP:U9371,0,0,60000,3000,0,0,0,BEE,8:35,1981,1981,"M405,","SP,",1,"M4,","M,",MAIN,Texas,31.827233,-99.423022,8,Morning
Highway-rail impact,1981:08:PTRA:8108115B,0,1,0,50000,5,2,0,HARRIS,5:55,1981,1981,"M399,","PTRA,",7,"M3,","M,",MAIN,Texas,31.827233,-99.423022,5,Morning
Derailments,1981:08:SP:G4321,0,0,4150,0,0,0,0,LIBERTY,8:15,1981,1981,"T110,T111,","SP,",1,"T1,","T,",SIDING,Texas,31.827233,-99.423022,8,Morning
Derailments,1981:08:SP:X9121,0,0,3800,150,12,0,0,HARRIS,7:45,1981,1981,"H702,","SP,",1,"H7,","H,",YARD,Texas,31.827233,-99.423022,7,Morning
Other impacts,1981:08:SP:X8771,0,0,60000,25300,0,0,0,HARRIS,11:30,1981,1981,"E30C,","SP,",7,"E3,","E,",YARD,Texas,31.827233,-99.423022,11,Morning
Derailments,1981:10:HBT:AX1J81,0,0,4970,6500,0,0,0,HARRIS,10:30,1981,1982,"T101,","ATSF,HBT,",1,"T1,","T,",MAIN,Texas,31.827233,-99.423022,10,Morning
Derailments,1981:09:ATSF:200981104,0,0,1900,17000,0,0,0,TOM GREEN,9:10,1981,1981,"T314,E64C,","ATSF,",7,"T3,E6,","T,E,",YARD,Texas,31.827233,-99.423022,9,Morning
Side collision,1981:09:PTRA:SEPT2,0,0,0,8700,0,0,0,HARRIS,9:00,1981,1981,"H306,","PTRA,",7,"H3,","H,",YARD,Texas,31.827233,-99.423022,9,Morning
Derailments,1981:09:SP:G5791,0,0,5800,28800,0,0,0,ORANGE,11:30,1981,1981,"H503,","SP,",1,"H5,","H,",MAIN,Texas,31.827233,-99.423022,11,Morning
Derailments,1981:10:MP:55401T1641,0,8,200,9000,0,0,0,BRAZORIA,5:50,1981,1982,"H312,","MP,",76,"H3,","H,",YARD,Texas,31.827233,-99.423022,5,Morning
Derailments,1981:09:MP:81236,0,0,3000,28750,0,0,0,ANDERSON,11:30,1981,1981,"E40C,","MP,",1,"E4,","E,",MAIN,Texas,31.827233,-99.423022,11,Morning
Other impacts,1981:12:MP:81313,0,0,0,7155,0,0,0,TARRANT,7:30,1981,1982,"M503,","MP,",65,"M5,","M,",SIDING,Texas,31.827233,-99.423022,7,Morning
Derailments,1981:11:ATSF:201181103,0,0,15000,109220,0,0,0,OCHILTREE,11:15,1981,1982,"T210,","ATSF,",1,"T2,","T,",MAIN,Texas,31.827233,-99.423022,11,Morning
Highway-rail impact,1981:10:ATSF:231081105,0,0,0,5500,0,0,0,BURLESON,10:30,1981,1982,"M399,","ATSF,",1,"M3,","M,",MAIN,Texas,31.827233,-99.423022,10,Morning
Derailments,1981:11:BN:TU561,0,0,10400,7800,0,0,0,GRAYSON,7:00,1981,1982,"H503,","BN,SP,",1,"H5,","H,",MAIN,Texas,31.827233,-99.423022,7,Morning
Highway-rail impact,1981:10:MP:D810525,0,1,8400,56000,0,0,0,CASS,9:55,1981,1982,"M399,","MP,",1,"M3,","M,",MAIN,Texas,31.827233,-99.423022,9,Morning
Other impacts,1981:10:SP:Y6161,0,0,200,8000,1,1,0,HARRIS,10:30,1981,1982,"M407,","SP,",7,"M4,","M,",YARD,Texas,31.827233,-99.423022,10,Morning
Other impacts,1981:12:SP:Y9601,0,0,18000,14000,0,0,0,HARRIS,9:30,1981,1982,"T101,","SP,",1,"T1,","T,",MAIN,Texas,31.827233,-99.423022,9,Morning
Highway-rail impact,1981:11:MP:55011T1675,0,4,60800,190250,0,0,0,MATAGORDA,8:55,1981,1982,"M399,","MP,",1,"M3,","M,",MAIN,Texas,31.827233,-99.423022,8,Morning
Highway-rail impact,1981:11:SP:V2201,0,1,9800,600,0,0,0,COLORADO,11:55,1981,1982,"M399,","SP,",1,"M3,","M,",MAIN,Texas,31.827233,-99.423022,11,Morning
Derailments,1981:11:PTRA:NOV1,0,0,6300,0,0,0,0,HARRIS,10:15,1981,1982,"T314,","PTRA,",7,"T3,","T,",INDUSTRY,Texas,31.827233,-99.423022,10,Morning