AccidentType,inckey,Fatalities,Injuries,TrackDamage,EquipmentDamage,HazmatCars,HazmatCarsDerailed,HazmatCarsReleasing,County,DisplayTime,calendar,Fiscal,AccidentCause,RailroadCodes,RAILEQUIPMENT_TYPE,CauseGroup,CauseDiscipline,TYPE_OF_TRACK,StateName,latitude,longitude,hour,cat
Obstruction impact,1981:12:ATSF:231281104,0,0,0,21090,0,0,0,AUSTIN,9:05,1981,1982,"H305,H306,","ATSF,",76,"H3,","H,",YARD,Texas,31.827233,-99.423022,9,Morning
Other impacts,1982:01:ATSF:230182102,0,0,0,12523,0,0,0,BURLESON,11:35,1982,1982,"H404,","ATSF,",16,"H4,","H,",MAIN,Texas,31.827233,-99.423022,11,Morning
Derailments,1981:12:SP:H1681,0,0,4300,6000,0,0,0,JEFFERSON,10:45,1981,1982,"T314,","ATSF,SP,",7,"T3,","T,",YARD,Texas,31.827233,-99.423022,10,Morning
Derailments,1981:10:MP:81268,0,0,5000,0,0,0,0,CASS,8:05,1981,1982,"H513,","MP,",1,"H5,","H,",SIDING,Texas,31.827233,-99.423022,8,Morning
Derailments,1981:12:ATSF:201281102,0,0,7600,1100,9,1,0,BAILEY,7:45,1981,1982,"E52C,","ATSF,",1,"E5,","E,",MAIN,Texas,31.827233,-99.423022,7,Morning
Derailments,1981:12:ATSF:231281103,0,0,12800,52500,7,6,0,WHARTON,10:05,1981,1982,"T101,","ATSF,",1,"T1,","T,",MAIN,Texas,31.827233,-99.423022,10,Morning
Derailments,1981:12:SP:Y9351,0,0,9000,0,0,0,0,HARRIS,10:20,1981,1982,"H503,","SP,",7,"H5,","H,",YARD,Texas,31.827233,-99.423022,10,Morning
Derailments,1981:10:SP:Y4701,0,1,500,38500,3,3,0,HARRIS,10:55,1981,1982,"T110,","SP,",7,"T1,","T,",SIDING,Texas,31.827233,-99.423022,10,Morning
Derailments,1981:11:HBT:AX3K81,0,0,50,5800,0,0,0,HARRIS,10:30,1981,1982,"T110,","HBT,",7,"T1,","T,",YARD,Texas,31.827233,-99.423022,10,Morning
Derailments,1982:01:BN:FW22,0,0,1000,10000,0,0,0,WICHITA,9:58,1982,1982,"M405,","BN,",1,"M4,","M,",YARD,Texas,31.827233,-99.423022,9,Morning
Derailments,1981:11:ATSF:201181102,0,0,0,11400,1,1,0,POTTER,6:30,1981,1982,"H304,E0HC,","ATSF,",57,"H3,E0,H3,E0,","H,E,H,E,",YARD,Texas,31.827233,-99.423022,6,Morning
Rear end collision,1981:10:SP:Y5581,0,0,0,4412,7,0,0,SHELBY,9:40,1981,1982,"H402,","SP,SSW,",15,"H4,","H,",SIDING,Texas,31.827233,-99.423022,9,Morning
Highway-rail impact,1981:12:SSW:L3281,0,0,27830,50,0,0,0,TITUS,9:52,1981,1982,"M399,","SSW,",1,"M3,","M,",MAIN,Texas,31.827233,-99.423022,9,Morning
Derailments,1981:11:SP:V2461,0,0,20700,29300,0,0,0,TRAVIS,11:15,1981,1982,"T110,","SP,",1,"T1,","T,",MAIN,Texas,31.827233,-99.423022,11,Morning
Head on collision,1981:12:SP:V3991,0,0,0,4412,0,0,0,LIMESTONE,9:15,1981,1982,"H402,","SP,",51,"H4,","H,",MAIN,Texas,31.827233,-99.423022,9,Morning
Derailments,1981:10:SP:Y4461,0,0,4100,800,0,0,0,NACOGDOCHES,9:50,1981,1982,"H503,","SP,",7,"H5,","H,",YARD,Texas,31.827233,-99.423022,9,Morning
Side collision,1981:10:SP:V1611,0,0,0,4412,0,0,0,LEE,11:10,1981,1982,"H402,","SP,",55,"H4,","H,",SIDING,Texas,31.827233,-99.423022,11,Morning
Derailments,1981:11:SP:V2171,0,0,5000,0,0,0,0,DALLAS,11:15,1981,1982,"T110,","SP,",1,"T1,","T,",MAIN,Texas,31.827233,-99.423022,11,Morning
Derailments,1981:12:SP:V3831,0,0,9300,3950,0,0,0,BASTROP,6:35,1981,1982,"T110,","SP,",1,"T1,","T,",MAIN,Texas,31.827233,-99.423022,6,Morning
Derailments,1981:12:SP:T3351,0,0,3021,7900,0,0,0,EL PASO,5:55,1981,1982,"T222,","SP,",1,"T2,","T,",YARD,Texas,31.827233,-99.423022,5,Morning
Derailments,1981:12:MP:81292,0,0,350,12400,0,0,0,BRAZOS,10:30,1981,1982,"T111,","MP,",7,"T1,","T,",INDUSTRY,Texas,31.827233,-99.423022,10,Morning
Derailments,1981:12:MKT:AX94S,0,0,4447,6650,0,0,0,HARRIS,9:30,1981,1982,"T102,","MKT,",1,"T1,","T,",YARD,Texas,31.827233,-99.423022,9,Morning
Derailments,1981:12:ATSF:231281101,0,0,7300,2000,0,0,0,LAMPASAS,8:25,1981,1982,"T101,","ATSF,",1,"T1,","T,",SIDING,Texas,31.827233,-99.423022,8,Morning
Derailments,1981:12:SP:V4511,0,0,2000,20800,0,0,0,LEE,8:35,1981,1982,"T110,","SP,",1,"T1,","T,",YARD,Texas,31.827233,-99.423022,8,Morning
Derailments,1981:11:RSS:1181,0,0,21000,30000,0,0,0,MILAM,8:30,1981,1982,"T108,","RSS,",1,"T1,","T,",MAIN,Texas,31.827233,-99.423022,8,Morning
Other impacts,1982:01:TCT:11182,0,0,0,10000,0,0,0,GALVESTON,11:00,1982,1982,"M404,S099,","MP,TCT,",15,"M4,S0,","M,S,",YARD,Texas,31.827233,-99.423022,11,Morning
Head on collision,1982:01:MP:66402T0048,0,2,0,5500,0,0,0,HARRIS,5:45,1982,1982,"H401,","MP,",71,"H4,","H,",YARD,Texas,31.827233,-99.423022,5,Morning
Derailments,1982:02:PTRA:FEB11982,0,0,126193,1800,0,0,0,HARRIS,9:53,1982,1982,"H999,T106,","PTRA,SP,",1,"H9,T1,","H,T,",SIDING,Texas,31.827233,-99.423022,9,Morning
Derailments,1982:02:HBT:AX6B82,0,0,400,4150,0,0,0,HARRIS,6:15,1982,1982,"T202,","HBT,",7,"T2,","T,",YARD,Texas,31.827233,-99.423022,6,Morning
Rear end collision,1982:01:MKT:AX3S,0,0,1070,55600,0,0,0,BELL,10:00,1982,1982,"H602,","MKT,",61,"H6,","H,",MAIN,Texas,31.827233,-99.423022,10,Morning
Derailments,1982:02:BN:FW39,0,0,750,8231,0,0,0,FREESTONE,8:40,1982,1982,"E53C,","BN,",1,"E5,","E,",MAIN,Texas,31.827233,-99.423022,8,Morning
Highway-rail impact,1982:03:BN:FW94,0,2,2500,5000,0,0,0,POTTER,7:10,1982,1982,"M399,","BN,",1,"M3,","M,",MAIN,Texas,31.827233,-99.423022,7,Morning
Derailments,1982:02:ATSF:230282104,0,0,6950,4350,0,0,0,LIBERTY,5:25,1982,1982,"T110,","ATSF,",1,"T1,","T,",SIDING,Texas,31.827233,-99.423022,5,Morning
Derailments,1982:02:ATSF:230282108,0,1,18000,37000,0,0,0,MILAM,9:20,1982,1982,"T199,","ATSF,",1,"T1,","T,",MAIN,Texas,31.827233,-99.423022,9,Morning
Side collision,1982:02:HBT:AX1B82,0,0,400,4250,0,0,0,HARRIS,5:45,1982,1982,"H306,","HBT,",76,"H3,","H,",YARD,Texas,31.827233,-99.423022,5,Morning
Highway-rail impact,1982:03:ATSF:220382102,1,0,16450,7500,0,0,0,HOOD,7:55,1982,1982,"M399,","ATSF,",1,"M3,","M,",MAIN,Texas,31.827233,-99.423022,7,Morning
Derailments,1982:01:SP:W0812,0,0,3500,8400,0,0,0,HARRIS,6:40,1982,1982,"H503,","SP,",1,"H5,","H,",MAIN,Texas,31.827233,-99.423022,6,Morning
Derailments,1982:02:SP:U1562,0,0,6000,825,0,0,0,ELLIS,5:30,1982,1982,"H503,","SP,",7,"H5,","H,",YARD,Texas,31.827233,-99.423022,5,Morning
Derailments,1982:01:KCS:330705,0,0,15000,115000,0,0,0,BOWIE,6:30,1982,1982,"T210,","KCS,",1,"T2,","T,",MAIN,Texas,31.827233,-99.423022,6,Morning
Derailments,1982:01:GHH:753,0,0,16809,71000,6,0,0,HARRIS,8:25,1982,1982,"T311,","GHH,MP,",1,"T3,","T,",MAIN,Texas,31.827233,-99.423022,8,Morning
Derailments,1982:01:SP:U0162,0,0,20000,2050,0,0,0,DALLAS,9:50,1982,1982,"T102,T101,","MP,SP,",1,"T1,","T,",MAIN,Texas,31.827233,-99.423022,9,Morning
Derailments,1982:01:SP:F0022,0,0,12500,5700,0,0,0,JEFFERSON,8:30,1982,1982,"T110,","SP,",1,"T1,","T,",MAIN,Texas,31.827233,-99.423022,8,Morning
Head on collision,1982:03:BN:FW75,0,0,0,7500,0,0,0,HALL,9:27,1982,1982,"H402,","BN,",51,"H4,","H,",MAIN,Texas,31.827233,-99.423022,9,Morning
Derailments,1982:01:PTRA:JAN31982,0,0,1105,25590,0,0,0,HARRIS,5:55,1982,1982,"T311,","PTRA,",7,"T3,","T,",INDUSTRY,Texas,31.827233,-99.423022,5,Morning
Derailments,1982:01:SP:W0102,0,0,300,4500,8,0,0,HARRIS,11:45,1982,1982,"H503,","SP,",1,"H5,","H,",YARD,Texas,31.827233,-99.423022,11,Morning
Derailments,1982:01:MP:82013,0,0,29700,62000,1,1,0,JEFFERSON,9:45,1982,1982,"E64C,T311,","MP,SP,",1,"E6,T3,","E,T,",MAIN,Texas,31.827233,-99.423022,9,Morning
Fire/violent rupture,1982:02:ATSF:230282105,0,0,0,10000,2,0,0,HARRIS,6:15,1982,1982,"M599,","ATSF,",1,"M5,","M,",MAIN,Texas,31.827233,-99.423022,6,Morning
Derailments,1982:01:BRR:ONE,0,0,5275,7200,0,0,0,BELL,7:30,1982,1982,"M599,","BRR,",1,"M5,","M,",MAIN,Texas,31.827233,-99.423022,7,Morning
Derailments,1982:01:SP:F0142,0,0,12000,17300,2,2,0,JEFFERSON,8:05,1982,1982,"T110,","SP,",1,"T1,","T,",MAIN,Texas,31.827233,-99.423022,8,Morning
Derailments,1982:02:ATSF:230282107,0,0,8000,6900,0,0,0,GALVESTON,7:00,1982,1982,"T110,","ATSF,",1,"T1,","T,",YARD,Texas,31.827233,-99.423022,7,Morning
Raking collision,1982:01:PTRA:JAN11982,0,0,0,21500,0,0,0,HARRIS,9:00,1982,1982,"H310,","PTRA,",7,"H3,","H,",YARD,Texas,31.827233,-99.423022,9,Morning
Derailments,1982:05:PTRA:MAY0282,0,0,4539,0,0,0,0,HARRIS,10:00,1982,1982,"H310,","PTRA,",7,"H3,","H,",YARD,Texas,31.827233,-99.423022,10,Morning
Raking collision,1982:04:SP:W8892,0,0,1000,6650,0,0,0,HARRIS,10:05,1982,1982,"H306,H305,","SP,",71,"H3,","H,",YARD,Texas,31.827233,-99.423022,10,Morning
Derailments,1982:05:SP:U4872,0,0,43500,12800,0,0,0,TARRANT,8:10,1982,1982,"M405,","SP,",1,"M4,","M,",MAIN,Texas,31.827233,-99.423022,8,Morning
Rear end collision,1982:03:LA:331558,0,0,0,10100,0,0,0,CASS,9:35,1982,1982,"E08C,","LA,",85,"E0,","E,",YARD,Texas,31.827233,-99.423022,9,Morning
Derailments,1982:04:SP:U3532,0,0,4100,0,0,0,0,ROBERTSON,11:30,1982,1982,"T110,","SP,",4,"T1,","T,",SIDING,Texas,31.827233,-99.423022,11,Morning
Derailments,1982:05:BN:FW151,0,0,1000,27500,1,1,0,FLOYD,6:15,1982,1982,"H021,","BN,",1,"H0,","H,",YARD,Texas,31.827233,-99.423022,6,Morning
Derailments,1982:04:SP:U3992,0,0,0,5500,0,0,0,HUDSPETH,6:55,1982,1982,"E52C,","SP,",1,"E5,","E,",MAIN,Texas,31.827233,-99.423022,6,Morning
Derailments,1982:03:SP:W5822,0,0,10000,30050,0,0,0,HARRIS,7:15,1982,1982,"H704,","SP,",7,"H7,","H,",YARD,Texas,31.827233,-99.423022,7,Morning
Highway-rail impact,1982:07:ATSF:200782103,0,0,0,20000,2,0,0,PARMER,8:00,1982,1982,"M399,","ATSF,",1,"M3,","M,",MAIN,Texas,31.827233,-99.423022,8,Morning
Derailments,1982:04:LA:315315,0,0,10000,20400,0,0,0,HOPKINS,5:00,1982,1982,"H503,","LA,",1,"H5,","H,",MAIN,Texas,31.827233,-99.423022,5,Morning
Derailments,1992:01:SP:G0112,0,0,2500,6400,0,0,0,MAVERICK,10:25,1992,1992,"T213,T110,","SP,",7,"T2,T1,","T,",YARD,Texas,31.827233,-99.423022,10,Morning
Derailments,1983:05:SSW:K2723,0,0,4100,35800,0,0,0,SMITH,10:37,1983,1983,"H503,","SSW,",1,"H5,","H,",YARD,Texas,31.827233,-99.423022,10,Morning
Derailments,1983:07:SSW:K4053,0,3,36588,998500,0,0,0,SMITH,6:48,1983,1983,"E09L,","SSW,",1,"E0,","E,",MAIN,Texas,31.827233,-99.423022,6,Morning
Derailments,1983:06:MP:83111,0,0,4000,0,0,0,0,TARRANT,7:45,1983,1983,"E07C,","MP,",NA,"E0,","E,",MAIN,Texas,31.827233,-99.423022,7,Morning
Derailments,1983:08:SP:X0523,0,0,59000,182200,0,0,0,KARNES,10:40,1983,1983,"T101,","SP,",1,"T1,","T,",MAIN,Texas,31.827233,-99.423022,10,Morning
Derailments,1983:05:SP:W5393,0,0,7800,0,2,0,0,CAMERON,10:30,1983,1983,"E40C,","SP,",1,"E4,","E,",MAIN,Texas,31.827233,-99.423022,10,Morning
Derailments,1983:08:ATSF:220883104,0,0,2000,9000,0,0,0,NOLAN,7:35,1983,1983,"E52C,","ATSF,",1,"E5,","E,",MAIN,Texas,31.827233,-99.423022,7,Morning
Derailments,1983:07:SP:U4963,0,0,5000,6000,0,0,0,BEXAR,10:35,1983,1983,"M409,H503,","SP,",1,"M4,H5,","M,H,",MAIN,Texas,31.827233,-99.423022,10,Morning
Derailments,1983:07:SP:U4973,0,0,5200,0,0,0,0,DALLAS,10:55,1983,1983,"T110,","SP,",1,"T1,","T,",MAIN,Texas,31.827233,-99.423022,10,Morning
Derailments,1983:09:OKT:AX18OK,0,0,15850,700,0,0,0,TARRANT,11:25,1983,1983,"T101,","MKT,OKT,",1,"T1,","T,",SIDING,Texas,31.827233,-99.423022,11,Morning
Fire/violent rupture,1983:10:ATSF:201083101,0,0,0,35000,0,0,0,PARMER,5:45,1983,1984,"M406,","ATSF,",1,"M4,","M,",MAIN,Texas,31.827233,-99.423022,5,Morning
Derailments,1984:01:ATSF:220184102,0,0,24800,360650,0,0,0,ERATH,6:00,1984,1984,"H604,","ATSF,",1,"H6,","H,",MAIN,Texas,31.827233,-99.423022,6,Morning
Derailments,1983:10:SP:X2943,0,0,18965,286700,14,0,0,ANGELINA,6:00,1983,1984,"E07C,","SP,",1,"E0,","E,",MAIN,Texas,31.827233,-99.423022,6,Morning
Derailments,1983:10:ATSF:231083101,0,0,8000,600,0,0,0,BRAZORIA,9:45,1983,1984,"M405,","ATSF,",1,"M4,","M,",MAIN,Texas,31.827233,-99.423022,9,Morning
Derailments,1983:10:ATSF:231083103,0,0,300,9180,0,0,0,AUSTIN,8:30,1983,1984,"T220,","ATSF,",1,"T2,","T,",YARD,Texas,31.827233,-99.423022,8,Morning
Derailments,1983:08:SSW:K5683,0,0,12000,5500,0,0,0,BOWIE,5:15,1983,1983,"M503,","SSW,",1,"M5,","M,",MAIN,Texas,31.827233,-99.423022,5,Morning
Derailments,1983:10:MKT:AX41S,0,0,6108,700,0,0,0,GRAYSON,9:00,1983,1984,"E46C,H503,","MKT,MP,",1,"E4,H5,","E,H,",SIDING,Texas,31.827233,-99.423022,9,Morning
Derailments,1983:09:SP:U6503,0,0,1500,10750,0,0,0,TRAVIS,8:15,1983,1983,"T314,","SP,",1,"T3,","T,",YARD,Texas,31.827233,-99.423022,8,Morning
Derailments,1983:08:SP:F7843,0,0,12000,150,0,0,0,LIBERTY,6:52,1983,1983,"E40C,E64C,","SP,",1,"E4,E6,","E,",SIDING,Texas,31.827233,-99.423022,6,Morning
Derailments,1983:09:SP:X2083,0,0,2500,11950,0,0,0,HARRIS,7:30,1983,1983,"T110,","SP,",1,"T1,","T,",YARD,Texas,31.827233,-99.423022,7,Morning
Head on collision,1983:11:MKT:AX68S,0,0,0,5000,0,0,0,DALLAS,10:25,1983,1984,"H402,H999,","BN,MKT,",15,"H4,H9,","H,",MAIN,Texas,31.827233,-99.423022,10,Morning
Highway-rail impact,1983:10:SP:G0193,1,2,350,23000,0,0,0,HARRIS,8:10,1983,1984,"M399,","SP,",1,"M3,","M,",MAIN,Texas,31.827233,-99.423022,8,Morning
Derailments,1983:11:MP:83206,0,0,800,24450,0,0,0,ZAVALA,6:40,1983,1984,"T210,","MP,",1,"T2,","T,",MAIN,Texas,31.827233,-99.423022,6,Morning
Derailments,1983:09:BN:FW432,0,0,1000,14650,0,0,0,DALLAS,11:20,1983,1983,"M405,","BN,",7,"M4,","M,",YARD,Texas,31.827233,-99.423022,11,Morning
Broken train collision,1983:11:BN:FW538,0,0,600,50849,0,0,0,DALLAS,11:30,1983,1984,"E30C,","BN,",1,"E3,","E,",MAIN,Texas,31.827233,-99.423022,11,Morning
Derailments,1983:07:MP:83115,0,0,250,11000,0,0,0,BRAZORIA,11:30,1983,1983,"T309,","MP,",7,"T3,","T,",INDUSTRY,Texas,31.827233,-99.423022,11,Morning
Derailments,1983:08:MKT:AX36S,0,0,8230,7000,0,0,0,DALLAS,10:00,1983,1983,"T102,","MKT,",1,"T1,","T,",YARD,Texas,31.827233,-99.423022,10,Morning
Side collision,1983:09:MKT:AX40S,0,0,0,6000,0,0,0,GRAYSON,9:30,1983,1983,"H310,","MKT,",57,"H3,","H,",YARD,Texas,31.827233,-99.423022,9,Morning
Derailments,1983:11:MP:64403P1532,4,38,11000,4223000,0,0,0,MARION,10:10,1983,1984,"T299,","ATK,MP,",22,"T2,","T,",MAIN,Texas,31.827233,-99.423022,10,Morning
Derailments,1983:11:LA:346955,0,0,5000,1780,0,0,0,MORRIS,10:00,1983,1984,"E34C,","LA,",1,"E3,","E,",MAIN,Texas,31.827233,-99.423022,10,Morning
Side collision,1983:10:PTRA:OCT0283,0,0,500,4950,0,0,0,HARRIS,6:00,1983,1984,"H018,","PTRA,",67,"H0,","H,",INDUSTRY,Texas,31.827233,-99.423022,6,Morning
Raking collision,1983:11:MKT:AX63S,0,0,0,7500,0,0,0,MCLENNAN,10:55,1983,1984,"H021,","MKT,",68,"H0,","H,",MAIN,Texas,31.827233,-99.423022,10,Morning
Derailments,1983:08:SP:W9903,0,0,5000,17000,0,0,0,HARRIS,7:30,1983,1983,"T314,","SP,",1,"T3,","T,",YARD,Texas,31.827233,-99.423022,7,Morning
Side collision,1983:11:KCS:335786,0,0,500,29512,0,0,0,JEFFERSON,6:40,1983,1984,"H017,","KCS,",81,"H0,","H,",MAIN,Texas,31.827233,-99.423022,6,Morning
Side collision,1983:09:SP:U7043,0,0,50,10600,0,0,0,BEXAR,9:30,1983,1983,"H702,","SP,",61,"H7,","H,",YARD,Texas,31.827233,-99.423022,9,Morning
Derailments,1983:09:HBT:AX1I83,0,0,250,15650,0,0,0,HARRIS,5:00,1983,1983,"T314,","HBT,",7,"T3,","T,",YARD,Texas,31.827233,-99.423022,5,Morning
Side collision,1983:11:ATSF:201183101,0,0,200,15500,1,1,0,POTTER,5:10,1983,1984,"H307,","ATSF,",7,"H3,","H,",YARD,Texas,31.827233,-99.423022,5,Morning
Derailments,1983:11:MKT:AX59S,0,0,0,6500,0,0,0,GRAYSON,8:45,1983,1984,"H602,","MKT,",6,"H6,","H,",YARD,Texas,31.827233,-99.423022,8,Morning
Other impacts,1983:08:ATSF:220883103,0,3,22000,106500,0,0,0,COMANCHE,9:50,1983,1983,"M404,","ATSF,",1,"M4,","M,",MAIN,Texas,31.827233,-99.423022,9,Morning
Derailments,1983:10:OKT:AX21OK,0,0,19000,21200,0,0,0,TARRANT,9:15,1983,1984,"T109,T106,","BN,OKT,",1,"T1,","T,",SIDING,Texas,31.827233,-99.423022,9,Morning
Derailments,1983:12:BN:FW562,0,0,145000,15000,0,0,0,HALL,8:40,1983,1984,"E53C,","BN,",1,"E5,","E,",MAIN,Texas,31.827233,-99.423022,8,Morning
Derailments,1984:01:MP:84006,0,0,5500,54650,0,0,0,ZAVALA,7:15,1984,1984,"T299,","MP,",1,"T2,","T,",MAIN,Texas,31.827233,-99.423022,7,Morning
Highway-rail impact,1983:11:SP:X4803,0,2,5000,0,0,0,0,HARRIS,11:40,1983,1984,"M399,","SP,",1,"M3,","M,",MAIN,Texas,31.827233,-99.423022,11,Morning
Highway-rail impact,1983:11:SP:G1733,0,1,25000,25000,0,0,0,HARRIS,11:22,1983,1984,"M399,","ATK,SP,",22,"M3,","M,",MAIN,Texas,31.827233,-99.423022,11,Morning
Rear end collision,1983:11:SP:G1503,8,2,7000,395700,2,2,2,HARRIS,5:30,1983,1984,"M599,","SP,",76,"M5,","M,",MAIN,Texas,31.827233,-99.423022,5,Morning
Derailments,1984:02:MP:84029,0,0,2500,10900,0,0,0,TARRANT,6:00,1984,1984,"T314,","MP,",7,"T3,","T,",YARD,Texas,31.827233,-99.423022,6,Morning
Derailments,1983:11:SSW:K7963,0,0,1000,502600,0,0,0,CHEROKEE,8:15,1983,1984,"T099,","SSW,",6,"T0,","T,",MAIN,Texas,31.827233,-99.423022,8,Morning
Derailments,1984:02:ATSF:220284102,0,0,11000,3280,10,0,0,DALLAS,9:40,1984,1984,"H099,H503,","ATSF,LA,",1,"H0,H5,","H,",SIDING,Texas,31.827233,-99.423022,9,Morning
Derailments,1983:12:AGRI:INDUSTRY,0,0,8000,14000,0,0,0,POTTER,8:45,1983,1984,"T110,","BN,",7,"T1,","T,",INDUSTRY,Texas,31.827233,-99.423022,8,Morning
Derailments,1984:02:MP:63404D0399,0,1,12800,6100,0,0,0,PALO PINTO,10:45,1984,1984,"T402,","MP,",7,"T4,","T,",INDUSTRY,Texas,31.827233,-99.423022,10,Morning
Highway-rail impact,1984:02:MKT:XA15S,0,1,0,11000,1,0,0,WALLER,8:05,1984,1984,"M399,","MKT,",1,"M3,","M,",MAIN,Texas,31.827233,-99.423022,8,Morning
Side collision,1983:12:SP:X6153,0,0,200,78500,0,0,0,HARRIS,6:00,1983,1984,"H306,H305,","SP,",71,"H3,","H,",YARD,Texas,31.827233,-99.423022,6,Morning
Derailments,1983:11:SP:X5123,0,0,1000,5400,0,0,0,WHARTON,9:55,1983,1984,"H503,","SP,",1,"H5,","H,",MAIN,Texas,31.827233,-99.423022,9,Morning
Derailments,1983:11:SP:U8193,0,0,25000,20000,0,0,0,FAYETTE,6:45,1983,1984,"H503,","SP,",1,"H5,","H,",SIDING,Texas,31.827233,-99.423022,6,Morning
Derailments,1984:01:SP:W0024,0,0,3200,16400,0,0,0,HARRIS,9:30,1984,1984,"T310,","SP,",7,"T3,","T,",SIDING,Texas,31.827233,-99.423022,9,Morning
Derailments,1984:01:BN:FW0008,0,0,0,10000,0,0,0,HARDEMAN,10:40,1984,1984,"H505,","BN,",7,"H5,","H,",YARD,Texas,31.827233,-99.423022,10,Morning
Derailments,1983:12:BN:TU366,0,0,2000,30000,0,0,0,GRAYSON,10:30,1983,1984,"T101,","BN,",1,"T1,","T,",MAIN,Texas,31.827233,-99.423022,10,Morning
Derailments,1983:12:SP:U9123,0,0,12000,125000,0,0,0,ELLIS,10:05,1983,1984,"T001,","SP,",1,"T0,","T,",MAIN,Texas,31.827233,-99.423022,10,Morning
Derailments,1984:01:MKT:AX2S,0,0,2200,11600,0,0,0,TARRANT,6:05,1984,1984,"T314,","MKT,",1,"T3,","T,",YARD,Texas,31.827233,-99.423022,6,Morning
Derailments,1983:12:SP:S9213,0,0,20000,30500,0,0,0,EL PASO,8:30,1983,1984,"T221,","SP,",1,"T2,","T,",YARD,Texas,31.827233,-99.423022,8,Morning
Derailments,1984:02:MKT:AX10S,0,0,1093,6900,0,0,0,DALLAS,5:10,1984,1984,"M503,","MKT,",7,"M5,","M,",SIDING,Texas,31.827233,-99.423022,5,Morning
Derailments,1983:11:SSW:K7643,0,0,6000,43700,0,0,0,HUNT,8:15,1983,1984,"E32C,","SSW,",1,"E3,","E,",MAIN,Texas,31.827233,-99.423022,8,Morning
Highway-rail impact,1984:01:MKT:XA8S,0,3,10000,129160,0,0,0,COMAL,8:40,1984,1984,"M399,","MKT,",1,"M3,","M,",MAIN,Texas,31.827233,-99.423022,8,Morning
Derailments,1983:12:SP:X6023,0,0,50000,145600,3,2,0,ANGELINA,6:30,1983,1984,"E40C,T106,","SP,",1,"E4,T1,","E,T,",MAIN,Texas,31.827233,-99.423022,6,Morning
Highway-rail impact,1983:12:BN:FW575,1,0,0,7500,0,0,0,ARMSTRONG,7:23,1983,1984,"M399,","BN,",1,"M3,","M,",MAIN,Texas,31.827233,-99.423022,7,Morning
Derailments,1983:12:PTRA:DEC0183,0,0,15387,65600,0,0,0,HARRIS,9:15,1983,1984,"T299,","PTRA,",7,"T2,","T,",YARD,Texas,31.827233,-99.423022,9,Morning
Other impacts,1984:03:SP:W4214,0,0,20000,0,0,0,0,JEFFERSON,7:30,1984,1984,"E29C,","SP,",5,"E2,","E,",YARD,Texas,31.827233,-99.423022,7,Morning
Head on collision,1984:04:ATSF:230484101,2,4,15200,947375,0,0,0,LAMPASAS,5:52,1984,1984,"H999,","ATSF,",1,"H9,","H,",MAIN,Texas,31.827233,-99.423022,5,Morning
Highway-rail impact,1984:03:SP:U2324,0,0,0,10500,0,0,0,NAVARRO,7:35,1984,1984,"M399,","SP,",1,"M3,","M,",MAIN,Texas,31.827233,-99.423022,7,Morning
Highway-rail impact,1984:03:SSW:K2074,1,1,32000,1124782,1,1,1,HENDERSON,11:30,1984,1984,"M399,","SSW,",1,"M3,","M,",MAIN,Texas,31.827233,-99.423022,11,Morning
Derailments,1984:03:SP:E2404,0,0,15300,4000,0,0,0,FAYETTE,6:20,1984,1984,"E85C,","SP,",1,"E8,","E,",MAIN,Texas,31.827233,-99.423022,6,Morning
Highway-rail impact,1984:04:SP:F3434,0,1,5000,0,0,0,0,LIBERTY,11:40,1984,1984,"M399,","SP,",7,"M3,","M,",YARD,Texas,31.827233,-99.423022,11,Morning
Derailments,1984:05:KCS:325204,0,0,2500,6250,0,0,0,JEFFERSON,11:20,1984,1984,"T299,","KCS,",7,"T2,","T,",YARD,Texas,31.827233,-99.423022,11,Morning
Derailments,1984:02:SP:U1334,0,0,4500,900,11,0,0,DALLAS,10:30,1984,1984,"T314,","LA,SP,",1,"T3,","T,",YARD,Texas,31.827233,-99.423022,10,Morning
Other impacts,1984:03:SP:W4204,0,0,10000,0,0,0,0,JEFFERSON,7:30,1984,1984,"E29C,","SP,",5,"E2,","E,",YARD,Texas,31.827233,-99.423022,7,Morning
Derailments,1984:03:MKT:AX17S,0,0,12100,21700,0,0,0,DALLAS,9:00,1984,1984,"H503,E00C,","MKT,MP,",1,"H5,E0,","H,E,",MAIN,Texas,31.827233,-99.423022,9,Morning
Derailments,1984:03:SSW:K2114,0,0,2500,2500,0,0,0,SMITH,10:45,1984,1984,"T299,","SSW,",1,"T2,","T,",YARD,Texas,31.827233,-99.423022,10,Morning
Highway-rail impact,1984:04:MP:XXPD4H0794,0,0,296,5683,1,1,0,HARRIS,9:45,1984,1984,"M399,","MP,",1,"M3,","M,",MAIN,Texas,31.827233,-99.423022,9,Morning
Highway-rail impact,1984:05:ATSF:200584101,0,1,0,10000,0,0,0,LUBBOCK,10:28,1984,1984,"M399,","ATSF,",1,"M3,","M,",MAIN,Texas,31.827233,-99.423022,10,Morning
Derailments,1984:04:SP:W4664,0,0,5000,5000,0,0,0,HARRIS,8:10,1984,1984,"T202,","SP,",1,"T2,","T,",SIDING,Texas,31.827233,-99.423022,8,Morning