AccidentType,inckey,Fatalities,Injuries,TrackDamage,EquipmentDamage,HazmatCars,HazmatCarsDerailed,HazmatCarsReleasing,County,DisplayTime,calendar,Fiscal,AccidentCause,RailroadCodes,RAILEQUIPMENT_TYPE,CauseGroup,CauseDiscipline,TYPE_OF_TRACK,StateName,latitude,longitude,hour,cat
Derailments,1984:03:BN:FW78,0,1,0,10000,0,0,0,TARRANT,10:00,1984,1984,"T102,","BN,",1,"T1,","T,",YARD,Texas,31.827233,-99.423022,10,Morning
Highway-rail impact,1984:05:ATSF:230584102,0,0,55500,438291,0,0,0,AUSTIN,8:10,1984,1984,"M399,","ATSF,",1,"M3,","M,",MAIN,Texas,31.827233,-99.423022,8,Morning
Other impacts,1984:05:IPCZ:INDUSTRY,0,0,0,13300,0,0,0,BOWIE,11:30,1984,1984,"H301,","KCS,",76,"H3,","H,",INDUSTRY,Texas,31.827233,-99.423022,11,Morning
Highway-rail impact,1984:04:ATSF:220484102,0,1,0,14395,0,0,0,TAYLOR,10:50,1984,1984,"M399,","ATSF,",1,"M3,","M,",MAIN,Texas,31.827233,-99.423022,10,Morning
Derailments,1984:03:SP:S3344,0,0,7000,20000,0,0,0,EL PASO,10:40,1984,1984,"E69C,","SP,",1,"E6,","E,",YARD,Texas,31.827233,-99.423022,10,Morning
Derailments,1984:02:SP:W2434,0,0,1000,4500,3,3,0,HARRIS,8:05,1984,1984,"M599,","SP,",1,"M5,","M,",YARD,Texas,31.827233,-99.423022,8,Morning
Fire/violent rupture,1984:03:SP:U3054,0,0,0,14800,0,0,0,CULBERSON,5:35,1984,1984,"E06C,","SP,",1,"E0,","E,",MAIN,Texas,31.827233,-99.423022,5,Morning
Derailments,1984:03:ATSF:220384101,0,0,10300,4200,0,0,0,JOHNSON,10:00,1984,1984,"T102,","ATSF,",1,"T1,","T,",MAIN,Texas,31.827233,-99.423022,10,Morning
Highway-rail impact,1984:03:SP:U2544,0,1,0,9000,0,0,0,TRAVIS,11:18,1984,1984,"M399,","SP,",1,"M3,","M,",MAIN,Texas,31.827233,-99.423022,11,Morning
Highway-rail impact,1984:02:SSW:K0954,0,1,4400,50000,0,0,0,HENDERSON,8:55,1984,1984,"M399,","SSW,",1,"M3,","M,",MAIN,Texas,31.827233,-99.423022,8,Morning
Derailments,1984:03:MP:84039,0,0,2500,30700,8,8,0,HOWARD,11:10,1984,1984,"T221,","MP,",1,"T2,","T,",YARD,Texas,31.827233,-99.423022,11,Morning
Derailments,1984:02:SP:W2444,0,0,1500,17500,0,0,0,HARRIS,7:00,1984,1984,"T202,","SP,",7,"T2,","T,",YARD,Texas,31.827233,-99.423022,7,Morning
Derailments,1984:07:MP:84158,0,0,7000,2100,8,1,0,ORANGE,6:15,1984,1984,"E52C,","MP,",1,"E5,","E,",MAIN,Texas,31.827233,-99.423022,6,Morning
Derailments,1984:07:MKT:AX63S,0,0,8100,165800,0,0,0,HARRIS,9:00,1984,1984,"E68C,","MKT,",1,"E6,","E,",MAIN,Texas,31.827233,-99.423022,9,Morning
Derailments,1984:06:SP:W8784,0,0,1300,3402,0,0,0,NACOGDOCHES,10:45,1984,1984,"H307,","SP,",1,"H3,","H,",YARD,Texas,31.827233,-99.423022,10,Morning
Derailments,1984:06:MP:84092,0,0,1100,54100,0,0,0,GRAYSON,6:30,1984,1984,"H503,","MP,",1,"H5,","H,",MAIN,Texas,31.827233,-99.423022,6,Morning
Derailments,1984:06:OKT:AX9OK,0,0,20400,424912,0,0,0,CLAY,5:05,1984,1984,"T108,","OKT,",1,"T1,","T,",MAIN,Texas,31.827233,-99.423022,5,Morning
Derailments,1984:05:OKT:AX4OK,0,0,3700,11500,0,0,0,DALLAS,7:20,1984,1984,"T222,T220,","BN,OKT,",1,"T2,","T,",YARD,Texas,31.827233,-99.423022,7,Morning
Derailments,1984:06:HBT:AX2F84,0,0,0,7100,0,0,0,HARRIS,8:15,1984,1984,"M404,","HBT,",7,"M4,","M,",YARD,Texas,31.827233,-99.423022,8,Morning
Derailments,1984:07:ATSF:230784105,0,1,0,7500,0,0,0,MCLENNAN,10:45,1984,1984,"H402,","ATSF,",5,"H4,","H,",MAIN,Texas,31.827233,-99.423022,10,Morning
Derailments,1984:07:ATSF:230784102,0,0,23000,600,0,0,0,BURLESON,5:25,1984,1984,"H999,","ATSF,",1,"H9,","H,",MAIN,Texas,31.827233,-99.423022,5,Morning
Derailments,1984:07:BN:FW304,0,0,0,5000,0,0,0,TARRANT,7:25,1984,1984,"T314,","BN,",1,"T3,","T,",YARD,Texas,31.827233,-99.423022,7,Morning
Derailments,1984:08:MP:84139,0,0,23000,80930,2,0,0,COMAL,11:50,1984,1984,"E54C,","MP,",1,"E5,","E,",MAIN,Texas,31.827233,-99.423022,11,Morning
Derailments,1984:04:SP:W5394,0,0,12000,0,0,0,0,HARRIS,7:28,1984,1984,"T402,","SP,",7,"T4,","T,",YARD,Texas,31.827233,-99.423022,7,Morning
Derailments,1984:07:UEEZ:INDUSTRY,0,0,3500,36500,0,0,0,TARRANT,6:20,1984,1984,"T110,","BN,",7,"T1,","T,",INDUSTRY,Texas,31.827233,-99.423022,6,Morning
Derailments,1984:07:ATSF:200784102,0,0,5500,13900,13,0,0,HALE,10:00,1984,1984,"T217,","ATSF,",1,"T2,","T,",MAIN,Texas,31.827233,-99.423022,10,Morning
Derailments,1984:06:SP:U5724,0,0,100,5325,0,0,0,GONZALES,11:50,1984,1984,"T108,","SP,",1,"T1,","T,",INDUSTRY,Texas,31.827233,-99.423022,11,Morning
Highway-rail impact,1984:07:SP:X0134,0,0,6000,1500,0,0,0,HARRIS,11:30,1984,1984,"M399,","SP,",1,"M3,","M,",MAIN,Texas,31.827233,-99.423022,11,Morning
Highway-rail impact,1984:05:MP:55404H1054,0,1,600,20000,0,0,0,NUECES,9:07,1984,1984,"M399,","MP,",1,"M3,","M,",MAIN,Texas,31.827233,-99.423022,9,Morning
Derailments,1984:05:MKT:AX45S,0,0,4035,2000,0,0,0,MCLENNAN,5:20,1984,1984,"T311,T110,","MKT,",1,"T3,T1,","T,",YARD,Texas,31.827233,-99.423022,5,Morning
Derailments,1984:08:BN:FW318,0,0,10000,135000,0,0,0,WISE,10:00,1984,1984,"E53C,","BN,",1,"E5,","E,",MAIN,Texas,31.827233,-99.423022,10,Morning
Other impacts,1984:05:PTRA:MAY0184,0,0,250,5000,0,0,0,HARRIS,9:30,1984,1984,"H601,","PTRA,",7,"H6,","H,",YARD,Texas,31.827233,-99.423022,9,Morning
Derailments,1984:05:SP:W6094,0,0,14000,0,0,0,0,HARRIS,10:30,1984,1984,"T101,","SP,",7,"T1,","T,",YARD,Texas,31.827233,-99.423022,10,Morning
Rear end collision,1984:07:MKT:AX72S,0,0,300,16000,0,0,0,FAYETTE,7:50,1984,1984,"H404,","MKT,",41,"H4,","H,",MAIN,Texas,31.827233,-99.423022,7,Morning
Derailments,1984:06:MKT:AX52S,0,0,100,6500,0,0,0,TARRANT,6:45,1984,1984,"H503,","MKT,",7,"H5,","H,",YARD,Texas,31.827233,-99.423022,6,Morning
Derailments,1984:06:SP:U5824,0,0,6500,0,0,0,0,DALLAS,10:30,1984,1984,"T110,","SP,",1,"T1,","T,",YARD,Texas,31.827233,-99.423022,10,Morning
Derailments,1984:05:SP:W7354,0,0,500,6200,0,0,0,HARRIS,9:00,1984,1984,"T110,","SP,",7,"T1,","T,",YARD,Texas,31.827233,-99.423022,9,Morning
Highway-rail impact,1984:07:ATSF:220784102,0,0,0,6500,0,0,0,TAYLOR,10:55,1984,1984,"M399,","ATSF,",4,"M3,","M,",MAIN,Texas,31.827233,-99.423022,10,Morning
Side collision,1984:06:BN:FW234,0,0,0,13800,0,0,0,TARRANT,9:45,1984,1984,"H018,","BN,",57,"H0,","H,",YARD,Texas,31.827233,-99.423022,9,Morning
Derailments,1984:07:PTRA:JULY0384,0,0,4633,0,0,0,0,HARRIS,9:10,1984,1984,"T310,","PTRA,",7,"T3,","T,",YARD,Texas,31.827233,-99.423022,9,Morning
Derailments,1984:10:MP:84181,0,0,13641,250,0,0,0,TRAVIS,7:35,1984,1985,"T106,H503,","MKT,MP,",1,"T1,H5,","T,H,",MAIN,Texas,31.827233,-99.423022,7,Morning
Side collision,1984:10:MKT:AX92S,1,1,61853,2213572,17,0,0,JOHNSON,6:30,1984,1985,"H401,H204,H104,H101,","ATSF,MKT,MP,",11,"H4,H2,H1,","H,",SIDING,Texas,31.827233,-99.423022,6,Morning
Derailments,1984:09:ATSF:220984101,0,0,2240,9425,0,0,0,TARRANT,6:00,1984,1984,"H020,","ATSF,",7,"H0,","H,",YARD,Texas,31.827233,-99.423022,6,Morning
Derailments,1984:10:MP:84187,0,0,500,40600,0,0,0,BOWIE,9:42,1984,1985,"E46C,","MP,",1,"E4,","E,",YARD,Texas,31.827233,-99.423022,9,Morning
Other impacts,1984:09:SP:X3254,0,0,100,6200,0,0,0,VICTORIA,8:45,1984,1984,"T108,","SP,",1,"T1,","T,",YARD,Texas,31.827233,-99.423022,8,Morning
Derailments,1984:11:MP:84208,0,0,1400,9500,0,0,0,MILAM,11:35,1984,1985,"T110,","MP,",1,"T1,","T,",YARD,Texas,31.827233,-99.423022,11,Morning
Derailments,1984:08:MP:84137,0,0,5500,24500,0,0,0,TAYLOR,10:30,1984,1984,"M405,","MP,",1,"M4,","M,",MAIN,Texas,31.827233,-99.423022,10,Morning
Derailments,1984:11:MP:84209,0,0,30000,300,0,0,0,TRAVIS,7:20,1984,1985,"E07C,","MP,",1,"E0,","E,",MAIN,Texas,31.827233,-99.423022,7,Morning
Derailments,1984:09:SP:S9564,0,0,55200,100000,2,2,2,EL PASO,6:30,1984,1984,"M201,","SP,",1,"M2,","M,",YARD,Texas,31.827233,-99.423022,6,Morning
Side collision,1984:08:MP:84141,0,0,0,11000,0,0,0,TARRANT,8:55,1984,1984,"H018,","MP,",51,"H0,","H,",YARD,Texas,31.827233,-99.423022,8,Morning
Derailments,1984:09:MP:84172,0,0,1750,23750,0,0,0,BOWIE,7:25,1984,1984,"M503,","MP,",6,"M5,","M,",SIDING,Texas,31.827233,-99.423022,7,Morning
Derailments,1984:08:SP:F7874,0,0,1680,3400,0,0,0,JEFFERSON,5:50,1984,1984,"T314,","SP,",7,"T3,","T,",YARD,Texas,31.827233,-99.423022,5,Morning
Derailments,1984:09:SP:T0084,0,0,2000,16500,0,0,0,EL PASO,5:08,1984,1984,"T110,","SP,",1,"T1,","T,",YARD,Texas,31.827233,-99.423022,5,Morning
Side collision,1984:10:HBT:AX1J84,0,0,7000,12300,0,0,0,HARRIS,8:30,1984,1985,"H018,","HBT,",57,"H0,","H,",YARD,Texas,31.827233,-99.423022,8,Morning
Derailments,1984:08:SP:X0774,0,0,5300,7150,0,0,0,SAN PATRICIO,8:00,1984,1984,"E40C,T101,","SP,",7,"E4,T1,","E,T,",MAIN,Texas,31.827233,-99.423022,8,Morning
Derailments,1984:10:MKT:AX98S,0,0,500,6500,0,0,0,HARRIS,10:00,1984,1985,"S012,","MKT,",7,"S0,","S,",INDUSTRY,Texas,31.827233,-99.423022,10,Morning
Derailments,1984:10:SP:T1314,0,0,1500,33100,8,1,0,EL PASO,11:45,1984,1985,"T110,","SP,",7,"T1,","T,",YARD,Texas,31.827233,-99.423022,11,Morning
Derailments,1984:09:OKT:AX150,0,0,18000,8000,0,0,0,TARRANT,7:05,1984,1984,"T210,","OKT,",1,"T2,","T,",MAIN,Texas,31.827233,-99.423022,7,Morning
Broken train collision,1984:09:ATSF:230984103,0,0,124000,323000,0,0,0,MONTGOMERY,10:00,1984,1984,"E30C,","ATSF,",1,"E3,","E,",MAIN,Texas,31.827233,-99.423022,10,Morning
Derailments,1984:09:SP:X2454,0,0,2000,11250,0,0,0,HARRIS,8:15,1984,1984,"H307,H312,","SP,",1,"H3,","H,",YARD,Texas,31.827233,-99.423022,8,Morning
Derailments,1984:08:MKT:AX77S,0,0,2675,15700,0,0,0,HILL,8:00,1984,1984,"T106,","MKT,",7,"T1,","T,",MAIN,Texas,31.827233,-99.423022,8,Morning
Derailments,1984:09:SP:X2174,0,0,1500,10000,1,1,0,HARRIS,8:15,1984,1984,"T311,","SP,",7,"T3,","T,",YARD,Texas,31.827233,-99.423022,8,Morning
Derailments,1984:08:SP:X0654,0,0,17000,20050,0,0,0,VICTORIA,10:45,1984,1984,"E42C,","SP,",1,"E4,","E,",MAIN,Texas,31.827233,-99.423022,10,Morning
Derailments,1984:08:SP:U8014,0,0,7500,18500,1,1,0,BREWSTER,7:00,1984,1984,"T311,","SP,",1,"T3,","T,",YARD,Texas,31.827233,-99.423022,7,Morning
Derailments,1984:10:MP:84182,0,0,7000,8000,0,0,0,JEFFERSON,10:10,1984,1985,"T106,","MP,SP,",1,"T1,","T,",SIDING,Texas,31.827233,-99.423022,10,Morning
Broken train collision,1984:10:SP:U9974,0,1,1426,7500,0,0,0,BEXAR,11:00,1984,1985,"H021,","MP,SP,",7,"H0,","H,",YARD,Texas,31.827233,-99.423022,11,Morning
Derailments,1984:08:SP:X1664,0,0,2000,9700,3,3,2,VICTORIA,6:40,1984,1984,"E40C,","SP,",1,"E4,","E,",YARD,Texas,31.827233,-99.423022,6,Morning
Derailments,1984:10:SP:X3914,0,0,6500,2050,0,0,0,VICTORIA,10:30,1984,1985,"T110,","SP,",1,"T1,","T,",MAIN,Texas,31.827233,-99.423022,10,Morning
Derailments,1984:10:SP:U9884,0,0,7000,200,0,0,0,TERRELL,6:05,1984,1985,"E53C,","SP,",1,"E5,","E,",MAIN,Texas,31.827233,-99.423022,6,Morning
Derailments,1984:11:MKT:AX100S,0,0,9000,388413,0,0,0,HUNT,5:25,1984,1985,"E52C,","MKT,",1,"E5,","E,",MAIN,Texas,31.827233,-99.423022,5,Morning
Obstruction impact,1984:10:SP:U9954,0,0,0,6200,0,0,0,FREESTONE,11:50,1984,1985,"M404,","SP,",51,"M4,","M,",YARD,Texas,31.827233,-99.423022,11,Morning
Derailments,1984:09:SP:T0094,0,0,8000,21500,0,0,0,EL PASO,7:10,1984,1984,"T311,E64C,","SP,",7,"T3,E6,","T,E,",YARD,Texas,31.827233,-99.423022,7,Morning
Side collision,1984:08:PTRA:AUG0284,0,0,0,15500,0,0,0,HARRIS,11:45,1984,1984,"H018,","PTRA,",67,"H0,","H,",YARD,Texas,31.827233,-99.423022,11,Morning
Derailments,1984:10:MP:84186,0,0,2100,13200,0,0,0,ANDERSON,6:35,1984,1985,"E46C,H503,","MP,",1,"E4,H5,","E,H,",YARD,Texas,31.827233,-99.423022,6,Morning
Derailments,1984:09:SP:S9924,0,0,21000,100,0,0,0,EL PASO,11:20,1984,1984,"T110,","SP,",1,"T1,","T,",MAIN,Texas,31.827233,-99.423022,11,Morning
Other impacts,1984:10:SP:U9514,0,0,500,30026,0,0,0,BEXAR,6:00,1984,1985,"H207,","SP,",7,"H2,","H,",YARD,Texas,31.827233,-99.423022,6,Morning
Derailments,1984:10:BN:FW371,0,0,2000,13000,0,0,0,WISE,11:45,1984,1985,"E51C,","BN,",1,"E5,","E,",MAIN,Texas,31.827233,-99.423022,11,Morning
Derailments,1985:02:BN:FW82,0,0,14815,26100,0,0,0,HARDEMAN,8:30,1985,1985,"E53C,","BN,",1,"E5,","E,",MAIN,Texas,31.827233,-99.423022,8,Morning
Side collision,1984:10:SP:X4794,0,0,700,5600,0,0,0,HARRIS,7:15,1984,1985,"H306,","SP,",17,"H3,","H,",YARD,Texas,31.827233,-99.423022,7,Morning
Derailments,1985:02:ATSF:220285103,0,0,13250,27800,0,0,0,COOKE,10:30,1985,1985,"T108,","ATSF,",1,"T1,","T,",YARD,Texas,31.827233,-99.423022,10,Morning
Side collision,1985:03:ATSF:230385101,0,2,5500,12000,0,0,0,JASPER,11:50,1985,1985,"E64C,","ATSF,",51,"E6,","E,",SIDING,Texas,31.827233,-99.423022,11,Morning
Head on collision,1984:12:SP:X6334,0,0,3000,3100,0,0,0,SAN PATRICIO,5:25,1984,1985,"H699,","SP,",71,"H6,","H,",YARD,Texas,31.827233,-99.423022,5,Morning
Other impacts,1985:02:SP:W2285,0,0,700,11500,0,0,0,HARRIS,9:55,1985,1985,"H702,","SP,",7,"H7,","H,",YARD,Texas,31.827233,-99.423022,9,Morning
Derailments,1984:11:SP:X5554,0,0,3500,1250,0,0,0,HARRIS,5:15,1984,1985,"T299,","SP,",7,"T2,","T,",YARD,Texas,31.827233,-99.423022,5,Morning
Derailments,1985:01:SP:U0035,0,0,5200,0,0,0,0,GONZALES,11:45,1985,1985,"H204,","SP,",1,"H2,","H,",MAIN,Texas,31.827233,-99.423022,11,Morning
Derailments,1985:01:SSW:K0285,0,0,25500,9050,0,0,0,UPSHUR,9:07,1985,1985,"H215,","MP,SSW,",1,"H2,","H,",MAIN,Texas,31.827233,-99.423022,9,Morning
Derailments,1984:12:HBT:AX1L84,0,0,13610,0,0,0,0,HARRIS,6:35,1984,1985,"H603,","HBT,",NA,"H6,","H,",YARD,Texas,31.827233,-99.423022,6,Morning
Side collision,1984:12:OKT:AX190,0,0,2200,3800,0,0,0,TARRANT,5:35,1984,1985,"H020,","OKT,",67,"H0,","H,",YARD,Texas,31.827233,-99.423022,5,Morning
Derailments,1984:11:SP:V0524,0,0,6000,1900,0,0,0,GUADALUPE,11:30,1984,1985,"H702,","SP,",1,"H7,","H,",SIDING,Texas,31.827233,-99.423022,11,Morning
Other impacts,1984:12:SP:G3674,0,0,0,7000,0,0,0,HARRIS,8:05,1984,1985,"H211,","SP,",7,"H2,","H,",YARD,Texas,31.827233,-99.423022,8,Morning
Derailments,1984:12:LA:345116,0,0,8718,1500,0,0,0,HARRISON,11:55,1984,1985,"H503,","LA,",1,"H5,","H,",MAIN,Texas,31.827233,-99.423022,11,Morning
Derailments,1984:12:SP:V1074,0,0,8900,1050,0,0,0,ELLIS,5:30,1984,1985,"T221,","SP,",7,"T2,","T,",SIDING,Texas,31.827233,-99.423022,5,Morning
Side collision,1984:12:MP:84228,0,0,500,7500,0,0,0,BOWIE,6:40,1984,1985,"H017,","MP,",7,"H0,","H,",YARD,Texas,31.827233,-99.423022,6,Morning
Derailments,1985:02:MP:85029,0,0,8000,24000,0,0,0,ANDERSON,5:00,1985,1985,"H503,","MP,",1,"H5,","H,",YARD,Texas,31.827233,-99.423022,5,Morning
Other impacts,1984:12:SP:V1424,0,0,0,6500,0,0,0,DALLAS,10:15,1984,1985,"H306,","SP,",7,"H3,","H,",YARD,Texas,31.827233,-99.423022,10,Morning
Derailments,1984:12:SP:X6854,0,0,5000,19075,0,0,0,COLORADO,9:33,1984,1985,"E34C,","SP,",1,"E3,","E,",MAIN,Texas,31.827233,-99.423022,9,Morning
Highway-rail impact,1985:01:TN:PGC1,0,0,0,16000,0,0,0,MORRIS,10:15,1985,1985,"M399,","TN,",1,"M3,","M,",MAIN,Texas,31.827233,-99.423022,10,Morning
Side collision,1985:02:MP:554050015,0,3,0,14100,0,0,0,HARRIS,9:15,1985,1985,"H307,","MP,",61,"H3,","H,",MAIN,Texas,31.827233,-99.423022,9,Morning
Derailments,1984:11:SSW:K8254,0,0,13000,1150,0,0,0,DALLAS,10:20,1984,1985,"T106,","SSW,",1,"T1,","T,",MAIN,Texas,31.827233,-99.423022,10,Morning
Derailments,1984:12:BN:FW509,0,0,500,20725,0,0,0,ELLIS,11:55,1984,1985,"T101,","BN,",1,"T1,","T,",MAIN,Texas,31.827233,-99.423022,11,Morning
Derailments,1985:01:SP:S0505,0,0,7000,53000,7,2,0,EL PASO,7:55,1985,1985,"T220,T221,","MP,SP,",1,"T2,","T,",YARD,Texas,31.827233,-99.423022,7,Morning
Derailments,1985:02:SP:W1335,0,0,10000,1500,0,0,0,HARRIS,7:45,1985,1985,"H704,","SP,",7,"H7,","H,",YARD,Texas,31.827233,-99.423022,7,Morning
Derailments,1984:11:SP:V0534,0,0,4500,6075,0,0,0,BASTROP,9:35,1984,1985,"T101,E24C,","SP,",1,"T1,E2,","T,E,",MAIN,Texas,31.827233,-99.423022,9,Morning
Derailments,1985:01:MKT:AX07S,0,0,8460,7000,0,0,0,DALLAS,11:50,1985,1985,"T101,","BN,MKT,",1,"T1,","T,",YARD,Texas,31.827233,-99.423022,11,Morning
Derailments,1985:03:SP:F2845,0,0,0,10000,0,0,0,JEFFERSON,9:35,1985,1985,"E24C,","SP,",7,"E2,","E,",YARD,Texas,31.827233,-99.423022,9,Morning
Derailments,1985:05:KCS:337865,0,0,2521,7250,0,0,0,JEFFERSON,9:50,1985,1985,"T311,","KCS,",7,"T3,","T,",YARD,Texas,31.827233,-99.423022,9,Morning
Other impacts,1985:03:KCS:337938,0,0,15000,0,0,0,0,JEFFERSON,5:50,1985,1985,"H401,","KCS,MP,",1,"H4,","H,",SIDING,Texas,31.827233,-99.423022,5,Morning
Derailments,1985:03:BN:FW96,0,0,88500,4000,0,0,0,DALLAM,9:15,1985,1985,"E53C,","BN,",1,"E5,","E,",MAIN,Texas,31.827233,-99.423022,9,Morning
Derailments,1985:03:SSW:K1605,0,0,22500,600,0,0,0,UPSHUR,8:40,1985,1985,"T314,","MP,SSW,",1,"T3,","T,",YARD,Texas,31.827233,-99.423022,8,Morning
Head on collision,1985:05:LA:339061,0,2,208,5657,0,0,0,HOPKINS,10:50,1985,1985,"H999,","LA,",41,"H9,","H,",MAIN,Texas,31.827233,-99.423022,10,Morning
Derailments,1985:06:BN:FW270,0,0,15000,311000,0,0,0,MADISON,8:05,1985,1985,"T109,","BN,",1,"T1,","T,",MAIN,Texas,31.827233,-99.423022,8,Morning
Derailments,1985:04:MKT:AX37S,0,0,2030,6500,0,0,0,DALLAS,8:10,1985,1985,"T314,","MKT,",1,"T3,","T,",YARD,Texas,31.827233,-99.423022,8,Morning
Highway-rail impact,1985:05:MP:635550022,0,18,91000,1033300,36,17,6,EASTLAND,10:00,1985,1985,"M399,","MP,",1,"M3,","M,",MAIN,Texas,31.827233,-99.423022,10,Morning
Derailments,1985:03:SP:W3145,0,0,12000,800,0,0,0,HARRIS,10:50,1985,1985,"E07C,","SP,",1,"E0,","E,",YARD,Texas,31.827233,-99.423022,10,Morning
Highway-rail impact,1985:03:BN:FW97,0,0,20000,1000,0,0,0,GRIMES,5:20,1985,1985,"M399,","BN,",1,"M3,","M,",MAIN,Texas,31.827233,-99.423022,5,Morning
Side collision,1985:05:PTRA:MAY0185,0,0,0,14500,0,0,0,HARRIS,9:50,1985,1985,"H021,H602,","PTRA,",7,"H0,H6,","H,",YARD,Texas,31.827233,-99.423022,9,Morning
Highway-rail impact,1985:04:BN:FW144,0,1,2200,30500,0,0,0,DALLAM,10:35,1985,1985,"M399,","BN,",1,"M3,","M,",MAIN,Texas,31.827233,-99.423022,10,Morning
Derailments,1985:03:SP:S2635,0,0,3500,3750,0,0,0,EL PASO,8:05,1985,1985,"T299,","SP,",1,"T2,","T,",YARD,Texas,31.827233,-99.423022,8,Morning
Derailments,1985:05:SP:U2685,0,0,7200,0,0,0,0,DALLAS,10:00,1985,1985,"T110,","SP,",7,"T1,","T,",YARD,Texas,31.827233,-99.423022,10,Morning
Derailments,1985:04:SP:U2285,0,0,5800,0,0,0,0,DALLAS,11:00,1985,1985,"T110,","SP,",7,"T1,","T,",INDUSTRY,Texas,31.827233,-99.423022,11,Morning
Derailments,1985:05:MP:85090,0,0,6200,4127,5,0,0,BEXAR,7:05,1985,1985,"E52C,","MP,",1,"E5,","E,",MAIN,Texas,31.827233,-99.423022,7,Morning
Other impacts,1985:05:SP:W6835,0,0,2000,6650,1,0,0,HARRIS,10:40,1985,1985,"T311,","SP,",7,"T3,","T,",YARD,Texas,31.827233,-99.423022,10,Morning
Derailments,1985:03:SP:W3045,0,0,5300,20700,0,0,0,WHARTON,8:00,1985,1985,"T001,","SP,",1,"T0,","T,",MAIN,Texas,31.827233,-99.423022,8,Morning
Rear end collision,1985:03:SSW:K1905,0,2,200,149000,0,0,0,COLLIN,5:40,1985,1985,"M503,","SSW,",61,"M5,","M,",MAIN,Texas,31.827233,-99.423022,5,Morning
Derailments,1985:05:SP:F4745,0,0,2500,2500,1,1,0,JEFFERSON,6:45,1985,1985,"M407,","SP,",7,"M4,","M,",YARD,Texas,31.827233,-99.423022,6,Morning
Derailments,1985:05:SP:W6815,0,0,9500,10500,0,0,0,HARRIS,5:33,1985,1985,"E24C,","SP,",7,"E2,","E,",YARD,Texas,31.827233,-99.423022,5,Morning
Derailments,1985:05:SP:W6505,0,0,6500,42000,4,4,0,HARRIS,8:15,1985,1985,"T110,","SP,",1,"T1,","T,",MAIN,Texas,31.827233,-99.423022,8,Morning
Derailments,1985:05:BN:FW226,0,0,0,7450,0,0,0,GRIMES,5:05,1985,1985,"T314,","BN,",1,"T3,","T,",SIDING,Texas,31.827233,-99.423022,5,Morning
Derailments,1985:05:MP:554450055,0,2,4500,2800,3,0,0,ZAVALA,11:10,1985,1985,"T202,","MP,",1,"T2,","T,",MAIN,Texas,31.827233,-99.423022,11,Morning
Derailments,1985:03:MP:85047,0,0,814,13100,0,0,0,ORANGE,10:00,1985,1985,"T110,","MP,",7,"T1,","T,",MAIN,Texas,31.827233,-99.423022,10,Morning
Derailments,1985:06:BN:FW239,0,0,7600,118450,2,1,1,HARTLEY,8:15,1985,1985,"H521,","BN,",1,"H5,","H,",MAIN,Texas,31.827233,-99.423022,8,Morning
Derailments,1985:03:KCS:337896,0,0,3498,5000,0,0,0,JEFFERSON,7:30,1985,1985,"T222,","KCS,",7,"T2,","T,",YARD,Texas,31.827233,-99.423022,7,Morning
Derailments,1985:03:BN:FW131,0,0,1500,7350,0,0,0,TARRANT,5:30,1985,1985,"H505,","BN,",7,"H5,","H,",YARD,Texas,31.827233,-99.423022,5,Morning
Derailments,1985:05:BN:FW204,0,0,500,20600,0,0,0,TARRANT,8:10,1985,1985,"T001,","BN,",7,"T0,","T,",YARD,Texas,31.827233,-99.423022,8,Morning
Side collision,1985:03:MP:85056,0,0,0,10500,0,0,0,TARRANT,5:00,1985,1985,"H702,","MP,",17,"H7,","H,",YARD,Texas,31.827233,-99.423022,5,Morning
Other impacts,1985:06:BN:FW310,0,0,0,28799,0,0,0,TARRANT,11:50,1985,1985,"H025,","BN,",76,"H0,","H,",YARD,Texas,31.827233,-99.423022,11,Morning
Derailments,1985:02:SP:W1445,0,0,4000,2200,0,0,0,HARRIS,10:10,1985,1985,"T307,","SP,",7,"T3,","T,",YARD,Texas,31.827233,-99.423022,10,Morning
Derailments,1985:03:BN:FW121,0,0,300,7050,0,0,0,TARRANT,9:30,1985,1985,"T001,","BN,",7,"T0,","T,",YARD,Texas,31.827233,-99.423022,9,Morning
Raking collision,1985:09:MKT:AX81S1,0,0,0,9800,0,0,0,DALLAS,8:35,1985,1985,"H302,","MKT,",76,"H3,","H,",YARD,Texas,31.827233,-99.423022,8,Morning
Derailments,1985:06:SP:U3545,0,0,11500,24400,0,0,0,CALDWELL,10:25,1985,1985,"E30C,","SP,",1,"E3,","E,",MAIN,Texas,31.827233,-99.423022,10,Morning
Derailments,1985:08:OKT:AX140,0,0,0,15250,0,0,0,TARRANT,11:50,1985,1985,"E40C,","OKT,",1,"E4,","E,",MAIN,Texas,31.827233,-99.423022,11,Morning
Derailments,1985:07:SSW:K4415,0,0,75000,12050,0,0,0,CAMP,11:30,1985,1985,"E00C,","SSW,",1,"E0,","E,",MAIN,Texas,31.827233,-99.423022,11,Morning