AccidentType,inckey,Fatalities,Injuries,TrackDamage,EquipmentDamage,HazmatCars,HazmatCarsDerailed,HazmatCarsReleasing,County,DisplayTime,calendar,Fiscal,AccidentCause,RailroadCodes,RAILEQUIPMENT_TYPE,CauseGroup,CauseDiscipline,TYPE_OF_TRACK,StateName,latitude,longitude,hour,cat
Derailments,1985:07:SP:X0495,0,0,8000,0,0,0,0,HARRIS,7:00,1985,1985,"T402,","SP,",7,"T4,","T,",YARD,Texas,31.827233,-99.423022,7,Morning
Derailments,1985:08:BN:FW432,0,0,300,15250,0,0,0,WICHITA,11:10,1985,1985,"T314,","BN,",57,"T3,","T,",YARD,Texas,31.827233,-99.423022,11,Morning
Derailments,1985:06:MKT:AX53S,0,0,7600,2000,0,0,0,DALLAS,9:30,1985,1985,"T110,","MKT,",7,"T1,","T,",YARD,Texas,31.827233,-99.423022,9,Morning
Derailments,1985:09:SP:X5255,0,0,3000,5625,0,0,0,HARRIS,6:15,1985,1985,"T111,","SP,",7,"T1,","T,",YARD,Texas,31.827233,-99.423022,6,Morning
Derailments,1985:08:ATSF:220885102,0,0,8000,6770,0,0,0,COOKE,10:20,1985,1985,"T399,","ATSF,",1,"T3,","T,",YARD,Texas,31.827233,-99.423022,10,Morning
Derailments,1985:07:MKT:AX67S,0,0,10500,2400,0,0,0,DALLAS,8:05,1985,1985,"T220,","MKT,",1,"T2,","T,",MAIN,Texas,31.827233,-99.423022,8,Morning
Highway-rail impact,1985:08:ATSF:230885101,0,2,30000,167600,0,0,0,BURLESON,10:21,1985,1985,"M399,","ATSF,",1,"M3,","M,",MAIN,Texas,31.827233,-99.423022,10,Morning
Other impacts,1985:06:SP:W8465,0,0,0,22000,0,0,0,HARRIS,7:15,1985,1985,"M599,","SP,",7,"M5,","M,",YARD,Texas,31.827233,-99.423022,7,Morning
Raking collision,1985:09:MKT:AX84S1,0,0,0,20500,0,0,0,DALLAS,6:50,1985,1985,"H401,","MKT,",67,"H4,","H,",YARD,Texas,31.827233,-99.423022,6,Morning
Derailments,1985:07:BN:FW314,0,0,3500,2000,0,0,0,HARDEMAN,10:30,1985,1985,"E53C,","BN,",1,"E5,","E,",MAIN,Texas,31.827233,-99.423022,10,Morning
Other impacts,1985:11:LA:334506,0,0,160,26000,0,0,0,CASS,9:30,1985,1986,"H022,","LA,",7,"H0,","H,",YARD,Texas,31.827233,-99.423022,9,Morning
Derailments,1985:06:HBT:AX1F85,0,0,6205,1600,0,0,0,HARRIS,8:00,1985,1985,"T314,","HBT,",7,"T3,","T,",YARD,Texas,31.827233,-99.423022,8,Morning
Derailments,1985:06:SP:F5715,0,0,8000,50,0,0,0,JEFFERSON,6:30,1985,1985,"T101,","SP,",7,"T1,","T,",YARD,Texas,31.827233,-99.423022,6,Morning
Derailments,1985:08:SSW:K5185,0,0,3000,12400,2,2,2,SMITH,9:05,1985,1985,"T110,","SSW,",7,"T1,","T,",YARD,Texas,31.827233,-99.423022,9,Morning
Derailments,1985:07:MP:85143,0,0,13000,19700,3,0,0,BRAZORIA,9:30,1985,1985,"M405,","MP,",7,"M4,","M,",MAIN,Texas,31.827233,-99.423022,9,Morning
Side collision,1985:07:PTRA:JULY0185,0,0,0,10400,0,0,0,HARRIS,5:20,1985,1985,"H702,","PTRA,",67,"H7,","H,",INDUSTRY,Texas,31.827233,-99.423022,5,Morning
Derailments,1985:09:MP:85156,0,0,500,6000,0,0,0,MONTGOMERY,9:35,1985,1985,"T199,","MP,",7,"T1,","T,",SIDING,Texas,31.827233,-99.423022,9,Morning
Derailments,1985:08:BN:TU347,0,0,250,12500,0,0,0,LAMAR,11:45,1985,1985,"H601,","BN,",1,"H6,","H,",MAIN,Texas,31.827233,-99.423022,11,Morning
Derailments,1985:07:SP:X0405,0,0,16000,0,0,0,0,HARRIS,10:50,1985,1985,"T402,","SP,",7,"T4,","T,",YARD,Texas,31.827233,-99.423022,10,Morning
Derailments,1985:12:MKT:AX118S,0,0,1600,5570,0,0,0,MCLENNAN,11:30,1985,1986,"T110,","MKT,",7,"T1,","T,",YARD,Texas,31.827233,-99.423022,11,Morning
Derailments,1985:12:SP:X8755,0,0,5000,10600,0,0,0,HARRIS,7:40,1985,1986,"T110,","SP,",1,"T1,","T,",YARD,Texas,31.827233,-99.423022,7,Morning
Derailments,1985:10:SP:U6525,0,0,90000,211000,7,7,0,BURLESON,6:15,1985,1986,"E24C,","SP,",1,"E2,","E,",MAIN,Texas,31.827233,-99.423022,6,Morning
Derailments,1985:12:ATSF:231285101,0,0,15000,277300,1,1,0,LIBERTY,7:15,1985,1986,"T215,","ATSF,",1,"T2,","T,",MAIN,Texas,31.827233,-99.423022,7,Morning
Derailments,1985:12:SP:X8625,0,0,13800,3000,0,0,0,HARRIS,7:40,1985,1986,"T110,","SP,",7,"T1,","T,",YARD,Texas,31.827233,-99.423022,7,Morning
Other impacts,1985:11:BN:FW508,0,0,0,20000,0,0,0,WISE,10:30,1985,1986,"H402,","BN,",5,"H4,","H,",MAIN,Texas,31.827233,-99.423022,10,Morning
Derailments,1985:08:MKT:AX71S,0,0,20600,104506,0,0,0,MCLENNAN,8:00,1985,1985,"T101,","MKT,",1,"T1,","T,",MAIN,Texas,31.827233,-99.423022,8,Morning
Derailments,1986:01:MKT:AX1S,0,0,15700,53600,0,0,0,GRAYSON,5:40,1986,1986,"T210,","MKT,",1,"T2,","T,",MAIN,Texas,31.827233,-99.423022,5,Morning
Derailments,1985:10:MKT:AX92S,0,0,9600,6400,0,0,0,DALLAS,7:00,1985,1986,"T110,","MKT,",7,"T1,","T,",YARD,Texas,31.827233,-99.423022,7,Morning
Side collision,1986:01:UP:0186RR204,0,0,150,11700,0,0,0,COMAL,11:00,1986,1986,"H099,","UP,",76,"H0,","H,",SIDING,Texas,31.827233,-99.423022,11,Morning
Derailments,1985:11:SP:U7275,0,0,13800,0,0,0,0,UVALDE,11:00,1985,1986,"T221,","SP,",NA,"T2,","T,",MAIN,Texas,31.827233,-99.423022,11,Morning
Derailments,1985:12:SP:X8765,0,0,1200,9125,0,0,0,HARRIS,7:45,1985,1986,"T299,","SP,",1,"T2,","T,",YARD,Texas,31.827233,-99.423022,7,Morning
Derailments,1985:08:MP:85149,0,0,800,7350,0,0,0,COOKE,9:30,1985,1985,"T314,","MP,",1,"T3,","T,",YARD,Texas,31.827233,-99.423022,9,Morning
Other impacts,1985:12:TEXC:121085,0,0,0,10000,0,0,0,ERATH,6:30,1985,1986,"E09L,","TEXC,",1,"E0,","E,",SIDING,Texas,31.827233,-99.423022,6,Morning
Derailments,1985:10:SP:X6485,0,0,4000,11200,1,1,0,HARRIS,5:40,1985,1986,"T110,T111,","SP,",7,"T1,","T,",SIDING,Texas,31.827233,-99.423022,5,Morning
Derailments,1986:01:UP:0186RG203,0,0,14200,206800,0,0,0,WILLIAMSON,7:20,1986,1986,"E52C,","UP,",1,"E5,","E,",MAIN,Texas,31.827233,-99.423022,7,Morning
Derailments,1985:12:SSW:M4825,0,0,10000,4000,0,0,0,DALLAM,8:20,1985,1986,"T220,","SSW,",1,"T2,","T,",YARD,Texas,31.827233,-99.423022,8,Morning
Derailments,1985:12:SP:U8045,0,0,28000,80200,0,0,0,CALDWELL,7:05,1985,1986,"E33C,","SP,",1,"E3,","E,",MAIN,Texas,31.827233,-99.423022,7,Morning
Derailments,1986:02:MKT:AX5S,0,0,1250,27250,0,0,0,BASTROP,10:40,1986,1986,"H503,","MKT,",1,"H5,","H,",YARD,Texas,31.827233,-99.423022,10,Morning
Derailments,1986:06:ATSF:230686103,0,0,35000,517700,0,0,0,FORT BEND,7:53,1986,1986,"E53C,","ATSF,",1,"E5,","E,",MAIN,Texas,31.827233,-99.423022,7,Morning
Derailments,1986:06:MKT:AX27S,0,0,11000,2400,0,0,0,DALLAS,6:00,1986,1986,"T110,","MKT,",7,"T1,","T,",YARD,Texas,31.827233,-99.423022,6,Morning
Side collision,1986:02:ATSF:230286102,0,0,0,11000,0,0,0,HARDIN,8:50,1986,1986,"H401,","ATSF,",7,"H4,","H,",YARD,Texas,31.827233,-99.423022,8,Morning
Other impacts,1986:03:SP:W2476,0,0,300,11000,0,0,0,HARRIS,6:30,1986,1986,"H702,","SP,",7,"H7,","H,",YARD,Texas,31.827233,-99.423022,6,Morning
Raking collision,1986:02:HBT:AX1B86,0,0,15946,2700,7,0,0,HARRIS,5:30,1986,1986,"H306,","HBT,",67,"H3,","H,",YARD,Texas,31.827233,-99.423022,5,Morning
Derailments,1986:06:BN:TU216,0,0,13000,191000,0,0,0,MADISON,11:30,1986,1986,"E53C,","BN,",1,"E5,","E,",MAIN,Texas,31.827233,-99.423022,11,Morning
Derailments,1986:05:UP:0586NO205,0,0,400,7800,2,0,0,JEFFERSON,8:00,1986,1986,"T399,","UP,",7,"T3,","T,",YARD,Texas,31.827233,-99.423022,8,Morning
Derailments,1986:02:SP:U0796,0,0,10300,0,0,0,0,DALLAS,10:40,1986,1986,"T110,M203,","SP,",1,"T1,M2,","T,M,",MAIN,Texas,31.827233,-99.423022,10,Morning
Highway-rail impact,1986:05:SP:U2166,0,0,50000,0,0,0,0,COLLIN,11:30,1986,1986,"M399,","SP,",1,"M3,","M,",MAIN,Texas,31.827233,-99.423022,11,Morning
Rear end collision,1986:02:MKT:AX6S,0,0,0,22500,0,0,0,TARRANT,8:05,1986,1986,"H702,","MKT,",57,"H7,","H,",MAIN,Texas,31.827233,-99.423022,8,Morning
Derailments,1986:03:SP:W2286,0,0,800,12300,0,0,0,HARRIS,8:35,1986,1986,"M409,","SP,",7,"M4,","M,",INDUSTRY,Texas,31.827233,-99.423022,8,Morning
Derailments,1986:05:SP:W4226,0,0,80000,1500,0,0,0,ROBERTSON,8:35,1986,1986,"T101,","SP,",1,"T1,","T,",MAIN,Texas,31.827233,-99.423022,8,Morning
Derailments,1986:05:ATSF:200586104,0,0,37900,96500,0,0,0,GRAY,5:05,1986,1986,"T107,E49C,","ATSF,",1,"T1,E4,","T,E,",MAIN,Texas,31.827233,-99.423022,5,Morning
Derailments,1986:07:SP:W5776,0,0,0,13550,9,9,0,HARRIS,11:15,1986,1986,"T111,","SP,",7,"T1,","T,",YARD,Texas,31.827233,-99.423022,11,Morning
Derailments,1986:04:ATSF:230486101,0,0,44000,332000,0,0,0,GALVESTON,10:50,1986,1986,"E53C,","ATSF,",1,"E5,","E,",MAIN,Texas,31.827233,-99.423022,10,Morning
Derailments,1985:12:SP:U8115,0,0,6000,0,0,0,0,TARRANT,11:10,1985,1986,"H503,","SP,",NA,"H5,","H,",YARD,Texas,31.827233,-99.423022,11,Morning
Derailments,1986:03:UP:0386RR205,0,0,67884,4500,3,0,0,BOWIE,6:30,1986,1986,"M501,","UP,",1,"M5,","M,",MAIN,Texas,31.827233,-99.423022,6,Morning
Derailments,1986:04:UP:0486RR206,0,0,15000,198743,0,0,0,LEON,8:00,1986,1986,"E29C,","UP,",1,"E2,","E,",MAIN,Texas,31.827233,-99.423022,8,Morning
Derailments,1986:03:MKT:AX11S,0,0,700,43500,0,0,0,FALLS,6:00,1986,1986,"E32C,","MKT,",1,"E3,","E,",MAIN,Texas,31.827233,-99.423022,6,Morning
Side collision,1986:09:MKT:AX56S,0,0,0,20400,0,0,0,TARRANT,8:25,1986,1986,"H099,","MKT,",7,"H0,","H,",YARD,Texas,31.827233,-99.423022,8,Morning
Derailments,1986:09:SP:W7636,0,0,6991,51000,2,2,0,HARRIS,9:10,1986,1986,"T001,","SP,",7,"T0,","T,",YARD,Texas,31.827233,-99.423022,9,Morning
Derailments,1986:08:MKT:AX47S,0,0,900,19150,0,0,0,GRAYSON,5:25,1986,1986,"T101,","MKT,",7,"T1,","T,",YARD,Texas,31.827233,-99.423022,5,Morning
Derailments,1986:06:SP:W5106,0,0,2750,4825,0,0,0,HARRIS,9:00,1986,1986,"T001,","SP,",7,"T0,","T,",YARD,Texas,31.827233,-99.423022,9,Morning
Broken train collision,1986:08:UP:0886TX203,0,0,0,17400,0,0,0,TARRANT,5:25,1986,1986,"E30C,","UP,",76,"E3,","E,",MAIN,Texas,31.827233,-99.423022,5,Morning
Derailments,1986:07:KCS:337871,0,0,345,10000,0,0,0,JEFFERSON,7:15,1986,1986,"T314,","KCS,",7,"T3,","T,",YARD,Texas,31.827233,-99.423022,7,Morning
Rear end collision,1986:06:MKT:AX28S1,0,0,700,9200,0,0,0,WICHITA,10:00,1986,1986,"H601,","MKT,",67,"H6,","H,",YARD,Texas,31.827233,-99.423022,10,Morning
Derailments,1986:08:BN:TU358,0,0,500,12500,0,0,0,TARRANT,10:15,1986,1986,"H505,","BN,MKT,",7,"H5,","H,",MAIN,Texas,31.827233,-99.423022,10,Morning
Derailments,1986:09:SP:W7786,0,0,500,8500,0,0,0,HARRIS,9:15,1986,1986,"T110,","SP,",7,"T1,","T,",MAIN,Texas,31.827233,-99.423022,9,Morning
Derailments,1986:06:SP:W5146,0,0,700,5625,0,0,0,HARRIS,10:10,1986,1986,"E46C,","SP,",1,"E4,","E,",INDUSTRY,Texas,31.827233,-99.423022,10,Morning
Derailments,1986:06:SP:F3936,0,0,5000,22000,2,2,0,JEFFERSON,5:30,1986,1986,"T220,","SP,",1,"T2,","T,",YARD,Texas,31.827233,-99.423022,5,Morning
Highway-rail impact,1986:07:SSW:K2626,1,0,40000,27500,0,0,0,COLLIN,8:43,1986,1986,"M399,","SSW,",1,"M3,","M,",MAIN,Texas,31.827233,-99.423022,8,Morning
Head on collision,1986:07:LA:338958,0,6,556,5365,0,0,0,HOPKINS,8:20,1986,1986,"H603,","LA,",1,"H6,","H,",MAIN,Texas,31.827233,-99.423022,8,Morning
Derailments,1986:10:BN:TU544,0,0,76200,60300,0,0,0,FLOYD,6:20,1986,1987,"E64C,","BN,",1,"E6,","E,",MAIN,Texas,31.827233,-99.423022,6,Morning
Highway-rail impact,1986:07:ATSF:200786101,0,1,200,10200,21,0,0,LIPSCOMB,9:10,1986,1986,"M399,","ATSF,",1,"M3,","M,",MAIN,Texas,31.827233,-99.423022,9,Morning
Derailments,1986:08:SP:W6856,0,0,4000,2500,0,0,0,VICTORIA,7:03,1986,1986,"T220,","SP,",1,"T2,","T,",YARD,Texas,31.827233,-99.423022,7,Morning
Derailments,1986:06:SP:W4966,0,0,15000,20875,2,2,0,HARRIS,5:40,1986,1986,"M405,T001,","SP,",1,"M4,T0,","M,T,",YARD,Texas,31.827233,-99.423022,5,Morning
Obstruction impact,1986:06:SSW:K2446,0,2,0,32000,0,0,0,HOPKINS,10:45,1986,1986,"H402,","SSW,",15,"H4,","H,",MAIN,Texas,31.827233,-99.423022,10,Morning
Derailments,1986:09:SP:W7706,0,0,1500,13300,0,0,0,HARRIS,9:00,1986,1986,"T221,","SP,",7,"T2,","T,",YARD,Texas,31.827233,-99.423022,9,Morning
Derailments,1986:08:MKT:AX44S,0,0,0,9500,0,0,0,TARRANT,11:10,1986,1986,"H503,","BN,MKT,",1,"H5,","H,",MAIN,Texas,31.827233,-99.423022,11,Morning
Derailments,1986:08:MKT:AX52S,0,0,178000,1217863,0,0,0,HILL,11:30,1986,1986,"H503,","MKT,",1,"H5,","H,",MAIN,Texas,31.827233,-99.423022,11,Morning
Rear end collision,1986:09:MKT:AX55S,0,2,0,29000,0,0,0,WILLIAMSON,6:30,1986,1986,"H201,","MKT,",18,"H2,","H,",MAIN,Texas,31.827233,-99.423022,6,Morning
Derailments,1986:06:MKT:AX31S1,0,0,4300,11200,0,0,0,DALLAS,8:10,1986,1986,"T110,","MKT,",67,"T1,","T,",YARD,Texas,31.827233,-99.423022,8,Morning
Derailments,1986:09:UP:0986GU205,0,0,500,17500,2,0,0,VICTORIA,11:45,1986,1986,"T110,","UP,",1,"T1,","T,",INDUSTRY,Texas,31.827233,-99.423022,11,Morning
Derailments,1986:09:ATSF:230986101,0,0,35000,263600,0,0,0,BELL,5:05,1986,1986,"E53C,","ATSF,",1,"E5,","E,",MAIN,Texas,31.827233,-99.423022,5,Morning
Side collision,1986:06:MKT:AX33S1,0,0,0,13100,0,0,0,TARRANT,8:30,1986,1986,"H018,","MKT,",67,"H0,","H,",YARD,Texas,31.827233,-99.423022,8,Morning
Derailments,1986:08:HBT:AX1H86,0,0,300,7700,4,0,0,HARRIS,8:40,1986,1986,"E32C,","HBT,",7,"E3,","E,",YARD,Texas,31.827233,-99.423022,8,Morning
Other impacts,1986:07:SP:W5916,0,0,0,6800,1,0,0,GALVESTON,9:15,1986,1986,"H018,","SP,",1,"H0,","H,",MAIN,Texas,31.827233,-99.423022,9,Morning
Derailments,1986:06:SP:W5076,0,0,2150,15600,0,0,0,HARRIS,10:00,1986,1986,"M405,","SP,",7,"M4,","M,",INDUSTRY,Texas,31.827233,-99.423022,10,Morning
Derailments,1986:06:KCS:337869,0,0,600,41070,0,0,0,JEFFERSON,10:50,1986,1986,"T308,","KCS,",7,"T3,","T,",YARD,Texas,31.827233,-99.423022,10,Morning
Derailments,1986:06:SP:W5096,0,0,4800,12625,0,0,0,HARRIS,8:25,1986,1986,"T314,","SP,",1,"T3,","T,",YARD,Texas,31.827233,-99.423022,8,Morning
Derailments,1986:11:MKT:AX66S,0,0,8000,12645,0,0,0,GRAYSON,7:40,1986,1987,"H503,T110,","MKT,",1,"H5,T1,","H,T,",MAIN,Texas,31.827233,-99.423022,7,Morning
Derailments,1986:12:GHH:883,0,0,5000,5210,0,0,0,BRAZORIA,8:30,1986,1987,"T110,","ATSF,GHH,",1,"T1,","T,",YARD,Texas,31.827233,-99.423022,8,Morning
Derailments,1987:01:UP:0187GU207,0,0,800,6000,0,0,0,ANDERSON,11:40,1987,1987,"M503,","UP,",6,"M5,","M,",SIDING,Texas,31.827233,-99.423022,11,Morning
Derailments,1987:01:UP:0187TX204,0,0,2500,12400,0,0,0,TARRANT,10:10,1987,1987,"M407,","UP,",6,"M4,","M,",YARD,Texas,31.827233,-99.423022,10,Morning
Derailments,1986:10:UP:1086TX201,0,0,26000,69050,0,0,0,RAINS,5:44,1986,1987,"E19C,","UP,",1,"E1,","E,",MAIN,Texas,31.827233,-99.423022,5,Morning
Highway-rail impact,1986:11:ATSF:221186102,0,2,11000,183841,0,0,0,ERATH,9:40,1986,1987,"M399,","ATSF,",1,"M3,","M,",MAIN,Texas,31.827233,-99.423022,9,Morning
Derailments,1986:11:SP:U4236,0,0,45000,68550,0,0,0,VAL VERDE,11:40,1986,1987,"E99C,","SP,",1,"E9,","E,",MAIN,Texas,31.827233,-99.423022,11,Morning
Derailments,1986:12:SP:X0836,0,0,4280,1600,4,4,0,HARRIS,5:30,1986,1987,"T001,","SP,",1,"T0,","T,",MAIN,Texas,31.827233,-99.423022,5,Morning
Derailments,1987:01:SP:S0347,0,0,5000,14000,4,4,0,EL PASO,5:55,1987,1987,"T001,","SP,",1,"T0,","T,",YARD,Texas,31.827233,-99.423022,5,Morning
Highway-rail impact,1986:12:BN:TU670,0,1,400,10000,0,0,0,WICHITA,8:45,1986,1987,"M399,","BN,",1,"M3,","M,",MAIN,Texas,31.827233,-99.423022,8,Morning
Derailments,1986:12:MKT:AX70S,0,0,26528,69800,0,0,0,GRAYSON,6:40,1986,1987,"T108,","MKT,",1,"T1,","T,",MAIN,Texas,31.827233,-99.423022,6,Morning
Other impacts,1987:03:ATSF:230387102,0,0,0,60571,0,0,0,SHELBY,8:30,1987,1987,"H402,","ATSF,",51,"H4,","H,",MAIN,Texas,31.827233,-99.423022,8,Morning
Derailments,1986:11:AUNW:D0004,0,0,8500,0,0,0,0,TRAVIS,9:25,1986,1987,"T110,H503,","AUNW,",1,"T1,H5,","T,H,",MAIN,Texas,31.827233,-99.423022,9,Morning
Derailments,1986:11:ATSF:221186101,0,0,25000,9825,0,0,0,COOKE,6:15,1986,1987,"H503,","ATSF,",1,"H5,","H,",SIDING,Texas,31.827233,-99.423022,6,Morning
Derailments,1986:11:SP:S7626,0,0,8500,13800,0,0,0,EL PASO,11:40,1986,1987,"T110,","SP,",1,"T1,","T,",YARD,Texas,31.827233,-99.423022,11,Morning
Derailments,1987:02:UP:0287GU209,0,0,10500,145500,3,0,0,LEON,11:15,1987,1987,"E43C,","UP,",1,"E4,","E,",MAIN,Texas,31.827233,-99.423022,11,Morning
Derailments,1987:02:UP:0287TX204,0,0,6400,15300,3,1,0,TARRANT,6:35,1987,1987,"T314,","UP,",7,"T3,","T,",YARD,Texas,31.827233,-99.423022,6,Morning
Derailments,1986:12:BN:TU661,0,0,20000,76000,0,0,0,WICHITA,8:41,1986,1987,"E30C,","BN,",1,"E3,","E,",MAIN,Texas,31.827233,-99.423022,8,Morning
Other impacts,1987:01:ATSF:220187101,0,0,0,87000,0,0,0,DENTON,9:10,1987,1987,"H702,","ATSF,",51,"H7,","H,",MAIN,Texas,31.827233,-99.423022,9,Morning
Derailments,1986:10:SP:W8466,0,0,12000,300,0,0,0,HARRIS,9:00,1986,1987,"T202,","SP,",7,"T2,","T,",YARD,Texas,31.827233,-99.423022,9,Morning
Other impacts,1987:01:SP:U0067,0,0,0,27068,0,0,0,KINNEY,9:30,1987,1987,"H601,","SP,",1,"H6,","H,",MAIN,Texas,31.827233,-99.423022,9,Morning
Derailments,1986:11:MKT:AX65S,0,0,2020,59680,0,0,0,GRAYSON,6:35,1986,1987,"T110,","MKT,",1,"T1,","T,",MAIN,Texas,31.827233,-99.423022,6,Morning
Derailments,1987:03:ATSF:230387101,0,0,4000,11500,0,0,0,JASPER,7:10,1987,1987,"T308,T311,","ATSF,",4,"T3,","T,",YARD,Texas,31.827233,-99.423022,7,Morning
Derailments,1986:10:SP:W8656,0,0,50,25000,0,0,0,HARRIS,9:55,1986,1987,"M407,","SP,",7,"M4,","M,",YARD,Texas,31.827233,-99.423022,9,Morning
Derailments,1986:12:SP:X0746,0,0,16000,73600,0,0,0,BEE,10:25,1986,1987,"T102,","SP,",1,"T1,","T,",MAIN,Texas,31.827233,-99.423022,10,Morning
Derailments,1986:11:SP:W9746,0,0,400,28000,0,0,0,HARRIS,11:35,1986,1987,"T110,T111,","SP,",7,"T1,","T,",YARD,Texas,31.827233,-99.423022,11,Morning
Derailments,1987:01:OKKT:AX5O,0,0,42200,8000,3,0,0,TARRANT,10:00,1987,1987,"T110,M201,","BN,OKKT,",1,"T1,M2,","T,M,",MAIN,Texas,31.827233,-99.423022,10,Morning
Derailments,1986:12:SP:X0936,0,0,1100,39000,0,0,0,HARRIS,5:50,1986,1987,"M407,","SP,",6,"M4,","M,",YARD,Texas,31.827233,-99.423022,5,Morning
Derailments,1986:12:SP:X1036,0,0,7000,9000,0,0,0,HARRIS,6:00,1986,1987,"T110,T001,","SP,",7,"T1,T0,","T,",YARD,Texas,31.827233,-99.423022,6,Morning
Derailments,1986:12:MKT:AX71S,0,0,6700,80000,0,0,0,DALLAS,10:10,1986,1987,"T202,T220,","LA,MKT,",1,"T2,","T,",YARD,Texas,31.827233,-99.423022,10,Morning
Derailments,1986:10:SSW:K3806,0,0,345000,124600,0,0,0,HUNT,11:05,1986,1987,"T101,H999,","BN,SSW,",1,"T1,H9,","T,H,",MAIN,Texas,31.827233,-99.423022,11,Morning
Side collision,1986:12:MKT:AX67N,0,0,0,15000,0,0,0,GRAYSON,9:40,1986,1987,"H021,","MKT,",6,"H0,","H,",YARD,Texas,31.827233,-99.423022,9,Morning
Derailments,1987:02:SSW:K0437,0,0,2000,12400,0,0,0,TARRANT,10:30,1987,1987,"T110,","SSW,",1,"T1,","T,",YARD,Texas,31.827233,-99.423022,10,Morning
Side collision,1987:04:ATSF:200487102,0,0,300,40600,1,1,0,HALE,5:30,1987,1987,"H306,","ATSF,",16,"H3,","H,",YARD,Texas,31.827233,-99.423022,5,Morning
Derailments,1987:04:UP:0487TX203,0,0,13840,2650,2,0,0,TARRANT,10:30,1987,1987,"T303,","UP,",1,"T3,","T,",MAIN,Texas,31.827233,-99.423022,10,Morning
Derailments,1987:04:SP:W2937,0,0,1550,21000,0,0,0,HARRIS,10:47,1987,1987,"T399,","SP,",1,"T3,","T,",YARD,Texas,31.827233,-99.423022,10,Morning
Other impacts,1987:03:PTRA:MAR0187,0,0,0,6500,0,0,0,HARRIS,9:10,1987,1987,"H999,","PTRA,",7,"H9,","H,",YARD,Texas,31.827233,-99.423022,9,Morning
Derailments,1987:03:KCS:342912,0,0,52,82060,0,0,0,BOWIE,10:45,1987,1987,"H099,","KCS,",1,"H0,","H,",MAIN,Texas,31.827233,-99.423022,10,Morning
Side collision,1987:05:HBT:AX1E87,0,0,0,9200,2,0,0,HARRIS,5:00,1987,1987,"H101,H401,","HBT,",71,"H1,H4,H1,H4,","H,",YARD,Texas,31.827233,-99.423022,5,Morning
Derailments,1987:05:PTRA:MAY0187,0,0,5000,15000,0,0,0,HARRIS,11:20,1987,1987,"T222,","PTRA,",7,"T2,","T,",SIDING,Texas,31.827233,-99.423022,11,Morning
Derailments,1987:05:ATSF:230587101,0,0,25000,39000,0,0,0,BROWN,6:30,1987,1987,"E53C,","ATSF,",1,"E5,","E,",MAIN,Texas,31.827233,-99.423022,6,Morning
Derailments,1987:05:SP:W4167,0,0,700,21000,0,0,0,HARRIS,10:30,1987,1987,"T311,","SP,",1,"T3,","T,",YARD,Texas,31.827233,-99.423022,10,Morning
Other impacts,1987:03:SP:W2147,0,0,0,6000,0,0,0,HARRIS,5:30,1987,1987,"H702,","SP,",7,"H7,","H,",SIDING,Texas,31.827233,-99.423022,5,Morning
Derailments,1987:03:MKT:AX15S,0,0,6000,17200,0,0,0,MCLENNAN,6:15,1987,1987,"H604,H699,","MKT,UP,",1,"H6,","H,",SIDING,Texas,31.827233,-99.423022,6,Morning
Head on collision,1987:06:BN:TU327,2,4,0,97500,3,0,0,COLLIN,5:45,1987,1987,"H702,","BN,",81,"H7,","H,",SIDING,Texas,31.827233,-99.423022,5,Morning
Highway-rail impact,1987:07:AUNW:GC0006,0,1,0,10000,0,0,0,TRAVIS,8:50,1987,1987,"M399,","AUNW,",1,"M3,","M,",MAIN,Texas,31.827233,-99.423022,8,Morning
Derailments,1987:06:KCS:439378,0,0,2235,5450,0,0,0,JEFFERSON,5:15,1987,1987,"T106,","KCS,",1,"T1,","T,",YARD,Texas,31.827233,-99.423022,5,Morning
Side collision,1987:03:SSW:M0507,0,0,15000,25000,0,0,0,DALLAM,11:45,1987,1987,"H306,","SSW,",71,"H3,","H,",MAIN,Texas,31.827233,-99.423022,11,Morning
Other impacts,1987:06:UP:0687TX205,0,0,3500,39150,0,0,0,TARRANT,5:30,1987,1987,"H306,","UP,",7,"H3,","H,",YARD,Texas,31.827233,-99.423022,5,Morning
Derailments,1987:03:SP:W1877,0,0,800,18000,0,0,0,COLORADO,7:30,1987,1987,"T110,","SP,",1,"T1,","T,",YARD,Texas,31.827233,-99.423022,7,Morning
Other impacts,1987:08:UP:0887GU202,0,0,1650,9500,0,0,0,HARRIS,11:30,1987,1987,"H306,","UP,",6,"H3,","H,",YARD,Texas,31.827233,-99.423022,11,Morning
Derailments,1987:03:OKKT:AX14O,0,0,8000,20000,0,0,0,TARRANT,8:05,1987,1987,"T101,","OKKT,",1,"T1,","T,",MAIN,Texas,31.827233,-99.423022,8,Morning
Side collision,1987:06:PTRA:JUNE0287,0,0,1000,26000,4,0,0,HARRIS,8:30,1987,1987,"H310,","PTRA,",7,"H3,","H,",YARD,Texas,31.827233,-99.423022,8,Morning
Derailments,1987:03:UP:0387TX202,0,0,200,10500,0,0,0,TARRANT,7:50,1987,1987,"E08C,","UP,",5,"E0,","E,",YARD,Texas,31.827233,-99.423022,7,Morning