AccidentType,inckey,Fatalities,Injuries,TrackDamage,EquipmentDamage,HazmatCars,HazmatCarsDerailed,HazmatCarsReleasing,County,DisplayTime,calendar,Fiscal,AccidentCause,RailroadCodes,RAILEQUIPMENT_TYPE,CauseGroup,CauseDiscipline,TYPE_OF_TRACK,StateName,latitude,longitude,hour,cat
Derailments,1987:03:SP:W2187,0,0,0,6000,0,0,0,HARRIS,8:50,1987,1987,"M407,","SP,",7,"M4,","M,",YARD,Texas,31.827233,-99.423022,8,Morning
Side collision,1987:05:ATSF:220587101,0,1,0,38000,1,0,0,NOLAN,8:05,1987,1987,"H025,H306,","ATSF,UP,",51,"H0,H3,","H,",SIDING,Texas,31.827233,-99.423022,8,Morning
Highway-rail impact,1987:03:UP:0387GU016,0,1,0,69843,0,0,0,COMAL,10:20,1987,1987,"M399,","UP,",5,"M3,","M,",MAIN,Texas,31.827233,-99.423022,10,Morning
Side collision,1987:06:PTRA:JUNE0187,0,0,700,20000,0,0,0,HARRIS,10:30,1987,1987,"H601,","PTRA,",67,"H6,","H,",YARD,Texas,31.827233,-99.423022,10,Morning
Derailments,1987:03:MKT:AX13S1,0,0,2900,18400,0,0,0,DALLAS,9:25,1987,1987,"T101,","MKT,",67,"T1,","T,",YARD,Texas,31.827233,-99.423022,9,Morning
Derailments,1987:06:MKT:AX26S,0,0,2007,6250,0,0,0,FANNIN,8:20,1987,1987,"E64C,T222,","MKT,",1,"E6,T2,","E,T,",SIDING,Texas,31.827233,-99.423022,8,Morning
Derailments,1987:09:SP:W7377,0,0,12000,777,0,0,0,HARRIS,6:30,1987,1987,"T314,","SP,",7,"T3,","T,",INDUSTRY,Texas,31.827233,-99.423022,6,Morning
Derailments,1987:09:PTRA:SEPT0187,0,0,1500,6500,0,0,0,HARRIS,6:30,1987,1987,"H799,","PTRA,",7,"H7,","H,",YARD,Texas,31.827233,-99.423022,6,Morning
Highway-rail impact,1987:10:ATSF:221087101,0,2,1400,6590,0,0,0,LAMAR,8:25,1987,1988,"M399,","ATSF,",1,"M3,","M,",MAIN,Texas,31.827233,-99.423022,8,Morning
Derailments,1987:09:LA:451160,0,0,42863,54490,5,5,0,HUNT,7:50,1987,1987,"E63C,","LA,",1,"E6,","E,",MAIN,Texas,31.827233,-99.423022,7,Morning
Highway-rail impact,1987:11:BN:TU735,0,1,500,84000,0,0,0,TARRANT,7:28,1987,1988,"M399,M599,","BN,",1,"M3,M5,","M,",MAIN,Texas,31.827233,-99.423022,7,Morning
Highway-rail impact,1987:07:SSW:M2087,0,0,0,9000,0,0,0,HARTLEY,11:29,1987,1987,"M399,","SSW,",1,"M3,","M,",MAIN,Texas,31.827233,-99.423022,11,Morning
Derailments,1987:07:OKKT:AX37O,0,0,21950,58800,0,0,0,TARRANT,8:20,1987,1987,"T101,H699,","OKKT,",1,"T1,H6,","T,H,",MAIN,Texas,31.827233,-99.423022,8,Morning
Other impacts,1987:11:SP:W8867,0,0,0,13000,0,0,0,HARRIS,9:15,1987,1988,"T306,","SP,",7,"T3,","T,",YARD,Texas,31.827233,-99.423022,9,Morning
Derailments,1987:06:UP:0687GU202,0,0,1251,4300,0,0,0,VICTORIA,10:00,1987,1987,"T099,","UP,",1,"T0,","T,",MAIN,Texas,31.827233,-99.423022,10,Morning
Derailments,1987:09:ATSF:200987102,0,0,5990,1700,0,0,0,LUBBOCK,10:00,1987,1987,"E53C,","ATSF,",1,"E5,","E,",YARD,Texas,31.827233,-99.423022,10,Morning
Highway-rail impact,1987:10:SP:W8007,0,1,2500,4000,0,0,0,FORT BEND,7:45,1987,1988,"M399,","SP,",1,"M3,","M,",MAIN,Texas,31.827233,-99.423022,7,Morning
Derailments,1987:08:UP:0887LA202,0,0,0,7000,0,0,0,ORANGE,5:30,1987,1987,"T314,","UP,",7,"T3,","T,",INDUSTRY,Texas,31.827233,-99.423022,5,Morning
Derailments,1987:11:SP:W8567,0,0,20000,625,1,1,0,HARRIS,11:20,1987,1988,"T399,","SP,",1,"T3,","T,",YARD,Texas,31.827233,-99.423022,11,Morning
Derailments,1987:08:UP:0887GU201,0,0,2000,3300,12,7,0,BRAZORIA,10:50,1987,1987,"T110,","UP,",7,"T1,","T,",YARD,Texas,31.827233,-99.423022,10,Morning
Side collision,1987:11:HBT:AX1K87,0,0,400,8774,0,0,0,HARRIS,10:30,1987,1988,"H702,","HBT,",78,"H7,","H,",YARD,Texas,31.827233,-99.423022,10,Morning
Derailments,1987:09:MKT:AX45S,0,0,18250,16000,0,0,0,DALLAS,7:50,1987,1987,"E20C,E27C,","BN,MKT,",1,"E2,","E,",MAIN,Texas,31.827233,-99.423022,7,Morning
Side collision,1988:01:UP:0188SA208,0,0,0,6500,0,0,0,NUECES,5:30,1988,1988,"M599,","UP,",5,"M5,","M,",YARD,Texas,31.827233,-99.423022,5,Morning
Derailments,1988:05:SP:Y1818,0,0,3800,4000,0,0,0,ORANGE,5:45,1988,1988,"T314,T308,","SP,UP,",7,"T3,","T,",YARD,Texas,31.827233,-99.423022,5,Morning
Derailments,1988:01:UP:0188HO207,0,0,4000,12000,10,0,0,BRAZORIA,6:30,1988,1988,"H312,","UP,",1,"H3,","H,",INDUSTRY,Texas,31.827233,-99.423022,6,Morning
Derailments,1988:01:SP:Y0138,0,0,300,8000,0,0,0,HARRIS,5:00,1988,1988,"E29C,","SP,",7,"E2,","E,",INDUSTRY,Texas,31.827233,-99.423022,5,Morning
Derailments,1987:12:PTRA:DEC0187,0,0,0,35000,0,0,0,HARRIS,7:55,1987,1988,"T110,","PTRA,",7,"T1,","T,",INDUSTRY,Texas,31.827233,-99.423022,7,Morning
Derailments,1987:12:GVSR:B,0,0,12000,250,0,0,0,GALVESTON,10:30,1987,1988,"H799,","GVSR,",1,"H7,","H,",YARD,Texas,31.827233,-99.423022,10,Morning
Derailments,1988:03:MKT:AX6S,0,0,0,7000,0,0,0,GRAYSON,11:25,1988,1988,"H306,","MKT,",7,"H3,","H,",INDUSTRY,Texas,31.827233,-99.423022,11,Morning
Derailments,1988:02:SP:U0528,0,0,70000,350700,1,0,0,GRAYSON,7:16,1988,1988,"T207,T299,","BN,SP,",1,"T2,","T,",MAIN,Texas,31.827233,-99.423022,7,Morning
Other impacts,1988:03:UP:0388TX003,0,0,0,50600,0,0,0,NOLAN,5:00,1988,1988,"H017,","UP,",7,"H0,","H,",INDUSTRY,Texas,31.827233,-99.423022,5,Morning
Highway-rail impact,1987:12:SP:W9457,0,1,75000,5231,0,0,0,FORT BEND,9:05,1987,1988,"M399,","SP,",1,"M3,","M,",MAIN,Texas,31.827233,-99.423022,9,Morning
Derailments,1988:02:SP:Y0688,0,0,1800,8950,0,0,0,COLORADO,8:14,1988,1988,"T311,","SP,",7,"T3,","T,",YARD,Texas,31.827233,-99.423022,8,Morning
Derailments,1987:12:MKT:AX56S,0,0,25000,21150,0,0,0,TARRANT,9:45,1987,1988,"T110,M599,M405,","BN,MKT,",1,"T1,M5,M4,","T,M,",MAIN,Texas,31.827233,-99.423022,9,Morning
Derailments,1988:01:HBT:AX2A88,0,0,1400,16600,2,0,0,HARRIS,10:05,1988,1988,"H503,","HBT,",7,"H5,","H,",YARD,Texas,31.827233,-99.423022,10,Morning
Derailments,1988:03:ATSF:200388103,0,0,6000,2600,1,0,0,POTTER,9:25,1988,1988,"T311,","ATSF,",1,"T3,","T,",MAIN,Texas,31.827233,-99.423022,9,Morning
Derailments,1987:12:SSW:K4367,0,0,185000,650000,5,5,2,BOWIE,11:28,1987,1988,"E30C,","SSW,",1,"E3,","E,",MAIN,Texas,31.827233,-99.423022,11,Morning
Derailments,1988:02:ATSF:200288102,0,0,51500,152400,13,5,0,CARSON,8:05,1988,1988,"E53C,","ATSF,",1,"E5,","E,",MAIN,Texas,31.827233,-99.423022,8,Morning
Derailments,1988:03:BN:TU132,0,0,16000,184600,4,1,1,ARMSTRONG,8:20,1988,1988,"T207,","BN,",1,"T2,","T,",MAIN,Texas,31.827233,-99.423022,8,Morning
Highway-rail impact,1988:01:UP:0188RR001,0,1,9000,18100,0,0,0,SMITH,11:45,1988,1988,"M399,","UP,",1,"M3,","M,",MAIN,Texas,31.827233,-99.423022,11,Morning
Derailments,1988:01:MKT:AX4S,0,0,1100,10000,0,0,0,BASTROP,8:00,1988,1988,"T220,","MKT,",1,"T2,","T,",YARD,Texas,31.827233,-99.423022,8,Morning
Derailments,1988:02:ATSF:230288101,0,0,1400,12200,0,0,0,BELL,9:30,1988,1988,"T202,","ATSF,",1,"T2,","T,",YARD,Texas,31.827233,-99.423022,9,Morning
Derailments,1988:05:PTRA:MAY0588,0,0,10000,200000,0,0,0,HARRIS,5:30,1988,1988,"H503,","PTRA,",7,"H5,","H,",INDUSTRY,Texas,31.827233,-99.423022,5,Morning
Other impacts,1988:08:ATSF:340888106,0,0,10335,0,0,0,0,GARZA,5:00,1988,1988,"M599,","ATSF,",1,"M5,","M,",SIDING,Texas,31.827233,-99.423022,5,Morning
Highway-rail impact,1988:07:MKT:XA59S,0,0,0,10000,0,0,0,MCLENNAN,7:25,1988,1988,"M399,","MKT,",1,"M3,","M,",MAIN,Texas,31.827233,-99.423022,7,Morning
Broken train collision,1988:05:SP:U1638,0,0,300,41500,0,0,0,TARRANT,9:35,1988,1988,"H018,","SP,",7,"H0,","H,",YARD,Texas,31.827233,-99.423022,9,Morning
Other impacts,1988:05:GHH:895,0,0,721,7541,0,0,0,GALVESTON,5:10,1988,1988,"M199,H020,","GHH,",6,"M1,H0,","M,H,",YARD,Texas,31.827233,-99.423022,5,Morning
Other impacts,1988:04:UP:0488RR207,0,0,0,8000,0,0,0,HARRISON,9:10,1988,1988,"M206,","UP,",1,"M2,","M,",MAIN,Texas,31.827233,-99.423022,9,Morning
Derailments,1988:06:ATSF:260688101,0,0,50000,124920,19,4,0,NOLAN,7:55,1988,1988,"T101,H999,","ATSF,",1,"T1,H9,","T,H,",MAIN,Texas,31.827233,-99.423022,7,Morning
Derailments,1988:04:SP:U1208,0,0,10000,64780,0,0,0,BREWSTER,5:45,1988,1988,"E30C,","SP,",1,"E3,","E,",MAIN,Texas,31.827233,-99.423022,5,Morning
Derailments,1988:05:ATSF:340588101,0,0,3000,20175,0,0,0,LUBBOCK,9:58,1988,1988,"T110,","ATSF,",1,"T1,","T,",MAIN,Texas,31.827233,-99.423022,9,Morning
Highway-rail impact,1988:06:SP:U2098,2,1,0,20000,0,0,0,ELLIS,11:50,1988,1988,"M399,","SP,",1,"M3,","M,",MAIN,Texas,31.827233,-99.423022,11,Morning
Derailments,1988:06:SP:U2068,0,0,4500,11500,0,0,0,NUECES,6:15,1988,1988,"T111,","SP,",1,"T1,","T,",YARD,Texas,31.827233,-99.423022,6,Morning
Derailments,1988:04:SP:U1418,0,0,50000,336700,0,0,0,CULBERSON,11:25,1988,1988,"T099,","SP,",1,"T0,","T,",MAIN,Texas,31.827233,-99.423022,11,Morning
Derailments,1988:06:SP:Y2308,0,0,10000,1000,0,0,0,HARRIS,7:30,1988,1988,"E23C,","SP,",1,"E2,","E,",MAIN,Texas,31.827233,-99.423022,7,Morning
Derailments,1988:07:UP:0788HW204,0,0,16900,950,4,4,0,WILLIAMSON,8:05,1988,1988,"E64C,","UP,",1,"E6,","E,",SIDING,Texas,31.827233,-99.423022,8,Morning
Derailments,1988:06:AUNW:61088,0,0,3400,15000,0,0,0,BASTROP,6:10,1988,1988,"T101,","AUNW,",1,"T1,","T,",MAIN,Texas,31.827233,-99.423022,6,Morning
Derailments,1988:08:ATSF:260888101,0,0,12150,19050,0,0,0,JOHNSON,6:05,1988,1988,"E53C,","ATSF,",1,"E5,","E,",MAIN,Texas,31.827233,-99.423022,6,Morning
Derailments,1988:07:MKT:AX28S,0,0,70000,0,0,0,0,DALLAS,8:30,1988,1988,"M405,","MKT,",NA,"M4,","M,",MAIN,Texas,31.827233,-99.423022,8,Morning
Highway-rail impact,1988:05:UP:0588HW202,0,0,6000,10000,2,0,0,TRAVIS,10:40,1988,1988,"M399,","MKT,UP,",1,"M3,","M,",MAIN,Texas,31.827233,-99.423022,10,Morning
Derailments,1988:06:HBT:AX1F88,0,0,0,13300,18,3,0,HARRIS,9:50,1988,1988,"H799,","HBT,",1,"H7,","H,",YARD,Texas,31.827233,-99.423022,9,Morning
Derailments,1988:05:ATSF:220588101,0,0,500,8200,0,0,0,TARRANT,6:00,1988,1988,"H702,","ATSF,",67,"H7,","H,",YARD,Texas,31.827233,-99.423022,6,Morning
Derailments,1988:07:UP:0788FW205,0,0,5500,300,0,0,0,TARRANT,11:45,1988,1988,"E69L,","UP,",1,"E6,","E,",YARD,Texas,31.827233,-99.423022,11,Morning
Derailments,1988:06:KCS:325674,0,0,0,40030,0,0,0,JEFFERSON,10:15,1988,1988,"T314,","KCS,",7,"T3,","T,",YARD,Texas,31.827233,-99.423022,10,Morning
Fire/violent rupture,1988:05:BN:CO366,0,0,0,20000,0,0,0,POTTER,10:00,1988,1988,"M406,","BN,",5,"M4,","M,",MAIN,Texas,31.827233,-99.423022,10,Morning
Derailments,1988:08:ATSF:340888102,0,0,100,12500,0,0,0,RANDALL,11:15,1988,1988,"T110,","ATSF,",1,"T1,","T,",YARD,Texas,31.827233,-99.423022,11,Morning
Derailments,1988:07:UP:0788SA201,0,0,585,5700,0,0,0,BEXAR,5:35,1988,1988,"T314,","UP,",1,"T3,","T,",YARD,Texas,31.827233,-99.423022,5,Morning
Derailments,1988:05:UP:0588RR202,0,0,20000,83025,37,0,0,GREGG,7:20,1988,1988,"E46C,","UP,",1,"E4,","E,",YARD,Texas,31.827233,-99.423022,7,Morning
Derailments,1988:08:PTRA:AUG0288,0,0,3000,18080,0,0,0,HARRIS,5:00,1988,1988,"T222,","PTRA,",7,"T2,","T,",YARD,Texas,31.827233,-99.423022,5,Morning
Derailments,1988:11:ATSF:261188101,0,0,15900,1600,0,0,0,TARRANT,8:05,1988,1989,"E24C,","ATSF,",1,"E2,","E,",MAIN,Texas,31.827233,-99.423022,8,Morning
Derailments,1988:11:MKT:AX49S,0,0,1700,36000,0,0,0,HARRIS,9:40,1988,1989,"H999,","MKT,",1,"H9,","H,",SIDING,Texas,31.827233,-99.423022,9,Morning
Other impacts,1988:08:SP:Y3398,0,0,3800,5300,0,0,0,JEFFERSON,10:40,1988,1988,"H305,","SP,",7,"H3,","H,",YARD,Texas,31.827233,-99.423022,10,Morning
Derailments,1988:08:UP:0888HW204,0,0,9000,49000,0,0,0,ANDERSON,9:45,1988,1988,"M599,","UP,",7,"M5,","M,",MAIN,Texas,31.827233,-99.423022,9,Morning
Derailments,1988:09:MKT:AX39S,0,0,1250,30970,0,0,0,GRAYSON,8:40,1988,1988,"T102,T110,","MKT,",1,"T1,","T,",MAIN,Texas,31.827233,-99.423022,8,Morning
Highway-rail impact,1988:08:BN:TU570,0,1,4000,1500,0,0,0,NAVARRO,7:40,1988,1988,"M399,","BN,",5,"M3,","M,",MAIN,Texas,31.827233,-99.423022,7,Morning
Derailments,1988:11:SP:Y4938,0,0,33000,9250,0,0,0,HARRIS,11:40,1988,1989,"M203,","SP,",7,"M2,","M,",YARD,Texas,31.827233,-99.423022,11,Morning
Derailments,1988:09:SP:Y3878,0,0,28000,0,0,0,0,JEFFERSON,10:30,1988,1988,"T110,","SP,",7,"T1,","T,",YARD,Texas,31.827233,-99.423022,10,Morning
Derailments,1988:11:MKT:AX46S,0,0,350,35500,0,0,0,BASTROP,10:20,1988,1989,"H505,","MKT,",1,"H5,","H,",YARD,Texas,31.827233,-99.423022,10,Morning
Derailments,1988:10:ATSF:261088101,0,0,110500,50650,0,0,0,BELL,5:00,1988,1989,"E51C,","ATSF,",61,"E5,","E,",YARD,Texas,31.827233,-99.423022,5,Morning
Derailments,1988:09:ATSF:260988103,0,0,1500,5450,0,0,0,JEFFERSON,6:00,1988,1988,"T314,","ATSF,",67,"T3,","T,",INDUSTRY,Texas,31.827233,-99.423022,6,Morning
Rear end collision,1988:09:MKT:AX37S,0,0,0,23072,0,0,0,HILL,7:30,1988,1988,"H402,","MKT,",5,"H4,","H,",MAIN,Texas,31.827233,-99.423022,7,Morning
Obstruction impact,1988:10:UP:1088SR067,0,4,0,15060,0,0,0,HARRISON,9:15,1988,1989,"H402,","UP,",5,"H4,","H,",MAIN,Texas,31.827233,-99.423022,9,Morning
Raking collision,1988:09:UP:0988FW205,0,0,0,67850,0,0,0,TARRANT,6:00,1988,1988,"H602,","UP,",17,"H6,","H,",YARD,Texas,31.827233,-99.423022,6,Morning
Derailments,1988:08:SP:Y3518,0,0,23500,3000,0,0,0,HARRIS,11:53,1988,1988,"M599,","SP,",7,"M5,","M,",YARD,Texas,31.827233,-99.423022,11,Morning
Highway-rail impact,1988:09:SP:Y3838,0,0,75000,5000,0,0,0,FORT BEND,6:30,1988,1988,"M399,","SP,",1,"M3,","M,",MAIN,Texas,31.827233,-99.423022,6,Morning
Head on collision,1988:11:UP:1188SA009,0,4,653000,1120000,1,0,0,BEXAR,6:25,1988,1989,"H020,H303,","UP,",61,"H0,H3,H0,H3,","H,",MAIN,Texas,31.827233,-99.423022,6,Morning
Side collision,1988:08:HBT:AX1H88,0,0,1000,13400,15,0,0,HARRIS,6:20,1988,1988,"H401,","HBT,",7,"H4,","H,",YARD,Texas,31.827233,-99.423022,6,Morning
Raking collision,1988:09:MKT:AX35S,0,0,0,7650,0,0,0,TARRANT,5:10,1988,1988,"H302,","MKT,",67,"H3,","H,",YARD,Texas,31.827233,-99.423022,5,Morning
Derailments,1988:09:ATSF:260988101,0,0,17000,400,0,0,0,AUSTIN,7:10,1988,1988,"E53C,","ATSF,",1,"E5,","E,",MAIN,Texas,31.827233,-99.423022,7,Morning
Derailments,1988:11:PTRA:NOV0188,0,0,0,12350,0,0,0,HARRIS,11:00,1988,1989,"H306,","PTRA,",7,"H3,","H,",INDUSTRY,Texas,31.827233,-99.423022,11,Morning
Highway-rail impact,1988:10:SP:Y4648,0,1,2000,30000,0,0,0,LIBERTY,11:15,1988,1989,"M399,","SP,",8,"M3,","M,",MAIN,Texas,31.827233,-99.423022,11,Morning
Derailments,1988:08:LA:334490,0,0,8473,3000,0,0,0,CASS,8:30,1988,1988,"T314,","LA,",1,"T3,","T,",MAIN,Texas,31.827233,-99.423022,8,Morning
Derailments,1988:10:UP:1088SA205,0,0,500,13800,0,0,0,BEXAR,5:55,1988,1989,"H503,","UP,",7,"H5,","H,",YARD,Texas,31.827233,-99.423022,5,Morning
Derailments,1989:01:SP:Y0269,0,0,3800,2625,2,2,1,HARRIS,5:40,1989,1989,"T311,","SP,",1,"T3,","T,",SIDING,Texas,31.827233,-99.423022,5,Morning
Derailments,1989:03:ATSF:340389101,0,0,27500,7960,8,2,0,POTTER,8:15,1989,1989,"T102,","ATSF,",7,"T1,","T,",YARD,Texas,31.827233,-99.423022,8,Morning
Derailments,1989:01:KCS:346875,0,0,200,22000,0,0,0,JEFFERSON,10:20,1989,1989,"T202,","KCS,",7,"T2,","T,",YARD,Texas,31.827233,-99.423022,10,Morning
Derailments,1989:01:ATSF:260189103,0,0,25000,20600,0,0,0,SABINE,11:40,1989,1989,"T102,","ATSF,",1,"T1,","T,",MAIN,Texas,31.827233,-99.423022,11,Morning
Derailments,1989:01:UP:0189FW231,0,0,23000,2500,20,1,0,PALO PINTO,10:15,1989,1989,"E53C,","UP,",1,"E5,","E,",MAIN,Texas,31.827233,-99.423022,10,Morning
Highway-rail impact,1988:12:UP:1288HO004,1,1,0,28000,0,0,0,HARRIS,10:55,1988,1989,"M399,","UP,",1,"M3,","M,",MAIN,Texas,31.827233,-99.423022,10,Morning
Derailments,1989:02:BN:FW139,0,0,1000,12000,0,0,0,WISE,11:30,1989,1989,"E21C,","BN,",1,"E2,","E,",MAIN,Texas,31.827233,-99.423022,11,Morning
Derailments,1989:01:SP:Y0259,0,0,3600,27000,0,0,0,HARRIS,5:25,1989,1989,"T311,","SP,",7,"T3,","T,",INDUSTRY,Texas,31.827233,-99.423022,5,Morning
Derailments,1989:01:UP:0189FW223,0,0,29000,2250,0,0,0,DALLAS,9:00,1989,1989,"T311,","UP,",7,"T3,","T,",YARD,Texas,31.827233,-99.423022,9,Morning
Derailments,1988:12:SP:Y5358,0,0,4000,12000,2,2,0,HARRIS,5:00,1988,1989,"T106,","SP,",7,"T1,","T,",INDUSTRY,Texas,31.827233,-99.423022,5,Morning
Derailments,1989:02:SP:Y0679,0,0,100000,12000,0,0,0,WHARTON,6:40,1989,1989,"E61C,","SP,",1,"E6,","E,",MAIN,Texas,31.827233,-99.423022,6,Morning
Derailments,1989:03:BN:FW227,0,0,12000,83000,8,0,0,GRIMES,5:10,1989,1989,"T001,T102,","BN,",1,"T0,T1,","T,",MAIN,Texas,31.827233,-99.423022,5,Morning
Derailments,1989:02:BN:FW143,0,0,1200,141250,0,0,0,FLOYD,6:00,1989,1989,"T220,","BN,",1,"T2,","T,",MAIN,Texas,31.827233,-99.423022,6,Morning
Derailments,1989:01:UP:0189FW204,0,0,11500,270,0,0,0,PARKER,10:00,1989,1989,"T221,","UP,",1,"T2,","T,",MAIN,Texas,31.827233,-99.423022,10,Morning
Derailments,1989:01:UP:0189FW207,0,0,7545,600,0,0,0,DALLAS,8:00,1989,1989,"T211,","UP,",7,"T2,","T,",YARD,Texas,31.827233,-99.423022,8,Morning
Derailments,1989:05:UP:0589FW234,0,0,14500,0,0,0,0,TARRANT,7:30,1989,1989,"M405,","UP,",1,"M4,","M,",SIDING,Texas,31.827233,-99.423022,7,Morning
Derailments,1989:02:ATSF:260289101,0,0,80000,66300,1,1,0,JOHNSON,11:45,1989,1989,"T001,","ATSF,",1,"T0,","T,",MAIN,Texas,31.827233,-99.423022,11,Morning
Derailments,1989:01:UP:0189FW232,0,0,80533,17225,1,1,0,TARRANT,11:45,1989,1989,"T311,","UP,",7,"T3,","T,",MAIN,Texas,31.827233,-99.423022,11,Morning
Derailments,1989:01:HBT:AX1A89,0,0,9839,0,0,0,0,HARRIS,10:10,1989,1989,"H503,","HBT,",1,"H5,","H,",MAIN,Texas,31.827233,-99.423022,10,Morning
Derailments,1989:02:SP:Y0709,0,0,15500,1250,0,0,0,HARRIS,9:45,1989,1989,"M405,","SP,",7,"M4,","M,",YARD,Texas,31.827233,-99.423022,9,Morning
Derailments,1989:01:SP:Y0039,0,0,60000,94500,0,0,0,HARRIS,10:25,1989,1989,"T102,","SP,",1,"T1,","T,",MAIN,Texas,31.827233,-99.423022,10,Morning
Side collision,1988:12:PTRA:DEC0288,0,0,0,14500,0,0,0,HARRIS,11:30,1988,1989,"H401,","PTRA,",7,"H4,","H,",YARD,Texas,31.827233,-99.423022,11,Morning
Derailments,1989:01:SP:Y0109,0,0,3000,56050,0,0,0,HARRIS,7:15,1989,1989,"H313,","SP,",7,"H3,","H,",YARD,Texas,31.827233,-99.423022,7,Morning
Derailments,1989:04:UP:0489PL202,0,0,27000,9000,3,1,1,HOUSTON,11:30,1989,1989,"E40C,","UP,",1,"E4,","E,",MAIN,Texas,31.827233,-99.423022,11,Morning
Derailments,1989:07:HBT:AX1G89,0,0,17983,900,0,0,0,HARRIS,10:30,1989,1989,"T110,","HBT,",7,"T1,","T,",YARD,Texas,31.827233,-99.423022,10,Morning
Derailments,1989:07:BN:FW638,0,0,500,0,0,0,0,TARRANT,5:20,1989,1989,"T110,H603,","BN,",NA,"T1,H6,","T,H,",YARD,Texas,31.827233,-99.423022,5,Morning
Derailments,1989:05:SP:Y2869,0,0,44000,40750,0,0,0,HARRIS,9:00,1989,1989,"E04C,","SP,",7,"E0,","E,",YARD,Texas,31.827233,-99.423022,9,Morning
Derailments,1989:06:BN:FW595,0,0,0,6700,0,0,0,WICHITA,11:50,1989,1989,"E34C,E33C,","BN,",1,"E3,","E,",MAIN,Texas,31.827233,-99.423022,11,Morning
Highway-rail impact,1989:05:UP:0589FW235,1,0,9000,0,0,0,0,DALLAS,10:45,1989,1989,"M399,","BN,UP,",1,"M3,","M,",MAIN,Texas,31.827233,-99.423022,10,Morning
Derailments,1989:04:ATSF:260489102,0,0,12350,54400,0,0,0,NOLAN,11:20,1989,1989,"T211,","ATSF,",1,"T2,","T,",YARD,Texas,31.827233,-99.423022,11,Morning
Derailments,1989:05:UP:0589SA201,0,0,2144,53517,0,0,0,BEXAR,9:45,1989,1989,"E11C,","UP,",1,"E1,","E,",MAIN,Texas,31.827233,-99.423022,9,Morning
Derailments,1989:05:UP:0589TO205,0,0,2000,17600,0,0,0,WICHITA,11:00,1989,1989,"T110,","UP,",6,"T1,","T,",YARD,Texas,31.827233,-99.423022,11,Morning
Side collision,1989:04:PTRA:APR0289,0,0,4500,33000,0,0,0,HARRIS,10:25,1989,1989,"H305,","PTRA,",67,"H3,","H,",YARD,Texas,31.827233,-99.423022,10,Morning
Derailments,1989:04:BN:FW321,0,0,0,8140,0,0,0,FREESTONE,9:20,1989,1989,"H306,H212,","BN,",1,"H3,H2,","H,",YARD,Texas,31.827233,-99.423022,9,Morning
Obstruction impact,1989:06:BN:FW573,0,0,0,20000,0,0,0,LEON,7:15,1989,1989,"H402,","BN,",5,"H4,","H,",MAIN,Texas,31.827233,-99.423022,7,Morning
Derailments,1989:04:ATSF:260489101,0,0,60500,116750,0,0,0,BROWN,10:45,1989,1989,"H704,H503,","ATSF,",1,"H7,H5,","H,",MAIN,Texas,31.827233,-99.423022,10,Morning
Derailments,1989:04:SP:U1209,0,0,100100,20000,0,0,0,DALLAS,7:55,1989,1989,"M207,","SP,",1,"M2,","M,",MAIN,Texas,31.827233,-99.423022,7,Morning
Highway-rail impact,1989:04:PTRA:8904015,0,0,1000,33000,0,0,0,HARRIS,7:15,1989,1989,"M399,","PTRA,",7,"M3,","M,",YARD,Texas,31.827233,-99.423022,7,Morning
Derailments,1989:04:UP:0489FW219,0,0,5800,0,0,0,0,TARRANT,9:30,1989,1989,"T110,","UP,",7,"T1,","T,",MAIN,Texas,31.827233,-99.423022,9,Morning
Derailments,1989:06:UP:0689FW220,0,0,11178,900,0,0,0,WISE,5:34,1989,1989,"T102,","UP,",1,"T1,","T,",MAIN,Texas,31.827233,-99.423022,5,Morning
Derailments,1989:06:SP:Y3369,0,0,11500,1300,1,1,0,FORT BEND,5:05,1989,1989,"H702,","SP,",1,"H7,","H,",MAIN,Texas,31.827233,-99.423022,5,Morning
Derailments,1989:06:SP:Y3569,0,0,3000,26400,3,2,0,JEFFERSON,7:45,1989,1989,"H306,","SP,",1,"H3,","H,",YARD,Texas,31.827233,-99.423022,7,Morning
Derailments,1989:08:SP:Y4619,0,0,32600,5150,4,4,0,HARRIS,8:30,1989,1989,"T111,","SP,",7,"T1,","T,",YARD,Texas,31.827233,-99.423022,8,Morning
Head on collision,1989:08:UP:0889PL003,2,8,69924,455204,0,0,0,MCLENNAN,6:15,1989,1989,"H999,","UP,",17,"H9,","H,",MAIN,Texas,31.827233,-99.423022,6,Morning
Derailments,1989:09:SP:Y5329,0,0,79000,67125,0,0,0,LIBERTY,5:45,1989,1989,"E40C,E24C,","SP,",1,"E4,E2,","E,",MAIN,Texas,31.827233,-99.423022,5,Morning
Derailments,1989:09:HBT:AX1I89,0,0,1554,30000,9,2,0,HARRIS,8:05,1989,1989,"T202,","HBT,UP,",1,"T2,","T,",MAIN,Texas,31.827233,-99.423022,8,Morning
Derailments,1989:08:UP:0889FW256,0,0,0,8000,1,1,0,TARRANT,10:00,1989,1989,"M599,","UP,",6,"M5,","M,",YARD,Texas,31.827233,-99.423022,10,Morning