AccidentType,inckey,Fatalities,Injuries,TrackDamage,EquipmentDamage,HazmatCars,HazmatCarsDerailed,HazmatCarsReleasing,County,DisplayTime,calendar,Fiscal,AccidentCause,RailroadCodes,RAILEQUIPMENT_TYPE,CauseGroup,CauseDiscipline,TYPE_OF_TRACK,StateName,latitude,longitude,hour,cat
Broken train collision,1989:10:BN:FW1126,0,0,0,102000,3,0,0,CHILDRESS,8:05,1989,1990,"E30C,","BN,",1,"E3,","E,",MAIN,Texas,31.827233,-99.423022,8,Morning
Derailments,1989:09:UP:0989FW215,0,0,50000,3500,0,0,0,DALLAS,7:10,1989,1989,"T110,","UP,",1,"T1,","T,",MAIN,Texas,31.827233,-99.423022,7,Morning
Derailments,1989:08:UP:0889FW250,0,0,0,6850,0,0,0,TARRANT,10:00,1989,1989,"M599,","UP,",5,"M5,","M,",YARD,Texas,31.827233,-99.423022,10,Morning
Side collision,1989:08:UP:0889PL201,0,0,0,9100,0,0,0,MCLENNAN,7:20,1989,1989,"H307,","UP,",16,"H3,","H,",INDUSTRY,Texas,31.827233,-99.423022,7,Morning
Derailments,1989:09:UP:0989HO202,0,0,0,15200,0,0,0,VICTORIA,11:30,1989,1989,"H306,","UP,",7,"H3,","H,",YARD,Texas,31.827233,-99.423022,11,Morning
Derailments,1989:09:SP:K4619,0,0,1500,7000,0,0,0,NAVARRO,9:35,1989,1989,"T110,","SP,",1,"T1,","T,",INDUSTRY,Texas,31.827233,-99.423022,9,Morning
Derailments,1989:08:BN:FW866,0,0,0,39160,0,0,0,GALVESTON,9:55,1989,1989,"T110,","BN,",1,"T1,","T,",YARD,Texas,31.827233,-99.423022,9,Morning
Other impacts,1989:08:UP:0889FW259,0,0,0,14300,0,0,0,TARRANT,9:00,1989,1989,"M599,","UP,",5,"M5,","M,",YARD,Texas,31.827233,-99.423022,9,Morning
Side collision,1989:09:UP:0989SA200,0,0,7000,20400,2,2,0,BEXAR,5:35,1989,1989,"H310,","UP,",1,"H3,","H,",YARD,Texas,31.827233,-99.423022,5,Morning
Derailments,1989:07:SP:Y4259,0,0,7400,6000,4,4,0,HARRIS,9:20,1989,1989,"T110,","SP,",7,"T1,","T,",YARD,Texas,31.827233,-99.423022,9,Morning
Derailments,1989:07:SP:Y3759,0,0,7400,6000,4,4,0,HARRIS,9:20,1989,1989,"T110,","SP,",7,"T1,","T,",YARD,Texas,31.827233,-99.423022,9,Morning
Highway-rail impact,1989:10:ATSF:261089101,1,2,3200,49900,0,0,0,BELL,9:45,1989,1990,"M399,","ATSF,",1,"M3,","M,",MAIN,Texas,31.827233,-99.423022,9,Morning
Derailments,1989:09:SP:Y5429,0,0,79000,47000,0,0,0,LIBERTY,5:45,1989,1989,"E40C,","SP,",1,"E4,","E,",MAIN,Texas,31.827233,-99.423022,5,Morning
Derailments,1989:11:ATSF:261189101,0,0,0,32900,0,0,0,NOLAN,6:40,1989,1990,"H306,H212,","ATSF,UP,",1,"H3,H2,","H,",YARD,Texas,31.827233,-99.423022,6,Morning
Derailments,1989:10:UP:1089SA212,0,0,1000,12500,0,0,0,WEBB,6:45,1989,1990,"T314,","UP,",11,"T3,","T,",YARD,Texas,31.827233,-99.423022,6,Morning
Obstruction impact,1989:08:BN:FW835,0,0,0,14000,0,0,0,HARTLEY,11:11,1989,1989,"H402,H101,","BN,",55,"H4,H1,H4,","H,",MAIN,Texas,31.827233,-99.423022,11,Morning
Derailments,1989:09:SRN:894,0,0,9000,27000,0,0,0,ORANGE,10:30,1989,1989,"E24C,","SRN,",1,"E2,","E,",MAIN,Texas,31.827233,-99.423022,10,Morning
Derailments,1989:09:UP:0989TO203,0,0,2500,11000,1,0,0,HOWARD,8:10,1989,1989,"T299,","UP,",7,"T2,","T,",YARD,Texas,31.827233,-99.423022,8,Morning
Derailments,1989:09:ATSF:340989101,0,0,11000,0,0,0,0,EL PASO,11:00,1989,1989,"M501,M404,","ATSF,",8,"M5,M4,","M,",MAIN,Texas,31.827233,-99.423022,11,Morning
Highway-rail impact,1989:10:SSW:K5869,0,1,0,17500,0,0,0,HOPKINS,8:01,1989,1990,"M399,","SSW,",1,"M3,","M,",MAIN,Texas,31.827233,-99.423022,8,Morning
Side collision,1989:10:PTRA:OCT0189,0,0,500,5850,1,0,0,HARRIS,7:30,1989,1990,"H020,","PTRA,",6,"H0,","H,",YARD,Texas,31.827233,-99.423022,7,Morning
Derailments,1989:07:SP:Y3769,0,0,35000,4500,1,1,0,HARRIS,7:30,1989,1989,"H704,","SP,",7,"H7,","H,",YARD,Texas,31.827233,-99.423022,7,Morning
Derailments,1990:02:KCS:439672,0,0,1479,29150,0,0,0,JEFFERSON,10:40,1990,1990,"H503,","KCS,",1,"H5,","H,",YARD,Texas,31.827233,-99.423022,10,Morning
Derailments,1990:02:UP:0290FW206,0,0,1000,10850,0,0,0,DALLAS,10:45,1990,1990,"T110,","UP,",1,"T1,","T,",YARD,Texas,31.827233,-99.423022,10,Morning
Derailments,1990:01:GVSR:3190,0,0,13500,500,0,0,0,GALVESTON,10:00,1990,1990,"H513,H299,","GVSR,",1,"H5,H2,","H,",YARD,Texas,31.827233,-99.423022,10,Morning
Derailments,1990:02:BN:FW0169,0,0,47328,420500,8,5,3,ELLIS,8:00,1990,1990,"E44C,","BN,",1,"E4,","E,",MAIN,Texas,31.827233,-99.423022,8,Morning
Derailments,1990:02:ATSF:340290101,0,0,6600,3500,17,0,0,EL PASO,9:58,1990,1990,"E49L,T402,","ATSF,",7,"E4,T4,","E,T,",YARD,Texas,31.827233,-99.423022,9,Morning
Derailments,1990:02:ATSF:260290102,0,0,1800,34660,2,2,0,BELL,9:15,1990,1990,"H020,","ATSF,",6,"H0,","H,",YARD,Texas,31.827233,-99.423022,9,Morning
Other impacts,1990:02:UP:ZZZZZZZZZZ,0,0,0,28000,0,0,0,DALLAS,7:30,1990,1990,"H601,H212,","BN,",1,"H6,H2,","H,",MAIN,Texas,31.827233,-99.423022,7,Morning
Highway-rail impact,1989:12:ATSF:261289101,0,0,0,10950,0,0,0,MONTGOMERY,8:30,1989,1990,"M399,","ATSF,",1,"M3,","M,",MAIN,Texas,31.827233,-99.423022,8,Morning
Derailments,1990:02:ATSF:260290101,0,0,1500,21150,0,0,0,ELLIS,9:45,1990,1990,"T208,","ATSF,",7,"T2,","T,",MAIN,Texas,31.827233,-99.423022,9,Morning
Derailments,1989:12:BN:FW1305,0,0,8000,26250,0,0,0,ELLIS,6:30,1989,1990,"M405,","BN,",1,"M4,","M,",MAIN,Texas,31.827233,-99.423022,6,Morning
Derailments,1990:01:UP:0190PL201,0,0,0,22154,0,0,0,MILAM,5:35,1990,1990,"H503,","UP,",1,"H5,","H,",MAIN,Texas,31.827233,-99.423022,5,Morning
Derailments,1990:02:ATSF:260290104,0,0,250,68650,1,1,0,MILLS,7:40,1990,1990,"E30C,H503,","ATSF,",1,"E3,H5,","E,H,",MAIN,Texas,31.827233,-99.423022,7,Morning
Obstruction impact,1989:12:ATSF:251289101,0,2,0,9360,0,0,0,COOKE,11:20,1989,1990,"H306,","ATSF,",51,"H3,","H,",YARD,Texas,31.827233,-99.423022,11,Morning
Derailments,1990:01:SP:R1700,0,1,8000,1600,0,0,0,MCLENNAN,8:20,1990,1990,"T110,","SP,",1,"T1,","T,",YARD,Texas,31.827233,-99.423022,8,Morning
Derailments,1990:02:GVSR:3290,0,0,8500,3500,0,0,0,GALVESTON,9:00,1990,1990,"H513,H299,","GVSR,",1,"H5,H2,","H,",YARD,Texas,31.827233,-99.423022,9,Morning
Other impacts,1990:02:UP:0290FW246,0,0,0,13730,0,0,0,WISE,7:00,1990,1990,"M599,","UP,",6,"M5,","M,",INDUSTRY,Texas,31.827233,-99.423022,7,Morning
Derailments,1990:01:BN:FW0043,1,0,991845,1068000,0,0,0,OLDHAM,8:10,1990,1990,"T207,","BN,",1,"T2,","T,",MAIN,Texas,31.827233,-99.423022,8,Morning
Other impacts,1990:02:ATSF:260290103,0,0,0,10200,0,0,0,JOHNSON,11:30,1990,1990,"H017,","ATSF,",68,"H0,","H,",YARD,Texas,31.827233,-99.423022,11,Morning
Highway-rail impact,1989:11:SP:Y6439,0,2,20000,1137125,0,0,0,HARRIS,8:20,1989,1990,"M399,","SP,",1,"M3,","M,",MAIN,Texas,31.827233,-99.423022,8,Morning
Derailments,1990:02:LA:451853,0,0,18440,70150,0,0,0,HARRIS,5:55,1990,1990,"H503,","LA,",1,"H5,","H,",MAIN,Texas,31.827233,-99.423022,5,Morning
Derailments,1990:03:BN:FW0314,0,0,0,7300,0,0,0,HARDEMAN,5:15,1990,1990,"H306,H302,","BN,",61,"H3,","H,",YARD,Texas,31.827233,-99.423022,5,Morning
Side collision,1990:02:ATSF:340290103,0,0,3500,40000,0,0,0,POTTER,9:30,1990,1990,"H999,","ATSF,",7,"H9,","H,",YARD,Texas,31.827233,-99.423022,9,Morning
Derailments,1990:01:SP:S0020,0,0,25000,25500,0,0,0,HARRIS,9:15,1990,1990,"E24C,","SP,",1,"E2,","E,",MAIN,Texas,31.827233,-99.423022,9,Morning
Derailments,1989:11:UP:1189SA205,0,0,0,6200,0,0,0,WEBB,5:30,1989,1990,"H503,","UP,",1,"H5,","H,",YARD,Texas,31.827233,-99.423022,5,Morning
Derailments,1990:02:SP:T3000,0,0,15000,2000,1,1,0,HARRIS,5:00,1990,1990,"T110,","SP,",7,"T1,","T,",YARD,Texas,31.827233,-99.423022,5,Morning
Derailments,1990:01:SP:S0230,0,0,25000,32250,5,5,0,HARRIS,9:20,1990,1990,"T110,T106,","SP,",1,"T1,","T,",SIDING,Texas,31.827233,-99.423022,9,Morning
Derailments,1990:02:UP:0290HO201,0,0,25000,110045,1,1,0,GALVESTON,7:30,1990,1990,"H702,","SP,UP,",1,"H7,","H,",MAIN,Texas,31.827233,-99.423022,7,Morning
Other impacts,1989:12:UP:1289HO204,0,0,0,11000,1,1,0,BRAZORIA,8:40,1989,1990,"H099,","UP,",7,"H0,","H,",YARD,Texas,31.827233,-99.423022,8,Morning
Other impacts,1990:04:SP:S1860,0,0,1000,16850,0,0,0,HARRIS,7:15,1990,1990,"H401,","SP,",7,"H4,","H,",YARD,Texas,31.827233,-99.423022,7,Morning
Derailments,1990:03:UP:0390TO211,0,0,0,13700,0,0,0,GRAYSON,9:05,1990,1990,"T311,","UP,",1,"T3,","T,",MAIN,Texas,31.827233,-99.423022,9,Morning
Side collision,1990:03:UP:0390FW247,0,0,0,12995,0,0,0,TARRANT,10:30,1990,1990,"H302,","UP,",75,"H3,","H,",YARD,Texas,31.827233,-99.423022,10,Morning
Side collision,1990:03:UP:0390FW238,0,0,500,26850,0,0,0,DALLAS,10:00,1990,1990,"T110,","UP,",67,"T1,","T,",YARD,Texas,31.827233,-99.423022,10,Morning
Highway-rail impact,1990:05:ATSF:250590101,0,0,574,7500,0,0,0,GRAY,9:44,1990,1990,"M399,","ATSF,",1,"M3,","M,",MAIN,Texas,31.827233,-99.423022,9,Morning
Derailments,1990:05:ATSF:260590101,0,0,97500,1800,0,0,0,FORT BEND,7:45,1990,1990,"T102,","ATSF,",1,"T1,","T,",YARD,Texas,31.827233,-99.423022,7,Morning
Highway-rail impact,1990:06:UP:0690FW210,0,0,9544,1677,0,0,0,DALLAS,7:40,1990,1990,"M399,","UP,",7,"M3,","M,",YARD,Texas,31.827233,-99.423022,7,Morning
Derailments,1990:05:UP:0590FW249,0,0,17050,118186,0,0,0,DALLAS,11:10,1990,1990,"T102,T101,","SP,UP,",1,"T1,","T,",MAIN,Texas,31.827233,-99.423022,11,Morning
Derailments,1990:06:ATSF:260690105,0,0,10000,10020,0,0,0,TARRANT,9:45,1990,1990,"H503,H999,","ATSF,",1,"H5,H9,","H,",MAIN,Texas,31.827233,-99.423022,9,Morning
Derailments,1990:03:UP:0390PL206,0,0,5182,4540,0,0,0,HARRIS,7:30,1990,1990,"T314,","UP,",1,"T3,","T,",YARD,Texas,31.827233,-99.423022,7,Morning
Highway-rail impact,1990:05:ATSF:340590101,0,1,3500,4000,0,0,0,LUBBOCK,9:30,1990,1990,"M399,","ATSF,",1,"M3,","M,",MAIN,Texas,31.827233,-99.423022,9,Morning
Derailments,1990:05:UP:0590SA204,0,0,11612,7600,1,0,0,WEBB,6:05,1990,1990,"T314,","UP,",1,"T3,","T,",MAIN,Texas,31.827233,-99.423022,6,Morning
Derailments,1990:05:UP:0590FW234,0,0,500,7500,0,0,0,TARRANT,9:30,1990,1990,"H313,","UP,",5,"H3,","H,",YARD,Texas,31.827233,-99.423022,9,Morning
Other impacts,1990:05:BN:FW0507,0,0,0,9000,4,0,0,TARRANT,5:50,1990,1990,"H306,H212,","BN,",7,"H3,H2,","H,",YARD,Texas,31.827233,-99.423022,5,Morning
Derailments,1990:04:HBT:AX1D90,0,0,6056,15000,20,0,0,HARRIS,8:30,1990,1990,"T314,","HBT,UP,",1,"T3,","T,",MAIN,Texas,31.827233,-99.423022,8,Morning
Derailments,1990:06:ATSF:260690101,0,0,5500,15150,0,0,0,HARRIS,5:55,1990,1990,"T315,","ATSF,",1,"T3,","T,",YARD,Texas,31.827233,-99.423022,5,Morning
Side collision,1990:06:ATSF:340690101,0,0,0,9750,0,0,0,POTTER,10:30,1990,1990,"H021,","ATSF,",16,"H0,","H,",YARD,Texas,31.827233,-99.423022,10,Morning
Derailments,1990:04:SP:R2220,0,0,14000,182564,0,0,0,DALLAS,6:10,1990,1990,"T002,","SP,",1,"T0,","T,",MAIN,Texas,31.827233,-99.423022,6,Morning
Derailments,1990:02:SP:S0950,0,0,16000,1350,4,4,0,HARRIS,11:10,1990,1990,"T110,","SP,",1,"T1,","T,",YARD,Texas,31.827233,-99.423022,11,Morning
Highway-rail impact,1990:07:SP:Q2140,0,0,7600,7812,0,0,0,COLORADO,9:42,1990,1990,"M399,","ATK,SP,",2,"M3,","M,",MAIN,Texas,31.827233,-99.423022,9,Morning
Other impacts,1990:11:BN:FW1349,0,0,35296,19000,2,0,0,POTTER,5:00,1990,1991,"H702,H021,","ATSF,BN,",17,"H7,H0,H7,","H,",YARD,Texas,31.827233,-99.423022,5,Morning
Highway-rail impact,1990:07:SP:S2670,0,1,0,29000,0,0,0,HARRIS,9:30,1990,1990,"M399,","SP,",5,"M3,","M,",MAIN,Texas,31.827233,-99.423022,9,Morning
Derailments,1990:09:UP:0990PL201,0,0,300,23336,0,0,0,WILLIAMSON,6:45,1990,1990,"H306,","UP,",61,"H3,","H,",YARD,Texas,31.827233,-99.423022,6,Morning
Derailments,1990:10:BN:FW1247,0,0,3946,2200,0,0,0,DALLAS,5:25,1990,1991,"H306,","BN,",1,"H3,","H,",YARD,Texas,31.827233,-99.423022,5,Morning
Other impacts,1990:08:UP:0890FW230,0,0,12500,30550,0,0,0,TARRANT,10:15,1990,1990,"H601,","UP,",7,"H6,","H,",YARD,Texas,31.827233,-99.423022,10,Morning
Highway-rail impact,1990:10:UP:1090LU016,0,0,800,25000,0,0,0,HARRIS,10:00,1990,1991,"M399,","UP,",1,"M3,","M,",MAIN,Texas,31.827233,-99.423022,10,Morning
Derailments,1990:12:ATSF:041290101,0,0,1184,5880,0,0,0,DALLAS,5:05,1990,1991,"T110,","ATSF,",7,"T1,","T,",YARD,Texas,31.827233,-99.423022,5,Morning
Derailments,1990:09:SP:S3570,0,0,2500,12725,3,3,0,HARRIS,7:15,1990,1990,"T314,","SP,",1,"T3,","T,",INDUSTRY,Texas,31.827233,-99.423022,7,Morning
Highway-rail impact,1990:10:SP:S3910,1,0,0,11500,0,0,0,WALLER,10:15,1990,1991,"M399,","ATK,SP,",2,"M3,","M,",MAIN,Texas,31.827233,-99.423022,10,Morning
Derailments,1990:09:SP:S3550,0,0,18000,2000,0,0,0,HARRIS,11:20,1990,1990,"T311,","SP,",1,"T3,","T,",YARD,Texas,31.827233,-99.423022,11,Morning
Side collision,1990:10:ATSF:041090102,0,4,0,40000,0,0,0,HARRIS,9:55,1990,1991,"H999,","ATSF,",8,"H9,","H,",YARD,Texas,31.827233,-99.423022,9,Morning
Derailments,1990:07:HBT:AX1G90,0,0,2150,6000,15,0,0,HARRIS,9:00,1990,1990,"E64C,","HBT,",7,"E6,","E,",YARD,Texas,31.827233,-99.423022,9,Morning
Derailments,1990:10:UP:1090PL206,0,0,46000,6000,0,0,0,ANDERSON,11:45,1990,1991,"T202,","UP,",1,"T2,","T,",YARD,Texas,31.827233,-99.423022,11,Morning
Other impacts,1990:07:UP:0790FW230,0,0,0,8880,0,0,0,TARRANT,9:30,1990,1990,"M599,","UP,",5,"M5,","M,",YARD,Texas,31.827233,-99.423022,9,Morning
Derailments,1990:07:SP:Q2070,0,0,11500,0,0,0,0,BEXAR,9:30,1990,1990,"T110,","SP,",1,"T1,","T,",YARD,Texas,31.827233,-99.423022,9,Morning
Derailments,1990:10:ATSF:021090101,0,0,25000,3860,14,5,0,DEAF SMITH,11:40,1990,1991,"T110,","ATSF,",1,"T1,","T,",YARD,Texas,31.827233,-99.423022,11,Morning
Derailments,1990:08:PTRA:AUG0190,0,0,0,10709,0,0,0,HARRIS,8:15,1990,1990,"T106,","PTRA,",7,"T1,","T,",INDUSTRY,Texas,31.827233,-99.423022,8,Morning
Derailments,1990:09:BN:FW1101,0,0,10000,5000,0,0,0,GRIMES,11:10,1990,1990,"M405,","BN,",1,"M4,","M,",MAIN,Texas,31.827233,-99.423022,11,Morning
Other impacts,1990:10:SSW:R3360,0,0,0,27600,0,0,0,UPSHUR,9:05,1990,1991,"E32C,","SSW,",1,"E3,","E,",MAIN,Texas,31.827233,-99.423022,9,Morning
Derailments,1990:08:UP:0890HO204,0,0,10000,17750,0,0,0,NUECES,5:15,1990,1990,"E46C,E23C,","SP,UP,",1,"E4,E2,","E,",MAIN,Texas,31.827233,-99.423022,5,Morning
Derailments,1990:07:KCS:439682,0,0,1015,10200,0,0,0,JEFFERSON,6:30,1990,1990,"T313,","KCS,",1,"T3,","T,",YARD,Texas,31.827233,-99.423022,6,Morning
Side collision,1990:07:PTRA:JULY0590,0,0,0,6623,0,0,0,HARRIS,11:15,1990,1990,"H307,","PTRA,",7,"H3,","H,",YARD,Texas,31.827233,-99.423022,11,Morning
Highway-rail impact,1990:07:SP:S2920,0,0,0,7812,0,0,0,COLORADO,9:42,1990,1990,"M399,","ATK,SP,",2,"M3,","M,",MAIN,Texas,31.827233,-99.423022,9,Morning
Derailments,1990:07:SP:Q1980,0,0,8000,3100,0,0,0,BEXAR,9:25,1990,1990,"T399,","SP,",1,"T3,","T,",YARD,Texas,31.827233,-99.423022,9,Morning
Derailments,1990:10:BN:FW1200,0,0,500,10000,0,0,0,TARRANT,9:35,1990,1991,"E24C,","BN,",1,"E2,","E,",MAIN,Texas,31.827233,-99.423022,9,Morning
Derailments,1990:10:SP:Q2810,0,0,104968,2000,0,0,0,MEDINA,10:10,1990,1991,"T102,M204,","SP,",1,"T1,M2,","T,M,",MAIN,Texas,31.827233,-99.423022,10,Morning
Side collision,1990:08:UP:0890FW238,0,0,0,9500,0,0,0,DALLAS,10:20,1990,1990,"H020,","UP,",75,"H0,","H,",MAIN,Texas,31.827233,-99.423022,10,Morning
Derailments,1991:02:KCS:441513,0,0,837,38600,0,0,0,JEFFERSON,7:00,1991,1991,"T210,","KCS,",7,"T2,","T,",YARD,Texas,31.827233,-99.423022,7,Morning
Derailments,1991:03:ATSF:040391101,0,0,87590,30380,0,0,0,BELL,9:30,1991,1991,"T199,","ATSF,",1,"T1,","T,",MAIN,Texas,31.827233,-99.423022,9,Morning
Derailments,1991:03:UP:0391FW207,0,0,5000,5000,0,0,0,TARRANT,11:15,1991,1991,"T311,","UP,",7,"T3,","T,",YARD,Texas,31.827233,-99.423022,11,Morning
Side collision,1991:02:HBT:AX1B91,0,0,0,24300,23,2,0,HARRIS,11:30,1991,1991,"S012,","HBT,",7,"S0,","S,",YARD,Texas,31.827233,-99.423022,11,Morning
Derailments,1991:02:UP:0291LU201,0,0,23366,3325,0,0,0,JEFFERSON,6:20,1991,1991,"T314,","UP,",1,"T3,","T,",YARD,Texas,31.827233,-99.423022,6,Morning
Derailments,1990:11:UP:1190TO203,0,0,12500,34875,2,2,0,WICHITA,9:40,1990,1991,"T220,","UP,",7,"T2,","T,",MAIN,Texas,31.827233,-99.423022,9,Morning
Derailments,1990:12:UP:1290TO202,0,0,2100,43200,0,0,0,PALO PINTO,5:25,1990,1991,"E33C,","UP,",1,"E3,","E,",MAIN,Texas,31.827233,-99.423022,5,Morning
Derailments,1990:12:ATSF:041290102,0,0,10000,27340,2,2,0,COLEMAN,8:55,1990,1991,"E24C,","ATSF,",1,"E2,","E,",MAIN,Texas,31.827233,-99.423022,8,Morning
Derailments,1991:02:ATSF:020291105,0,0,11500,80,0,0,0,NOLAN,10:20,1991,1991,"H306,","ATSF,",1,"H3,","H,",YARD,Texas,31.827233,-99.423022,10,Morning
Derailments,1991:01:SP:H0021,0,0,9500,1480,0,0,0,HARRIS,10:35,1991,1991,"M405,T110,","SP,UP,",1,"M4,T1,","M,T,",MAIN,Texas,31.827233,-99.423022,10,Morning
Derailments,1991:03:UP:0391FW201,0,0,1900,6850,0,0,0,TARRANT,11:30,1991,1991,"T110,","UP,",7,"T1,","T,",YARD,Texas,31.827233,-99.423022,11,Morning
Highway-rail impact,1991:03:TNER:A0001,0,0,0,37500,0,0,0,BOWIE,7:45,1991,1991,"M399,","TNER,",8,"M3,","M,",MAIN,Texas,31.827233,-99.423022,7,Morning
Side collision,1991:02:UP:0291FW211,0,0,0,13534,0,0,0,TARRANT,8:50,1991,1991,"H999,","UP,",7,"H9,","H,",YARD,Texas,31.827233,-99.423022,8,Morning
Derailments,1991:03:ATSF:040391102,0,0,115000,72120,0,0,0,JASPER,10:00,1991,1991,"T102,","ATSF,",1,"T1,","T,",MAIN,Texas,31.827233,-99.423022,10,Morning
Derailments,1990:11:UP:1190FW206,0,0,0,6000,0,0,0,GRAYSON,10:00,1990,1991,"E29C,","UP,",5,"E2,","E,",YARD,Texas,31.827233,-99.423022,10,Morning
Derailments,1991:02:UP:0291SA211,0,0,5000,16500,0,0,0,BEXAR,11:57,1991,1991,"T311,","UP,",1,"T3,","T,",YARD,Texas,31.827233,-99.423022,11,Morning
Side collision,1991:01:PTRA:JAN0291,0,0,1000,36629,0,0,0,HARRIS,6:00,1991,1991,"H999,","PTRA,",7,"H9,","H,",YARD,Texas,31.827233,-99.423022,6,Morning
Other impacts,1991:04:UP:0491LU914,0,0,0,13700,0,0,0,JEFFERSON,10:00,1991,1991,"H306,","UP,",76,"H3,","H,",YARD,Texas,31.827233,-99.423022,10,Morning
Derailments,1991:02:KCS:439775,0,0,3357,7250,0,0,0,JEFFERSON,8:25,1991,1991,"T202,","KCS,",1,"T2,","T,",YARD,Texas,31.827233,-99.423022,8,Morning
Highway-rail impact,1990:12:SP:Q3370,1,3,57417,2781931,0,0,0,FAYETTE,11:05,1990,1991,"M399,","SP,",1,"M3,","M,",MAIN,Texas,31.827233,-99.423022,11,Morning
Derailments,1991:02:BN:FW0140,0,0,4953,19000,0,0,0,OLDHAM,6:25,1991,1991,"E62C,","BN,",1,"E6,","E,",MAIN,Texas,31.827233,-99.423022,6,Morning
Side collision,1991:02:UP:0291RR208,0,0,300,6375,0,0,0,GREGG,6:55,1991,1991,"H306,","UP,",16,"H3,","H,",YARD,Texas,31.827233,-99.423022,6,Morning
Derailments,1991:01:SP:H0141,0,0,200,6225,0,0,0,HARRIS,9:00,1991,1991,"E39C,","SP,",7,"E3,","E,",YARD,Texas,31.827233,-99.423022,9,Morning
Derailments,1990:12:ATSF:041290103,0,0,19000,88400,3,3,1,JOHNSON,10:50,1990,1991,"H099,H999,","ATSF,",1,"H0,H9,","H,",MAIN,Texas,31.827233,-99.423022,10,Morning
Derailments,1990:11:UP:1190LU210,0,0,18056,5000,17,0,0,ORANGE,5:30,1990,1991,"E69C,","UP,",1,"E6,","E,",YARD,Texas,31.827233,-99.423022,5,Morning
Derailments,1991:01:SSW:V1751,0,0,5100,2000,0,0,0,DALLAS,6:37,1991,1991,"T110,","SSW,",1,"T1,","T,",INDUSTRY,Texas,31.827233,-99.423022,6,Morning
Other impacts,1990:11:SP:S4340,0,0,12000,0,0,0,0,HARRIS,5:40,1990,1991,"H206,","SP,",1,"H2,","H,",YARD,Texas,31.827233,-99.423022,5,Morning
Derailments,1991:07:ATSF:010791103,0,1,30000,496000,0,0,0,LIPSCOMB,8:41,1991,1991,"E51L,","ATSF,",1,"E5,","E,",MAIN,Texas,31.827233,-99.423022,8,Morning
Derailments,1991:04:LA:442120,0,0,827,36200,0,0,0,HUNT,8:00,1991,1991,"T221,","LA,",1,"T2,","T,",INDUSTRY,Texas,31.827233,-99.423022,8,Morning
Derailments,1991:05:UP:0591FW011,0,0,2000,26382,0,0,0,DALLAS,11:15,1991,1991,"T207,","UP,",7,"T2,","T,",MAIN,Texas,31.827233,-99.423022,11,Morning
Derailments,1991:04:SSW:V2201,0,0,1500,11800,0,0,0,SMITH,8:50,1991,1991,"M599,","SSW,",1,"M5,","M,",MAIN,Texas,31.827233,-99.423022,8,Morning
Other impacts,1991:06:SP:H2191,0,0,13500,0,0,0,0,HARRIS,11:00,1991,1991,"M599,","SP,",4,"M5,","M,",YARD,Texas,31.827233,-99.423022,11,Morning
Other impacts,1991:04:UP:0491FW916,0,0,4700,11000,0,0,0,DALLAS,9:30,1991,1991,"T314,","UP,",7,"T3,","T,",YARD,Texas,31.827233,-99.423022,9,Morning
Side collision,1991:05:PTRA:MAY0191,0,0,0,11700,0,0,0,HARRIS,11:30,1991,1991,"H601,H025,","PTRA,",76,"H6,H0,H6,","H,",YARD,Texas,31.827233,-99.423022,11,Morning
Derailments,1991:06:UP:0691FW003,0,0,0,13199,0,0,0,TARRANT,7:45,1991,1991,"H702,","UP,",7,"H7,","H,",YARD,Texas,31.827233,-99.423022,7,Morning
Other impacts,1991:07:ATSF:040791101,0,0,0,20000,0,0,0,DENTON,10:50,1991,1991,"H999,","ATSF,",5,"H9,","H,",MAIN,Texas,31.827233,-99.423022,10,Morning
Derailments,1991:04:BN:FW0403,0,0,98674,866700,19,8,2,OLDHAM,5:40,1991,1991,"T207,","BN,",1,"T2,","T,",MAIN,Texas,31.827233,-99.423022,5,Morning
Side collision,1991:07:SP:G1501,0,0,200,20600,0,0,0,BEXAR,8:35,1991,1991,"H702,","SP,",71,"H7,","H,",YARD,Texas,31.827233,-99.423022,8,Morning
Derailments,1991:04:SP:G0821,0,0,10000,20000,0,0,0,BEXAR,5:30,1991,1991,"T307,","SP,",1,"T3,","T,",YARD,Texas,31.827233,-99.423022,5,Morning
Other impacts,1991:06:UP:0691RR023,0,0,14800,3300,0,0,0,ANDERSON,5:15,1991,1991,"H020,","UP,",6,"H0,","H,",YARD,Texas,31.827233,-99.423022,5,Morning
Derailments,1991:06:ATSF:040691102,0,0,8000,5930,0,0,0,WASHINGTON,10:35,1991,1991,"E53C,","ATSF,",1,"E5,","E,",MAIN,Texas,31.827233,-99.423022,10,Morning
Derailments,1991:06:SP:H2061,0,0,400,7000,0,0,0,HARRIS,5:30,1991,1991,"H307,","SP,",16,"H3,","H,",YARD,Texas,31.827233,-99.423022,5,Morning
Derailments,1991:05:PTRA:MAY0291,0,0,2000,68500,0,0,0,HARRIS,7:30,1991,1991,"T313,H602,","PTRA,",7,"T3,H6,","T,H,",YARD,Texas,31.827233,-99.423022,7,Morning