AccidentType,inckey,Fatalities,Injuries,TrackDamage,EquipmentDamage,HazmatCars,HazmatCarsDerailed,HazmatCarsReleasing,County,DisplayTime,calendar,Fiscal,AccidentCause,RailroadCodes,RAILEQUIPMENT_TYPE,CauseGroup,CauseDiscipline,TYPE_OF_TRACK,StateName,latitude,longitude,hour,cat
Derailments,1991:06:PTRA:JUNE0191,0,0,3000,4833,0,0,0,HARRIS,11:00,1991,1991,"T110,","PTRA,",7,"T1,","T,",YARD,Texas,31.827233,-99.423022,11,Morning
Derailments,1991:07:SP:H2491,0,0,8000,8000,0,0,0,LIBERTY,9:44,1991,1991,"E40C,T102,","SP,",1,"E4,T1,","E,T,",MAIN,Texas,31.827233,-99.423022,9,Morning
Derailments,1991:05:SP:H1871,0,0,7000,14500,5,4,1,HARRIS,7:30,1991,1991,"T399,","SP,",1,"T3,","T,",YARD,Texas,31.827233,-99.423022,7,Morning
Derailments,1991:07:UP:0791HO012,0,0,44633,483634,0,0,0,KLEBERG,11:45,1991,1991,"T109,T101,H699,","SP,UP,",1,"T1,H6,","T,H,",MAIN,Texas,31.827233,-99.423022,11,Morning
Derailments,1991:03:ATSF:040391104,0,0,700,6620,0,0,0,BROWN,7:55,1991,1991,"H503,","ATSF,",1,"H5,","H,",YARD,Texas,31.827233,-99.423022,7,Morning
Derailments,1991:04:UP:0491FW917,0,0,11800,350,0,0,0,DALLAS,10:10,1991,1991,"T110,","UP,",1,"T1,","T,",MAIN,Texas,31.827233,-99.423022,10,Morning
Other impacts,1991:04:UP:0491FW928,0,0,15634,0,0,0,0,TARRANT,10:45,1991,1991,"H702,H204,","BN,UP,",1,"H7,H2,H7,","H,",MAIN,Texas,31.827233,-99.423022,10,Morning
Derailments,1991:07:SP:H2661,0,0,3800,20000,0,0,0,HARRIS,8:20,1991,1991,"T110,","SP,",1,"T1,","T,",YARD,Texas,31.827233,-99.423022,8,Morning
Derailments,1991:04:SP:G0801,0,0,12000,19200,0,0,0,BEXAR,5:30,1991,1991,"H503,","SP,",1,"H5,","H,",YARD,Texas,31.827233,-99.423022,5,Morning
Derailments,1991:05:UP:0591HO023,0,0,5500,10500,53,3,0,BRAZORIA,8:30,1991,1991,"T311,","UP,",1,"T3,","T,",MAIN,Texas,31.827233,-99.423022,8,Morning
Other impacts,1991:11:BOFZ:INDUSTRY,0,0,0,20250,0,0,0,COLLIN,8:30,1991,1992,"H022,","BN,",6,"H0,","H,",INDUSTRY,Texas,31.827233,-99.423022,8,Morning
Other impacts,1991:08:SP:H3051,0,0,0,8500,0,0,0,HARRIS,10:47,1991,1991,"M599,","SP,",7,"M5,","M,",YARD,Texas,31.827233,-99.423022,10,Morning
Other impacts,1991:10:UP:1091FW008,0,0,1000,18000,0,0,0,TARRANT,5:00,1991,1992,"H018,","UP,",7,"H0,","H,",YARD,Texas,31.827233,-99.423022,5,Morning
Derailments,1991:09:UP:0991HO003,0,0,42600,1951,0,0,0,HARRIS,9:45,1991,1991,"T111,T110,","ATSF,UP,",1,"T1,","T,",MAIN,Texas,31.827233,-99.423022,9,Morning
Derailments,1991:08:UP:0891FW004,0,0,0,8150,0,0,0,DALLAS,9:35,1991,1991,"T314,","UP,",7,"T3,","T,",YARD,Texas,31.827233,-99.423022,9,Morning
Derailments,1991:12:BN:FW1238,0,0,8000,16000,0,0,0,TAYLOR,11:45,1991,1992,"T220,","BN,",1,"T2,","T,",MAIN,Texas,31.827233,-99.423022,11,Morning
Other impacts,1991:11:PTRA:NOV0391,0,0,1000,59144,0,0,0,HARRIS,6:30,1991,1992,"H020,","PTRA,",76,"H0,","H,",YARD,Texas,31.827233,-99.423022,6,Morning
Derailments,1991:11:UP:1191FW003,0,0,13500,15000,0,0,0,DALLAS,7:00,1991,1992,"T215,","UP,",7,"T2,","T,",YARD,Texas,31.827233,-99.423022,7,Morning
Derailments,1991:09:SP:J5431,0,0,8000,11500,0,0,0,JEFFERSON,9:25,1991,1991,"T110,","SP,",1,"T1,","T,",YARD,Texas,31.827233,-99.423022,9,Morning
Derailments,1991:09:BN:FW0890,0,0,2000,19000,0,0,0,HARRIS,10:50,1991,1991,"T001,","BN,",1,"T0,","T,",SIDING,Texas,31.827233,-99.423022,10,Morning
Other impacts,1991:09:SP:G2081,0,0,0,48000,0,0,0,GUADALUPE,9:00,1991,1991,"H018,","SP,",1,"H0,","H,",INDUSTRY,Texas,31.827233,-99.423022,9,Morning
Highway-rail impact,1991:10:SP:H3741,0,0,12000,4750,0,0,0,COLORADO,7:50,1991,1992,"M399,","SP,",1,"M3,","M,",MAIN,Texas,31.827233,-99.423022,7,Morning
Derailments,1991:09:BN:FW0982,0,0,9000,30000,0,0,0,LEON,6:15,1991,1991,"M405,","BN,",1,"M4,","M,",SIDING,Texas,31.827233,-99.423022,6,Morning
Derailments,1991:11:UP:1191HO005,0,0,3500,9200,37,0,0,HARRIS,7:50,1991,1992,"E46C,","SP,UP,",1,"E4,","E,",MAIN,Texas,31.827233,-99.423022,7,Morning
Derailments,1991:11:ATSF:011191103,0,0,12678,45080,3,3,0,HUTCHINSON,7:10,1991,1992,"M599,","ATSF,",7,"M5,","M,",YARD,Texas,31.827233,-99.423022,7,Morning
Derailments,1991:11:SP:H4041,0,0,150,8000,0,0,0,HARRIS,5:20,1991,1992,"T314,","SP,",1,"T3,","T,",INDUSTRY,Texas,31.827233,-99.423022,5,Morning
Other impacts,1991:10:SP:H3621,0,0,12000,0,0,0,0,HARRIS,7:10,1991,1992,"H204,","SP,",8,"H2,","H,",MAIN,Texas,31.827233,-99.423022,7,Morning
Derailments,1991:08:UP:0891FW011,0,0,100,9079,0,0,0,TARRANT,10:50,1991,1991,"H307,","UP,",87,"H3,","H,",YARD,Texas,31.827233,-99.423022,10,Morning
Derailments,1991:11:BN:ZZZZZZZZZZ,0,0,0,12500,1,1,0,TARRANT,11:15,1991,1992,"H702,H601,","SP,",7,"H7,H6,","H,",MAIN,Texas,31.827233,-99.423022,11,Morning
Derailments,1991:10:BN:FW0984,0,0,48000,664500,0,0,0,DONLEY,6:30,1991,1992,"T299,","BN,",1,"T2,","T,",MAIN,Texas,31.827233,-99.423022,6,Morning
Other impacts,1991:09:PTRA:SEPT0191,0,0,0,6837,0,0,0,HARRIS,9:50,1991,1991,"H302,","PTRA,",7,"H3,","H,",YARD,Texas,31.827233,-99.423022,9,Morning
Highway-rail impact,1991:11:UP:1191HO010,1,1,0,35000,0,0,0,HARRIS,11:36,1991,1992,"M399,","UP,",1,"M3,","M,",MAIN,Texas,31.827233,-99.423022,11,Morning
Derailments,1991:08:UP:0891SA001,0,0,500,7000,0,0,0,WEBB,6:25,1991,1991,"T110,","UP,",1,"T1,","T,",YARD,Texas,31.827233,-99.423022,6,Morning
Side collision,1991:09:UP:0991RR014,0,6,0,89000,21,0,0,CASS,7:30,1991,1991,"S005,","UP,",11,"S0,","S,",SIDING,Texas,31.827233,-99.423022,7,Morning
Side collision,1991:10:BN:FW0989,0,0,30,7000,0,0,0,POTTER,5:25,1991,1992,"H018,","BN,",15,"H0,","H,",MAIN,Texas,31.827233,-99.423022,5,Morning
Derailments,1991:10:HBT:AX1J91,0,0,5432,7000,0,0,0,HARRIS,11:00,1991,1992,"T314,","HBT,",7,"T3,","T,",YARD,Texas,31.827233,-99.423022,11,Morning
Derailments,1991:10:BN:FW1035,0,1,24000,145000,0,0,0,DONLEY,9:00,1991,1992,"T207,","BN,",1,"T2,","T,",MAIN,Texas,31.827233,-99.423022,9,Morning
Derailments,1991:08:ATSF:020891101,0,0,3000,4800,5,0,0,EL PASO,9:05,1991,1991,"T110,","ATSF,",1,"T1,","T,",YARD,Texas,31.827233,-99.423022,9,Morning
Derailments,1991:10:UP:1091HO006,0,0,0,9000,1,0,0,BRAZORIA,5:15,1991,1992,"H999,","UP,",7,"H9,","H,",MAIN,Texas,31.827233,-99.423022,5,Morning
Other impacts,1991:11:PTRA:NOV0191,0,0,500,44562,4,1,0,HARRIS,5:00,1991,1992,"H306,","PTRA,SP,",75,"H3,","H,",SIDING,Texas,31.827233,-99.423022,5,Morning
Derailments,1991:08:HBT:AX1H91,0,0,106,6500,23,5,0,HARRIS,9:20,1991,1991,"H503,","HBT,UP,",1,"H5,","H,",SIDING,Texas,31.827233,-99.423022,9,Morning
Derailments,1991:08:SP:H3131,0,0,1700,8000,0,0,0,HARRIS,6:15,1991,1991,"T314,","SP,",1,"T3,","T,",YARD,Texas,31.827233,-99.423022,6,Morning
Highway-rail impact,1991:09:UP:0991TO014,0,0,1000,15000,0,0,0,PARKER,8:22,1991,1991,"M399,","UP,",1,"M3,","M,",MAIN,Texas,31.827233,-99.423022,8,Morning
Derailments,1991:11:AUNW:D9104,0,0,6000,30000,0,0,0,TRAVIS,11:55,1991,1992,"T110,","AUNW,",1,"T1,","T,",YARD,Texas,31.827233,-99.423022,11,Morning
Derailments,1991:10:UP:1091LU012,0,0,1500,25000,0,0,0,ORANGE,10:20,1991,1992,"H999,","UP,",7,"H9,","H,",INDUSTRY,Texas,31.827233,-99.423022,10,Morning
Side collision,1992:03:ATSF:020392104,0,0,0,13691,9,0,0,POTTER,5:30,1992,1992,"H699,","ATSF,",17,"H6,","H,",YARD,Texas,31.827233,-99.423022,5,Morning
Highway-rail impact,1992:03:SSW:Y0352,0,0,0,20000,0,0,0,HARTLEY,8:45,1992,1992,"M302,","SSW,",1,"M3,","M,",MAIN,Texas,31.827233,-99.423022,8,Morning
Derailments,1992:04:SP:G1312,0,0,2500,11350,0,0,0,BEXAR,9:40,1992,1992,"T202,","SP,",7,"T2,","T,",YARD,Texas,31.827233,-99.423022,9,Morning
Derailments,1992:01:UP:0192HO004,0,0,133812,2000,0,0,0,JOHNSON,6:00,1992,1992,"T102,","UP,",1,"T1,","T,",MAIN,Texas,31.827233,-99.423022,6,Morning
Derailments,1991:12:SSW:Y5241,0,0,60000,2000,0,0,0,DALLAM,8:33,1991,1992,"H702,","BN,SSW,",1,"H7,","H,",YARD,Texas,31.827233,-99.423022,8,Morning
Other impacts,1992:04:BN:FW0386,0,0,0,36000,8,0,0,CLAY,8:45,1992,1992,"M204,M202,","BN,",1,"M2,","M,",MAIN,Texas,31.827233,-99.423022,8,Morning
Highway-rail impact,1991:12:PTRA:9112068,0,1,13070,4086,0,0,0,HARRIS,10:45,1991,1992,"M399,","PTRA,",7,"M3,","M,",MAIN,Texas,31.827233,-99.423022,10,Morning
Derailments,1992:02:SP:V0212,0,0,60000,62600,0,0,0,FREESTONE,10:05,1992,1992,"E07C,","SP,",1,"E0,","E,",MAIN,Texas,31.827233,-99.423022,10,Morning
Derailments,1992:01:UP:0192FW003,0,0,500,273345,25,8,0,DALLAS,7:45,1992,1992,"M503,","UP,",76,"M5,","M,",YARD,Texas,31.827233,-99.423022,7,Morning
Derailments,1992:01:UP:0192FW007,0,0,6000,19700,0,0,0,DALLAS,8:40,1992,1992,"T110,","UP,",1,"T1,","T,",YARD,Texas,31.827233,-99.423022,8,Morning
Derailments,1992:02:BN:FW0191,0,0,0,19300,0,0,0,HARRIS,8:45,1992,1992,"H601,S012,","BN,",1,"H6,S0,","H,S,",SIDING,Texas,31.827233,-99.423022,8,Morning
Derailments,1992:04:UP:0492HO020,0,0,0,11150,0,0,0,HARRIS,9:40,1992,1992,"E51C,","UP,",1,"E5,","E,",INDUSTRY,Texas,31.827233,-99.423022,9,Morning
Derailments,1991:12:SP:Y5251,0,0,20000,58000,13,6,0,HARTLEY,5:57,1991,1992,"T201,","SP,",1,"T2,","T,",SIDING,Texas,31.827233,-99.423022,5,Morning
Raking collision,1991:12:SP:H4651,0,2,5400,20150,0,0,0,HARRIS,5:15,1991,1992,"H999,","SP,",87,"H9,","H,",YARD,Texas,31.827233,-99.423022,5,Morning
Other impacts,1992:03:ATSF:020392102,0,0,0,8150,0,0,0,HALE,5:40,1992,1992,"H018,","ATSF,",1,"H0,","H,",YARD,Texas,31.827233,-99.423022,5,Morning
Raking collision,1992:02:SP:H0472,0,0,0,10000,0,0,0,CHAMBERS,10:15,1992,1992,"H999,","SP,",7,"H9,","H,",YARD,Texas,31.827233,-99.423022,10,Morning
Highway-rail impact,1992:03:SP:H0932,0,1,1500,15000,0,0,0,FORT BEND,9:24,1992,1992,"M304,","SP,",1,"M3,","M,",MAIN,Texas,31.827233,-99.423022,9,Morning
Derailments,1992:01:SP:H0222,0,0,24000,66150,6,6,0,GALVESTON,9:30,1992,1992,"T202,","SP,",1,"T2,","T,",MAIN,Texas,31.827233,-99.423022,9,Morning
Derailments,1992:02:SP:G0722,0,0,500,6000,0,0,0,MAVERICK,10:15,1992,1992,"H312,","SP,",7,"H3,","H,",YARD,Texas,31.827233,-99.423022,10,Morning
Side collision,1992:04:SP:H1472,0,0,0,15200,1,1,0,HARRIS,11:30,1992,1992,"H099,","SP,",57,"H0,","H,",YARD,Texas,31.827233,-99.423022,11,Morning
Derailments,1992:02:UP:0292FW022,0,0,11300,1050,0,0,0,TARRANT,11:00,1992,1992,"T399,","UP,",7,"T3,","T,",YARD,Texas,31.827233,-99.423022,11,Morning
Derailments,1991:12:SP:J6741,0,0,50000,600,0,0,0,JEFFERSON,6:00,1991,1992,"H702,","SP,",1,"H7,","H,",MAIN,Texas,31.827233,-99.423022,6,Morning
Side collision,1992:02:SSW:Y0182,0,0,60000,123300,0,0,0,DALLAM,10:55,1992,1992,"H306,H210,","BN,SSW,",17,"H3,H2,H3,","H,",MAIN,Texas,31.827233,-99.423022,10,Morning
Fire/violent rupture,1992:03:UP:0392TO005,0,0,0,13285,2,0,0,EL PASO,5:30,1992,1992,"E72L,","UP,",1,"E7,","E,",YARD,Texas,31.827233,-99.423022,5,Morning
Derailments,1991:12:UP:1291RR015,0,0,190000,5000,0,0,0,LEON,7:05,1991,1992,"T002,","UP,",1,"T0,","T,",MAIN,Texas,31.827233,-99.423022,7,Morning
Derailments,1992:03:HBT:AX1C92,0,0,4600,3630,0,0,0,HARRIS,8:10,1992,1992,"T099,","ATSF,HBT,",1,"T0,","T,",MAIN,Texas,31.827233,-99.423022,8,Morning
Other impacts,1992:01:PTRA:JAN0292,0,0,3000,9500,0,0,0,HARRIS,9:45,1992,1992,"H306,","PTRA,",7,"H3,","H,",INDUSTRY,Texas,31.827233,-99.423022,9,Morning
Derailments,1991:12:UP:1291HO017,0,0,2000,8500,2,0,0,BRAZORIA,11:45,1991,1992,"M503,","UP,",1,"M5,","M,",YARD,Texas,31.827233,-99.423022,11,Morning
Derailments,1992:01:ATSF:040192103,0,0,16740,67280,1,1,0,JOHNSON,10:06,1992,1992,"E53C,","ATSF,",1,"E5,","E,",MAIN,Texas,31.827233,-99.423022,10,Morning
Other impacts,1992:01:UP:0192FW001,0,0,10000,6650,0,0,0,TARRANT,6:10,1992,1992,"T314,","UP,",7,"T3,","T,",YARD,Texas,31.827233,-99.423022,6,Morning
Derailments,1992:02:HBT:AX0201,0,0,3630,4130,0,0,0,HARRIS,8:00,1992,1992,"H503,","HBT,",7,"H5,","H,",YARD,Texas,31.827233,-99.423022,8,Morning
Derailments,1992:04:UP:0492FW006,0,1,30354,41000,4,0,0,TARRANT,9:30,1992,1992,"T220,","BN,UP,",1,"T2,","T,",MAIN,Texas,31.827233,-99.423022,9,Morning
Highway-rail impact,1992:01:SSW:V0072,0,2,15000,0,0,0,0,BOWIE,6:10,1992,1992,"M302,","SSW,",1,"M3,","M,",MAIN,Texas,31.827233,-99.423022,6,Morning
Other impacts,1992:04:UP:0492TO001,0,0,0,9500,0,0,0,HOWARD,10:30,1992,1992,"H302,","UP,",7,"H3,","H,",YARD,Texas,31.827233,-99.423022,10,Morning
Derailments,1992:01:UP:0192RR006,0,0,200,8000,0,0,0,GREGG,9:50,1992,1992,"T110,","UP,",1,"T1,","T,",YARD,Texas,31.827233,-99.423022,9,Morning
Derailments,1992:04:UP:0492SA004,0,0,600,10500,0,0,0,LA SALLE,11:05,1992,1992,"T199,","UP,",1,"T1,","T,",YARD,Texas,31.827233,-99.423022,11,Morning
Derailments,1992:08:ATSF:020892107,0,0,4000,7500,0,0,0,NOLAN,10:05,1992,1992,"M405,","ATSF,",1,"M4,","M,",YARD,Texas,31.827233,-99.423022,10,Morning
Derailments,1992:09:SP:G3352,0,0,4500,3700,0,0,0,SAN PATRICIO,6:55,1992,1992,"H206,","SP,",1,"H2,","H,",YARD,Texas,31.827233,-99.423022,6,Morning
Derailments,1992:06:HBT:AX920603,0,0,4660,12070,28,0,0,HARRIS,11:15,1992,1992,"H503,","HBT,",7,"H5,","H,",YARD,Texas,31.827233,-99.423022,11,Morning
Derailments,1992:06:SP:H2072,0,0,200,10000,0,0,0,HARRIS,11:45,1992,1992,"T306,","SP,",7,"T3,","T,",YARD,Texas,31.827233,-99.423022,11,Morning
Derailments,1992:07:SP:G2502,0,0,192000,523300,4,4,0,TERRELL,7:00,1992,1992,"E40C,E49C,","SP,",1,"E4,","E,",MAIN,Texas,31.827233,-99.423022,7,Morning
Side collision,1992:09:SP:H3692,0,0,29000,33600,2,0,0,HARRIS,6:15,1992,1992,"H799,H702,","SP,",17,"H7,","H,",YARD,Texas,31.827233,-99.423022,6,Morning
Derailments,1992:06:UP:0692FW021,0,0,600,17911,0,0,0,TARRANT,5:15,1992,1992,"H312,","UP,",7,"H3,","H,",YARD,Texas,31.827233,-99.423022,5,Morning
Other impacts,1992:06:HBT:AX920601,0,0,6100,18550,0,0,0,HARRIS,8:45,1992,1992,"H401,H702,","HBT,",7,"H4,H7,","H,",YARD,Texas,31.827233,-99.423022,8,Morning
Derailments,1992:09:BN:FW0891,0,0,0,116000,30,6,0,DALLAS,11:25,1992,1992,"E30C,","BN,",1,"E3,","E,",MAIN,Texas,31.827233,-99.423022,11,Morning
Derailments,1992:06:UP:0692RR019,0,0,3960,4468,0,0,0,GREGG,9:50,1992,1992,"H506,","UP,",1,"H5,","H,",YARD,Texas,31.827233,-99.423022,9,Morning
Derailments,1992:08:UP:0892HO027,0,0,35992,3980,0,0,0,HARRIS,11:55,1992,1992,"T101,","UP,",1,"T1,","T,",MAIN,Texas,31.827233,-99.423022,11,Morning
Derailments,1992:05:UP:0592FW009,0,0,0,47000,0,0,0,TARRANT,5:45,1992,1992,"H312,","UP,",6,"H3,","H,",YARD,Texas,31.827233,-99.423022,5,Morning
Derailments,1992:08:BN:FW0727,0,0,3657,3600,0,0,0,GRAYSON,6:15,1992,1992,"T314,","BN,",1,"T3,","T,",YARD,Texas,31.827233,-99.423022,6,Morning
Derailments,1992:07:BN:FW0692,0,0,0,13000,0,0,0,TARRANT,11:00,1992,1992,"M502,","BN,",6,"M5,","M,",YARD,Texas,31.827233,-99.423022,11,Morning
Derailments,1992:07:BN:FW0676,0,0,0,9200,8,1,0,FREESTONE,7:15,1992,1992,"H020,","BN,",1,"H0,","H,",YARD,Texas,31.827233,-99.423022,7,Morning
Derailments,1992:06:SSW:V1082,0,0,7000,3500,0,0,0,CAMP,6:30,1992,1992,"H306,H303,","SSW,",1,"H3,","H,",INDUSTRY,Texas,31.827233,-99.423022,6,Morning
Derailments,1992:05:TM:92085,0,0,2550,12400,0,0,0,WEBB,8:50,1992,1992,"T001,","TM,",1,"T0,","T,",MAIN,Texas,31.827233,-99.423022,8,Morning
Derailments,1992:07:SP:H2662,0,0,500,10000,0,0,0,HARRIS,5:00,1992,1992,"T311,","SP,",7,"T3,","T,",YARD,Texas,31.827233,-99.423022,5,Morning
Derailments,1992:07:SP:G2422,0,0,700,7620,0,0,0,VICTORIA,10:50,1992,1992,"T311,","SP,",7,"T3,","T,",YARD,Texas,31.827233,-99.423022,10,Morning
Derailments,1992:07:SRN:922,0,0,4500,22300,8,2,0,ORANGE,9:15,1992,1992,"M204,","SRN,",7,"M2,","M,",YARD,Texas,31.827233,-99.423022,9,Morning
Derailments,1992:07:SP:F2872,0,0,2000,18200,11,0,0,EL PASO,8:20,1992,1992,"T113,","SP,UP,",1,"T1,","T,",YARD,Texas,31.827233,-99.423022,8,Morning
Derailments,1992:05:SP:F1762,0,0,48000,0,0,0,0,EL PASO,10:10,1992,1992,"T110,","SP,",NA,"T1,","T,",YARD,Texas,31.827233,-99.423022,10,Morning
Derailments,1992:05:SP:J1772,0,0,3500,6000,0,0,0,JEFFERSON,10:05,1992,1992,"T110,","SP,",1,"T1,","T,",YARD,Texas,31.827233,-99.423022,10,Morning
Derailments,1992:07:SP:H2262,0,0,2700,5000,0,0,0,HARRIS,10:22,1992,1992,"H704,","SP,",7,"H7,","H,",INDUSTRY,Texas,31.827233,-99.423022,10,Morning
Other impacts,1992:06:ZOCC:INDUSTRY,0,0,2000,16377,0,0,0,HARRIS,6:05,1992,1992,"H307,","PTRA,",7,"H3,","H,",INDUSTRY,Texas,31.827233,-99.423022,6,Morning
Derailments,1992:05:SP:H1692,0,0,900,6000,0,0,0,HARRIS,5:09,1992,1992,"H504,","SP,",1,"H5,","H,",MAIN,Texas,31.827233,-99.423022,5,Morning
Derailments,1992:08:UP:0892LU002,0,0,15000,24120,50,0,0,LIBERTY,8:00,1992,1992,"H699,H305,","UP,",1,"H6,H3,","H,",MAIN,Texas,31.827233,-99.423022,8,Morning
Derailments,1992:07:SP:H2562,0,0,14000,30560,0,0,0,LIBERTY,11:20,1992,1992,"H799,","SP,",7,"H7,","H,",MAIN,Texas,31.827233,-99.423022,11,Morning
Derailments,1992:05:BN:FW0439,0,0,5000,10000,0,0,0,TAYLOR,11:00,1992,1992,"T401,T002,","BN,",1,"T4,T0,","T,",MAIN,Texas,31.827233,-99.423022,11,Morning
Derailments,1992:09:HBT:AX920901,0,0,4275,19000,2,2,0,HARRIS,7:55,1992,1992,"T314,","HBT,",7,"T3,","T,",MAIN,Texas,31.827233,-99.423022,7,Morning
Derailments,1992:06:BN:FW0510,0,0,8000,7500,0,0,0,DALLAS,9:15,1992,1992,"M405,T403,","BN,",1,"M4,T4,","M,T,",YARD,Texas,31.827233,-99.423022,9,Morning
Other impacts,1992:09:PTRA:SEPT0392,0,0,500,37088,4,0,0,HARRIS,7:30,1992,1992,"H306,","PTRA,",67,"H3,","H,",YARD,Texas,31.827233,-99.423022,7,Morning
Derailments,1992:07:SP:H2782,0,0,0,32000,0,0,0,HARRIS,8:45,1992,1992,"T110,","SP,",7,"T1,","T,",INDUSTRY,Texas,31.827233,-99.423022,8,Morning
Side collision,1992:06:BN:FW0614,0,0,1000,11300,0,0,0,GRAYSON,7:45,1992,1992,"H702,","BN,",67,"H7,","H,",YARD,Texas,31.827233,-99.423022,7,Morning
Derailments,1992:06:UP:0692SA015,0,0,0,13300,0,0,0,WEBB,5:35,1992,1992,"T314,","UP,",1,"T3,","T,",YARD,Texas,31.827233,-99.423022,5,Morning
Derailments,1992:07:SP:J2412,0,0,4800,22100,0,0,0,JEFFERSON,11:40,1992,1992,"H312,","SP,",7,"H3,","H,",YARD,Texas,31.827233,-99.423022,11,Morning
Derailments,1992:09:UP:0992FW015,0,0,0,11500,0,0,0,TARRANT,8:20,1992,1992,"M408,","UP,",5,"M4,","M,",YARD,Texas,31.827233,-99.423022,8,Morning
Derailments,1993:01:BN:FW0018,0,0,5000,15000,0,0,0,HARRIS,9:30,1993,1993,"T314,","BN,",1,"T3,","T,",YARD,Texas,31.827233,-99.423022,9,Morning
Derailments,1993:01:SP:G0013,0,0,10000,16320,30,0,0,BEXAR,9:30,1993,1993,"T101,","SP,",1,"T1,","T,",MAIN,Texas,31.827233,-99.423022,9,Morning
Highway-rail impact,1992:10:UP:1092LU001,1,0,0,14625,36,0,0,HARRIS,5:30,1992,1993,"M303,","UP,",1,"M3,","M,",MAIN,Texas,31.827233,-99.423022,5,Morning
Derailments,1992:12:ATSF:021292127,0,0,5050,7200,0,0,0,EL PASO,11:25,1992,1993,"H704,","ATSF,",1,"H7,","H,",MAIN,Texas,31.827233,-99.423022,11,Morning
Derailments,1993:01:BN:AO0008,0,0,12000,107000,0,0,0,CASTRO,11:40,1993,1993,"T221,","BN,",1,"T2,","T,",MAIN,Texas,31.827233,-99.423022,11,Morning
Highway-rail impact,1992:11:ATSF:041192113,0,0,132550,489600,0,0,0,BELL,9:30,1992,1993,"M303,","ATSF,",1,"M3,","M,",MAIN,Texas,31.827233,-99.423022,9,Morning
Derailments,1992:11:UP:1192RR006,0,0,1400,19720,0,0,0,GREGG,7:05,1992,1993,"H702,","UP,",16,"H7,","H,",YARD,Texas,31.827233,-99.423022,7,Morning
Derailments,1992:11:TXTX:INDUSTRY,0,0,0,24725,0,0,0,HARRIS,6:45,1992,1993,"T314,T310,","SP,",1,"T3,","T,",INDUSTRY,Texas,31.827233,-99.423022,6,Morning
Highway-rail impact,1993:01:ATSF:060193201,0,0,7950,8500,0,0,0,MCLENNAN,9:00,1993,1993,"M399,","ATSF,",5,"M3,","M,",MAIN,Texas,31.827233,-99.423022,9,Morning
Derailments,1992:11:UP:1192FW015,0,0,6000,17150,0,0,0,TARRANT,5:35,1992,1993,"T001,","UP,",7,"T0,","T,",YARD,Texas,31.827233,-99.423022,5,Morning
Derailments,1992:12:SP:H5622,0,0,30400,28300,0,0,0,HARRIS,10:20,1992,1993,"H799,","SP,",7,"H7,","H,",MAIN,Texas,31.827233,-99.423022,10,Morning
Other impacts,1992:12:SP:G4222,0,0,25000,0,0,0,0,BURLESON,5:30,1992,1993,"E29C,","SP,",1,"E2,","E,",MAIN,Texas,31.827233,-99.423022,5,Morning
Derailments,1992:11:BN:FW0987,0,0,5000,68500,0,0,0,HARRIS,10:30,1992,1993,"T314,","BN,",1,"T3,","T,",SIDING,Texas,31.827233,-99.423022,10,Morning
Derailments,1992:10:BN:A00004,0,0,24500,250000,0,0,0,POTTER,8:25,1992,1993,"T207,","BN,",1,"T2,","T,",MAIN,Texas,31.827233,-99.423022,8,Morning
Derailments,1992:10:ATSF:021092102,0,0,8230,48580,0,0,0,HALE,8:10,1992,1993,"E69C,","ATSF,",1,"E6,","E,",MAIN,Texas,31.827233,-99.423022,8,Morning
Raking collision,1992:12:SP:H5432,0,0,0,10000,1,1,1,HARRIS,11:40,1992,1993,"H021,","SP,",1,"H0,","H,",YARD,Texas,31.827233,-99.423022,11,Morning
Other impacts,1992:12:SP:G4392,0,0,3000,25075,1,1,0,VICTORIA,10:15,1992,1993,"H310,","SP,",7,"H3,","H,",YARD,Texas,31.827233,-99.423022,10,Morning
Derailments,1993:02:SP:H0553,0,0,3400,4750,0,0,0,HARRIS,9:15,1993,1993,"T110,","SP,",1,"T1,","T,",YARD,Texas,31.827233,-99.423022,9,Morning
Derailments,1992:11:BN:AO0035,0,0,20000,223000,0,0,0,POTTER,8:40,1992,1993,"T207,","BN,",1,"T2,","T,",MAIN,Texas,31.827233,-99.423022,8,Morning
Derailments,1992:10:BN:FW0898,0,0,6200,0,0,0,0,WICHITA,7:10,1992,1993,"T311,","BN,",1,"T3,","T,",YARD,Texas,31.827233,-99.423022,7,Morning
Derailments,1992:10:UP:1092FW001,0,0,500,8700,0,0,0,TARRANT,9:15,1992,1993,"H306,","UP,",8,"H3,","H,",YARD,Texas,31.827233,-99.423022,9,Morning
Derailments,1992:10:UP:1092FW007,0,2,22580,7250,0,0,0,DALLAS,9:30,1992,1993,"M502,","UP,",16,"M5,","M,",MAIN,Texas,31.827233,-99.423022,9,Morning
Derailments,1992:09:UP:0992FW007,0,0,0,8899,0,0,0,DALLAS,10:00,1992,1992,"M502,","UP,",6,"M5,","M,",YARD,Texas,31.827233,-99.423022,10,Morning