AccidentType,inckey,Fatalities,Injuries,TrackDamage,EquipmentDamage,HazmatCars,HazmatCarsDerailed,HazmatCarsReleasing,County,DisplayTime,calendar,Fiscal,AccidentCause,RailroadCodes,RAILEQUIPMENT_TYPE,CauseGroup,CauseDiscipline,TYPE_OF_TRACK,StateName,latitude,longitude,hour,cat
Derailments,1993:02:CHRC:0193,0,0,7000,24800,1,0,0,LAMAR,6:35,1993,1993,"T101,","CHRC,",1,"T1,","T,",MAIN,Texas,31.827233,-99.423022,6,Morning
Other impacts,1992:09:UP:0992RR005,0,0,2000,7777,0,0,0,SMITH,10:00,1992,1992,"H018,","UP,",1,"H0,","H,",INDUSTRY,Texas,31.827233,-99.423022,10,Morning
Other impacts,1992:12:PTRA:DEC0192,0,0,1500,31465,0,0,0,HARRIS,9:00,1992,1993,"H306,","PTRA,",76,"H3,","H,",YARD,Texas,31.827233,-99.423022,9,Morning
Derailments,1993:01:SP:H0423,0,0,300,9000,1,1,0,HARRIS,11:00,1993,1993,"H702,H303,","SP,",7,"H7,H3,","H,",YARD,Texas,31.827233,-99.423022,11,Morning
Obstruction impact,1993:05:BN:FW0259,0,2,0,25000,0,0,0,LEON,9:00,1993,1993,"H402,","BN,",85,"H4,","H,",MAIN,Texas,31.827233,-99.423022,9,Morning
Other impacts,1993:02:KCS:449765,0,0,0,10000,0,0,0,HUNT,9:45,1993,1993,"M502,","KCS,",6,"M5,","M,",MAIN,Texas,31.827233,-99.423022,9,Morning
Other impacts,1993:05:SP:G0943,0,0,25000,0,0,0,0,BEXAR,7:30,1993,1993,"H307,","SP,",8,"H3,","H,",MAIN,Texas,31.827233,-99.423022,7,Morning
Derailments,1993:05:KCS:449583,0,0,5000,11613,0,0,0,JEFFERSON,10:30,1993,1993,"T110,","KCS,",7,"T1,","T,",INDUSTRY,Texas,31.827233,-99.423022,10,Morning
Derailments,1993:03:UP:0393FW001,0,0,2500,5214,9,1,0,ECTOR,10:40,1993,1993,"T314,","UP,",7,"T3,","T,",YARD,Texas,31.827233,-99.423022,10,Morning
Highway-rail impact,1993:05:SO:MA0293,0,1,0,9840,0,0,0,TOM GREEN,11:50,1993,1993,"M303,M302,","SO,",1,"M3,","M,",MAIN,Texas,31.827233,-99.423022,11,Morning
Derailments,1993:03:KCS:334517,0,0,0,13400,0,0,0,CAMP,11:45,1993,1993,"M502,","KCS,",1,"M5,","M,",INDUSTRY,Texas,31.827233,-99.423022,11,Morning
Derailments,1993:06:ATSF:060693111,0,0,9000,10500,0,0,0,BELL,10:00,1993,1993,"T319,E64C,","ATSF,",1,"T3,E6,","T,E,",YARD,Texas,31.827233,-99.423022,10,Morning
Derailments,1993:04:SSW:Y0303,0,0,23000,560,2,2,0,HARTLEY,6:50,1993,1993,"T403,","SSW,",1,"T4,","T,",YARD,Texas,31.827233,-99.423022,6,Morning
Side collision,1993:02:SP:F0503,0,0,0,8495,0,0,0,EL PASO,9:00,1993,1993,"H306,","SP,",67,"H3,","H,",YARD,Texas,31.827233,-99.423022,9,Morning
Derailments,1993:03:PTRA:MAR0293,0,0,10000,62000,0,0,0,HARRIS,9:05,1993,1993,"M405,","PTRA,",7,"M4,","M,",MAIN,Texas,31.827233,-99.423022,9,Morning
Derailments,1993:06:ATSF:070693101,0,0,1500,12000,0,0,0,POTTER,6:20,1993,1993,"T314,E64C,","ATSF,",7,"T3,E6,","T,E,",YARD,Texas,31.827233,-99.423022,6,Morning
Derailments,1993:06:BN:FW0274,0,0,6100,3500,0,0,0,BAYLOR,9:00,1993,1993,"T110,","BN,",1,"T1,","T,",MAIN,Texas,31.827233,-99.423022,9,Morning
Other impacts,1993:05:UP:0593HO024,0,0,0,10000,0,0,0,HARRIS,7:30,1993,1993,"H302,","UP,",7,"H3,","H,",YARD,Texas,31.827233,-99.423022,7,Morning
Other impacts,1993:08:ATSF:050893102,0,0,1000,7505,1,0,0,TARRANT,10:30,1993,1993,"H306,","ATSF,",1,"H3,","H,",YARD,Texas,31.827233,-99.423022,10,Morning
Highway-rail impact,1993:05:SP:V0693,0,0,18000,1000,0,0,0,LIMESTONE,10:25,1993,1993,"M302,","SP,",1,"M3,","M,",MAIN,Texas,31.827233,-99.423022,10,Morning
Side collision,1993:05:PTRA:MAY0193,0,0,800,15000,0,0,0,HARRIS,10:15,1993,1993,"H702,","PTRA,",77,"H7,","H,",INDUSTRY,Texas,31.827233,-99.423022,10,Morning
Derailments,1993:04:BN:AO0233,0,0,200,16500,0,0,0,HARDEMAN,5:45,1993,1993,"H306,H702,","BN,",1,"H3,H7,","H,",YARD,Texas,31.827233,-99.423022,5,Morning
Highway-rail impact,1993:04:SSW:V0633,0,0,0,6868,0,0,0,BOWIE,5:59,1993,1993,"M399,","SSW,",1,"M3,","M,",MAIN,Texas,31.827233,-99.423022,5,Morning
Derailments,1993:06:HBT:AX930602,0,0,8000,2390,3,0,0,HARRIS,7:20,1993,1993,"T314,","HBT,UP,",7,"T3,","T,",SIDING,Texas,31.827233,-99.423022,7,Morning
Derailments,1993:03:SP:G0553,0,0,20000,1000,0,0,0,BEXAR,8:05,1993,1993,"H508,","SP,UP,",1,"H5,","H,",MAIN,Texas,31.827233,-99.423022,8,Morning
Derailments,1993:04:TM:93035,0,0,3900,2925,0,0,0,WEBB,7:30,1993,1993,"H503,","TM,",1,"H5,","H,",MAIN,Texas,31.827233,-99.423022,7,Morning
Other impacts,1993:01:ATSF:040193118,0,0,500,15930,0,0,0,COOKE,10:00,1993,1993,"H018,","ATSF,",7,"H0,","H,",YARD,Texas,31.827233,-99.423022,10,Morning
Derailments,1993:06:HBT:AX930603,0,0,1800,20070,2,2,0,HARRIS,6:15,1993,1993,"T314,","HBT,UP,",16,"T3,","T,",SIDING,Texas,31.827233,-99.423022,6,Morning
Derailments,1993:04:BN:AO0225,0,0,200,38000,0,0,0,HALE,11:40,1993,1993,"H020,","BN,",1,"H0,","H,",YARD,Texas,31.827233,-99.423022,11,Morning
Highway-rail impact,1993:06:ATSF:060693204,1,0,18197,2000,14,0,0,BRAZORIA,9:40,1993,1993,"M302,","ATSF,",1,"M3,","M,",MAIN,Texas,31.827233,-99.423022,9,Morning
Derailments,1993:05:BN:FW0271,0,0,0,37500,0,0,0,JONES,11:40,1993,1993,"T110,","BN,",1,"T1,","T,",MAIN,Texas,31.827233,-99.423022,11,Morning
Derailments,1993:04:ATSF:090493109,0,0,11000,12400,0,0,0,EL PASO,9:05,1993,1993,"T205,","ATSF,",7,"T2,","T,",YARD,Texas,31.827233,-99.423022,9,Morning
Derailments,1993:02:UP:0293FW003,0,0,0,9882,0,0,0,TARRANT,6:55,1993,1993,"H501,","UP,",7,"H5,","H,",YARD,Texas,31.827233,-99.423022,6,Morning
Other impacts,1993:04:ATSF:040493113,0,0,0,10505,0,0,0,COOKE,7:00,1993,1993,"H020,","ATSF,",7,"H0,","H,",YARD,Texas,31.827233,-99.423022,7,Morning
Side collision,1993:03:UP:0393RR014,0,0,0,50050,0,0,0,GREGG,9:15,1993,1993,"H099,","UP,",65,"H0,","H,",YARD,Texas,31.827233,-99.423022,9,Morning
Derailments,1993:03:ATSF:080393104,0,0,8000,79500,0,0,0,HALE,11:30,1993,1993,"H303,","ATSF,BN,",1,"H3,","H,",MAIN,Texas,31.827233,-99.423022,11,Morning
Derailments,1993:05:BN:FW0258,0,0,0,14200,0,0,0,TARRANT,10:00,1993,1993,"H020,","BN,",6,"H0,","H,",YARD,Texas,31.827233,-99.423022,10,Morning
Other impacts,1993:07:UP:0793HO018,0,0,0,16000,0,0,0,BRAZOS,10:30,1993,1993,"E34C,","UP,",1,"E3,","E,",MAIN,Texas,31.827233,-99.423022,10,Morning
Derailments,1993:09:ATSF:060993104,0,0,18000,3500,2,1,0,AUSTIN,8:45,1993,1993,"T210,","ATSF,",1,"T2,","T,",YARD,Texas,31.827233,-99.423022,8,Morning
Derailments,1993:08:SP:G1693,0,0,700,6880,0,0,0,BEXAR,8:50,1993,1993,"H702,","SP,",7,"H7,","H,",YARD,Texas,31.827233,-99.423022,8,Morning
Other impacts,1993:09:UP:0993HO004,0,0,1105,14600,0,0,0,HARRIS,8:30,1993,1993,"H601,H503,","UP,",7,"H6,H5,","H,",YARD,Texas,31.827233,-99.423022,8,Morning
Derailments,1993:10:ATSF:071093105,0,0,9000,29240,3,3,0,RANDALL,11:45,1993,1994,"T199,M405,","ATSF,",1,"T1,M4,","T,M,",SIDING,Texas,31.827233,-99.423022,11,Morning
Derailments,1993:08:AUNW:DR21993,0,0,14229,2000,0,0,0,AUSTIN,11:45,1993,1993,"T101,","AUNW,",1,"T1,","T,",MAIN,Texas,31.827233,-99.423022,11,Morning
Derailments,1993:09:ATSF:090993103,0,0,15000,3000,2,0,0,EL PASO,10:37,1993,1993,"M503,","ATSF,",1,"M5,","M,",YARD,Texas,31.827233,-99.423022,10,Morning
Highway-rail impact,1993:08:UP:0893VB012,1,0,0,11161,0,0,0,TARRANT,8:12,1993,1993,"M302,","UP,",1,"M3,","M,",MAIN,Texas,31.827233,-99.423022,8,Morning
Derailments,1993:08:BN:FW0348,0,0,10000,22000,0,0,0,WICHITA,5:15,1993,1993,"M405,H508,","BN,",1,"M4,H5,","M,H,",MAIN,Texas,31.827233,-99.423022,5,Morning
Derailments,1993:09:ATSF:060993106,0,0,6500,2500,0,0,0,HARRIS,8:23,1993,1993,"H702,","ATSF,",7,"H7,","H,",YARD,Texas,31.827233,-99.423022,8,Morning
Derailments,1993:04:UP:0493SA007,0,0,0,14500,0,0,0,WEBB,9:15,1993,1993,"M199,","UP,",1,"M1,","M,",YARD,Texas,31.827233,-99.423022,9,Morning
Highway-rail impact,1993:07:SSW:V1103,1,1,75000,876500,0,0,0,TITUS,10:15,1993,1993,"M302,","SSW,",1,"M3,","M,",MAIN,Texas,31.827233,-99.423022,10,Morning
Derailments,1993:07:PTRA:JULY0193,0,0,20000,36000,2,2,0,HARRIS,7:15,1993,1993,"T314,H602,","PTRA,",7,"T3,H6,","T,H,",INDUSTRY,Texas,31.827233,-99.423022,7,Morning
Derailments,1993:10:SP:G2053,0,0,8500,1720,0,0,0,KINNEY,10:25,1993,1994,"T102,","SP,",1,"T1,","T,",MAIN,Texas,31.827233,-99.423022,10,Morning
Derailments,1993:07:SP:G1283,0,0,14500,1890,0,0,0,BEXAR,6:20,1993,1993,"H505,","SP,",1,"H5,","H,",YARD,Texas,31.827233,-99.423022,6,Morning
Head on collision,1993:10:ATSF:071093102,0,4,67000,1471061,0,0,0,MOORE,9:47,1993,1994,"H499,","ATSF,",1,"H4,","H,",INDUSTRY,Texas,31.827233,-99.423022,9,Morning
Derailments,1993:06:UP:0693RR003,0,0,5860,8150,0,0,0,WOOD,7:50,1993,1993,"M503,","UP,",15,"M5,","M,",YARD,Texas,31.827233,-99.423022,7,Morning
Derailments,1993:06:UP:0693RR017,0,0,8360,215,0,0,0,SMITH,5:00,1993,1993,"T314,","UP,",1,"T3,","T,",YARD,Texas,31.827233,-99.423022,5,Morning
Derailments,1993:09:ATSF:060993107,0,0,16000,4560,0,0,0,BELL,8:30,1993,1993,"E69C,E40C,","ATSF,",1,"E6,E4,","E,",YARD,Texas,31.827233,-99.423022,8,Morning
Derailments,1993:08:PTRA:AUG0193,0,0,3239,53677,0,0,0,HARRIS,10:55,1993,1993,"T314,","PTRA,",7,"T3,","T,",YARD,Texas,31.827233,-99.423022,10,Morning
Side collision,1993:08:HBT:AX080293,0,0,650,19000,0,0,0,HARRIS,11:15,1993,1993,"H306,","HBT,",75,"H3,","H,",YARD,Texas,31.827233,-99.423022,11,Morning
Side collision,1993:08:UP:0893HO013,0,0,0,11600,2,2,0,HARRIS,10:45,1993,1993,"H602,","UP,",7,"H6,","H,",YARD,Texas,31.827233,-99.423022,10,Morning
Derailments,1993:09:UP:0993HO008,0,0,7000,16350,0,0,0,HARRIS,7:00,1993,1993,"T101,","UP,",7,"T1,","T,",MAIN,Texas,31.827233,-99.423022,7,Morning
Derailments,1993:10:SP:H4013,0,0,300,7000,0,0,0,HARRIS,6:00,1993,1994,"T111,","SP,",7,"T1,","T,",INDUSTRY,Texas,31.827233,-99.423022,6,Morning
Other impacts,1993:09:HBT:AX930901,0,0,11152,36831,0,0,0,HARRIS,10:20,1993,1993,"H306,","HBT,UP,",16,"H3,","H,",SIDING,Texas,31.827233,-99.423022,10,Morning
Highway-rail impact,1993:08:UP:0893RR003,1,3,7600,26500,1,0,0,DALLAS,8:20,1993,1993,"M302,","UP,",1,"M3,","M,",MAIN,Texas,31.827233,-99.423022,8,Morning
Highway-rail impact,1993:12:SP:G2313,3,0,17000,150,0,0,0,EL PASO,8:30,1993,1994,"M302,","SP,",1,"M3,","M,",MAIN,Texas,31.827233,-99.423022,8,Morning
Derailments,1993:07:SP:H2703,0,0,40000,117000,0,0,0,HARRIS,7:30,1993,1993,"T308,","SP,",1,"T3,","T,",MAIN,Texas,31.827233,-99.423022,7,Morning
Side collision,1993:12:UP:1293FW007,0,0,2500,20000,0,0,0,TARRANT,5:45,1993,1994,"H605,","UP,",17,"H6,","H,",YARD,Texas,31.827233,-99.423022,5,Morning
Derailments,1994:02:BN:AO0023,0,0,0,41500,10,2,1,HARDEMAN,8:14,1994,1994,"H210,","BN,",1,"H2,","H,",MAIN,Texas,31.827233,-99.423022,8,Morning
Derailments,1993:11:HBT:AX931101,0,0,300,6500,7,0,0,HARRIS,5:20,1993,1994,"H399,H302,","HBT,UP,",76,"H3,","H,",SIDING,Texas,31.827233,-99.423022,5,Morning
Other impacts,1993:09:UP:0993FW012,0,0,0,8000,0,0,0,TARRANT,10:00,1993,1993,"H999,","UP,",5,"H9,","H,",YARD,Texas,31.827233,-99.423022,10,Morning
Other impacts,1994:01:SP:H0234,0,0,13000,0,1,0,0,HARRIS,7:40,1994,1994,"H702,","SP,",1,"H7,","H,",MAIN,Texas,31.827233,-99.423022,7,Morning
Derailments,1994:02:SP:G0344,0,0,45000,24730,0,0,0,NUECES,9:30,1994,1994,"E48C,","SP,",1,"E4,","E,",MAIN,Texas,31.827233,-99.423022,9,Morning
Derailments,1994:01:SP:F0014,0,0,500,13491,0,0,0,EL PASO,9:15,1994,1994,"T110,","SP,",7,"T1,","T,",YARD,Texas,31.827233,-99.423022,9,Morning
Derailments,1993:10:TM:93101,0,0,74156,152117,0,0,0,NUECES,10:25,1993,1994,"T319,","TM,",1,"T3,","T,",MAIN,Texas,31.827233,-99.423022,10,Morning
Raking collision,1993:11:SP:H4183,0,0,0,16000,1,0,0,HARRIS,5:30,1993,1994,"H399,","SP,",7,"H3,","H,",YARD,Texas,31.827233,-99.423022,5,Morning
Side collision,1994:02:PTRA:FEB9401,0,0,2644,31000,1,1,0,HARRIS,11:00,1994,1994,"H020,","PTRA,",7,"H0,","H,",YARD,Texas,31.827233,-99.423022,11,Morning
Derailments,1993:11:SP:G2383,0,0,1500,13020,0,0,0,BEXAR,9:22,1993,1994,"T307,","SP,",1,"T3,","T,",YARD,Texas,31.827233,-99.423022,9,Morning
Derailments,1994:02:TNER:021494,0,0,8000,3000,36,5,0,GRAYSON,5:15,1994,1994,"T202,T001,","TNER,",1,"T2,T0,","T,",YARD,Texas,31.827233,-99.423022,5,Morning
Derailments,1994:01:SSW:V0034,0,0,9700,16100,0,0,0,DALLAS,10:50,1994,1994,"H018,","SSW,",7,"H0,","H,",YARD,Texas,31.827233,-99.423022,10,Morning
Highway-rail impact,1994:01:BN:FW0002,0,3,15000,20000,0,0,0,COLLIN,11:00,1994,1994,"M302,","BN,",1,"M3,","M,",MAIN,Texas,31.827233,-99.423022,11,Morning
Derailments,1993:12:UP:1293RR010,0,0,1000,14900,0,0,0,ANDERSON,11:20,1993,1994,"H312,","UP,",1,"H3,","H,",YARD,Texas,31.827233,-99.423022,11,Morning
Highway-rail impact,1994:01:SP:H0264,1,0,0,13138,0,0,0,HARRIS,11:55,1994,1994,"M302,","SP,",1,"M3,","M,",MAIN,Texas,31.827233,-99.423022,11,Morning
Derailments,1993:08:SP:G1683,0,0,4100,13760,0,0,0,BEXAR,7:00,1993,1993,"T315,","SP,",1,"T3,","T,",YARD,Texas,31.827233,-99.423022,7,Morning
Derailments,1993:11:UP:1193RR015,0,0,0,6600,0,0,0,WALKER,7:00,1993,1994,"M502,","UP,",6,"M5,","M,",INDUSTRY,Texas,31.827233,-99.423022,7,Morning
Highway-rail impact,1994:01:SP:H0064,0,3,0,100000,8,0,0,ANGELINA,8:05,1994,1994,"M302,","SP,",1,"M3,","M,",MAIN,Texas,31.827233,-99.423022,8,Morning
Derailments,1993:12:BN:FW0439,0,0,5000,9800,0,0,0,GRAYSON,6:10,1993,1994,"T110,","BN,",1,"T1,","T,",YARD,Texas,31.827233,-99.423022,6,Morning
Other impacts,1993:12:ATSF:051293101,0,0,12000,0,0,0,0,DENTON,10:36,1993,1994,"E99C,","ATSF,",4,"E9,","E,",MAIN,Texas,31.827233,-99.423022,10,Morning
Derailments,1993:10:UP:1093HO001,0,0,3000,41000,82,3,0,BRAZORIA,7:35,1993,1994,"H099,","UP,",1,"H0,","H,",YARD,Texas,31.827233,-99.423022,7,Morning
Other impacts,1993:11:SP:H4513,0,0,15000,1000,0,0,0,HARRIS,9:45,1993,1994,"M404,","SP,",7,"M4,","M,",MAIN,Texas,31.827233,-99.423022,9,Morning
Derailments,1993:10:UP:1093FW003,0,0,3000,8350,0,0,0,TARRANT,5:30,1993,1994,"E07C,","UP,",1,"E0,","E,",MAIN,Texas,31.827233,-99.423022,5,Morning
Obstruction impact,1994:05:BN:FW0120,0,0,0,10000,0,0,0,TARRANT,10:10,1994,1994,"H402,","BN,",5,"H4,","H,",MAIN,Texas,31.827233,-99.423022,10,Morning
Side collision,1994:05:UP:0594FW018,0,0,0,7000,0,0,0,TARRANT,9:40,1994,1994,"H399,","UP,",87,"H3,","H,",YARD,Texas,31.827233,-99.423022,9,Morning
Derailments,1994:06:SP:H2154,0,0,52000,10552,0,0,0,HARRIS,10:25,1994,1994,"M599,","SP,",7,"M5,","M,",YARD,Texas,31.827233,-99.423022,10,Morning
Derailments,1994:04:KCS:446255,0,0,5819,6750,0,0,0,MORRIS,11:35,1994,1994,"E35C,","KCS,",1,"E3,","E,",MAIN,Texas,31.827233,-99.423022,11,Morning
Derailments,1994:05:ATK:40519MWDBB,0,0,0,47391,0,0,0,BEXAR,7:50,1994,1994,"H303,","ATK,",2,"H3,","H,",YARD,Texas,31.827233,-99.423022,7,Morning
Derailments,1994:07:HUPZ:INDUSTRY,0,0,0,6376,0,0,0,HARRIS,6:50,1994,1994,"M409,","SP,",7,"M4,","M,",INDUSTRY,Texas,31.827233,-99.423022,6,Morning
Derailments,1994:05:BN:AO0069,0,0,0,11000,0,0,0,HARDEMAN,11:10,1994,1994,"H505,H522,","BN,",1,"H5,","H,",YARD,Texas,31.827233,-99.423022,11,Morning
Side collision,1994:04:SP:H1434,0,0,900,23800,0,0,0,HARRIS,6:00,1994,1994,"H307,","PTRA,SP,",77,"H3,","H,",YARD,Texas,31.827233,-99.423022,6,Morning
Derailments,1994:06:TNER:198,0,0,7000,35500,0,0,0,BOWIE,8:30,1994,1994,"T102,T101,","TNER,",1,"T1,","T,",MAIN,Texas,31.827233,-99.423022,8,Morning
Derailments,1994:06:SP:H1944,0,0,0,10176,0,0,0,HARRIS,6:00,1994,1994,"H525,","SP,",7,"H5,","H,",YARD,Texas,31.827233,-99.423022,6,Morning
Other impacts,1994:03:SP:H0934,0,0,17000,0,0,0,0,HARRIS,10:29,1994,1994,"M299,","SP,",1,"M2,","M,",MAIN,Texas,31.827233,-99.423022,10,Morning
Derailments,1994:06:ATSF:070694107,0,0,211500,316991,0,0,0,PARMER,5:20,1994,1994,"T201,","ATSF,",1,"T2,","T,",MAIN,Texas,31.827233,-99.423022,5,Morning
Derailments,1994:04:UP:0494ST013,0,0,2000,15140,3,0,0,HARRIS,10:00,1994,1994,"H505,","UP,",7,"H5,","H,",YARD,Texas,31.827233,-99.423022,10,Morning
Derailments,1994:03:PNR:1001,0,0,30000,12100,0,0,0,HUTCHINSON,9:05,1994,1994,"M502,","PNR,",6,"M5,","M,",YARD,Texas,31.827233,-99.423022,9,Morning
Derailments,1994:06:HLPZ:INDUSTRY,0,0,60000,6000,0,0,0,FORT BEND,5:25,1994,1994,"T308,","ATSF,",1,"T3,","T,",INDUSTRY,Texas,31.827233,-99.423022,5,Morning
Side collision,1994:07:HBT:AX940701,0,0,1000,13400,15,5,0,HARRIS,6:00,1994,1994,"H301,","HBT,UP,",67,"H3,","H,",SIDING,Texas,31.827233,-99.423022,6,Morning
Obstruction impact,1994:05:BN:FW0202,0,0,0,10550,3,1,0,LEON,9:45,1994,1994,"M402,","BN,",1,"M4,","M,",MAIN,Texas,31.827233,-99.423022,9,Morning
Other impacts,1994:06:SP:H2054,0,0,1100,8500,0,0,0,HARRIS,8:45,1994,1994,"H302,","SP,",1,"H3,","H,",INDUSTRY,Texas,31.827233,-99.423022,8,Morning
Side collision,1994:05:UP:0594HO017,0,0,0,9000,18,2,0,BRAZORIA,9:30,1994,1994,"H301,","UP,",47,"H3,","H,",INDUSTRY,Texas,31.827233,-99.423022,9,Morning
Derailments,1994:04:ATSF:050494104,0,0,750,12660,3,0,0,COOKE,8:25,1994,1994,"E22C,","ATSF,",1,"E2,","E,",MAIN,Texas,31.827233,-99.423022,8,Morning
Derailments,1994:04:RLSZ:INDUSTRY,0,0,0,31148,0,0,0,HARRIS,8:30,1994,1994,"H206,","SP,",1,"H2,","H,",INDUSTRY,Texas,31.827233,-99.423022,8,Morning
Derailments,1994:03:UP:0394FW006,0,0,8000,2600,0,0,0,DALLAS,8:25,1994,1994,"T102,","UP,",1,"T1,","T,",MAIN,Texas,31.827233,-99.423022,8,Morning
Derailments,1994:06:SP:H2034,0,0,1600,9000,0,0,0,HARRIS,11:40,1994,1994,"H020,","SP,",7,"H0,","H,",YARD,Texas,31.827233,-99.423022,11,Morning
Other impacts,1994:05:PTRA:MAY0394,0,0,3500,31950,0,0,0,HARRIS,11:15,1994,1994,"H020,","PTRA,",76,"H0,","H,",YARD,Texas,31.827233,-99.423022,11,Morning
Other impacts,1994:05:ATSF:070594104,0,0,650,8600,2,1,0,POTTER,11:45,1994,1994,"H018,","ATSF,",7,"H0,","H,",YARD,Texas,31.827233,-99.423022,11,Morning
Derailments,1994:05:SSW:V0564,0,0,65000,92057,0,0,0,TITUS,9:40,1994,1994,"M599,","SSW,",1,"M5,","M,",SIDING,Texas,31.827233,-99.423022,9,Morning
Derailments,1994:08:SP:H3114,0,0,5000,20000,0,0,0,HARRIS,10:30,1994,1994,"T110,","SP,",1,"T1,","T,",YARD,Texas,31.827233,-99.423022,10,Morning
Other impacts,1994:10:KCS:345428,0,0,0,35450,0,0,0,HUNT,9:30,1994,1995,"E08C,","KCS,",7,"E0,","E,",YARD,Texas,31.827233,-99.423022,9,Morning
Obstruction impact,1994:12:BN:FW0304,0,0,0,33000,0,0,0,WISE,11:40,1994,1995,"M104,","BN,",51,"M1,","M,",MAIN,Texas,31.827233,-99.423022,11,Morning
Derailments,1994:07:UP:0794SA023,0,0,1600,18700,0,0,0,WILLIAMSON,10:00,1994,1994,"H302,","UP,",7,"H3,","H,",YARD,Texas,31.827233,-99.423022,10,Morning
Derailments,1994:07:UP:0794HO006,0,0,86300,100000,11,0,0,HARRISON,11:22,1994,1994,"E40C,","UP,",1,"E4,","E,",MAIN,Texas,31.827233,-99.423022,11,Morning
Derailments,1994:09:SP:H3244,0,0,6000,4528,2,0,0,HARRIS,11:45,1994,1994,"T110,","SP,",7,"T1,","T,",YARD,Texas,31.827233,-99.423022,11,Morning
Derailments,1994:09:SP:H3414,0,0,300,27388,0,0,0,HARRIS,5:30,1994,1994,"E30C,","SP,",6,"E3,","E,",YARD,Texas,31.827233,-99.423022,5,Morning
Derailments,1994:11:ATSF:051194100,0,0,53600,7100,5,0,0,TARRANT,10:30,1994,1995,"H604,M405,","ATSF,",1,"H6,M4,","H,M,",MAIN,Texas,31.827233,-99.423022,10,Morning
Side collision,1994:10:UP:1094HO032,0,0,0,49657,0,0,0,GREGG,8:40,1994,1995,"H306,","UP,",161,"H3,","H,",YARD,Texas,31.827233,-99.423022,8,Morning
Other impacts,1994:09:HBT:B9409076,0,2,0,10625,0,0,0,HARRIS,10:20,1994,1994,"H018,","HBT,",87,"H0,","H,",YARD,Texas,31.827233,-99.423022,10,Morning
Derailments,1994:07:UP:0794FW003,0,0,800,9700,0,0,0,TARRANT,11:15,1994,1994,"E46C,","UP,",7,"E4,","E,",YARD,Texas,31.827233,-99.423022,11,Morning
Derailments,1994:11:UP:1194HO004,0,0,0,19625,3,0,0,JEFFERSON,8:35,1994,1995,"H306,","UP,",16,"H3,","H,",YARD,Texas,31.827233,-99.423022,8,Morning
Other impacts,1994:08:HBT:AX940801,0,0,1000,7000,2,2,0,HARRIS,9:30,1994,1994,"H312,","HBT,UP,",7,"H3,","H,",SIDING,Texas,31.827233,-99.423022,9,Morning
Highway-rail impact,1994:08:ATSF:080894200,0,2,0,8500,17,0,0,HOCKLEY,9:00,1994,1994,"M302,","ATSF,",1,"M3,","M,",MAIN,Texas,31.827233,-99.423022,9,Morning
Derailments,1994:10:BN:FW0266,0,0,10000,3750,0,0,0,LEON,6:30,1994,1995,"T110,H506,","BN,",1,"T1,H5,","T,H,",SIDING,Texas,31.827233,-99.423022,6,Morning
Derailments,1994:08:SP:V1214,0,0,7900,15600,0,0,0,TARRANT,6:40,1994,1994,"E69C,","ATSF,SP,",1,"E6,","E,",MAIN,Texas,31.827233,-99.423022,6,Morning
Derailments,1994:10:UP:1094FW001,0,0,22082,12150,2,0,0,TARRANT,8:05,1994,1995,"E30C,","UP,",7,"E3,","E,",YARD,Texas,31.827233,-99.423022,8,Morning
Raking collision,1994:07:SP:G1224,0,0,0,9800,0,0,0,SAN PATRICIO,5:20,1994,1994,"H020,","SP,",8,"H0,","H,",MAIN,Texas,31.827233,-99.423022,5,Morning
Derailments,1994:08:UP:0894SA003,0,0,1000,12800,0,0,0,WEBB,10:30,1994,1994,"T110,","TM,UP,",7,"T1,","T,",YARD,Texas,31.827233,-99.423022,10,Morning
Other impacts,1994:11:PTRA:NOV9401,0,0,85,25000,0,0,0,HARRIS,10:00,1994,1995,"H018,","PTRA,",76,"H0,","H,",YARD,Texas,31.827233,-99.423022,10,Morning
Side collision,1994:12:UP:1294SA001,0,0,1680,56000,0,0,0,LA SALLE,5:50,1994,1995,"H599,H401,","UP,",1,"H5,H4,","H,",MAIN,Texas,31.827233,-99.423022,5,Morning
Derailments,1994:10:UP:1094HO011,0,0,8550,500,38,1,0,LIBERTY,10:30,1994,1995,"H999,","UP,",1,"H9,","H,",MAIN,Texas,31.827233,-99.423022,10,Morning
Derailments,1994:10:BN:FW0240,0,0,0,75000,0,0,0,TARRANT,10:40,1994,1995,"T311,","BN,",8,"T3,","T,",YARD,Texas,31.827233,-99.423022,10,Morning
Derailments,1994:07:UP:0794HO016,0,0,3000,19815,0,0,0,ANDERSON,6:00,1994,1994,"E64C,","UP,",1,"E6,","E,",YARD,Texas,31.827233,-99.423022,6,Morning
Derailments,1994:10:UP:1094FW007,0,0,9000,600,0,0,0,TARRANT,10:30,1994,1995,"T110,","UP,",7,"T1,","T,",YARD,Texas,31.827233,-99.423022,10,Morning