AccidentType,inckey,Fatalities,Injuries,TrackDamage,EquipmentDamage,HazmatCars,HazmatCarsDerailed,HazmatCarsReleasing,County,DisplayTime,calendar,Fiscal,AccidentCause,RailroadCodes,RAILEQUIPMENT_TYPE,CauseGroup,CauseDiscipline,TYPE_OF_TRACK,StateName,latitude,longitude,hour,cat
Highway-rail impact,1994:09:UP:0994HO030,0,1,0,30400,32,0,0,HARRIS,8:30,1994,1994,"M304,","UP,",1,"M3,","M,",MAIN,Texas,31.827233,-99.423022,8,Morning
Highway-rail impact,1994:07:UP:0794SA037,0,0,0,7400,6,0,0,PARKER,11:10,1994,1994,"M304,","ATSF,UP,",1,"M3,","M,",MAIN,Texas,31.827233,-99.423022,11,Morning
Side collision,1994:07:PTRA:JULY9401,0,0,0,32820,0,0,0,HARRIS,6:30,1994,1994,"H018,H306,","PTRA,",76,"H0,H3,H0,H3,","H,",YARD,Texas,31.827233,-99.423022,6,Morning
Derailments,1994:11:UP:1194SA012,0,0,5000,3000,0,0,0,ROBERTSON,9:50,1994,1995,"E99C,","SP,UP,",1,"E9,","E,",YARD,Texas,31.827233,-99.423022,9,Morning
Derailments,1994:11:UP:1194HO009,0,0,6000,3100,0,0,0,VICTORIA,11:45,1994,1995,"T314,E64C,","SP,UP,",1,"T3,E6,","T,E,",YARD,Texas,31.827233,-99.423022,11,Morning
Head on collision,1994:07:SP:L0264,8,0,76728,5353053,9,0,0,BREWSTER,9:06,1994,1994,"H999,","SP,",1,"H9,","H,",MAIN,Texas,31.827233,-99.423022,9,Morning
Derailments,1994:09:UP:0994SA002,0,0,0,9600,6,0,0,LA SALLE,5:00,1994,1994,"E99C,","UP,",1,"E9,","E,",MAIN,Texas,31.827233,-99.423022,5,Morning
Other impacts,1994:08:UP:0894FW004,0,0,0,12275,0,0,0,TARRANT,11:15,1994,1994,"H306,","UP,",7,"H3,","H,",YARD,Texas,31.827233,-99.423022,11,Morning
Derailments,1994:10:SP:J1254,0,0,12000,21400,0,0,0,JEFFERSON,8:30,1994,1995,"T199,","SP,",1,"T1,","T,",YARD,Texas,31.827233,-99.423022,8,Morning
Derailments,1994:10:UP:1094HO027,0,0,0,49000,0,0,0,LIBERTY,11:00,1994,1995,"M103,","UP,",4,"M1,","M,",MAIN,Texas,31.827233,-99.423022,11,Morning
Side collision,1994:07:UP:0794HO025,0,0,100,9086,0,0,0,SMITH,6:00,1994,1994,"H306,","UP,",15,"H3,","H,",YARD,Texas,31.827233,-99.423022,6,Morning
Derailments,1995:03:TM:95007,0,0,12000,123417,0,0,0,WEBB,9:55,1995,1995,"T220,","TM,",1,"T2,","T,",MAIN,Texas,31.827233,-99.423022,9,Morning
Broken train collision,1995:02:BN:FW0028,0,0,13000,28600,0,0,0,MONTAGUE,5:50,1995,1995,"E34C,","BN,",1,"E3,","E,",MAIN,Texas,31.827233,-99.423022,5,Morning
Derailments,1995:03:ATSF:070395104,0,0,4000,33500,6,1,1,CARSON,7:35,1995,1995,"H704,","ATSF,",1,"H7,","H,",YARD,Texas,31.827233,-99.423022,7,Morning
Derailments,1995:03:SP:G0365,0,0,4000,16620,25,4,0,VICTORIA,9:15,1995,1995,"T212,","SP,",7,"T2,","T,",MAIN,Texas,31.827233,-99.423022,9,Morning
Derailments,1995:01:SP:H0205,0,2,30000,417313,0,0,0,LIBERTY,6:45,1995,1995,"M102,","SP,",1,"M1,","M,",MAIN,Texas,31.827233,-99.423022,6,Morning
Highway-rail impact,1995:02:UP:0295VB004,0,1,0,40000,0,0,0,DENTON,9:14,1995,1995,"M302,","UP,",1,"M3,","M,",MAIN,Texas,31.827233,-99.423022,9,Morning
Derailments,1995:06:SSW:Y0205,0,0,4000,12800,0,0,0,DALLAM,11:20,1995,1995,"H312,","SSW,",7,"H3,","H,",YARD,Texas,31.827233,-99.423022,11,Morning
Side collision,1994:12:SP:H4234,0,0,2000,36000,1,1,0,HARRIS,5:00,1994,1995,"H215,","SP,",17,"H2,","H,",INDUSTRY,Texas,31.827233,-99.423022,5,Morning
Derailments,1995:01:SP:H0355,0,0,1474,8210,0,0,0,HARRIS,11:20,1995,1995,"T110,","SP,",1,"T1,","T,",INDUSTRY,Texas,31.827233,-99.423022,11,Morning
Other impacts,1994:12:NDMZ:INDUSTRY,0,0,8000,17500,0,0,0,WEBB,10:40,1994,1995,"H099,","UP,",7,"H0,","H,",YARD,Texas,31.827233,-99.423022,10,Morning
Raking collision,1995:04:GVSR:0695,0,0,0,21250,0,0,0,GALVESTON,5:50,1995,1995,"H017,","GVSR,",7,"H0,","H,",YARD,Texas,31.827233,-99.423022,5,Morning
Derailments,1995:04:ATSF:060495104,0,0,14500,980,0,0,0,BELL,7:50,1995,1995,"T211,","ATSF,",7,"T2,","T,",YARD,Texas,31.827233,-99.423022,7,Morning
Derailments,1995:04:ATSF:050495100,0,0,30000,94900,0,0,0,COOKE,6:07,1995,1995,"M299,","ATSF,",1,"M2,","M,",SIDING,Texas,31.827233,-99.423022,6,Morning
Other impacts,1995:02:ATSF:050295105,0,0,2850,40200,0,0,0,TARRANT,9:15,1995,1995,"H702,","ATSF,",7,"H7,","H,",YARD,Texas,31.827233,-99.423022,9,Morning
Derailments,1995:03:SP:H1025,0,0,3000,9000,0,0,0,HARRIS,7:00,1995,1995,"H704,","SP,",1,"H7,","H,",YARD,Texas,31.827233,-99.423022,7,Morning
Highway-rail impact,1995:04:ATSF:060495200,0,1,29400,23000,0,0,0,JASPER,9:50,1995,1995,"M399,","ATSF,",1,"M3,","M,",MAIN,Texas,31.827233,-99.423022,9,Morning
Highway-rail impact,1994:12:SP:H4124,0,0,15000,1000,0,0,0,FORT BEND,8:00,1994,1995,"M304,","SP,",1,"M3,","M,",MAIN,Texas,31.827233,-99.423022,8,Morning
Derailments,1995:03:SP:G0415,0,0,20000,500,0,0,0,BEXAR,8:00,1995,1995,"E52C,","SP,",1,"E5,","E,",MAIN,Texas,31.827233,-99.423022,8,Morning
Derailments,1994:12:UP:1294FW015,0,0,7000,10275,0,0,0,DALLAS,8:00,1994,1995,"T216,","UP,",7,"T2,","T,",YARD,Texas,31.827233,-99.423022,8,Morning
Derailments,1995:03:UP:0395FW005,0,0,4600,39600,2,2,0,TARRANT,10:00,1995,1995,"H211,","UP,",7,"H2,","H,",YARD,Texas,31.827233,-99.423022,10,Morning
Highway-rail impact,1995:02:BN:FW0036,0,0,15362,1000,0,0,0,DALLAS,9:50,1995,1995,"M302,M399,","BN,",1,"M3,","M,",MAIN,Texas,31.827233,-99.423022,9,Morning
Highway-rail impact,1995:02:SP:H0685,0,0,85000,75000,10,0,0,LIBERTY,11:30,1995,1995,"M304,","SP,",1,"M3,","M,",MAIN,Texas,31.827233,-99.423022,11,Morning
Other impacts,1995:04:KCS:441387,0,0,100,10000,0,0,0,JEFFERSON,10:50,1995,1995,"H702,","KCS,",7,"H7,","H,",YARD,Texas,31.827233,-99.423022,10,Morning
Derailments,1995:01:HBT:AX9501002,0,0,6504,1780,0,0,0,HARRIS,10:25,1995,1995,"T101,T111,","ATSF,HBT,",1,"T1,","T,",YARD,Texas,31.827233,-99.423022,10,Morning
Side collision,1995:01:ATSF:050195101,0,2,500,154750,0,0,0,TARRANT,6:10,1995,1995,"H699,","ATSF,",87,"H6,","H,",YARD,Texas,31.827233,-99.423022,6,Morning
Derailments,1995:03:BN:FW0076,0,0,10000,800,0,0,0,TARRANT,11:00,1995,1995,"T110,","ATSF,BN,",1,"T1,","T,",MAIN,Texas,31.827233,-99.423022,11,Morning
Derailments,1995:09:ATSF:070995108,0,0,7200,24130,0,0,0,POTTER,9:45,1995,1995,"E41C,","ATSF,",7,"E4,","E,",YARD,Texas,31.827233,-99.423022,9,Morning
Other impacts,1995:04:ATSF:090495107,0,0,500,7880,0,0,0,EL PASO,9:48,1995,1995,"H020,","ATSF,",76,"H0,","H,",YARD,Texas,31.827233,-99.423022,9,Morning
Derailments,1995:06:SP:H1755,0,0,3400,9000,0,0,0,HARRIS,8:00,1995,1995,"T314,","SP,",1,"T3,","T,",YARD,Texas,31.827233,-99.423022,8,Morning
Derailments,1995:08:ATSF:060895103,0,0,12000,28610,9,1,0,BROWN,8:55,1995,1995,"T314,","ATSF,",1,"T3,","T,",YARD,Texas,31.827233,-99.423022,8,Morning
Derailments,1995:05:BN:FW0146,0,0,2000,39054,0,0,0,HARRIS,10:15,1995,1995,"T314,T311,","BN,",1,"T3,","T,",YARD,Texas,31.827233,-99.423022,10,Morning
Derailments,1995:06:BN:FW0147,0,0,2500,26000,0,0,0,WICHITA,8:50,1995,1995,"T111,","BN,",1,"T1,","T,",YARD,Texas,31.827233,-99.423022,8,Morning
Other impacts,1995:05:BN:FW0148,0,0,0,20150,0,0,0,TARRANT,10:55,1995,1995,"E0HC,","BN,",65,"E0,","E,",YARD,Texas,31.827233,-99.423022,10,Morning
Other impacts,1995:06:PTRA:JUN9502,0,0,1500,22000,1,1,0,HARRIS,5:20,1995,1995,"H020,","PTRA,",6,"H0,","H,",YARD,Texas,31.827233,-99.423022,5,Morning
Other impacts,1995:07:PTRA:JULY9501,0,0,0,62200,0,0,0,HARRIS,8:15,1995,1995,"H702,","PTRA,",7,"H7,","H,",YARD,Texas,31.827233,-99.423022,8,Morning
Derailments,1995:10:HBT:AX951001,0,0,10600,2703,3,0,0,HARRIS,5:00,1995,1996,"T210,","HBT,UP,",1,"T2,","T,",SIDING,Texas,31.827233,-99.423022,5,Morning
Derailments,1995:07:ATSF:070795103,0,0,9800,18100,0,0,0,POTTER,8:30,1995,1995,"T221,","ATSF,",7,"T2,","T,",YARD,Texas,31.827233,-99.423022,8,Morning
Derailments,1995:07:CRLX:R10795,0,1,33000,3685,9,6,0,ERATH,7:10,1995,1995,"H704,H702,","CRLX,",1,"H7,","H,",MAIN,Texas,31.827233,-99.423022,7,Morning
Side collision,1995:07:ATSF:050795100,0,0,26000,1830,1,0,0,TARRANT,11:30,1995,1995,"M599,","ATSF,",57,"M5,","M,",YARD,Texas,31.827233,-99.423022,11,Morning
Derailments,1995:07:SP:H1955,0,0,25000,9800,5,4,0,HARRIS,5:45,1995,1995,"T311,","SP,",1,"T3,","T,",INDUSTRY,Texas,31.827233,-99.423022,5,Morning
Derailments,1995:07:UP:0795FW003,0,0,7625,33484,0,0,0,TARRANT,11:15,1995,1995,"M405,","UP,",7,"M4,","M,",YARD,Texas,31.827233,-99.423022,11,Morning
Derailments,1995:07:BN:AO0073,0,0,3000,13100,0,0,0,POTTER,9:20,1995,1995,"H506,H509,","BN,",1,"H5,","H,",YARD,Texas,31.827233,-99.423022,9,Morning
Side collision,1995:07:UP:0795FW001,0,0,0,12533,0,0,0,TARRANT,11:05,1995,1995,"H302,","UP,",76,"H3,","H,",YARD,Texas,31.827233,-99.423022,11,Morning
Derailments,1995:08:ATSF:070895101,0,0,21500,280,31,1,0,ROBERTS,10:55,1995,1995,"E41C,","ATSF,",1,"E4,","E,",MAIN,Texas,31.827233,-99.423022,10,Morning
Other impacts,1995:07:UP:0795HO020,0,0,1000,15957,0,0,0,MONTGOMERY,11:30,1995,1995,"H020,","UP,",816,"H0,","H,",YARD,Texas,31.827233,-99.423022,11,Morning
Other impacts,1995:08:PTRA:AUG9502,0,0,2525,17800,2,2,1,HARRIS,6:16,1995,1995,"T314,","PTRA,",76,"T3,","T,",YARD,Texas,31.827233,-99.423022,6,Morning
Highway-rail impact,1995:06:ATSF:070695202,2,0,7876,3500,0,0,0,CARSON,8:35,1995,1995,"M303,","ATSF,",7,"M3,","M,",MAIN,Texas,31.827233,-99.423022,8,Morning
Derailments,1995:07:SP:H2005,0,0,17000,1200,0,0,0,HARRIS,11:00,1995,1995,"H999,","SP,",7,"H9,","H,",YARD,Texas,31.827233,-99.423022,11,Morning
Derailments,1995:07:KCS:438146,0,0,5542,225161,0,0,0,JEFFERSON,6:35,1995,1995,"T202,","KCS,",1,"T2,","T,",YARD,Texas,31.827233,-99.423022,6,Morning
Derailments,1995:05:UP:0595MX005,0,0,5000,30342,0,0,0,WEBB,11:00,1995,1995,"H401,","UP,",17,"H4,","H,",YARD,Texas,31.827233,-99.423022,11,Morning
Derailments,1995:07:SP:H1925,0,0,4250,13488,31,6,0,HARRIS,8:45,1995,1995,"T221,","SP,",7,"T2,","T,",YARD,Texas,31.827233,-99.423022,8,Morning
Other impacts,1995:06:PTRA:JUN9501,0,0,480,7049,0,0,0,HARRIS,10:35,1995,1995,"H018,","PTRA,",75,"H0,","H,",YARD,Texas,31.827233,-99.423022,10,Morning
Other impacts,1995:09:SP:H2575,0,0,500,54000,0,0,0,LIBERTY,5:30,1995,1995,"H306,H399,","SP,",1,"H3,","H,",YARD,Texas,31.827233,-99.423022,5,Morning
Highway-rail impact,1995:11:KCS:131620,0,3,100,29959,8,0,0,MARION,10:30,1995,1996,"M302,","KCS,",1,"M3,","M,",MAIN,Texas,31.827233,-99.423022,10,Morning
Derailments,1995:12:HBT:AX951201,0,0,1050,14216,0,0,0,HARRIS,7:45,1995,1996,"T220,H312,","HBT,UP,",7,"T2,H3,","T,H,",SIDING,Texas,31.827233,-99.423022,7,Morning
Derailments,1996:01:SP:H0216,0,0,3000,4822,0,0,0,HARRIS,9:30,1996,1996,"T311,","SP,",7,"T3,","T,",YARD,Texas,31.827233,-99.423022,9,Morning
Side collision,1995:12:UP:1295FW007,0,0,10000,16000,0,0,0,DALLAS,11:30,1995,1996,"H210,","UP,",71,"H2,","H,",YARD,Texas,31.827233,-99.423022,11,Morning
Derailments,1995:09:SP:H2585,0,0,2500,26500,0,0,0,HARRIS,11:00,1995,1995,"T110,","SP,",7,"T1,","T,",YARD,Texas,31.827233,-99.423022,11,Morning
Derailments,1996:01:SP:H0316,0,0,4000,5000,0,0,0,HARRIS,5:30,1996,1996,"M505,","SP,",7,"M5,","M,",YARD,Texas,31.827233,-99.423022,5,Morning
Other impacts,1995:12:SP:H3215,0,0,10000,0,0,0,0,HARRIS,8:25,1995,1996,"H204,","SP,",1,"H2,","H,",MAIN,Texas,31.827233,-99.423022,8,Morning
Derailments,1995:10:ATSF:051095104,0,0,15300,10580,0,0,0,TARRANT,9:40,1995,1996,"M410,","ATSF,",7,"M4,","M,",SIDING,Texas,31.827233,-99.423022,9,Morning
Other impacts,1995:09:SP:H2705,0,3,0,15000,0,0,0,HARRIS,5:54,1995,1995,"H207,","SP,",1,"H2,","H,",MAIN,Texas,31.827233,-99.423022,5,Morning
Derailments,1996:01:SP:G0096,0,0,500,11500,0,0,0,BEXAR,7:10,1996,1996,"T311,","ATK,SP,",2,"T3,","T,",MAIN,Texas,31.827233,-99.423022,7,Morning
Other impacts,1995:11:ATSF:061195102,0,0,0,6900,0,0,0,HARDIN,6:00,1995,1996,"H021,","ATSF,",7,"H0,","H,",YARD,Texas,31.827233,-99.423022,6,Morning
Derailments,1996:01:UP:0196FW002,0,0,1000,6407,0,0,0,TARRANT,8:50,1996,1996,"T102,","UP,",7,"T1,","T,",YARD,Texas,31.827233,-99.423022,8,Morning
Side collision,1995:12:SP:J1875,0,0,35000,14300,0,0,0,JEFFERSON,9:10,1995,1996,"H305,","SP,",71,"H3,","H,",MAIN,Texas,31.827233,-99.423022,9,Morning
Other impacts,1995:11:SP:V1225,0,0,500,14700,0,0,0,DALLAS,8:15,1995,1996,"T217,","SP,",7,"T2,","T,",YARD,Texas,31.827233,-99.423022,8,Morning
Derailments,1995:11:BN:TX0713,0,0,2500,23500,4,2,1,TARRANT,5:10,1995,1996,"E21C,","BN,",7,"E2,","E,",YARD,Texas,31.827233,-99.423022,5,Morning
Other impacts,1996:01:UP:0196SA006,0,0,0,8000,0,0,0,MCLENNAN,11:30,1996,1996,"H020,","UP,",7,"H0,","H,",YARD,Texas,31.827233,-99.423022,11,Morning
Side collision,1995:11:SP:L0965,0,0,200,31500,4,0,0,EL PASO,9:20,1995,1996,"H306,","SP,",7,"H3,","H,",YARD,Texas,31.827233,-99.423022,9,Morning
Derailments,1995:10:ATSF:071095100,0,0,127000,89781,0,0,0,POTTER,9:55,1995,1996,"H603,M405,","ATSF,",1,"H6,M4,","H,M,",YARD,Texas,31.827233,-99.423022,9,Morning
Derailments,1995:09:SP:G1295,0,0,1000,31300,0,0,0,CAMERON,6:15,1995,1995,"E46C,","SP,",1,"E4,","E,",YARD,Texas,31.827233,-99.423022,6,Morning
Derailments,1995:10:SP:H2775,0,0,1000,65900,3,3,1,HARRIS,9:46,1995,1996,"H999,","SP,",7,"H9,","H,",YARD,Texas,31.827233,-99.423022,9,Morning
Side collision,1995:09:UP:0995FW003,0,0,500,11600,0,0,0,TARRANT,9:00,1995,1995,"H306,","UP,",7,"H3,","H,",YARD,Texas,31.827233,-99.423022,9,Morning
Other impacts,1995:09:SP:H2635,0,0,1000,18800,1,1,0,HARRIS,6:40,1995,1995,"H314,","SP,",1,"H3,","H,",YARD,Texas,31.827233,-99.423022,6,Morning
Derailments,1995:11:UP:1195ST010,0,0,2500,6714,0,0,0,HARRIS,9:10,1995,1996,"H301,","UP,",76,"H3,","H,",YARD,Texas,31.827233,-99.423022,9,Morning
Side collision,1995:09:SP:J1495,0,0,0,10500,0,0,0,JEFFERSON,9:30,1995,1995,"H310,","SP,",67,"H3,","H,",YARD,Texas,31.827233,-99.423022,9,Morning
Derailments,1995:09:HBT:AX950903,0,0,2800,12354,10,0,0,HARRIS,6:10,1995,1995,"T314,","HBT,UP,",7,"T3,","T,",SIDING,Texas,31.827233,-99.423022,6,Morning
Derailments,1995:12:ATSF:071295101,0,0,15316,1460,0,0,0,DEAF SMITH,10:30,1995,1996,"T110,","ATSF,",1,"T1,","T,",YARD,Texas,31.827233,-99.423022,10,Morning
Derailments,1995:09:UP:0995FW006,0,0,0,17471,0,0,0,DALLAS,11:30,1995,1995,"H306,","UP,",7,"H3,","H,",YARD,Texas,31.827233,-99.423022,11,Morning
Derailments,1996:05:BN:TX0077,0,0,135000,55100,11,0,0,WISE,6:20,1996,1996,"E00C,","BN,",1,"E0,","E,",MAIN,Texas,31.827233,-99.423022,6,Morning
Derailments,1996:03:SP:J0386,0,0,20000,79000,6,0,0,ORANGE,7:35,1996,1996,"H524,H526,","SP,",1,"H5,","H,",MAIN,Texas,31.827233,-99.423022,7,Morning
Derailments,1996:03:UP:0396ST005,0,0,9500,464,1,0,0,HARRIS,5:45,1996,1996,"T402,","UP,",7,"T4,","T,",YARD,Texas,31.827233,-99.423022,5,Morning
Derailments,1996:03:SP:H0626,0,0,2500,17189,0,0,0,HARRIS,9:30,1996,1996,"T212,","SP,",7,"T2,","T,",YARD,Texas,31.827233,-99.423022,9,Morning
Derailments,1996:05:UP:0596VB011,0,8,12000,599000,2,0,0,DENTON,10:42,1996,1996,"H499,","UP,",1,"H4,","H,",MAIN,Texas,31.827233,-99.423022,10,Morning
Derailments,1996:04:UP:0496FW005,0,0,2500,9645,0,0,0,TARRANT,10:30,1996,1996,"T314,","UP,",7,"T3,","T,",YARD,Texas,31.827233,-99.423022,10,Morning
Highway-rail impact,1996:04:UP:0496SA019,0,1,417000,849543,2,2,0,BRAZOS,8:50,1996,1996,"M399,M302,","SP,UP,",1,"M3,","M,",MAIN,Texas,31.827233,-99.423022,8,Morning
Other impacts,1996:04:UP:0496FW011,0,0,800,16471,0,0,0,TARRANT,10:00,1996,1996,"S007,","UP,",57,"S0,","S,",YARD,Texas,31.827233,-99.423022,10,Morning
Derailments,1996:03:ATSF:060396100,0,0,11800,0,0,0,0,GALVESTON,6:45,1996,1996,"T110,","ATSF,",1,"T1,","T,",YARD,Texas,31.827233,-99.423022,6,Morning
Derailments,1996:02:SP:V0216,0,0,14000,55100,0,0,0,ROBERTSON,5:40,1996,1996,"H599,","SP,",1,"H5,","H,",MAIN,Texas,31.827233,-99.423022,5,Morning
Derailments,1996:04:UP:0496SA006,0,0,26000,105800,34,2,1,BRAZOS,10:15,1996,1996,"E67C,","UP,",1,"E6,","E,",MAIN,Texas,31.827233,-99.423022,10,Morning
Derailments,1996:03:SP:G0336,0,0,6500,10376,0,0,0,MAVERICK,8:50,1996,1996,"T314,","SP,",1,"T3,","T,",YARD,Texas,31.827233,-99.423022,8,Morning
Derailments,1996:04:SP:H1046,0,0,2100,7287,0,0,0,HARRIS,9:00,1996,1996,"T311,","SP,",7,"T3,","T,",YARD,Texas,31.827233,-99.423022,9,Morning
Derailments,1996:02:UP:0296ST001,0,0,400,6037,8,0,0,HARRIS,11:15,1996,1996,"H601,","UP,",76,"H6,","H,",YARD,Texas,31.827233,-99.423022,11,Morning
Derailments,1996:04:SP:L0316,0,0,2500,14800,7,0,0,EL PASO,11:55,1996,1996,"T207,","SP,",1,"T2,","T,",YARD,Texas,31.827233,-99.423022,11,Morning
Derailments,1996:04:SP:H0906,0,0,25000,44364,0,0,0,HARRIS,9:45,1996,1996,"M505,","SP,",7,"M5,","M,",YARD,Texas,31.827233,-99.423022,9,Morning
Derailments,1996:05:UP:0596HO010,0,0,500,13952,0,0,0,GREGG,11:30,1996,1996,"H021,","UP,",76,"H0,","H,",YARD,Texas,31.827233,-99.423022,11,Morning
Derailments,1996:03:UP:0396SA008,0,0,0,22421,0,0,0,KENEDY,7:10,1996,1996,"H303,","UP,",1,"H3,","H,",SIDING,Texas,31.827233,-99.423022,7,Morning
Derailments,1996:08:BNSF:TX0896100,0,0,2750,35000,0,0,0,DALLAS,10:55,1996,1996,"M502,","BNSF,",6,"M5,","M,",YARD,Texas,31.827233,-99.423022,10,Morning
Side collision,1996:06:UP:0696FW014,0,0,1075,42521,0,0,0,TARRANT,7:55,1996,1996,"H599,","UP,",7,"H5,","H,",YARD,Texas,31.827233,-99.423022,7,Morning
Derailments,1996:07:BNSF:TX0796106,0,0,4000,10200,2,2,0,BROWN,11:30,1996,1996,"T314,","BNSF,",7,"T3,","T,",INDUSTRY,Texas,31.827233,-99.423022,11,Morning
Derailments,1996:09:SSW:V1156,0,0,4000,5600,0,0,0,DALLAS,5:15,1996,1996,"T204,","SSW,",1,"T2,","T,",SIDING,Texas,31.827233,-99.423022,5,Morning
Derailments,1996:09:UP:0996FW032,0,0,0,24075,0,0,0,TARRANT,10:07,1996,1996,"S007,","UP,",6,"S0,","S,",YARD,Texas,31.827233,-99.423022,10,Morning
Derailments,1996:10:SSW:V1336,0,0,0,9000,0,0,0,FRANKLIN,11:20,1996,1997,"M599,","SSW,",5,"M5,","M,",MAIN,Texas,31.827233,-99.423022,11,Morning
Derailments,1996:11:BNSF:TX0177,0,0,5000,9600,0,0,0,TARRANT,6:15,1996,1997,"T099,","BNSF,",7,"T0,","T,",SIDING,Texas,31.827233,-99.423022,6,Morning
Other impacts,1996:07:PTRA:JULY9601,0,1,608,56000,0,0,0,HARRIS,9:10,1996,1996,"H702,","HBT,PTRA,",77,"H7,","H,",YARD,Texas,31.827233,-99.423022,9,Morning
Derailments,1996:08:BNSF:TX0896102,0,0,5000,2600,8,0,0,NOLAN,5:45,1996,1996,"H503,","BNSF,",1,"H5,","H,",MAIN,Texas,31.827233,-99.423022,5,Morning
Highway-rail impact,1996:09:SSW:V1126,0,1,10000,5000,0,0,0,SMITH,9:10,1996,1996,"M304,","SSW,",1,"M3,","M,",MAIN,Texas,31.827233,-99.423022,9,Morning
Side collision,1996:09:KCS:503508,0,0,100,51135,0,0,0,JEFFERSON,7:55,1996,1996,"H307,","KCS,",17,"H3,","H,",YARD,Texas,31.827233,-99.423022,7,Morning
Derailments,1996:06:SP:G0676,0,0,300,272293,0,0,0,BEXAR,6:28,1996,1996,"T110,T113,","ATK,SP,",2,"T1,","T,",YARD,Texas,31.827233,-99.423022,6,Morning
Derailments,1996:07:UP:0796SA033,0,0,0,15345,0,0,0,EL PASO,10:00,1996,1996,"E31C,","UP,",7,"E3,","E,",YARD,Texas,31.827233,-99.423022,10,Morning
Derailments,1996:07:UP:0796FW033,0,0,505,9682,0,0,0,TARRANT,9:30,1996,1996,"E39C,","UP,",7,"E3,","E,",YARD,Texas,31.827233,-99.423022,9,Morning
Derailments,1996:10:SP:H2716,0,0,8000,1000,0,0,0,HARRIS,11:50,1996,1997,"T399,","SP,",1,"T3,","T,",INDUSTRY,Texas,31.827233,-99.423022,11,Morning
Derailments,1996:09:SP:H2286,0,0,2286,5000,1,0,0,LIBERTY,11:58,1996,1996,"H702,","SP,",1,"H7,","H,",MAIN,Texas,31.827233,-99.423022,11,Morning
Derailments,1996:06:PCN:960601,0,0,3888,8400,0,0,0,JACKSON,7:35,1996,1996,"T311,","PCN,",7,"T3,","T,",YARD,Texas,31.827233,-99.423022,7,Morning
Derailments,1996:06:UP:0696HO001,0,0,5000,1379,3,1,0,HARRIS,5:40,1996,1996,"T309,","UP,",1,"T3,","T,",YARD,Texas,31.827233,-99.423022,5,Morning
Side collision,1996:09:SP:L0786,0,0,3000,28000,14,0,0,EL PASO,9:20,1996,1996,"H399,","SP,",76,"H3,","H,",YARD,Texas,31.827233,-99.423022,9,Morning
Other impacts,1996:09:UP:0996HO027,0,0,23000,992,0,0,0,HARRIS,10:45,1996,1996,"E79L,","UP,",7,"E7,","E,",YARD,Texas,31.827233,-99.423022,10,Morning
Derailments,1996:08:SP:V1066,0,0,2500,69150,0,0,0,NAVARRO,8:25,1996,1996,"M405,","SP,",1,"M4,","M,",MAIN,Texas,31.827233,-99.423022,8,Morning
Highway-rail impact,1996:08:SP:H1916,0,2,41000,5975,0,0,0,FORT BEND,9:10,1996,1996,"M304,","SP,",1,"M3,","M,",MAIN,Texas,31.827233,-99.423022,9,Morning
Derailments,1996:11:SP:H2916,0,0,48000,3000,0,0,0,HARRIS,11:25,1996,1997,"H525,","SP,",1,"H5,","H,",YARD,Texas,31.827233,-99.423022,11,Morning
Derailments,1996:06:DGNO:062996,0,0,200,60000,0,0,0,DALLAS,6:30,1996,1996,"M204,","DGNO,",7,"M2,","M,",INDUSTRY,Texas,31.827233,-99.423022,6,Morning
Other impacts,1996:07:SP:H1796,0,0,25000,25700,5,5,0,HARRIS,5:10,1996,1996,"H306,","SP,",7,"H3,","H,",YARD,Texas,31.827233,-99.423022,5,Morning
Derailments,1996:12:SP:H3006,0,0,4000,25000,30,4,0,CHAMBERS,5:15,1996,1997,"T102,","SP,",1,"T1,","T,",MAIN,Texas,31.827233,-99.423022,5,Morning
Other impacts,1996:12:HBT:AX961201,0,0,2460,5250,0,0,0,HARRIS,7:30,1996,1997,"H312,","HBT,",7,"H3,","H,",YARD,Texas,31.827233,-99.423022,7,Morning
Derailments,1996:07:UP:0796SA043,0,0,1000,24001,0,0,0,EL PASO,6:05,1996,1996,"H504,","UP,",1,"H5,","H,",YARD,Texas,31.827233,-99.423022,6,Morning
Broken train collision,1996:11:UP:1196FW005,0,0,0,6300,0,0,0,KAUFMAN,8:05,1996,1997,"E32C,","UP,",1,"E3,","E,",MAIN,Texas,31.827233,-99.423022,8,Morning
Other impacts,1997:02:HBT:B97FEB01,0,0,960,17150,0,0,0,HARRIS,10:00,1997,1997,"H306,","HBT,",6,"H3,","H,",YARD,Texas,31.827233,-99.423022,10,Morning
Highway-rail impact,1996:12:SP:V1596,0,0,8500,1000,0,0,0,NAVARRO,6:02,1996,1997,"M302,","SP,",1,"M3,","M,",MAIN,Texas,31.827233,-99.423022,6,Morning