AccidentType,inckey,Fatalities,Injuries,TrackDamage,EquipmentDamage,HazmatCars,HazmatCarsDerailed,HazmatCarsReleasing,County,DisplayTime,calendar,Fiscal,AccidentCause,RailroadCodes,RAILEQUIPMENT_TYPE,CauseGroup,CauseDiscipline,TYPE_OF_TRACK,StateName,latitude,longitude,hour,cat
Derailments,1997:01:UP:0197HO019,0,0,5400,2200,0,0,0,HARRIS,5:00,1997,1997,"T221,","UP,",8,"T2,","T,",YARD,Texas,31.827233,-99.423022,5,Morning
Derailments,1997:03:UP:0397TS003,0,0,11850,8000,41,2,0,CULBERSON,8:25,1997,1997,"T101,","UP,",1,"T1,","T,",MAIN,Texas,31.827233,-99.423022,8,Morning
Highway-rail impact,1997:03:BNSF:OK0397206,0,0,0,10000,0,0,0,COLLIN,9:15,1997,1997,"M302,","BNSF,",1,"M3,","M,",MAIN,Texas,31.827233,-99.423022,9,Morning
Other events,1997:01:KCS:514557,0,0,0,19000,0,0,0,JEFFERSON,9:00,1997,1997,"H307,","KCS,",7,"H3,","H,",INDUSTRY,Texas,31.827233,-99.423022,9,Morning
Derailments,1996:10:SP:H2676,0,0,0,9500,0,0,0,HARRIS,10:30,1996,1997,"M404,","SP,",1,"M4,","M,",SIDING,Texas,31.827233,-99.423022,10,Morning
Derailments,1997:01:UP:0197FW014,0,0,48670,32681,0,0,0,TARRANT,10:30,1997,1997,"T102,","UP,",7,"T1,","T,",YARD,Texas,31.827233,-99.423022,10,Morning
Highway-rail impact,1997:03:BNSF:NM0397202,1,0,0,12600,0,0,0,RANDALL,11:25,1997,1997,"M302,","BNSF,",1,"M3,","M,",MAIN,Texas,31.827233,-99.423022,11,Morning
Derailments,1997:01:UP:0197HO014,0,0,0,7889,0,0,0,JEFFERSON,6:15,1997,1997,"H999,","UP,",1,"H9,","H,",YARD,Texas,31.827233,-99.423022,6,Morning
Derailments,1997:01:UP:0197HO024,0,0,225000,0,26,9,1,HARRIS,7:15,1997,1997,"T204,","UP,",1,"T2,","T,",MAIN,Texas,31.827233,-99.423022,7,Morning
Derailments,1996:11:UP:1196SA013,0,0,500,8033,2,2,0,WEBB,9:00,1996,1997,"T319,","UP,",1,"T3,","T,",YARD,Texas,31.827233,-99.423022,9,Morning
Other impacts,1996:11:SP:H2946,0,0,0,12500,2,2,0,CHAMBERS,5:50,1996,1997,"H020,","SP,",1,"H0,","H,",MAIN,Texas,31.827233,-99.423022,5,Morning
Derailments,1997:06:UP:0697HO034,0,0,117000,19176,0,0,0,HARRIS,6:55,1997,1997,"H503,","UP,",1,"H5,","H,",YARD,Texas,31.827233,-99.423022,6,Morning
Derailments,1997:06:BNSF:TX0697105,0,0,32000,750,1,0,0,GRIMES,6:30,1997,1997,"E60C,","BNSF,",1,"E6,","E,",MAIN,Texas,31.827233,-99.423022,6,Morning
Other events,1997:08:HBT:AX970802,0,0,1450,12000,0,0,0,HARRIS,9:00,1997,1997,"H299,","HBT,",7,"H2,","H,",YARD,Texas,31.827233,-99.423022,9,Morning
Derailments,1997:05:UP:0597HO001,0,0,55000,187600,1,1,0,HARRIS,9:00,1997,1997,"H506,","UP,",76,"H5,","H,",YARD,Texas,31.827233,-99.423022,9,Morning
Highway-rail impact,1997:07:UP:0797ET008,1,1,1500,7500,0,0,0,COMAL,8:15,1997,1997,"M303,","UP,",1,"M3,","M,",MAIN,Texas,31.827233,-99.423022,8,Morning
Derailments,1997:07:CARZ:INDUSTRY,0,0,7300,0,0,0,0,HARRIS,9:00,1997,1997,"T110,","PTRA,",8,"T1,","T,",INDUSTRY,Texas,31.827233,-99.423022,9,Morning
Derailments,1997:06:BNSF:TX0697117,0,0,15000,32950,0,0,0,JASPER,11:00,1997,1997,"H503,","BNSF,",1,"H5,","H,",MAIN,Texas,31.827233,-99.423022,11,Morning
Derailments,1997:07:UP:0797HO007,0,0,3000,4584,3,2,0,HARRIS,6:20,1997,1997,"T319,","UP,",7,"T3,","T,",YARD,Texas,31.827233,-99.423022,6,Morning
Derailments,1997:07:UP:0797FW027,0,0,60000,11200,20,0,0,TARRANT,5:15,1997,1997,"M201,M204,","BNSF,UP,",1,"M2,","M,",MAIN,Texas,31.827233,-99.423022,5,Morning
Derailments,1997:05:PTRA:97MAY03,0,0,10000,4900,0,0,0,HARRIS,5:15,1997,1997,"T101,","PTRA,",7,"T1,","T,",YARD,Texas,31.827233,-99.423022,5,Morning
Other events,1997:06:BNSF:TX0697111,0,0,2500,13100,0,0,0,TARRANT,8:07,1997,1997,"H310,","BNSF,",7,"H3,","H,",YARD,Texas,31.827233,-99.423022,8,Morning
Derailments,1997:07:UP:0797SA002,0,0,4235,155972,0,0,0,BEXAR,5:30,1997,1997,"E39C,","UP,",7,"E3,","E,",YARD,Texas,31.827233,-99.423022,5,Morning
Derailments,1997:05:BNSF:TX0597105,0,0,9000,3250,0,0,0,HARRIS,6:10,1997,1997,"H306,H204,","BNSF,",1,"H3,H2,","H,",MAIN,Texas,31.827233,-99.423022,6,Morning
Derailments,1997:05:UP:0597ET014,0,0,10098,400,0,0,0,COMAL,10:10,1997,1997,"H702,","UP,",1,"H7,","H,",INDUSTRY,Texas,31.827233,-99.423022,10,Morning
Highway-rail impact,1997:06:KCS:123941,0,0,1734,6192,1,0,0,MARION,10:00,1997,1997,"M303,","KCS,",1,"M3,","M,",MAIN,Texas,31.827233,-99.423022,10,Morning
Derailments,1997:07:UP:0797FW006,0,0,65845,2000,0,0,0,DALLAS,7:42,1997,1997,"T401,","UP,",1,"T4,","T,",MAIN,Texas,31.827233,-99.423022,7,Morning
Derailments,1997:09:UP:0997TS002,0,0,30000,525615,38,11,0,NOLAN,7:25,1997,1997,"T101,E47C,","UP,",1,"T1,E4,","T,E,",MAIN,Texas,31.827233,-99.423022,7,Morning
Derailments,1997:03:BNSF:TX0397110,0,0,1000,5500,0,0,0,TARRANT,5:50,1997,1997,"H702,","BNSF,",7,"H7,","H,",YARD,Texas,31.827233,-99.423022,5,Morning
Derailments,1997:04:KCS:440500,0,0,3000,20200,0,0,0,DALLAS,6:15,1997,1997,"M505,","KCS,",7,"M5,","M,",YARD,Texas,31.827233,-99.423022,6,Morning
Derailments,1997:08:BNSF:TX0897119,0,0,40000,5150,0,0,0,HARDIN,11:00,1997,1997,"T210,","BNSF,",1,"T2,","T,",YARD,Texas,31.827233,-99.423022,11,Morning
Derailments,1997:09:UP:0997ET008,0,0,95000,44750,0,0,0,LEON,5:40,1997,1997,"T212,","UP,",16,"T2,","T,",MAIN,Texas,31.827233,-99.423022,5,Morning
Derailments,1997:06:HBT:AX970701,0,0,8490,2550,0,0,0,HARRIS,11:35,1997,1997,"T102,T110,","BNSF,HBT,",1,"T1,","T,",YARD,Texas,31.827233,-99.423022,11,Morning
Derailments,1997:06:BNSF:TX0697122,0,0,3000,5100,0,0,0,PANOLA,6:15,1997,1997,"T099,","BNSF,",1,"T0,","T,",YARD,Texas,31.827233,-99.423022,6,Morning
Other impacts,1997:07:UP:0797ET025,0,0,0,10428,0,0,0,ANDERSON,10:00,1997,1997,"H312,","UP,",5,"H3,","H,",YARD,Texas,31.827233,-99.423022,10,Morning
Derailments,1997:04:UP:0497HO022,0,0,20250,15000,0,0,0,FORT BEND,7:10,1997,1997,"E39C,","UP,",1,"E3,","E,",MAIN,Texas,31.827233,-99.423022,7,Morning
Other events,1997:04:KCS:528136,0,0,40000,147278,0,0,0,HUNT,7:45,1997,1997,"H306,","KCS,",1,"H3,","H,",YARD,Texas,31.827233,-99.423022,7,Morning
Other impacts,1997:06:BNSF:TX0697124,0,0,0,9000,0,0,0,HARDIN,11:00,1997,1997,"M505,","BNSF,",7,"M5,","M,",YARD,Texas,31.827233,-99.423022,11,Morning
Derailments,1997:07:UP:0797SA004,0,0,42000,89600,53,4,0,NUECES,5:55,1997,1997,"T220,","UP,",11,"T2,","T,",YARD,Texas,31.827233,-99.423022,5,Morning
Derailments,1997:07:UP:0797HO021,0,0,13000,132188,15,3,0,HARRIS,5:15,1997,1997,"T220,","UP,",7,"T2,","T,",MAIN,Texas,31.827233,-99.423022,5,Morning
Derailments,1997:08:PTRA:9701,0,0,4200,15000,7,0,0,HARRIS,5:36,1997,1997,"M204,","PTRA,",7,"M2,","M,",YARD,Texas,31.827233,-99.423022,5,Morning
Derailments,1997:12:BNSF:TX1297109,0,0,7600,2400,0,0,0,JOHNSON,11:45,1997,1998,"T202,","BNSF,",1,"T2,","T,",YARD,Texas,31.827233,-99.423022,11,Morning
Derailments,1997:09:BNSF:TX0997101,0,0,4800,10000,0,0,0,TARRANT,6:30,1997,1997,"E4TC,","BNSF,",7,"E4,","E,",SIDING,Texas,31.827233,-99.423022,6,Morning
Highway-rail impact,1997:12:UP:1297ET005,0,1,20000,5000,0,0,0,POLK,9:15,1997,1998,"M302,","UP,",1,"M3,","M,",MAIN,Texas,31.827233,-99.423022,9,Morning
Derailments,1997:07:UP:0797ET026,0,0,4000,34600,0,0,0,FAYETTE,7:00,1997,1997,"M502,","UP,",6,"M5,","M,",YARD,Texas,31.827233,-99.423022,7,Morning
Derailments,1997:11:UP:1197FW020,0,0,28000,3516,0,0,0,DALLAS,11:30,1997,1998,"H215,","UP,",1,"H2,","H,",YARD,Texas,31.827233,-99.423022,11,Morning
Derailments,1997:08:UP:0897HO018,0,0,5501,2000,2,2,0,HARRIS,9:00,1997,1997,"E4TC,","UP,",7,"E4,","E,",YARD,Texas,31.827233,-99.423022,9,Morning
Derailments,1997:12:UP:1297FW016,0,0,200,9939,0,0,0,DALLAS,10:15,1997,1998,"T314,","UP,",7,"T3,","T,",YARD,Texas,31.827233,-99.423022,10,Morning
Derailments,1998:01:BNSF:NM0198106,0,0,15000,7100,0,0,0,POTTER,6:30,1998,1998,"E07C,","BNSF,",1,"E0,","E,",MAIN,Texas,31.827233,-99.423022,6,Morning
Derailments,1997:11:BNSF:TX1197105,0,0,25000,7333,0,0,0,LUBBOCK,10:40,1997,1998,"T316,","BNSF,",15,"T3,","T,",YARD,Texas,31.827233,-99.423022,10,Morning
Other impacts,1997:09:BNSF:TX0997100,0,0,500,12510,0,0,0,BELL,10:50,1997,1997,"E34C,","BNSF,",1,"E3,","E,",MAIN,Texas,31.827233,-99.423022,10,Morning
Derailments,1997:12:UP:1297HO014,0,0,2000,16994,1,0,0,HARRIS,6:45,1997,1998,"T207,","UP,",1,"T2,","T,",MAIN,Texas,31.827233,-99.423022,6,Morning
Derailments,1997:11:TM:9745,0,0,17000,8200,0,0,0,WEBB,10:35,1997,1998,"T210,","TM,",1,"T2,","T,",MAIN,Texas,31.827233,-99.423022,10,Morning
Derailments,1997:09:BNSF:TX0997105,0,0,194300,343600,6,5,0,ELLIS,7:00,1997,1997,"T101,T102,","BNSF,",1,"T1,","T,",MAIN,Texas,31.827233,-99.423022,7,Morning
Highway-rail impact,1997:11:BNSF:TX1197200,1,1,34800,460000,0,0,0,DENTON,9:40,1997,1998,"M302,","BNSF,",1,"M3,","M,",MAIN,Texas,31.827233,-99.423022,9,Morning
Highway-rail impact,1997:11:UP:1197HO003,0,1,12667,12467,0,0,0,FORT BEND,9:00,1997,1998,"M302,M303,","ATK,UP,",2,"M3,","M,",MAIN,Texas,31.827233,-99.423022,9,Morning
Derailments,1997:11:BNSF:GC1197105,0,0,90000,5600,0,0,0,MILAM,7:45,1997,1998,"H702,H704,","BNSF,",1,"H7,","H,",SIDING,Texas,31.827233,-99.423022,7,Morning
Derailments,1997:11:BNSF:GC1197102,0,0,8000,2188,0,0,0,BRAZORIA,6:15,1997,1998,"E64C,T311,","BNSF,UP,",1,"E6,T3,","E,T,",SIDING,Texas,31.827233,-99.423022,6,Morning
Side collision,1997:10:HBT:AX971002,0,0,620,7200,0,0,0,HARRIS,10:10,1997,1998,"H401,","HBT,",7,"H4,","H,",YARD,Texas,31.827233,-99.423022,10,Morning
Derailments,1997:09:UP:0997HO015,0,0,12000,5124,2,2,0,HARRIS,5:55,1997,1997,"T110,","UP,",7,"T1,","T,",YARD,Texas,31.827233,-99.423022,5,Morning
Derailments,1997:12:BNSF:GC1297111,0,0,0,28200,0,0,0,BELL,5:30,1997,1998,"M199,","BNSF,",1,"M1,","M,",YARD,Texas,31.827233,-99.423022,5,Morning
Derailments,1997:09:UP:0997WH003,0,0,2000,5000,0,0,0,GRAYSON,8:55,1997,1997,"H704,H602,","UP,",7,"H7,H6,","H,",YARD,Texas,31.827233,-99.423022,8,Morning
Derailments,1997:08:UP:0897MT020,0,0,589500,400720,5,0,0,GONZALES,11:55,1997,1997,"H503,","UP,",1,"H5,","H,",MAIN,Texas,31.827233,-99.423022,11,Morning
Derailments,1997:08:UP:0897HO015,0,0,4000,3125,0,0,0,HARRIS,9:35,1997,1997,"S011,","UP,",6,"S0,","S,",YARD,Texas,31.827233,-99.423022,9,Morning
Derailments,1997:09:UP:0997MT006,0,0,1200,26188,26,0,0,BRAZORIA,6:10,1997,1997,"H702,","UP,",7,"H7,","H,",YARD,Texas,31.827233,-99.423022,6,Morning
Other events,1997:12:UP:1297HO016,0,0,10000,0,0,0,0,HARRIS,5:30,1997,1998,"H704,","UP,",1,"H7,","H,",YARD,Texas,31.827233,-99.423022,5,Morning
Other impacts,1997:11:BNSF:GC1197106,0,0,50000,40930,3,3,0,HARDIN,11:30,1997,1998,"H306,","BNSF,",1,"H3,","H,",YARD,Texas,31.827233,-99.423022,11,Morning
Derailments,1997:11:UP:1197FW017,0,0,11000,9926,0,0,0,DALLAS,9:50,1997,1998,"M599,","UP,",7,"M5,","M,",INDUSTRY,Texas,31.827233,-99.423022,9,Morning
Derailments,1998:04:UP:0498FW009,0,0,47500,2900,0,0,0,TARRANT,7:30,1998,1998,"E04C,","UP,",6,"E0,","E,",YARD,Texas,31.827233,-99.423022,7,Morning
Derailments,1998:03:UP:0398MT004,0,0,30000,8085,6,0,0,BRAZORIA,10:40,1998,1998,"T110,","UP,",1,"T1,","T,",YARD,Texas,31.827233,-99.423022,10,Morning
Derailments,1998:02:RVSC:RVSC98005,0,0,18719,0,0,0,0,HIDALGO,9:15,1998,1998,"M599,","RVSC,",7,"M5,","M,",INDUSTRY,Texas,31.827233,-99.423022,9,Morning
Derailments,1998:03:UP:0398HO002,0,0,2000,5485,6,0,0,HARRIS,7:45,1998,1998,"H312,","UP,",7,"H3,","H,",YARD,Texas,31.827233,-99.423022,7,Morning
Derailments,1998:04:UP:0498ET008,0,0,0,12500,0,0,0,SHELBY,11:45,1998,1998,"H019,","UP,",1,"H0,","H,",MAIN,Texas,31.827233,-99.423022,11,Morning
Derailments,1998:05:UP:0598FW005,0,0,16905,2300,0,0,0,DALLAS,9:10,1998,1998,"M201,M203,M405,","BNSF,UP,",1,"M2,M4,M2,","M,",MAIN,Texas,31.827233,-99.423022,9,Morning
Highway-rail impact,1998:05:UP:0598HO002,0,1,11000,4000,0,0,0,FORT BEND,7:40,1998,1998,"M304,","UP,",1,"M3,","M,",MAIN,Texas,31.827233,-99.423022,7,Morning
Derailments,1998:05:BNSF:GC0598103,0,0,1600,13500,1,1,0,SHELBY,5:15,1998,1998,"H021,H303,","BNSF,",1,"H0,H3,","H,",MAIN,Texas,31.827233,-99.423022,5,Morning
Derailments,1998:05:BNSF:GC0598102,0,0,0,15150,4,4,0,HARDIN,5:30,1998,1998,"H020,","BNSF,",7,"H0,","H,",YARD,Texas,31.827233,-99.423022,5,Morning
Derailments,1998:03:UP:0398HO019,0,0,2000,18545,0,0,0,HARRIS,7:30,1998,1998,"M204,T001,","UP,",7,"M2,T0,","M,T,",YARD,Texas,31.827233,-99.423022,7,Morning
Derailments,1998:02:BNSF:AO0298112,0,0,2750,15800,20,0,0,OLDHAM,7:50,1998,1998,"E52C,H509,","BNSF,",1,"E5,H5,","E,H,",MAIN,Texas,31.827233,-99.423022,7,Morning
Derailments,1998:04:UP:0498SA011,0,0,12500,1500,0,0,0,MAVERICK,7:15,1998,1998,"M503,","UP,",1,"M5,","M,",YARD,Texas,31.827233,-99.423022,7,Morning
Derailments,1998:03:TM:98008,0,0,150550,756000,0,0,0,DUVAL,10:50,1998,1998,"T220,","TM,",1,"T2,","T,",MAIN,Texas,31.827233,-99.423022,10,Morning
Derailments,1998:05:UP:0598HO014,0,0,25500,1350,1,1,0,HARRIS,8:40,1998,1998,"T311,","UP,",7,"T3,","T,",YARD,Texas,31.827233,-99.423022,8,Morning
Derailments,1998:03:UP:0398SA008,0,0,124000,91350,0,0,0,NUECES,10:55,1998,1998,"M405,T102,T101,","BNSF,UP,",1,"M4,T1,M4,T1,","M,T,M,T,",MAIN,Texas,31.827233,-99.423022,10,Morning
Highway-rail impact,1998:03:UP:0398HO039,0,1,0,10200,0,0,0,HARRIS,10:48,1998,1998,"M302,","PTRA,UP,",7,"M3,","M,",MAIN,Texas,31.827233,-99.423022,10,Morning
Derailments,1998:05:UP:0598HO021,0,0,31500,65222,20,5,2,HARRIS,9:20,1998,1998,"E40C,T314,","UP,",7,"E4,T3,","E,T,",YARD,Texas,31.827233,-99.423022,9,Morning
Derailments,1998:01:UP:0198MT002,0,0,136000,312996,3,0,0,COLORADO,9:45,1998,1998,"M204,T110,","UP,",1,"M2,T1,","M,T,",SIDING,Texas,31.827233,-99.423022,9,Morning
Derailments,1998:05:UP:0598ET016,0,0,60000,600,0,0,0,CASS,9:40,1998,1998,"T002,","UP,",1,"T0,","T,",MAIN,Texas,31.827233,-99.423022,9,Morning
Other impacts,1998:05:BNSF:GC0598100,0,0,0,12190,0,0,0,JEFFERSON,8:00,1998,1998,"H302,","BNSF,",1,"H3,","H,",YARD,Texas,31.827233,-99.423022,8,Morning
Other impacts,1998:05:BNSF:TX0598114,0,0,0,18500,2,2,0,TARRANT,5:50,1998,1998,"H020,","BNSF,",67,"H0,","H,",YARD,Texas,31.827233,-99.423022,5,Morning
Highway-rail impact,1998:05:UP:0598MT011,0,0,30000,6983,0,0,0,LIMESTONE,7:30,1998,1998,"M303,","UP,",1,"M3,","M,",MAIN,Texas,31.827233,-99.423022,7,Morning
Other events,1998:01:PTRA:JAN9801,0,0,0,8100,2,2,0,HARRIS,6:40,1998,1998,"H306,","PTRA,",7,"H3,","H,",YARD,Texas,31.827233,-99.423022,6,Morning
Other events,1998:03:UP:0398MT010,0,0,2500,7222,0,0,0,ROBERTSON,9:20,1998,1998,"H702,","UP,",7,"H7,","H,",YARD,Texas,31.827233,-99.423022,9,Morning
Derailments,1998:01:UP:0198FW008,0,0,875,8645,0,0,0,TARRANT,10:20,1998,1998,"T110,","UP,",7,"T1,","T,",YARD,Texas,31.827233,-99.423022,10,Morning
Other events,1998:03:BNSF:AO0398103,0,0,17100,0,1,0,0,POTTER,10:50,1998,1998,"M105,","BNSF,",1,"M1,","M,",MAIN,Texas,31.827233,-99.423022,10,Morning
Other events,1998:05:UP:0598HO028,0,0,0,65569,0,0,0,HARRIS,6:45,1998,1998,"H020,","UP,",56,"H0,","H,",INDUSTRY,Texas,31.827233,-99.423022,6,Morning
Highway-rail impact,1998:05:UP:0598MT002,1,10,118800,3147700,0,0,0,WILLIAMSON,9:20,1998,1998,"M302,","ATK,UP,",2,"M3,","M,",MAIN,Texas,31.827233,-99.423022,9,Morning
Derailments,1998:01:UP:0198HO009,0,0,1200,11700,4,4,0,NAVARRO,11:00,1998,1998,"H504,","UP,",76,"H5,","H,",YARD,Texas,31.827233,-99.423022,11,Morning
Derailments,1998:04:UP:0498TS001,0,0,0,16000,58,0,0,HUDSPETH,6:30,1998,1998,"E27C,","UP,",1,"E2,","E,",MAIN,Texas,31.827233,-99.423022,6,Morning
Highway-rail impact,1998:05:UP:0598TS017,0,1,10000,5000,0,0,0,EL PASO,10:31,1998,1998,"M399,","UP,",1,"M3,","M,",MAIN,Texas,31.827233,-99.423022,10,Morning
Other events,1998:06:UP:0698MT019,0,0,1000,10000,0,0,0,VICTORIA,9:00,1998,1998,"E21C,E22C,","BNSF,UP,",1,"E2,","E,",MAIN,Texas,31.827233,-99.423022,9,Morning
Highway-rail impact,1998:08:UP:0898MT021,0,1,20000,2500,0,0,0,FAYETTE,9:50,1998,1998,"M304,","UP,",1,"M3,","M,",MAIN,Texas,31.827233,-99.423022,9,Morning
Derailments,1998:07:UP:0798FW029,0,0,0,9082,0,0,0,TARRANT,10:00,1998,1998,"M599,","UP,",5,"M5,","M,",YARD,Texas,31.827233,-99.423022,10,Morning
Other events,1998:09:UP:0998TS015,0,0,0,13600,0,0,0,EL PASO,8:30,1998,1998,"H704,","UP,",7,"H7,","H,",YARD,Texas,31.827233,-99.423022,8,Morning
Other impacts,1998:12:BNSF:TX1298113,0,0,0,9150,0,0,0,TARRANT,5:15,1998,1999,"H020,","BNSF,",71,"H0,","H,",YARD,Texas,31.827233,-99.423022,5,Morning
Derailments,1998:07:UP:0798FW026,0,0,0,116885,0,0,0,DALLAS,10:00,1998,1998,"M405,","UP,",6,"M4,","M,",YARD,Texas,31.827233,-99.423022,10,Morning
Highway-rail impact,1998:06:BNSF:GC0698201,1,0,0,100000,0,0,0,FORT BEND,11:13,1998,1998,"M302,","BNSF,",1,"M3,","M,",MAIN,Texas,31.827233,-99.423022,11,Morning
Derailments,1998:09:UP:0998MT007,0,0,24000,2870,36,0,0,BRAZORIA,6:30,1998,1998,"E41C,","UP,",1,"E4,","E,",YARD,Texas,31.827233,-99.423022,6,Morning
Other events,1998:09:PTRA:SEPT9801,0,0,0,11335,1,1,0,HARRIS,9:15,1998,1998,"H302,","PTRA,",7,"H3,","H,",YARD,Texas,31.827233,-99.423022,9,Morning
Other events,1998:06:UP:0698HO008,0,0,82000,5331,0,0,0,HARRIS,10:00,1998,1998,"H504,H506,","UP,",7,"H5,","H,",YARD,Texas,31.827233,-99.423022,10,Morning
Other events,1998:10:UP:1098FW017,0,0,500,46261,0,0,0,MCLENNAN,10:15,1998,1999,"T110,","UP,",7,"T1,","T,",YARD,Texas,31.827233,-99.423022,10,Morning
Derailments,1998:07:UP:0798MT003,1,0,80000,1374500,0,0,0,BASTROP,9:20,1998,1998,"T221,","UP,",1,"T2,","T,",MAIN,Texas,31.827233,-99.423022,9,Morning
Other events,1998:06:BNSF:GC0698113,0,0,10160,0,0,0,0,JASPER,6:30,1998,1998,"H704,","BNSF,",1,"H7,","H,",YARD,Texas,31.827233,-99.423022,6,Morning
Derailments,1998:11:BNSF:GC1198103,0,0,20000,5000,0,0,0,HARDIN,6:00,1998,1999,"T110,H399,","BNSF,",15,"T1,H3,T1,H3,","T,H,T,H,",YARD,Texas,31.827233,-99.423022,6,Morning
Other events,1998:09:BFOZ:INDUSTRY,0,0,3700,17401,0,0,0,ELLIS,9:50,1998,1998,"T110,","UP,",7,"T1,","T,",INDUSTRY,Texas,31.827233,-99.423022,9,Morning
Derailments,1998:06:UP:0698ET016,0,1,100000,262027,10,0,0,GREGG,6:13,1998,1998,"T210,","UP,",1,"T2,","T,",MAIN,Texas,31.827233,-99.423022,6,Morning
Highway-rail impact,1998:09:KCS:152641,1,0,0,9259,0,0,0,HOPKINS,8:40,1998,1998,"M303,","KCS,",1,"M3,","M,",MAIN,Texas,31.827233,-99.423022,8,Morning
Derailments,1998:09:BNSF:TX0998112,0,0,13500,2350,36,3,0,BELL,7:20,1998,1998,"T211,","BNSF,",1,"T2,","T,",YARD,Texas,31.827233,-99.423022,7,Morning
Side collision,1998:07:PTRA:JULY9801,0,0,0,54500,0,0,0,HARRIS,9:30,1998,1998,"H401,","PTRA,UP,",77,"H4,","H,",SIDING,Texas,31.827233,-99.423022,9,Morning
Derailments,1998:09:UP:0998ET001,0,0,32500,3160,35,0,0,GREGG,6:15,1998,1998,"E34C,","UP,",1,"E3,","E,",MAIN,Texas,31.827233,-99.423022,6,Morning
Derailments,1998:09:UP:0998LV013,0,0,3000,4452,0,0,0,JEFFERSON,9:30,1998,1998,"T314,","UP,",7,"T3,","T,",YARD,Texas,31.827233,-99.423022,9,Morning
Derailments,1998:11:UP:1198ET005,0,0,100000,10000,0,0,0,BOWIE,6:50,1998,1999,"T202,","UP,",1,"T2,","T,",YARD,Texas,31.827233,-99.423022,6,Morning
Other impacts,1998:07:BNSF:TX0798125,0,0,0,8800,0,0,0,TARRANT,11:00,1998,1998,"H018,","BNSF,",7,"H0,","H,",YARD,Texas,31.827233,-99.423022,11,Morning
Other events,1998:07:UP:0798HO008,0,0,49000,1665,0,0,0,HARRIS,8:30,1998,1998,"T113,","UP,",7,"T1,","T,",YARD,Texas,31.827233,-99.423022,8,Morning
Other impacts,1998:07:BNSF:TX0798109,0,0,12900,12300,2,2,0,TARRANT,6:40,1998,1998,"H018,","BNSF,",7,"H0,","H,",YARD,Texas,31.827233,-99.423022,6,Morning
Derailments,1998:06:UP:0698SA004,0,0,6000,648,0,0,0,BEXAR,9:30,1998,1998,"T112,","UP,",7,"T1,","T,",YARD,Texas,31.827233,-99.423022,9,Morning
Derailments,1998:08:UP:0898HO004,0,0,3000,35920,4,4,0,HARRIS,5:40,1998,1998,"H703,","UP,",1,"H7,","H,",YARD,Texas,31.827233,-99.423022,5,Morning
Derailments,1998:08:BRG:A74,0,0,105035,0,0,0,0,CAMERON,5:00,1998,1998,"T110,H503,","BRG,",1,"T1,H5,","T,H,",MAIN,Texas,31.827233,-99.423022,5,Morning
Other events,1998:09:UP:0998MT015,0,0,900,41000,0,0,0,ROBERTSON,5:30,1998,1998,"H702,","UP,",7,"H7,","H,",YARD,Texas,31.827233,-99.423022,5,Morning
Derailments,1998:08:BNSF:GC0898110,0,0,3000,31050,12,0,0,JEFFERSON,10:35,1998,1998,"E31C,","BNSF,",1,"E3,","E,",SIDING,Texas,31.827233,-99.423022,10,Morning
Derailments,1998:06:UP:0698HO033,0,0,600,8962,0,0,0,HARRIS,9:15,1998,1998,"T311,","UP,",1,"T3,","T,",YARD,Texas,31.827233,-99.423022,9,Morning
Derailments,1998:06:UP:0698ET021,0,0,14700,3376,0,0,0,BOWIE,11:55,1998,1998,"T110,","UP,",1,"T1,","T,",INDUSTRY,Texas,31.827233,-99.423022,11,Morning
Derailments,1998:10:UP:1098FW031,0,0,0,7328,0,0,0,TARRANT,10:00,1998,1999,"M599,","UP,",6,"M5,","M,",YARD,Texas,31.827233,-99.423022,10,Morning
Other impacts,1999:01:TM:99006,0,0,750,65000,0,0,0,WEBB,6:35,1999,1999,"H306,H302,","TM,",7,"H3,","H,",YARD,Texas,31.827233,-99.423022,6,Morning
Head on collision,1998:11:UP:1198FW019,0,4,600,70000,0,0,0,TARRANT,9:15,1998,1999,"H602,","UP,",87,"H6,","H,",YARD,Texas,31.827233,-99.423022,9,Morning
Derailments,1998:11:UP:1198FW032,0,0,3500,185695,0,0,0,DALLAS,9:15,1998,1999,"T102,","UP,",7,"T1,","T,",YARD,Texas,31.827233,-99.423022,9,Morning
Other events,1998:11:UP:1198HO009,0,0,46000,7171,12,0,0,ROBERTSON,7:50,1998,1999,"H702,","UP,",1,"H7,","H,",MAIN,Texas,31.827233,-99.423022,7,Morning
Derailments,1999:01:UP:0199FW013,0,0,800,6314,0,0,0,WISE,8:20,1999,1999,"H019,","UP,",1,"H0,","H,",SIDING,Texas,31.827233,-99.423022,8,Morning
Other events,1998:12:UP:1298HO022,0,0,15000,4295,0,0,0,HARRIS,5:20,1998,1999,"H702,","UP,",7,"H7,","H,",YARD,Texas,31.827233,-99.423022,5,Morning