AccidentType,inckey,Fatalities,Injuries,TrackDamage,EquipmentDamage,HazmatCars,HazmatCarsDerailed,HazmatCarsReleasing,County,DisplayTime,calendar,Fiscal,AccidentCause,RailroadCodes,RAILEQUIPMENT_TYPE,CauseGroup,CauseDiscipline,TYPE_OF_TRACK,StateName,latitude,longitude,hour,cat
Other events,1999:02:BNSF:AO0299111,0,0,16000,0,0,0,0,SCURRY,10:00,1999,1999,"M501,","BNSF,",9,"M5,","M,",MAIN,Texas,31.827233,-99.423022,10,Morning
Highway-rail impact,1998:11:BNSF:TX1198201,0,0,15474,0,0,0,0,TARRANT,9:36,1998,1999,"M304,M302,M399,","BNSF,UP,",7,"M3,","M,",SIDING,Texas,31.827233,-99.423022,9,Morning
Derailments,1999:01:UP:0199HO023,0,0,42500,2999,2,1,0,HARRIS,8:30,1999,1999,"T212,","UP,",7,"T2,","T,",YARD,Texas,31.827233,-99.423022,8,Morning
Other events,1998:12:UP:1298FW005,0,0,400,82107,0,0,0,TARRANT,5:15,1998,1999,"E09C,","UP,",76,"E0,","E,",YARD,Texas,31.827233,-99.423022,5,Morning
Derailments,1999:01:KCS:447057,0,0,1901,11132,0,0,0,JEFFERSON,6:00,1999,1999,"T110,","KCS,",7,"T1,","T,",YARD,Texas,31.827233,-99.423022,6,Morning
Other impacts,1999:01:UP:0199FW014,0,0,0,16876,0,0,0,DALLAS,8:55,1999,1999,"H306,","UP,",7,"H3,","H,",YARD,Texas,31.827233,-99.423022,8,Morning
Other events,1998:10:UP:1098HO017,0,0,28000,66681,68,3,0,CHAMBERS,11:30,1998,1999,"H306,","UP,",76,"H3,","H,",YARD,Texas,31.827233,-99.423022,11,Morning
Obstruction impact,1999:01:UP:0199HO047,0,0,73649,40076,0,0,0,HARRIS,6:20,1999,1999,"E29C,","UP,",7,"E2,","E,",YARD,Texas,31.827233,-99.423022,6,Morning
Derailments,1998:12:UP:1298EP012,0,0,72000,129800,0,0,0,REEVES,5:15,1998,1999,"T101,","UP,",1,"T1,","T,",MAIN,Texas,31.827233,-99.423022,5,Morning
Derailments,1998:10:BNSF:GC1098103,0,0,1500,24381,2,2,0,HARDIN,5:20,1998,1999,"T202,","BNSF,",1,"T2,","T,",YARD,Texas,31.827233,-99.423022,5,Morning
Derailments,1998:10:UP:1098TS015,0,0,80000,67000,0,0,0,REEVES,8:50,1998,1999,"T215,T221,","UP,",1,"T2,","T,",SIDING,Texas,31.827233,-99.423022,8,Morning
Derailments,1998:08:UP:0898MT005,0,0,30000,3846,10,0,0,COLORADO,8:15,1998,1998,"T499,","UP,",1,"T4,","T,",MAIN,Texas,31.827233,-99.423022,8,Morning
Derailments,1999:03:BNSF:AO0399105,0,0,95000,40000,22,0,0,SCURRY,10:00,1999,1999,"E53C,","BNSF,",1,"E5,","E,",MAIN,Texas,31.827233,-99.423022,10,Morning
Other impacts,1999:07:BNSF:GC0799112,0,0,4200,17800,7,2,0,JEFFERSON,9:30,1999,1999,"H399,","BNSF,",1,"H3,","H,",YARD,Texas,31.827233,-99.423022,9,Morning
Derailments,1999:05:FWWR:99051001,0,0,0,88522,0,0,0,COMANCHE,11:30,1999,1999,"H099,","FWWR,",6,"H0,","H,",INDUSTRY,Texas,31.827233,-99.423022,11,Morning
Derailments,1999:02:TM:99008,0,0,100000,225000,0,0,0,WEBB,8:13,1999,1999,"H606,E46C,","TM,",1,"H6,E4,","H,E,",MAIN,Texas,31.827233,-99.423022,8,Morning
Other events,1999:05:UP:0599HO013,0,0,0,7000,0,0,0,HARRIS,6:30,1999,1999,"M105,","UP,",6,"M1,","M,",YARD,Texas,31.827233,-99.423022,6,Morning
Derailments,1999:04:BNSF:AO0499102,0,0,96000,3000,12,0,0,ROBERTS,5:00,1999,1999,"E53C,","BNSF,",1,"E5,","E,",MAIN,Texas,31.827233,-99.423022,5,Morning
Derailments,1999:03:BNSF:TX0399116,0,0,45000,4900,0,0,0,TARRANT,5:15,1999,1999,"H704,","BNSF,",7,"H7,","H,",YARD,Texas,31.827233,-99.423022,5,Morning
Derailments,1999:03:BNSF:TX0399125,0,0,12000,0,0,0,0,GRAYSON,6:45,1999,1999,"H505,T110,T101,","BNSF,TNER,",1,"H5,T1,","H,T,",YARD,Texas,31.827233,-99.423022,6,Morning
Derailments,1999:05:BNSF:TX0599113,0,0,2000,9500,0,0,0,GRAYSON,9:00,1999,1999,"T108,","BNSF,",1,"T1,","T,",YARD,Texas,31.827233,-99.423022,9,Morning
Derailments,1999:05:BNSF:AO0599102,0,0,32000,1500,8,0,0,LAMB,9:45,1999,1999,"T111,T112,","BNSF,",1,"T1,","T,",SIDING,Texas,31.827233,-99.423022,9,Morning
Derailments,1999:05:BNSF:AO0599107,0,0,36472,27695,16,0,0,POTTER,8:30,1999,1999,"E46C,","BNSF,",1,"E4,","E,",YARD,Texas,31.827233,-99.423022,8,Morning
Derailments,1999:03:BNSF:TX0399105,0,0,0,6753,0,0,0,MCLENNAN,8:30,1999,1999,"H025,","BNSF,",1,"H0,","H,",INDUSTRY,Texas,31.827233,-99.423022,8,Morning
Derailments,1999:05:UP:0599FW005,0,0,200,7710,3,2,0,DALLAS,10:00,1999,1999,"T110,","UP,",7,"T1,","T,",YARD,Texas,31.827233,-99.423022,10,Morning
Obstruction impact,1999:02:UP:0299LV023,0,0,76961,3828,0,0,0,JEFFERSON,9:57,1999,1999,"M599,","UP,",7,"M5,","M,",YARD,Texas,31.827233,-99.423022,9,Morning
Derailments,1999:05:BNSF:TX0599118,0,0,5000,26500,0,0,0,HARDEMAN,11:45,1999,1999,"H514,H524,","BNSF,",1,"H5,","H,",YARD,Texas,31.827233,-99.423022,11,Morning
Highway-rail impact,1999:05:KCS:137230,1,0,522,8051,0,0,0,COLLIN,10:05,1999,1999,"M302,","KCS,",1,"M3,","M,",MAIN,Texas,31.827233,-99.423022,10,Morning
Side collision,1999:05:PTRA:MAY0199,0,0,4900,46620,0,0,0,HARRIS,10:00,1999,1999,"H401,","PTRA,",7,"H4,","H,",YARD,Texas,31.827233,-99.423022,10,Morning
Highway-rail impact,1999:04:UP:0499SA020,0,0,0,46000,0,0,0,CAMERON,9:40,1999,1999,"M399,","UP,",9,"M3,","M,",MAIN,Texas,31.827233,-99.423022,9,Morning
Other events,1999:05:KCS:512852,0,0,0,8652,0,0,0,DALLAS,11:15,1999,1999,"H605,","KCS,",1,"H6,","H,",YARD,Texas,31.827233,-99.423022,11,Morning
Derailments,1999:05:UP:0599HO002,0,0,106324,13450,13,6,0,LIBERTY,9:15,1999,1999,"T221,","UP,",7,"T2,","T,",MAIN,Texas,31.827233,-99.423022,9,Morning
Derailments,1999:06:BNSF:TX0699103,0,0,53630,4900,1,0,0,TARRANT,9:30,1999,1999,"M201,","BNSF,",1,"M2,","M,",YARD,Texas,31.827233,-99.423022,9,Morning
Derailments,1999:05:UP:0599HO037,0,0,3500,13650,0,0,0,HARRIS,10:00,1999,1999,"T102,","UP,",7,"T1,","T,",YARD,Texas,31.827233,-99.423022,10,Morning
Derailments,1999:05:UP:0599SA018,0,0,5000,6000,0,0,0,BEXAR,8:30,1999,1999,"H601,","UP,",7,"H6,","H,",YARD,Texas,31.827233,-99.423022,8,Morning
Derailments,1999:06:AGCR:990601,0,0,23000,1000,0,0,0,BEXAR,7:30,1999,1999,"H306,","AGCR,",8,"H3,","H,",YARD,Texas,31.827233,-99.423022,7,Morning
Derailments,1999:01:BNSF:GC0199102,0,0,255000,500,0,0,0,MONTGOMERY,9:00,1999,1999,"E51C,","BNSF,",1,"E5,","E,",MAIN,Texas,31.827233,-99.423022,9,Morning
Derailments,1999:02:UP:0299FW018,0,0,46807,29171,0,0,0,CALLAHAN,6:00,1999,1999,"E53C,","UP,",1,"E5,","E,",MAIN,Texas,31.827233,-99.423022,6,Morning
Derailments,1999:05:BNSF:TX0599107,0,0,2500,30740,0,0,0,COOKE,8:55,1999,1999,"T202,T001,","BNSF,",1,"T2,T0,","T,",YARD,Texas,31.827233,-99.423022,8,Morning
Derailments,1999:04:BNSF:AO0499103,0,0,186000,434500,10,0,0,DEAF SMITH,10:30,1999,1999,"T318,","BNSF,",1,"T3,","T,",MAIN,Texas,31.827233,-99.423022,10,Morning
Derailments,1999:09:BNSF:TX0999108,0,0,1800,6898,13,0,0,JOHNSON,7:20,1999,1999,"H599,H514,","BNSF,",1,"H5,","H,",YARD,Texas,31.827233,-99.423022,7,Morning
Highway-rail impact,1999:07:UP:0799HO032,0,18,153353,2462000,0,0,0,COLORADO,11:50,1999,1999,"M302,M304,","ATK,UP,",2,"M3,","M,",MAIN,Texas,31.827233,-99.423022,11,Morning
Derailments,1999:06:FWWR:99061601,0,0,4520,9961,4,4,0,TARRANT,8:30,1999,1999,"T002,","FWWR,",1,"T0,","T,",MAIN,Texas,31.827233,-99.423022,8,Morning
Derailments,1999:09:UP:0999HO006,0,0,6500,2143,0,0,0,GALVESTON,9:15,1999,1999,"T314,","UP,",7,"T3,","T,",YARD,Texas,31.827233,-99.423022,9,Morning
Derailments,1999:06:UP:0699HO044,0,0,35900,8997,0,0,0,HARRIS,7:10,1999,1999,"T202,","UP,",7,"T2,","T,",YARD,Texas,31.827233,-99.423022,7,Morning
Highway-rail impact,1999:08:PTRA:9908016,1,0,2237,6000,0,0,0,HARRIS,9:16,1999,1999,"M302,","PTRA,",7,"M3,","M,",MAIN,Texas,31.827233,-99.423022,9,Morning
Derailments,1999:09:BNSF:GC0999119,0,0,25000,27000,0,0,0,HARRIS,6:15,1999,1999,"T222,M599,","BNSF,",1,"T2,M5,","T,M,",YARD,Texas,31.827233,-99.423022,6,Morning
Derailments,1999:09:RVSC:99012,0,0,7950,0,0,0,0,HIDALGO,7:30,1999,1999,"T001,T110,","RVSC,",1,"T0,T1,","T,",SIDING,Texas,31.827233,-99.423022,7,Morning
Derailments,1999:07:TM:99036,0,0,42400,200000,3,3,1,JIM HOGG,5:11,1999,1999,"T202,","TM,",1,"T2,","T,",MAIN,Texas,31.827233,-99.423022,5,Morning
Other impacts,1999:07:UP:0799SA027,0,0,0,9927,0,0,0,WEBB,10:00,1999,1999,"H306,","UP,",7,"H3,","H,",YARD,Texas,31.827233,-99.423022,10,Morning
Derailments,1999:08:UP:0899SA061,0,0,16899,2316,0,0,0,FAYETTE,5:05,1999,1999,"H799,","UP,",1,"H7,","H,",MAIN,Texas,31.827233,-99.423022,5,Morning
Derailments,1999:08:UP:0899SA043,0,0,85071,114000,2,0,0,DE WITT,7:00,1999,1999,"T221,T220,","TM,UP,",1,"T2,","T,",MAIN,Texas,31.827233,-99.423022,7,Morning
Derailments,1999:08:BNSF:GC0899100,0,0,4000,12700,8,0,0,HARDIN,5:00,1999,1999,"T221,T222,","BNSF,",1,"T2,","T,",YARD,Texas,31.827233,-99.423022,5,Morning
Other impacts,1999:07:BNSF:TX0799118,0,0,0,8400,0,0,0,BROWN,9:00,1999,1999,"H018,H310,","BNSF,TXR,",7,"H0,H3,H0,H3,","H,",YARD,Texas,31.827233,-99.423022,9,Morning
Derailments,1999:07:BNSF:AO0799115,0,0,9720,9500,0,0,0,HALE,6:45,1999,1999,"T199,E64C,","BNSF,",7,"T1,E6,","T,E,",YARD,Texas,31.827233,-99.423022,6,Morning
Highway-rail impact,1999:09:UP:0999HO016,0,0,20000,25000,0,0,0,FORT BEND,6:42,1999,1999,"M399,","UP,",1,"M3,","M,",MAIN,Texas,31.827233,-99.423022,6,Morning
Derailments,1999:07:UP:0799HO012,0,0,6000,17895,0,0,0,HARRIS,5:30,1999,1999,"T202,","UP,",1,"T2,","T,",YARD,Texas,31.827233,-99.423022,5,Morning
Derailments,1999:10:UP:1099FW027,0,0,600,22945,0,0,0,TARRANT,11:55,1999,2000,"M203,","UP,",6,"M2,","M,",YARD,Texas,31.827233,-99.423022,11,Morning
Derailments,1999:09:SPSQ:INDUSTRY,0,0,0,24050,0,0,0,POTTER,5:45,1999,1999,"M101,","BNSF,",7,"M1,","M,",INDUSTRY,Texas,31.827233,-99.423022,5,Morning
Derailments,1999:07:FWWR:99071801,0,0,6379,2274,4,0,0,TARRANT,8:45,1999,1999,"T319,","FWWR,",1,"T3,","T,",MAIN,Texas,31.827233,-99.423022,8,Morning
Derailments,1999:09:TM:99043,0,0,21000,133000,0,0,0,DUVAL,6:45,1999,1999,"T221,","TM,",1,"T2,","T,",MAIN,Texas,31.827233,-99.423022,6,Morning
Derailments,1999:09:UP:0999FW006,0,0,11000,2318,0,0,0,TARRANT,7:40,1999,1999,"M405,","UP,",7,"M4,","M,",YARD,Texas,31.827233,-99.423022,7,Morning
Derailments,1999:07:BNSF:TX0799105,0,0,17300,1600,1,1,0,BELL,9:20,1999,1999,"E46C,","BNSF,",7,"E4,","E,",YARD,Texas,31.827233,-99.423022,9,Morning
Derailments,2000:01:WI:GP1,0,0,0,15000,0,0,0,HARRIS,11:30,2000,2000,"T110,T111,","WI,",7,"T1,","T,",YARD,Texas,31.827233,-99.423022,11,Morning
Derailments,1999:10:TXIQ:INDUSTRY,0,0,10130,4601,0,0,0,TARRANT,7:00,1999,2000,"T111,","BNSF,UP,",7,"T1,","T,",INDUSTRY,Texas,31.827233,-99.423022,7,Morning
Derailments,1999:11:UP:1199ET009,0,0,19390,4064,0,0,0,HOPKINS,6:26,1999,2000,"T222,","UP,",7,"T2,","T,",SIDING,Texas,31.827233,-99.423022,6,Morning
Other impacts,2000:01:FLKZ:INDUSTRY,0,0,0,16163,0,0,0,BELL,9:15,2000,2000,"M501,","BNSF,",61,"M5,","M,",INDUSTRY,Texas,31.827233,-99.423022,9,Morning
Derailments,1999:11:BNSF:GC1199104,0,0,10500,15100,2,1,0,HARDIN,10:30,1999,2000,"T211,","BNSF,",1,"T2,","T,",YARD,Texas,31.827233,-99.423022,10,Morning
Other impacts,1999:12:BNSF:GC1299113,0,0,25000,148707,121,8,0,HARDIN,5:00,1999,2000,"T207,","BNSF,",1,"T2,","T,",YARD,Texas,31.827233,-99.423022,5,Morning
Derailments,2000:02:ATGZ:INDUSTRY,0,0,10000,15671,0,0,0,POTTER,10:40,2000,2000,"H704,T310,","BNSF,",1,"H7,T3,","H,T,",INDUSTRY,Texas,31.827233,-99.423022,10,Morning
Other impacts,2000:01:UP:0100SA003,0,0,0,16434,0,0,0,WILLIAMSON,10:30,2000,2000,"H021,","UP,",67,"H0,","H,",YARD,Texas,31.827233,-99.423022,10,Morning
Derailments,1999:09:TM:99045,0,0,9000,33000,1,0,0,WEBB,11:50,1999,1999,"E40C,T101,","TM,",7,"E4,T1,","E,T,",MAIN,Texas,31.827233,-99.423022,11,Morning
Derailments,2000:01:UP:0100ET008,0,0,16266,924,0,0,0,ANDERSON,8:00,2000,2000,"H312,","UP,",7,"H3,","H,",YARD,Texas,31.827233,-99.423022,8,Morning
Derailments,2000:01:BNSF:GC0100103,0,0,3700,66910,35,3,0,FREESTONE,6:35,2000,2000,"T202,","BNSF,",1,"T2,","T,",YARD,Texas,31.827233,-99.423022,6,Morning
Rear end collision,1999:12:UP:1299ET001,0,0,109000,116728,0,0,0,SMITH,10:55,1999,2000,"H605,","UP,",1,"H6,","H,",MAIN,Texas,31.827233,-99.423022,10,Morning
Derailments,1999:11:BNSF:TX1199101,0,0,71000,6600,0,0,0,ARMSTRONG,5:25,1999,2000,"E51C,","BNSF,",1,"E5,","E,",MAIN,Texas,31.827233,-99.423022,5,Morning
Highway-rail impact,1999:11:UP:1199ET008,1,0,0,14002,0,0,0,CASS,11:15,1999,2000,"M302,","ATK,UP,",2,"M3,","M,",MAIN,Texas,31.827233,-99.423022,11,Morning
Highway-rail impact,1999:12:BNSF:TX1299201,0,1,500,30000,0,0,0,DALLAS,6:29,1999,2000,"M303,","BNSF,TREX,",3,"M3,","M,",MAIN,Texas,31.827233,-99.423022,6,Morning
Derailments,1999:11:UP:1199FW005,0,0,50000,243388,9,4,0,TARRANT,8:45,1999,2000,"T207,T220,","BNSF,UP,",1,"T2,","T,",MAIN,Texas,31.827233,-99.423022,8,Morning
Derailments,1999:11:WTJR:A99001,0,0,53400,6600,0,0,0,WICHITA,11:30,1999,2000,"T113,","WTJR,",1,"T1,","T,",INDUSTRY,Texas,31.827233,-99.423022,11,Morning
Derailments,1999:11:UP:1199SA017,0,0,135982,1105321,20,18,1,ATASCOSA,10:30,1999,2000,"T299,","UP,",1,"T2,","T,",MAIN,Texas,31.827233,-99.423022,10,Morning
Highway-rail impact,2000:01:UP:0100EP004,2,0,0,75000,0,0,0,EL PASO,9:20,2000,2000,"M302,","UP,",1,"M3,","M,",MAIN,Texas,31.827233,-99.423022,9,Morning
Highway-rail impact,2000:01:UP:0100EP014,0,0,1000,20000,0,0,0,CULBERSON,10:03,2000,2000,"M302,","UP,",1,"M3,","M,",MAIN,Texas,31.827233,-99.423022,10,Morning
Derailments,1999:12:RASX:FRAR05,0,0,8721,1000,11,3,0,HARRIS,11:30,1999,2000,"H704,","RASX,",7,"H7,","H,",INDUSTRY,Texas,31.827233,-99.423022,11,Morning
Derailments,1999:12:UP:1299SA022,0,0,161641,380723,3,1,0,VAL VERDE,5:15,1999,2000,"T204,","UP,",1,"T2,","T,",MAIN,Texas,31.827233,-99.423022,5,Morning
Derailments,1999:12:UP:1299FW016,0,0,80000,359234,0,0,0,WISE,9:15,1999,2000,"T202,","UP,",1,"T2,","T,",MAIN,Texas,31.827233,-99.423022,9,Morning
Other impacts,1999:11:UP:1199FW014,0,0,20000,176482,0,0,0,TARRANT,10:00,1999,2000,"H702,","UP,",7,"H7,","H,",YARD,Texas,31.827233,-99.423022,10,Morning
Other events,1999:09:BNSF:TX0999107,0,0,3950,2800,0,0,0,BROWN,9:00,1999,1999,"H312,","BNSF,",1,"H3,","H,",YARD,Texas,31.827233,-99.423022,9,Morning
Derailments,2000:04:BNSF:AO0400111,0,0,46500,15150,31,0,0,NOLAN,8:25,2000,2000,"M405,T403,","BNSF,",1,"M4,T4,","M,T,",MAIN,Texas,31.827233,-99.423022,8,Morning
Derailments,2000:04:BNSF:GC0400105,0,0,5000,32303,11,0,0,BURLESON,8:45,2000,2000,"H306,","BNSF,",1,"H3,","H,",MAIN,Texas,31.827233,-99.423022,8,Morning
Derailments,2000:04:UP:0400SA023,0,0,4000,15998,0,0,0,BEXAR,11:00,2000,2000,"M405,","UP,",7,"M4,","M,",YARD,Texas,31.827233,-99.423022,11,Morning
Derailments,2000:02:UP:0200FW021,0,0,10000,112026,5,0,0,TARRANT,9:00,2000,2000,"H704,","UP,",1,"H7,","H,",YARD,Texas,31.827233,-99.423022,9,Morning
Derailments,2000:02:UP:0200HO006,0,0,7500,1200,0,0,0,HARRIS,7:35,2000,2000,"E59C,E54C,","UP,",1,"E5,","E,",MAIN,Texas,31.827233,-99.423022,7,Morning
Derailments,2000:04:BNSF:GC0400104,0,0,3000,64500,6,0,0,HARRIS,8:25,2000,2000,"T299,","BNSF,",1,"T2,","T,",YARD,Texas,31.827233,-99.423022,8,Morning
Other events,2000:05:PTRA:MAY200003,0,0,2900,35854,0,0,0,HARRIS,7:50,2000,2000,"H306,","PTRA,",7,"H3,","H,",INDUSTRY,Texas,31.827233,-99.423022,7,Morning
Highway-rail impact,2000:03:BNSF:GC0300204,0,3,13000,7000,3,0,0,LEON,8:30,2000,2000,"M302,","BNSF,",1,"M3,","M,",MAIN,Texas,31.827233,-99.423022,8,Morning
Derailments,2000:02:UP:0200SA029,0,0,315452,1042,0,0,0,MEDINA,6:00,2000,2000,"E66C,","UP,",4,"E6,","E,",MAIN,Texas,31.827233,-99.423022,6,Morning
Highway-rail impact,2000:02:UP:0200FW022,0,0,0,15000,2,0,0,MCLENNAN,8:01,2000,2000,"M302,","BNSF,UP,",1,"M3,","M,",MAIN,Texas,31.827233,-99.423022,8,Morning
Other impacts,2000:04:UP:0400HO009,0,0,0,26382,0,0,0,HARRIS,8:00,2000,2000,"H018,","UP,",76,"H0,","H,",YARD,Texas,31.827233,-99.423022,8,Morning
Derailments,2000:03:UP:0300ET021,0,0,20953,1939,0,0,0,ANDERSON,10:00,2000,2000,"T110,","UP,",7,"T1,","T,",YARD,Texas,31.827233,-99.423022,10,Morning
Derailments,2000:06:UP:0600FW001,0,0,114897,353183,2,0,0,WISE,9:00,2000,2000,"E24C,","UP,",1,"E2,","E,",MAIN,Texas,31.827233,-99.423022,9,Morning
Obstruction impact,2000:03:UP:0300FW007,0,0,3300,24526,0,0,0,TARRANT,9:20,2000,2000,"E33C,","UP,",1,"E3,","E,",MAIN,Texas,31.827233,-99.423022,9,Morning
Derailments,2000:02:UP:0200SA001,0,0,161065,26489,0,0,0,WEBB,10:05,2000,2000,"T215,","UP,",1,"T2,","T,",MAIN,Texas,31.827233,-99.423022,10,Morning
Highway-rail impact,2000:02:UP:0200SA023,0,3,0,21228,0,0,0,CAMERON,7:45,2000,2000,"M304,","UP,",1,"M3,","M,",MAIN,Texas,31.827233,-99.423022,7,Morning
Derailments,2000:05:UP:0500SA001,0,0,7040,13581,0,0,0,WEBB,7:00,2000,2000,"T319,","UP,",1,"T3,","T,",YARD,Texas,31.827233,-99.423022,7,Morning
Highway-rail impact,2000:03:UP:0300EP004,0,0,0,14612,0,0,0,MITCHELL,9:45,2000,2000,"M399,","UP,",1,"M3,","M,",MAIN,Texas,31.827233,-99.423022,9,Morning
Derailments,2000:08:SPYZ:INDUSTRY,0,0,900,25133,0,0,0,TARRANT,11:20,2000,2000,"T111,","UP,",1,"T1,","T,",INDUSTRY,Texas,31.827233,-99.423022,11,Morning
Highway-rail impact,2000:07:BNSF:TX0700202,0,1,0,28250,0,0,0,DONLEY,9:05,2000,2000,"M302,","BNSF,",1,"M3,","M,",MAIN,Texas,31.827233,-99.423022,9,Morning
Derailments,2000:08:BNSF:GC0800104,0,0,8000,20552,1,1,0,BURLESON,10:55,2000,2000,"T221,","BNSF,",1,"T2,","T,",YARD,Texas,31.827233,-99.423022,10,Morning
Derailments,2000:10:BNSF:AO1000101,0,0,450,11277,0,0,0,HALE,10:30,2000,2001,"E89C,","BNSF,",1,"E8,","E,",MAIN,Texas,31.827233,-99.423022,10,Morning
Other impacts,2000:08:UP:0800FW006,0,0,0,11224,0,0,0,DALLAS,8:30,2000,2000,"H306,","UP,",75,"H3,","H,",YARD,Texas,31.827233,-99.423022,8,Morning
Derailments,2000:05:UP:0500HO039,0,0,35000,369,0,0,0,HARRIS,11:45,2000,2000,"T205,","UP,",1,"T2,","T,",INDUSTRY,Texas,31.827233,-99.423022,11,Morning
Derailments,2000:09:BNSF:GC0900109,0,0,6000,4444,3,0,0,BURLESON,7:45,2000,2000,"T110,","BNSF,",1,"T1,","T,",YARD,Texas,31.827233,-99.423022,7,Morning
Highway-rail impact,2000:06:UP:0600ET021,0,2,246274,651765,10,0,0,ANGELINA,7:45,2000,2000,"M304,","UP,",1,"M3,","M,",MAIN,Texas,31.827233,-99.423022,7,Morning
Derailments,2000:05:UP:0500EP002,0,0,94269,16001,0,0,0,EL PASO,9:45,2000,2000,"H211,","UP,",1,"H2,","H,",MAIN,Texas,31.827233,-99.423022,9,Morning
Derailments,2000:08:BNSF:TX0800102,0,0,0,42476,0,0,0,TARRANT,10:45,2000,2000,"E09C,","BNSF,",7,"E0,","E,",YARD,Texas,31.827233,-99.423022,10,Morning
Derailments,2000:04:UP:0400HO023,0,0,2000,46859,25,5,0,BRAZORIA,10:50,2000,2000,"T314,","UP,",1,"T3,","T,",YARD,Texas,31.827233,-99.423022,10,Morning
Derailments,2000:08:UP:0800FW018,0,0,1000,15910,0,0,0,GRAYSON,10:00,2000,2000,"H703,","UP,",1,"H7,","H,",YARD,Texas,31.827233,-99.423022,10,Morning
Derailments,2000:08:UP:0800SA018,0,0,25173,600,0,0,0,MAVERICK,6:40,2000,2000,"H704,H702,","BNSF,UP,",7,"H7,","H,",YARD,Texas,31.827233,-99.423022,6,Morning
Broken train collision,2000:09:UP:0900ET020,0,0,0,90267,12,0,0,VAN ZANDT,6:35,2000,2000,"E79L,H501,","UP,",1,"E7,H5,","E,H,",MAIN,Texas,31.827233,-99.423022,6,Morning
Derailments,2000:08:BNSF:GC0800116,0,0,7500,4200,52,1,0,HARDIN,6:00,2000,2000,"T212,","BNSF,",1,"T2,","T,",YARD,Texas,31.827233,-99.423022,6,Morning
Other impacts,2000:08:BNSF:GC0800108,0,0,7500,105124,1,1,0,BELL,8:55,2000,2000,"H306,","BNSF,",7,"H3,","H,",YARD,Texas,31.827233,-99.423022,8,Morning
Derailments,2000:08:UP:0800HO058,0,0,100,21676,46,1,0,BRAZORIA,10:30,2000,2000,"T102,","UP,",1,"T1,","T,",MAIN,Texas,31.827233,-99.423022,10,Morning
Derailments,2000:09:UP:0900SA020,0,0,91857,24193,0,0,0,BEXAR,6:05,2000,2000,"T110,","UP,",1,"T1,","T,",YARD,Texas,31.827233,-99.423022,6,Morning
Other impacts,2000:07:BNSF:GC0700102,0,0,3500,13000,1,1,1,HARRIS,9:25,2000,2000,"H306,","BNSF,",7,"H3,","H,",YARD,Texas,31.827233,-99.423022,9,Morning
Other events,2000:09:UP:0900SA010,0,0,0,24000,0,0,0,FAYETTE,6:05,2000,2000,"H403,","UP,",NA,"H4,","H,",MAIN,Texas,31.827233,-99.423022,6,Morning
Derailments,2000:08:KCS:000802001,0,0,1803,19600,0,0,0,CASS,6:25,2000,2000,"H702,","KCS,",1,"H7,","H,",YARD,Texas,31.827233,-99.423022,6,Morning
Derailments,2000:06:KCS:000628001,0,0,6671,184,0,0,0,BOWIE,11:05,2000,2000,"T110,","KCS,UP,",7,"T1,","T,",SIDING,Texas,31.827233,-99.423022,11,Morning
Derailments,2000:09:UP:0900EP012,0,0,47090,1768,0,0,0,DALLAM,6:00,2000,2000,"M299,","UP,",4,"M2,","M,",MAIN,Texas,31.827233,-99.423022,6,Morning
Derailments,2000:06:UP:0600HO046,0,0,290836,5408,0,0,0,BRAZORIA,11:10,2000,2000,"T202,","UP,",7,"T2,","T,",INDUSTRY,Texas,31.827233,-99.423022,11,Morning
Highway-rail impact,2000:09:UP:0900EP008,1,0,0,15979,0,0,0,HARTLEY,10:01,2000,2000,"M399,","UP,",1,"M3,","M,",MAIN,Texas,31.827233,-99.423022,10,Morning
Other events,2000:11:PTRA:NOV200001,0,0,0,11000,1,1,0,HARRIS,10:30,2000,2001,"H306,","PTRA,",7,"H3,","H,",YARD,Texas,31.827233,-99.423022,10,Morning
Derailments,2000:12:KCS:001228002,0,0,146,7200,0,0,0,FRANKLIN,8:10,2000,2001,"H505,","KCS,",1,"H5,","H,",INDUSTRY,Texas,31.827233,-99.423022,8,Morning
Derailments,2001:01:BNSF:TX0101102,0,0,2250,5219,0,0,0,WISE,6:50,2001,2001,"E54C,","BNSF,",1,"E5,","E,",MAIN,Texas,31.827233,-99.423022,6,Morning
Raking collision,2000:10:TXTX:2000075,0,0,0,17300,0,0,0,HARRIS,8:45,2000,2001,"H605,H302,","TXTX,",8,"H6,H3,","H,",YARD,Texas,31.827233,-99.423022,8,Morning
Derailments,2000:10:SMRQ:INDUSTRY,0,0,3000,3707,0,0,0,GUADALUPE,10:00,2000,2001,"H307,","UP,",7,"H3,","H,",INDUSTRY,Texas,31.827233,-99.423022,10,Morning
Raking collision,2000:12:TXTX:2000097,0,0,0,12500,0,0,0,HARRIS,11:10,2000,2001,"H399,","TXTX,",7,"H3,","H,",YARD,Texas,31.827233,-99.423022,11,Morning