AccidentType,inckey,Fatalities,Injuries,TrackDamage,EquipmentDamage,HazmatCars,HazmatCarsDerailed,HazmatCarsReleasing,County,DisplayTime,calendar,Fiscal,AccidentCause,RailroadCodes,RAILEQUIPMENT_TYPE,CauseGroup,CauseDiscipline,TYPE_OF_TRACK,StateName,latitude,longitude,hour,cat
Derailments,2000:10:KCS:001017003,0,0,8491,1000,0,0,0,COLLIN,11:45,2000,2001,"T102,","KCS,",1,"T1,","T,",MAIN,Texas,31.827233,-99.423022,11,Morning
Highway-rail impact,2001:01:BNSF:TX0101200,0,0,12000,4000,0,0,0,JOHNSON,7:10,2001,2001,"M303,","BNSF,",1,"M3,","M,",MAIN,Texas,31.827233,-99.423022,7,Morning
Derailments,2000:11:UP:1100HO007,0,0,72077,35806,42,11,0,CHAMBERS,11:00,2000,2001,"T110,","UP,",1,"T1,","T,",YARD,Texas,31.827233,-99.423022,11,Morning
Derailments,2000:11:BNSF:GC1100104,0,0,12000,4147,0,0,0,HARRIS,9:00,2000,2001,"T210,","BNSF,",1,"T2,","T,",MAIN,Texas,31.827233,-99.423022,9,Morning
Highway-rail impact,2000:12:BNSF:TX1200200,0,1,0,33633,0,0,0,WICHITA,11:50,2000,2001,"M302,","BNSF,",1,"M3,","M,",MAIN,Texas,31.827233,-99.423022,11,Morning
Side collision,2000:11:UP:1100HO035,0,0,500,8553,0,0,0,HARRIS,9:00,2000,2001,"H306,","UP,",7,"H3,","H,",YARD,Texas,31.827233,-99.423022,9,Morning
Derailments,2000:12:UP:1200ET005,0,0,36022,2000,0,0,0,MONTGOMERY,10:30,2000,2001,"T205,","UP,",7,"T2,","T,",INDUSTRY,Texas,31.827233,-99.423022,10,Morning
Derailments,2000:08:UP:0800FW026,0,0,30380,80819,0,0,0,GRAYSON,7:00,2000,2000,"T221,","UP,",1,"T2,","T,",YARD,Texas,31.827233,-99.423022,7,Morning
Highway-rail impact,2000:10:TM:200050,0,3,160000,1500000,0,0,0,WEBB,10:20,2000,2001,"H999,","TM,",1,"H9,","H,",MAIN,Texas,31.827233,-99.423022,10,Morning
Derailments,2001:01:MTTZ:INDUSTRY,0,0,2500,9133,0,0,0,TARRANT,6:19,2001,2001,"T301,","UP,",7,"T3,","T,",INDUSTRY,Texas,31.827233,-99.423022,6,Morning
Derailments,2000:11:UP:1100SA016,0,0,550,7890,0,0,0,BEXAR,7:30,2000,2001,"T110,","UP,",7,"T1,","T,",YARD,Texas,31.827233,-99.423022,7,Morning
Highway-rail impact,2000:10:UP:1000ET012,0,3,0,26039,0,0,0,GREGG,8:40,2000,2001,"M302,","UP,",1,"M3,","M,",MAIN,Texas,31.827233,-99.423022,8,Morning
Derailments,2001:01:BNSF:GC0101110,0,0,84500,19476,1,1,0,BELL,8:45,2001,2001,"T207,","BNSF,",7,"T2,","T,",YARD,Texas,31.827233,-99.423022,8,Morning
Highway-rail impact,2000:11:BNSF:TX1100203,0,0,20000,5950,2,0,0,DENTON,8:30,2000,2001,"M303,","BNSF,",1,"M3,","M,",MAIN,Texas,31.827233,-99.423022,8,Morning
Other impacts,2000:11:CMC:NOV00020,0,0,2945,137370,5,5,0,LIBERTY,8:15,2000,2001,"H306,H302,","BNSF,CMC,",61,"H3,","H,",YARD,Texas,31.827233,-99.423022,8,Morning
Derailments,2000:12:KCS:001205002,0,0,92063,84100,21,2,0,JEFFERSON,11:15,2000,2001,"T216,T217,H503,T215,","BNSF,KCS,UP,",1,"T2,H5,T2,","T,H,T,",MAIN,Texas,31.827233,-99.423022,11,Morning
Derailments,2000:12:UP:1200HO018,0,0,68148,17512,0,0,0,HARRIS,8:10,2000,2001,"T311,","UP,",7,"T3,","T,",YARD,Texas,31.827233,-99.423022,8,Morning
Highway-rail impact,2001:01:BNSF:TX0101202,0,0,0,6600,0,0,0,WILBARGER,9:30,2001,2001,"M302,","BNSF,",1,"M3,","M,",MAIN,Texas,31.827233,-99.423022,9,Morning
Derailments,2000:10:UP:1000HO001,0,0,121788,4902,0,0,0,BRAZORIA,7:00,2000,2001,"T220,","UP,",1,"T2,","T,",MAIN,Texas,31.827233,-99.423022,7,Morning
Highway-rail impact,2000:11:UP:1100HO037,0,0,20000,31477,0,0,0,FORT BEND,6:00,2000,2001,"M399,","UP,",1,"M3,","M,",MAIN,Texas,31.827233,-99.423022,6,Morning
Derailments,2000:11:BNSF:AO1100104,0,0,19623,31974,53,0,0,LUBBOCK,10:20,2000,2001,"T110,","BNSF,",1,"T1,","T,",YARD,Texas,31.827233,-99.423022,10,Morning
Derailments,2000:11:UP:1100SA025,0,0,20000,0,0,0,0,CAMERON,6:00,2000,2001,"T202,","BRG,UP,",7,"T2,","T,",YARD,Texas,31.827233,-99.423022,6,Morning
Derailments,2000:10:TXTX:2000077,0,0,2500,21000,0,0,0,JEFFERSON,11:25,2000,2001,"E46C,M204,","TXTX,",7,"E4,M2,","E,M,",YARD,Texas,31.827233,-99.423022,11,Morning
Derailments,2000:12:UP:1200HO030,0,0,850,10917,0,0,0,HARRIS,9:45,2000,2001,"T211,","UP,",8,"T2,","T,",YARD,Texas,31.827233,-99.423022,9,Morning
Derailments,2000:10:UP:1000SA012,0,0,30000,694,0,0,0,MAVERICK,9:05,2000,2001,"T220,","UP,",7,"T2,","T,",YARD,Texas,31.827233,-99.423022,9,Morning
Other impacts,2000:11:BNSF:GC1100102,0,0,4055,10297,0,0,0,BELL,11:45,2000,2001,"M505,H605,","BNSF,",87,"M5,H6,M5,H6,","M,H,M,H,",YARD,Texas,31.827233,-99.423022,11,Morning
Highway-rail impact,2000:12:UP:1200SA039,0,0,0,7460,0,0,0,BEXAR,8:10,2000,2001,"M305,M302,","ATK,UP,",2,"M3,","M,",MAIN,Texas,31.827233,-99.423022,8,Morning
Derailments,2001:04:UP:0401FW007,0,0,1200,11142,0,0,0,ELLIS,10:00,2001,2001,"T314,","UP,",1,"T3,","T,",YARD,Texas,31.827233,-99.423022,10,Morning
Derailments,2001:05:BNSF:AO0501105,0,0,238565,92139,0,0,0,POTTER,10:10,2001,2001,"E53C,","BNSF,",1,"E5,","E,",MAIN,Texas,31.827233,-99.423022,10,Morning
Other impacts,2001:07:BNSF:TX0701115,0,0,1400,10177,2,2,0,TARRANT,9:00,2001,2001,"E30C,","BNSF,",17,"E3,","E,",YARD,Texas,31.827233,-99.423022,9,Morning
Highway-rail impact,2001:02:UP:0201FW004,0,0,20000,12383,0,0,0,MIDLAND,6:35,2001,2001,"M399,","UP,",1,"M3,","M,",MAIN,Texas,31.827233,-99.423022,6,Morning
Derailments,2001:04:TM:201015,0,0,1600,146600,1,0,0,WEBB,5:40,2001,2001,"H306,","TM,",7,"H3,","H,",YARD,Texas,31.827233,-99.423022,5,Morning
Derailments,2001:04:UP:0401FW012,0,0,70278,143530,0,0,0,VAN ZANDT,6:05,2001,2001,"E64C,","UP,",1,"E6,","E,",SIDING,Texas,31.827233,-99.423022,6,Morning
Derailments,2001:04:TM:201017,0,0,23535,68500,1,0,0,JIM HOGG,7:00,2001,2001,"T212,","TM,",1,"T2,","T,",MAIN,Texas,31.827233,-99.423022,7,Morning
Derailments,2001:03:UP:0301HO023,0,0,4000,8131,0,0,0,GALVESTON,8:00,2001,2001,"T110,","UP,",7,"T1,","T,",YARD,Texas,31.827233,-99.423022,8,Morning
Derailments,2001:05:BNSF:GC0501107,0,0,252000,182658,0,0,0,BELL,8:55,2001,2001,"E46C,T102,","BNSF,",1,"E4,T1,","E,T,",MAIN,Texas,31.827233,-99.423022,8,Morning
Other impacts,2001:04:UP:0401SA007,0,0,0,12151,0,0,0,WILLIAMSON,9:00,2001,2001,"H020,","UP,",76,"H0,","H,",YARD,Texas,31.827233,-99.423022,9,Morning
Derailments,2001:03:LDCZ:INDUSTRY,0,0,5000,2000,0,0,0,HARRIS,5:20,2001,2001,"T112,","UP,",7,"T1,","T,",INDUSTRY,Texas,31.827233,-99.423022,5,Morning
Derailments,2001:02:BNSF:AO0201101,0,0,3375,8060,13,1,0,POTTER,8:55,2001,2001,"M405,","BNSF,",1,"M4,","M,",YARD,Texas,31.827233,-99.423022,8,Morning
Derailments,2001:03:UP:0301HO024,0,0,10677,2958,0,0,0,HARRIS,10:30,2001,2001,"M101,","UP,",7,"M1,","M,",YARD,Texas,31.827233,-99.423022,10,Morning
Rear end collision,2001:01:UP:0101LV012,0,0,0,50000,0,0,0,JEFFERSON,11:40,2001,2001,"H499,","UP,",19,"H4,","H,",MAIN,Texas,31.827233,-99.423022,11,Morning
Derailments,2001:03:FWWR:01031201,0,0,2500,20000,0,0,0,TARRANT,9:15,2001,2001,"T110,","FWWR,",1,"T1,","T,",SIDING,Texas,31.827233,-99.423022,9,Morning
Derailments,2001:04:UP:0401SA031,0,0,11000,26977,3,3,0,CAMERON,8:15,2001,2001,"T220,","UP,",7,"T2,","T,",YARD,Texas,31.827233,-99.423022,8,Morning
Derailments,2001:03:BNSF:TX0301114,0,0,0,14036,0,0,0,TARRANT,5:05,2001,2001,"H601,M203,","BNSF,",7,"H6,M2,","H,M,",YARD,Texas,31.827233,-99.423022,5,Morning
Derailments,2001:03:UP:0301SA018,0,0,101249,49852,0,0,0,MAVERICK,10:30,2001,2001,"H521,","UP,",7,"H5,","H,",YARD,Texas,31.827233,-99.423022,10,Morning
Highway-rail impact,2001:04:UP:0401SA023,0,2,0,12214,0,0,0,CAMERON,7:15,2001,2001,"M304,","UP,",1,"M3,","M,",MAIN,Texas,31.827233,-99.423022,7,Morning
Other impacts,2001:02:UP:0201HO008,0,0,50,11438,3,3,0,HARRIS,5:15,2001,2001,"S007,","UP,",75,"S0,","S,",YARD,Texas,31.827233,-99.423022,5,Morning
Derailments,2001:02:UP:0201ET014,0,0,500,15453,0,0,0,BOWIE,5:11,2001,2001,"T217,","UP,",1,"T2,","T,",YARD,Texas,31.827233,-99.423022,5,Morning
Highway-rail impact,2001:06:BNSF:AO0601200,0,0,0,10241,11,0,0,RANDALL,8:33,2001,2001,"M302,M304,","BNSF,",1,"M3,","M,",MAIN,Texas,31.827233,-99.423022,8,Morning
Derailments,2001:02:UP:0201SA017,0,1,11683,5000,0,0,0,BEXAR,6:30,2001,2001,"T110,","ATK,UP,",7,"T1,","T,",YARD,Texas,31.827233,-99.423022,6,Morning
Derailments,2001:03:UP:0301FW016,0,0,27500,9249,0,0,0,TARRANT,9:25,2001,2001,"T110,","UP,",7,"T1,","T,",YARD,Texas,31.827233,-99.423022,9,Morning
Highway-rail impact,2001:02:BNSF:GC0201206,0,0,0,20000,18,0,0,BELL,5:58,2001,2001,"M399,","BNSF,",1,"M3,","M,",MAIN,Texas,31.827233,-99.423022,5,Morning
Derailments,2001:04:UP:0401SA024,0,0,0,13254,0,0,0,WEBB,11:30,2001,2001,"H306,","UP,",7,"H3,","H,",YARD,Texas,31.827233,-99.423022,11,Morning
Derailments,2001:02:UP:0201SA021,0,0,5000,31926,1,1,0,CAMERON,11:30,2001,2001,"H018,","UP,",76,"H0,","H,",YARD,Texas,31.827233,-99.423022,11,Morning
Other impacts,2001:04:RHIQ:INDUSTRY,0,0,0,41000,2,2,0,HARRIS,5:18,2001,2001,"H401,","PTRA,",7,"H4,","H,",INDUSTRY,Texas,31.827233,-99.423022,5,Morning
Other impacts,2001:03:PTRA:MAR200105,0,0,0,9200,0,0,0,HARRIS,8:30,2001,2001,"H310,","PTRA,",7,"H3,","H,",YARD,Texas,31.827233,-99.423022,8,Morning
Other impacts,2001:05:BNSF:AO0501102,0,0,500,52561,1,1,0,POTTER,5:04,2001,2001,"H307,","BNSF,",7,"H3,","H,",YARD,Texas,31.827233,-99.423022,5,Morning
Derailments,2001:03:UP:0301FW009,0,0,62802,95072,14,0,0,NOLAN,5:45,2001,2001,"H525,","UP,",1,"H5,","H,",MAIN,Texas,31.827233,-99.423022,5,Morning
Derailments,2001:04:BNSF:GC0401100,0,0,2000,8970,0,0,0,HARRIS,9:00,2001,2001,"E46C,","BNSF,",7,"E4,","E,",YARD,Texas,31.827233,-99.423022,9,Morning
Derailments,2001:04:UP:0401HO009,0,0,32832,3675,0,0,0,HARRIS,6:45,2001,2001,"T110,H508,","BNSF,UP,",7,"T1,H5,","T,H,",MAIN,Texas,31.827233,-99.423022,6,Morning
Highway-rail impact,2001:03:BNSF:AO0301200,0,0,500,9661,16,0,0,LAMB,11:30,2001,2001,"M302,","BNSF,",1,"M3,","M,",MAIN,Texas,31.827233,-99.423022,11,Morning
Derailments,2001:07:BNSF:AO0701103,0,0,23520,25900,20,0,0,MOORE,11:30,2001,2001,"H503,","BNSF,",1,"H5,","H,",YARD,Texas,31.827233,-99.423022,11,Morning
Derailments,2001:06:BNSF:TX0601101,0,0,7000,22720,0,0,0,TARRANT,6:00,2001,2001,"H702,","BNSF,",7,"H7,","H,",MAIN,Texas,31.827233,-99.423022,6,Morning
Other impacts,2001:04:UP:0401EP001,0,0,0,16419,0,0,0,EL PASO,7:15,2001,2001,"H018,","UP,",76,"H0,","H,",YARD,Texas,31.827233,-99.423022,7,Morning
Obstruction impact,2001:05:UP:0501HO012,0,0,0,8723,0,0,0,ANDERSON,7:45,2001,2001,"E32C,","UP,",1,"E3,","E,",MAIN,Texas,31.827233,-99.423022,7,Morning
Other impacts,2001:05:UP:0501HO031,0,0,65633,4002,0,0,0,HARRIS,10:30,2001,2001,"S007,","UP,",67,"S0,","S,",YARD,Texas,31.827233,-99.423022,10,Morning
Derailments,2001:07:UP:0701FW025,0,0,4425,2271,0,0,0,DALLAS,6:30,2001,2001,"M299,","UP,",1,"M2,","M,",MAIN,Texas,31.827233,-99.423022,6,Morning
Derailments,2001:03:UP:0301HO033,0,0,55500,1038,0,0,0,HARRIS,10:00,2001,2001,"S007,","UP,",7,"S0,","S,",YARD,Texas,31.827233,-99.423022,10,Morning
Derailments,2001:06:UP:0601HO033,0,0,112820,41281,4,1,0,HARRIS,7:35,2001,2001,"T220,","UP,",1,"T2,","T,",MAIN,Texas,31.827233,-99.423022,7,Morning
Other impacts,2001:08:BNSF:AO0801108,0,0,0,50400,0,0,0,RANDALL,9:30,2001,2001,"H605,H402,","BNSF,",9,"H6,H4,","H,",MAIN,Texas,31.827233,-99.423022,9,Morning
Derailments,2001:06:UP:0601FW015,0,0,1000,7697,0,0,0,DALLAS,10:50,2001,2001,"H506,","UP,",7,"H5,","H,",YARD,Texas,31.827233,-99.423022,10,Morning
Derailments,2001:06:UP:0601SA010,0,0,19151,1200,0,0,0,SAN PATRICIO,11:25,2001,2001,"T314,T319,T311,","BNSF,UP,",8,"T3,","T,",MAIN,Texas,31.827233,-99.423022,11,Morning
Side collision,2001:09:UP:0901LK014,0,18,403310,1307133,37,0,0,HARRISON,9:50,2001,2001,"H215,H604,","ATK,UP,",21,"H2,H6,H2,H6,","H,",MAIN,Texas,31.827233,-99.423022,9,Morning
Other impacts,2001:06:UP:0601FW014,0,0,1000,20518,0,0,0,TARRANT,5:00,2001,2001,"H312,","UP,",75,"H3,","H,",YARD,Texas,31.827233,-99.423022,5,Morning
Highway-rail impact,2001:05:KCS:010501002,0,2,5905,40225,0,0,0,CAMP,8:00,2001,2001,"M302,M303,","KCS,",1,"M3,","M,",MAIN,Texas,31.827233,-99.423022,8,Morning
Derailments,2001:08:UP:0801SA022,0,0,63512,28453,0,0,0,BEXAR,10:30,2001,2001,"S006,","UP,",1,"S0,","S,",YARD,Texas,31.827233,-99.423022,10,Morning
Derailments,2001:07:UP:0701SA002,0,0,61506,4416,0,0,0,NUECES,11:10,2001,2001,"T299,","UP,",7,"T2,","T,",SIDING,Texas,31.827233,-99.423022,11,Morning
Derailments,2001:06:UP:0601SA012,0,0,27500,1985,0,0,0,BURLESON,11:45,2001,2001,"T110,","UP,",1,"T1,","T,",YARD,Texas,31.827233,-99.423022,11,Morning
Derailments,2001:08:UP:0801FW007,0,0,40000,419866,0,0,0,TARRANT,10:35,2001,2001,"T222,","UP,",1,"T2,","T,",MAIN,Texas,31.827233,-99.423022,10,Morning
Highway-rail impact,2001:06:UP:0601SA024,0,2,0,8667,0,0,0,GUADALUPE,8:25,2001,2001,"M302,","UP,",1,"M3,","M,",MAIN,Texas,31.827233,-99.423022,8,Morning
Derailments,2001:06:UP:0601WH007,0,0,60509,6548,1,0,0,GRAYSON,9:00,2001,2001,"T221,","UP,",7,"T2,","T,",YARD,Texas,31.827233,-99.423022,9,Morning
Derailments,2001:08:BNSF:GC0801113,0,0,1100,5770,1,1,0,BELL,5:45,2001,2001,"H018,","BNSF,",7,"H0,","H,",YARD,Texas,31.827233,-99.423022,5,Morning
Derailments,2001:05:TM:201021,0,0,12000,24000,0,0,0,NUECES,8:00,2001,2001,"T221,","TM,",7,"T2,","T,",YARD,Texas,31.827233,-99.423022,8,Morning
Derailments,2001:06:UP:0601SA005,0,0,8000,6956,0,0,0,CAMERON,6:20,2001,2001,"T314,","UP,",1,"T3,","T,",YARD,Texas,31.827233,-99.423022,6,Morning
Derailments,2001:05:UP:0501LV005,0,0,523303,435880,13,3,0,ORANGE,11:30,2001,2001,"T101,","BNSF,UP,",1,"T1,","T,",MAIN,Texas,31.827233,-99.423022,11,Morning
Side collision,2001:08:UP:0801FW026,0,0,0,17000,0,0,0,TARRANT,9:40,2001,2001,"H702,","UP,",7,"H7,","H,",YARD,Texas,31.827233,-99.423022,9,Morning
Derailments,2001:05:TSMQ:INDUSTRY,0,0,725,6889,0,0,0,SMITH,8:45,2001,2001,"T319,","UP,",7,"T3,","T,",INDUSTRY,Texas,31.827233,-99.423022,8,Morning
Other impacts,2001:08:UP:0801HO016,0,0,21257,2947,0,0,0,HARRIS,5:30,2001,2001,"S007,","UP,",75,"S0,","S,",YARD,Texas,31.827233,-99.423022,5,Morning
Highway-rail impact,2001:05:UP:0501SA027,0,0,13000,500,0,0,0,BEXAR,6:57,2001,2001,"M302,","UP,",1,"M3,","M,",MAIN,Texas,31.827233,-99.423022,6,Morning
Derailments,2001:08:TM:201034,0,0,3000,16700,8,2,0,NUECES,9:10,2001,2001,"M204,","TM,",1,"M2,","M,",MAIN,Texas,31.827233,-99.423022,9,Morning
Highway-rail impact,2001:08:UP:0801FW012,2,0,10000,0,0,0,0,ROBERTSON,9:27,2001,2001,"M399,","UP,",1,"M3,","M,",MAIN,Texas,31.827233,-99.423022,9,Morning
Derailments,2001:07:UP:0701HO036,0,0,1500,19138,4,4,0,HARRIS,6:30,2001,2001,"H503,","UP,",7,"H5,","H,",INDUSTRY,Texas,31.827233,-99.423022,6,Morning
Derailments,2001:08:BNSF:TX0801118,0,0,12800,1850,0,0,0,TARRANT,5:45,2001,2001,"H504,","BNSF,",7,"H5,","H,",YARD,Texas,31.827233,-99.423022,5,Morning
Derailments,2001:08:BNSF:AO0801104,0,0,41692,53133,0,0,0,POTTER,9:30,2001,2001,"H019,","BNSF,UP,",7,"H0,","H,",SIDING,Texas,31.827233,-99.423022,9,Morning
Derailments,2001:08:UP:0801FW028,0,0,200,15995,0,0,0,TARRANT,7:25,2001,2001,"H703,","UP,",8,"H7,","H,",YARD,Texas,31.827233,-99.423022,7,Morning
Derailments,2001:08:BNSF:AO0801112,0,0,900,16312,2,1,2,LUBBOCK,9:35,2001,2001,"H601,","BNSF,",7,"H6,","H,",YARD,Texas,31.827233,-99.423022,9,Morning
Derailments,2001:07:UP:0701WH009,0,0,500,6238,0,0,0,GRAYSON,6:55,2001,2001,"T220,","UP,",4,"T2,","T,",YARD,Texas,31.827233,-99.423022,6,Morning
Raking collision,2001:07:UP:0701HO041,0,0,5500,19081,0,0,0,HARRIS,9:45,2001,2001,"S010,","UP,",7,"S0,","S,",INDUSTRY,Texas,31.827233,-99.423022,9,Morning
Derailments,2001:06:BNSF:GC0601124,0,0,15000,10079,2,2,0,HARDIN,7:30,2001,2001,"M503,","BNSF,",16,"M5,","M,",YARD,Texas,31.827233,-99.423022,7,Morning
Highway-rail impact,2001:10:UP:1001FW028,0,3,0,263834,0,0,0,DALLAS,9:47,2001,2002,"M399,","UP,",1,"M3,","M,",MAIN,Texas,31.827233,-99.423022,9,Morning
Highway-rail impact,2001:12:UP:1201TS013,1,0,3506,5199,0,0,0,EL PASO,10:44,2001,2002,"M399,","UP,",1,"M3,","M,",MAIN,Texas,31.827233,-99.423022,10,Morning
Derailments,2001:09:UP:0901FW026,0,0,3500,27487,0,0,0,TARRANT,5:00,2001,2001,"T314,","UP,",8,"T3,","T,",YARD,Texas,31.827233,-99.423022,5,Morning
Derailments,2001:11:UP:1101SA017,0,0,90043,800,0,0,0,MAVERICK,7:15,2001,2002,"T002,T105,H601,H602,","BNSF,UP,",7,"T0,T1,H6,","T,H,",YARD,Texas,31.827233,-99.423022,7,Morning
Other impacts,2001:10:KCS:011016001,0,0,36,16950,1,1,0,JEFFERSON,5:50,2001,2002,"H399,H018,","KCS,",7,"H3,H0,","H,",INDUSTRY,Texas,31.827233,-99.423022,5,Morning
Derailments,2001:10:TXTX:2001051,0,0,5000,9500,0,0,0,JEFFERSON,10:55,2001,2002,"T314,","TXTX,",7,"T3,","T,",INDUSTRY,Texas,31.827233,-99.423022,10,Morning
Derailments,2001:09:UP:0901SA006,0,0,42302,1912,0,0,0,SAN PATRICIO,11:50,2001,2001,"T201,","UP,",1,"T2,","T,",YARD,Texas,31.827233,-99.423022,11,Morning
Derailments,2001:11:UP:1101HO004,0,0,52932,999,0,0,0,HARRIS,9:35,2001,2002,"T314,","UP,",7,"T3,","T,",INDUSTRY,Texas,31.827233,-99.423022,9,Morning
Other impacts,2001:10:GCSR:ID101801,0,0,0,7000,0,0,0,MCCULLOCH,9:30,2001,2002,"H309,H306,","GCSR,",1,"H3,","H,",YARD,Texas,31.827233,-99.423022,9,Morning
Derailments,2001:11:UP:1101LK003,0,0,63816,592,0,0,0,GREGG,11:35,2001,2002,"H703,","UP,",7,"H7,","H,",YARD,Texas,31.827233,-99.423022,11,Morning
Derailments,2001:09:TM:201041,0,0,3500,12000,5,0,0,WEBB,8:00,2001,2001,"T215,T221,","TM,",1,"T2,","T,",SIDING,Texas,31.827233,-99.423022,8,Morning
Derailments,2001:11:BNSF:TX1101105,0,0,13000,8200,11,0,0,COOKE,9:05,2001,2002,"T314,","BNSF,",1,"T3,","T,",MAIN,Texas,31.827233,-99.423022,9,Morning
Derailments,2001:10:UP:1001HO002,0,0,1960,16962,12,0,0,HARRIS,5:25,2001,2002,"E40C,","UP,",1,"E4,","E,",YARD,Texas,31.827233,-99.423022,5,Morning
Derailments,2001:12:UP:1201SA019,0,0,667295,3389,7,0,0,BASTROP,7:30,2001,2002,"M405,T102,","BNSF,UP,",1,"M4,T1,M4,","M,T,M,",MAIN,Texas,31.827233,-99.423022,7,Morning
Derailments,2001:11:BNSF:GC1101111,0,0,1200,11000,1,1,0,HARRIS,11:30,2001,2002,"M405,","BNSF,",7,"M4,","M,",YARD,Texas,31.827233,-99.423022,11,Morning
Other events,2001:10:TRE:102401,0,0,18000,0,0,0,0,DALLAS,5:00,2001,2002,"H306,","BNSF,TRE,",1,"H3,","H,",YARD,Texas,31.827233,-99.423022,5,Morning
Derailments,2001:11:UP:1101SA029,0,0,48612,1400,0,0,0,MAVERICK,7:50,2001,2002,"T220,M101,H503,","BNSF,UP,",1,"T2,M1,H5,","T,M,H,",YARD,Texas,31.827233,-99.423022,7,Morning
Highway-rail impact,2001:12:UP:1201HO035,0,1,18000,100,0,0,0,HARRIS,8:40,2001,2002,"M399,","UP,",1,"M3,","M,",MAIN,Texas,31.827233,-99.423022,8,Morning
Derailments,2001:11:UP:1101FW032,0,0,200,13444,0,0,0,DALLAS,8:30,2001,2002,"T311,","UP,",7,"T3,","T,",YARD,Texas,31.827233,-99.423022,8,Morning
Derailments,2001:09:UP:0901HO024,0,0,30250,276,0,0,0,HARRIS,5:45,2001,2001,"M405,","UP,",7,"M4,","M,",YARD,Texas,31.827233,-99.423022,5,Morning
Other impacts,2001:11:UP:1101FW007,0,0,100,24836,0,0,0,ELLIS,9:30,2001,2002,"H306,","UP,",787,"H3,","H,",YARD,Texas,31.827233,-99.423022,9,Morning
Side collision,2001:12:UP:1201HO004,0,4,505695,1331285,28,5,0,BRAZORIA,6:45,2001,2002,"H215,H204,","BNSF,UP,",11,"H2,","H,",MAIN,Texas,31.827233,-99.423022,6,Morning
Derailments,2001:12:UP:1201SA013,0,0,55156,14547,1,1,1,WILLIAMSON,6:30,2001,2002,"T220,","UP,",1,"T2,","T,",INDUSTRY,Texas,31.827233,-99.423022,6,Morning
Highway-rail impact,2001:11:BNSF:TX1101201,0,1,0,20000,0,0,0,COLLIN,8:35,2001,2002,"M302,","BNSF,",1,"M3,","M,",MAIN,Texas,31.827233,-99.423022,8,Morning
Derailments,2001:12:UP:1201HO027,0,0,51196,1370,0,0,0,HARRIS,11:00,2001,2002,"T217,","UP,",7,"T2,","T,",YARD,Texas,31.827233,-99.423022,11,Morning
Highway-rail impact,2001:10:UP:1001SA038,0,1,80000,6314,0,0,0,BEXAR,11:50,2001,2002,"M302,","UP,",1,"M3,","M,",MAIN,Texas,31.827233,-99.423022,11,Morning
Other impacts,2001:10:PTRA:OCT200103,0,0,0,33850,3,3,0,HARRIS,11:30,2001,2002,"H306,H399,","PTRA,",7,"H3,","H,",YARD,Texas,31.827233,-99.423022,11,Morning
Head on collision,2001:10:UP:1001SA008,0,3,89499,76910,0,0,0,BEXAR,10:30,2001,2002,"H104,H401,","RLIX,UP,",77,"H1,H4,H1,","H,",INDUSTRY,Texas,31.827233,-99.423022,10,Morning
Fire/violent rupture,2001:11:UP:1101LK019,0,0,0,25000,0,0,0,CASS,5:00,2001,2002,"M406,","UP,",1,"M4,","M,",MAIN,Texas,31.827233,-99.423022,5,Morning
Derailments,2001:10:UP:1001LK038,0,0,500,6522,0,0,0,GREGG,9:45,2001,2002,"T311,","UP,",7,"T3,","T,",YARD,Texas,31.827233,-99.423022,9,Morning
Derailments,2001:11:BNSF:KS1101105,0,0,50550,33926,0,0,0,POTTER,9:50,2001,2002,"T210,","BNSF,UP,",1,"T2,","T,",SIDING,Texas,31.827233,-99.423022,9,Morning
Derailments,2001:09:UP:0901FW020,0,0,70706,32248,0,0,0,TARRANT,8:50,2001,2001,"H305,","UP,",1,"H3,","H,",MAIN,Texas,31.827233,-99.423022,8,Morning
Derailments,2001:10:UP:1001WH017,0,0,53575,26244,15,0,0,DENTON,6:30,2001,2002,"M401,","UP,",1,"M4,","M,",MAIN,Texas,31.827233,-99.423022,6,Morning
Derailments,2001:10:BNSF:GC1001112,0,0,21000,19153,0,0,0,BURLESON,10:45,2001,2002,"T110,","BNSF,",67,"T1,","T,",YARD,Texas,31.827233,-99.423022,10,Morning
Derailments,2001:09:UP:0901FW012,0,0,14359,43345,3,0,0,ELLIS,8:40,2001,2001,"M405,","UP,",1,"M4,","M,",MAIN,Texas,31.827233,-99.423022,8,Morning
Derailments,2001:12:UP:1201SA010,0,0,120744,536395,0,0,0,BEXAR,6:05,2001,2002,"M503,","UP,",7,"M5,","M,",MAIN,Texas,31.827233,-99.423022,6,Morning
Derailments,1977:12:MP:9390,0,0,200,5495,0,0,0,ECTOR,.,1977,1978,"H302,","MP,",7,"H3,","H,",YARD,Texas,31.827233,-99.423022,NA,NA
Side collision,1978:06:MKT:AX46S,0,0,760,1875,0,0,0,BEXAR,.,1978,1978,"H306,","MKT,",76,"H3,","H,",YARD,Texas,31.827233,-99.423022,NA,NA